{
  "schema_version": "main_wing_vspaero_panel_reference_probe.v1",
  "component": "main_wing",
  "execution_scope": "report_only_existing_vspaero_panel_artifacts",
  "production_default_changed": false,
  "panel_reference_status": "panel_reference_available",
  "source_polar_path": "/Volumes/Samsung SSD/hpa-mdo/output/dihedral_sweep_fixed_alpha_smoke_rerun/origin_vsp_panel_fixed_alpha_baseline/black_cat_004.polar",
  "source_setup_path": "/Volumes/Samsung SSD/hpa-mdo/output/dihedral_sweep_fixed_alpha_smoke_rerun/origin_vsp_panel_fixed_alpha_baseline/black_cat_004.vspaero",
  "hpa_standard_velocity_mps": 6.5,
  "hpa_standard_flow_status": "hpa_standard_6p5_observed",
  "minimum_acceptable_cl": 1.0,
  "lift_acceptance_status": "pass",
  "selected_case": {
    "Beta": 0.0,
    "Mach": 0.0,
    "AoA": 0.0,
    "Re/1e6": 0.464126712329,
    "CLo": -0.002747646367,
    "CLi": 1.29039314231,
    "CLtot": 1.287645495943,
    "CDo": 0.024039646573,
    "CDi": 0.021028447271,
    "CDtot": 0.045068093845,
    "CSo": 1.4617674e-05,
    "CSi": -0.000379605484,
    "CStot": -0.00036498781,
    "L/D": 28.571110648168,
    "E": 0.810665823784,
    "CMox": -2.6674e-07,
    "CMoy": 0.007081421888,
    "CMoz": 2.234639e-06,
    "CMix": -3.8167122e-05,
    "CMiy": -0.6146143684,
    "CMiz": -0.000504327472,
    "CMxtot": -3.8433861e-05,
    "CMytot": -0.607532946512,
    "CMztot": -0.000502092833,
    "CFox": 0.024039646573,
    "CFoy": 1.4617674e-05,
    "CFoz": -0.002747646367,
    "CFix": 0.021028447271,
    "CFiy": -0.000379605484,
    "CFiz": 1.29039314231,
    "CFxtot": 0.045068093845,
    "CFytot": -0.00036498781,
    "CFztot": 1.287645495943,
    "CLwtot": 1.289971668181,
    "CDwtot": 0.040913153076,
    "CSwtot": 1.6160085e-05,
    "CLiw": 1.292719314548,
    "CDiw": 0.016873506502,
    "CSiw": 1.54241e-06,
    "CFwxtot": 0.040913153076,
    "CFwytot": 1.6160085e-05,
    "CFwztot": 1.289971668181,
    "CFiwx": 0.016873506502,
    "CFiwy": 1.54241e-06,
    "CFiwz": 1.292719314548,
    "LoDw": 31.529509979111,
    "Ew": 1.010284585944,
    "StallFactor": 1.0
  },
  "setup_reference": {
    "Sref": 35.175,
    "Cref": 1.0425,
    "Bref": 33.0,
    "X_cg": 0.0,
    "Y_cg": 0.0,
    "Z_cg": 0.0,
    "Mach": 0.0,
    "AoA": 0.0,
    "Beta": 0.0,
    "ReCref": 464126.712329,
    "Vinf": 6.5,
    "Rho": 1.225,
    "StallModel": 0.0,
    "Clo2D": 0.0,
    "CLMax2D": 1.0,
    "Symmetry": 0.0,
    "FreezeMultiPoleAtIteration": 10000.0,
    "FreezeWakeAtIteration": 10000.0,
    "FreezeWakeRootVortices": 0.0,
    "ImplicitWake": 0.0,
    "ImplicitWakeStartIteration": 0.0,
    "FarDist": -1.0,
    "NumWakeNodes": 64.0,
    "WakeIters": 3.0,
    "WakeRelax": 1.0,
    "ForwardGMRESConvergenceFactor": 1.0,
    "AdjointGMRESConvergenceFactor": 1.0,
    "NonLinearConvergenceFactor": 1.0,
    "CoreSizeFactor": 1.0,
    "FarAway": 5.0,
    "UpdateMatrixPreconditioner": 0.0,
    "UseWakeNodeMatrixPreconditioner": 0.0,
    "Write2DFEMFile": 0.0,
    "WriteTecplotFile": 0.0,
    "NumberOfControlGroups": 0.0,
    "NumberofSurveyPoints": 0.0,
    "QuadTreeBufferLevels": 0.0,
    "NumberOfQuadTrees": 1.0,
    "NumberOfInlets": 0.0,
    "NumberOfNozzles": 0.0,
    "VSP_StabilityType": 0.0
  },
  "su2_smoke_comparison": {
    "status": "available",
    "panel_reference_cl": 1.287645495943,
    "selected_su2_smoke_cl": 0.263161913,
    "cl_delta_panel_minus_su2": 1.024483582943,
    "panel_to_su2_cl_ratio": 4.892978171742504,
    "selected_su2_runtime_max_iterations": 80,
    "selected_su2_report_path": "/Volumes/Samsung SSD/hpa-mdo/hpa_meshing_package/docs/reports/main_wing_openvsp_reference_solver_smoke_probe_iter80/main_wing_real_solver_smoke_probe.v1.json",
    "interpretation": "panel_reference_supports_cl_gt_one_gate_current_su2_smoke_low_lift"
  },
  "engineering_assessment": [
    "This probe reads existing VSPAERO panel-mode artifacts only and does not run VSPAERO, Gmsh, or SU2.",
    "VSPAERO panel evidence is a lower-order aerodynamic reference, not high-fidelity CFD convergence.",
    "The selected panel-mode reference reports CL=1.28765 at alpha=0 deg and V=6.5 m/s.",
    "This supports treating CL <= 1.0 as an HPA operating-point blocker, not as an arbitrary software threshold.",
    "The current SU2 smoke CL is far below the panel-mode reference; that gap should be treated as route/trim/mesh/reference risk until isolated."
  ],
  "engineering_flags": [
    "vspaero_panel_reference_cl_gt_one",
    "su2_smoke_below_vspaero_panel_reference"
  ],
  "next_actions": [
    "use_vspaero_panel_reference_as_sanity_baseline_not_cfd_truth",
    "keep_main_wing_cl_gt_one_acceptance_gate_for_hpa_operating_point",
    "separate_su2_low_lift_gap_into_alpha_trim_mesh_quality_and_reference_checks"
  ],
  "hpa_mdo_guarantees": [
    "report_only_no_solver_execution",
    "production_default_unchanged",
    "hpa_standard_flow_conditions_6p5_mps_checked",
    "vspaero_panel_reference_not_promoted_to_su2_convergence"
  ],
  "limitations": [
    "The selected VSPAERO panel artifact is lower-order aerodynamic reference evidence, not SU2 convergence evidence.",
    "This probe reads integrated polar coefficients and does not certify force-marker ownership for a SU2 mesh.",
    "A panel-vs-SU2 CL gap identifies route risk; it does not by itself identify whether alpha, trim, mesh quality, or reference geometry is the root cause."
  ],
  "error": null
}
