airfoil_id,zone_origin,Re,roughness_mode,alpha_deg,cl,cd,cm,converged,status,backend,warning_flags,branch_label,screening_quality
dae11,"root,mid1",100000.0,clean,-6.0,0.015329921160844091,0.08882588615173274,-0.11879988393987685,True,ok,julia_xfoil,,prestall,seed_reference_pending_full_polar_dae11_rescue
dae11,"root,mid1",100000.0,clean,-5.75,-0.0025237429530553003,0.08958227154382424,-0.11676279605570031,True,ok,julia_xfoil,,prestall,seed_reference_pending_full_polar_dae11_rescue
dae11,"root,mid1",100000.0,clean,-5.5,-0.02253905666568869,0.09007675405301448,-0.11311319753753596,True,ok,julia_xfoil,,prestall,seed_reference_pending_full_polar_dae11_rescue
dae11,"root,mid1",100000.0,clean,-5.25,-0.046018721834008014,0.09062591425003612,-0.10814218784866317,True,ok,julia_xfoil,,prestall,seed_reference_pending_full_polar_dae11_rescue
dae11,"root,mid1",100000.0,clean,-5.0,-0.06761627445068139,0.0858539138925242,-0.10326726858796603,True,ok,julia_xfoil,,prestall,seed_reference_pending_full_polar_dae11_rescue
dae11,"root,mid1",100000.0,clean,-4.75,-0.07607435413296783,0.08398583024935069,-0.09854181996194206,True,ok,julia_xfoil,,prestall,seed_reference_pending_full_polar_dae11_rescue
dae11,"root,mid1",100000.0,clean,-4.5,-0.06832378548662946,0.08186958413257939,-0.09546505564859084,True,ok,julia_xfoil,,prestall,seed_reference_pending_full_polar_dae11_rescue
dae11,"root,mid1",100000.0,clean,-4.25,-0.03855286779649454,0.07901981284913698,-0.09752235076457465,True,ok,julia_xfoil,,prestall,seed_reference_pending_full_polar_dae11_rescue
dae11,"root,mid1",100000.0,clean,-4.0,0.03630845148501842,0.07272399108088633,-0.11580479432501975,True,ok,julia_xfoil,,prestall,seed_reference_pending_full_polar_dae11_rescue
dae11,"root,mid1",100000.0,clean,-3.75,0.01438512336983055,0.0730688431342824,-0.11023290089047426,True,ok,julia_xfoil,,prestall,seed_reference_pending_full_polar_dae11_rescue
dae11,"root,mid1",100000.0,clean,-3.5,0.0034568288359710644,0.07282563508020508,-0.10633236886106008,True,ok,julia_xfoil,,prestall,seed_reference_pending_full_polar_dae11_rescue
dae11,"root,mid1",100000.0,clean,-3.25,0.0001151269587446568,0.07233364011492878,-0.10378677897835306,True,ok,julia_xfoil,,prestall,seed_reference_pending_full_polar_dae11_rescue
dae11,"root,mid1",100000.0,clean,-3.0,-0.0033039827076222347,0.07175313383226488,-0.1019434726724087,True,ok,julia_xfoil,,prestall,seed_reference_pending_full_polar_dae11_rescue
dae11,"root,mid1",100000.0,clean,-2.75,0.02091619427801934,0.06970318582787105,-0.10781922191961851,True,ok,julia_xfoil,,prestall,seed_reference_pending_full_polar_dae11_rescue
dae11,"root,mid1",100000.0,clean,-2.5,0.03944282776199721,0.06872466010314449,-0.108148621227118,True,ok,julia_xfoil,,prestall,seed_reference_pending_full_polar_dae11_rescue
dae11,"root,mid1",100000.0,clean,-2.25,0.07365386465574116,0.06717913441927446,-0.11286742747250723,True,ok,julia_xfoil,,prestall,seed_reference_pending_full_polar_dae11_rescue
dae11,"root,mid1",100000.0,clean,-2.0,-0.013657586297673172,0.07125419535528259,-0.10089314856244135,False,ok,julia_xfoil,not_converged,unknown,seed_reference_pending_full_polar_dae11_rescue
dae11,"root,mid1",100000.0,clean,-1.75,0.28412157983730696,0.05070779558336749,-0.13810444137731942,True,ok,julia_xfoil,,prestall,seed_reference_pending_full_polar_dae11_rescue
dae11,"root,mid1",100000.0,clean,-1.5,0.2676484407958235,0.051684831511062256,-0.13412671752664695,True,ok,julia_xfoil,,prestall,seed_reference_pending_full_polar_dae11_rescue
dae11,"root,mid1",100000.0,clean,-1.25,0.27161142877105565,0.05205558292055697,-0.13217094279286865,True,ok,julia_xfoil,,prestall,seed_reference_pending_full_polar_dae11_rescue
dae11,"root,mid1",100000.0,clean,-1.0,0.29077484669662296,0.05202319791830701,-0.13205941417013473,True,ok,julia_xfoil,,prestall,seed_reference_pending_full_polar_dae11_rescue
dae11,"root,mid1",100000.0,clean,-0.75,0.3140871359275556,0.05169259034417711,-0.13261703786344575,True,ok,julia_xfoil,,prestall,seed_reference_pending_full_polar_dae11_rescue
dae11,"root,mid1",100000.0,clean,-0.5,0.342144217936301,0.0512334511816588,-0.1334968172807652,True,ok,julia_xfoil,,prestall,seed_reference_pending_full_polar_dae11_rescue
dae11,"root,mid1",100000.0,clean,-0.25,0.4493873848693373,0.048417778495352566,-0.1404414895926114,True,ok,julia_xfoil,,prestall,seed_reference_pending_full_polar_dae11_rescue
dae11,"root,mid1",100000.0,clean,0.0,0.4158017659328665,0.050330726005073795,-0.13523180925938869,True,ok,julia_xfoil,,prestall,seed_reference_pending_full_polar_dae11_rescue
dae11,"root,mid1",100000.0,clean,0.25,0.43060055218135845,0.05072316445184709,-0.13440112075187544,True,ok,julia_xfoil,,prestall,seed_reference_pending_full_polar_dae11_rescue
dae11,"root,mid1",100000.0,clean,0.5,0.4727643538746605,0.048841590555572696,-0.13697309374595554,True,ok,julia_xfoil,,prestall,seed_reference_pending_full_polar_dae11_rescue
dae11,"root,mid1",100000.0,clean,0.75,0.49767783710681235,0.048432146666569094,-0.13451310560943242,True,ok,julia_xfoil,,prestall,seed_reference_pending_full_polar_dae11_rescue
dae11,"root,mid1",100000.0,clean,1.0,0.5567320834408583,0.04873056463273312,-0.13704027526042228,True,ok,julia_xfoil,,prestall,seed_reference_pending_full_polar_dae11_rescue
dae11,"root,mid1",100000.0,clean,1.25,0.5221089178327011,0.050919095741241094,-0.13221515423362995,True,ok,julia_xfoil,,prestall,seed_reference_pending_full_polar_dae11_rescue
dae11,"root,mid1",100000.0,clean,1.5,0.542895806761962,0.05173402981108023,-0.13176951354631186,True,ok,julia_xfoil,,prestall,seed_reference_pending_full_polar_dae11_rescue
dae11,"root,mid1",100000.0,clean,1.75,0.5817158135732865,0.0521039881408752,-0.13267738750488783,True,ok,julia_xfoil,,prestall,seed_reference_pending_full_polar_dae11_rescue
dae11,"root,mid1",100000.0,clean,2.0,0.630000032976492,0.05238356101566827,-0.1342531108432442,True,ok,julia_xfoil,,prestall,seed_reference_pending_full_polar_dae11_rescue
dae11,"root,mid1",100000.0,clean,2.25,0.6944289413668053,0.05243409314518911,-0.1368400718764347,False,ok,julia_xfoil,not_converged,unknown,seed_reference_pending_full_polar_dae11_rescue
dae11,"root,mid1",100000.0,clean,2.5,0.6248070163990818,0.05570460295087252,-0.13000600442149654,True,ok,julia_xfoil,,prestall,seed_reference_pending_full_polar_dae11_rescue
dae11,"root,mid1",100000.0,clean,2.75,0.6634967786874071,0.05588857220581834,-0.13070544842042395,True,ok,julia_xfoil,,prestall,seed_reference_pending_full_polar_dae11_rescue
dae11,"root,mid1",100000.0,clean,3.0,0.7104809727749063,0.05591957678215668,-0.13193883868290687,True,ok,julia_xfoil,,prestall,seed_reference_pending_full_polar_dae11_rescue
dae11,"root,mid1",100000.0,clean,3.25,0.7633506956437918,0.05598697939585107,-0.1334935910115114,False,ok,julia_xfoil,not_converged,unknown,seed_reference_pending_full_polar_dae11_rescue
dae11,"root,mid1",100000.0,clean,3.5,0.866140409461521,0.05011888542567093,-0.14137851621741407,False,ok,julia_xfoil,not_converged,unknown,seed_reference_pending_full_polar_dae11_rescue
dae11,"root,mid1",100000.0,clean,3.75,0.7457737526954256,0.059579541889657965,-0.12869886020131865,True,ok,julia_xfoil,,prestall,seed_reference_pending_full_polar_dae11_rescue
dae11,"root,mid1",100000.0,clean,4.0,0.7916742664888115,0.05938235112391103,-0.12961905007202457,True,ok,julia_xfoil,,prestall,seed_reference_pending_full_polar_dae11_rescue
dae11,"root,mid1",100000.0,clean,4.25,0.7603535680544614,0.06276220312248139,-0.12617297339656472,True,ok,julia_xfoil,,prestall,seed_reference_pending_full_polar_dae11_rescue
dae11,"root,mid1",100000.0,clean,4.5,0.7886936325501892,0.06323165522604053,-0.1261244330702477,True,ok,julia_xfoil,,prestall,seed_reference_pending_full_polar_dae11_rescue
dae11,"root,mid1",100000.0,clean,4.75,0.8291802013008645,0.06301332095184721,-0.1266127732496345,True,ok,julia_xfoil,,prestall,seed_reference_pending_full_polar_dae11_rescue
dae11,"root,mid1",100000.0,clean,5.0,0.8745644692066052,0.06256252501603098,-0.12727406320701856,True,ok,julia_xfoil,,prestall,seed_reference_pending_full_polar_dae11_rescue
dae11,"root,mid1",100000.0,clean,5.25,0.9305016726086532,0.06152148237375915,-0.12843668020811028,False,ok,julia_xfoil,not_converged,unknown,seed_reference_pending_full_polar_dae11_rescue
dae11,"root,mid1",100000.0,clean,5.5,0.8726596139949504,0.06651870506774007,-0.12403787216628191,True,ok,julia_xfoil,,prestall,seed_reference_pending_full_polar_dae11_rescue
dae11,"root,mid1",100000.0,clean,5.75,0.9139766759636501,0.06600349507199892,-0.12434451721919325,True,ok,julia_xfoil,,prestall,seed_reference_pending_full_polar_dae11_rescue
dae11,"root,mid1",100000.0,clean,6.0,0.9587779355102525,0.06526235561854647,-0.12471157634593794,True,ok,julia_xfoil,,prestall,seed_reference_pending_full_polar_dae11_rescue
dae11,"root,mid1",100000.0,clean,6.25,0.921288401674734,0.06964898450011302,-0.12167415625215915,True,ok,julia_xfoil,,prestall,seed_reference_pending_full_polar_dae11_rescue
dae11,"root,mid1",100000.0,clean,6.5,0.9581515468849784,0.06924656944419873,-0.12169932340833244,True,ok,julia_xfoil,,prestall,seed_reference_pending_full_polar_dae11_rescue
dae11,"root,mid1",100000.0,clean,6.75,1.0001834267575587,0.06835511064585756,-0.12177548523858628,True,ok,julia_xfoil,,prestall,seed_reference_pending_full_polar_dae11_rescue
dae11,"root,mid1",100000.0,clean,7.0,1.051283479750539,0.06666052305680005,-0.12212501014610185,False,ok,julia_xfoil,not_converged,unknown,seed_reference_pending_full_polar_dae11_rescue
dae11,"root,mid1",100000.0,clean,7.25,1.00499049746576,0.07222026740208654,-0.11910478580643814,True,ok,julia_xfoil,,prestall,seed_reference_pending_full_polar_dae11_rescue
dae11,"root,mid1",100000.0,clean,7.5,1.0441769363975506,0.07128244192041366,-0.11893686265833608,True,ok,julia_xfoil,,prestall,seed_reference_pending_full_polar_dae11_rescue
dae11,"root,mid1",100000.0,clean,7.75,1.084335976090042,0.07020462193987806,-0.1187122519718974,True,ok,julia_xfoil,,prestall,seed_reference_pending_full_polar_dae11_rescue
dae11,"root,mid1",100000.0,clean,8.0,1.1458204594852126,0.06494715217762481,-0.11798442268860392,False,ok,julia_xfoil,not_converged,unknown,seed_reference_pending_full_polar_dae11_rescue
dae11,"root,mid1",100000.0,clean,8.25,1.0902089402947435,0.07393774094132656,-0.11610117269885642,True,ok,julia_xfoil,,prestall,seed_reference_pending_full_polar_dae11_rescue
dae11,"root,mid1",100000.0,clean,8.5,1.132617611598859,0.0722743035609633,-0.11575011010967946,True,ok,julia_xfoil,,prestall,seed_reference_pending_full_polar_dae11_rescue
dae11,"root,mid1",100000.0,clean,8.75,1.1870690197775184,0.06903177065791932,-0.11546896003105311,False,ok,julia_xfoil,not_converged,unknown,seed_reference_pending_full_polar_dae11_rescue
dae11,"root,mid1",100000.0,clean,9.0,1.1368040632984893,0.07641859460665913,-0.11322318481452368,True,ok,julia_xfoil,,prestall,seed_reference_pending_full_polar_dae11_rescue
dae11,"root,mid1",100000.0,clean,9.25,1.1790475071789472,0.07434261987252654,-0.11261516256583513,True,ok,julia_xfoil,,prestall,seed_reference_pending_full_polar_dae11_rescue
dae11,"root,mid1",100000.0,clean,9.5,1.2224548093412873,0.07195630157130395,-0.1118920563170661,False,ok,julia_xfoil,not_converged,unknown,seed_reference_pending_full_polar_dae11_rescue
dae11,"root,mid1",100000.0,clean,9.75,1.184417852973968,0.07856236387798944,-0.11023756714658095,True,ok,julia_xfoil,,prestall,seed_reference_pending_full_polar_dae11_rescue
dae11,"root,mid1",100000.0,clean,10.0,1.227569639936626,0.0758932559448651,-0.10935829265518478,True,ok,julia_xfoil,,prestall,seed_reference_pending_full_polar_dae11_rescue
dae11,"root,mid1",100000.0,clean,10.25,1.2729982029532423,0.07277734947655255,-0.10844408069159346,True,ok,julia_xfoil,,prestall,seed_reference_pending_full_polar_dae11_rescue
dae11,"root,mid1",100000.0,clean,10.5,1.4041077271172342,0.05874589212515623,-0.10815028336215972,False,ok,julia_xfoil,not_converged,unknown,seed_reference_pending_full_polar_dae11_rescue
dae11,"root,mid1",100000.0,clean,10.75,1.385621962194417,0.06300341351774587,-0.10679313266202181,False,ok,julia_xfoil,not_converged,unknown,seed_reference_pending_full_polar_dae11_rescue
dae11,"root,mid1",100000.0,clean,11.0,1.29978124065335,0.07644885780312706,-0.10471266149479705,True,ok,julia_xfoil,,prestall,seed_reference_pending_full_polar_dae11_rescue
dae11,"root,mid1",100000.0,clean,11.25,1.3629826039380106,0.0701664421474201,-0.10351275982677381,True,ok,julia_xfoil,,prestall,seed_reference_pending_full_polar_dae11_rescue
dae11,"root,mid1",100000.0,clean,11.5,1.4346523366825743,0.06303334907481013,-0.10273701543468665,True,ok,julia_xfoil,,prestall,seed_reference_pending_full_polar_dae11_rescue
dae11,"root,mid1",100000.0,clean,11.75,1.5743058059593575,0.04876752843620539,-0.10413092736220886,False,ok,julia_xfoil,not_converged,unknown,seed_reference_pending_full_polar_dae11_rescue
dae11,"root,mid1",100000.0,clean,12.0,1.497581812200934,0.05914778844719409,-0.1004332624502786,True,ok,julia_xfoil,,prestall,seed_reference_pending_full_polar_dae11_rescue
dae11,"root,mid1",100000.0,clean,12.25,1.583814207489095,0.051193920209704695,-0.1005124938601959,True,ok,julia_xfoil,,prestall,seed_reference_pending_full_polar_dae11_rescue
dae11,"root,mid1",100000.0,clean,12.5,1.5863186480375715,0.052628568891800565,-0.0986866576430463,True,ok,julia_xfoil,,prestall,seed_reference_pending_full_polar_dae11_rescue
dae11,"root,mid1",100000.0,clean,12.75,1.6019609043948146,0.052729842145261954,-0.09717450104222435,True,ok,julia_xfoil,,prestall,seed_reference_pending_full_polar_dae11_rescue
dae11,"root,mid1",100000.0,clean,13.0,1.6359024723134135,0.050870780871294895,-0.09600878757899146,True,ok,julia_xfoil,,prestall,seed_reference_pending_full_polar_dae11_rescue
dae11,"root,mid1",100000.0,clean,13.25,1.6266405050357204,0.05362709468589891,-0.09399247119971439,True,ok,julia_xfoil,,poststall,seed_reference_pending_full_polar_dae11_rescue
dae11,"root,mid1",100000.0,clean,13.5,1.624880988139347,0.05571995409441425,-0.09220631407737875,True,ok,julia_xfoil,,poststall,seed_reference_pending_full_polar_dae11_rescue
dae11,"root,mid1",100000.0,clean,13.75,1.6329153890353925,0.05671976046786262,-0.09055068885863173,True,ok,julia_xfoil,,poststall,seed_reference_pending_full_polar_dae11_rescue
dae11,"root,mid1",100000.0,clean,14.0,1.6277166037397672,0.05925953295027827,-0.0888976876301277,True,ok,julia_xfoil,,poststall,seed_reference_pending_full_polar_dae11_rescue
dae11,"root,mid1",100000.0,clean,14.25,1.6179259157229038,0.06259458621626782,-0.08746020957521913,True,ok,julia_xfoil,,poststall,seed_reference_pending_full_polar_dae11_rescue
dae11,"root,mid1",100000.0,clean,14.5,1.6173433360702039,0.06480812764054976,-0.086016045603375,True,ok,julia_xfoil,,poststall,seed_reference_pending_full_polar_dae11_rescue
dae11,"root,mid1",100000.0,clean,14.75,1.6115658859660904,0.06775480063019416,-0.08476921435322692,True,ok,julia_xfoil,,poststall,seed_reference_pending_full_polar_dae11_rescue
dae11,"root,mid1",100000.0,clean,15.0,1.599937138282737,0.07169891930769726,-0.08382731414374832,True,ok,julia_xfoil,,poststall,seed_reference_pending_full_polar_dae11_rescue
dae11,"root,mid1",100000.0,clean,15.25,1.595178134778675,0.07463793058477039,-0.08269996285340227,True,ok,julia_xfoil,,poststall,seed_reference_pending_full_polar_dae11_rescue
dae11,"root,mid1",100000.0,clean,15.5,1.5850678257497646,0.0785047880186041,-0.08199370424485682,True,ok,julia_xfoil,,poststall,seed_reference_pending_full_polar_dae11_rescue
dae11,"root,mid1",100000.0,clean,15.75,1.576285786888428,0.08236316328877175,-0.0813363752783065,True,ok,julia_xfoil,,poststall,seed_reference_pending_full_polar_dae11_rescue
dae11,"root,mid1",100000.0,clean,16.0,1.5719164889225885,0.08542091026640362,-0.08043870205034995,True,ok,julia_xfoil,,poststall,seed_reference_pending_full_polar_dae11_rescue
dae11,"root,mid1",100000.0,clean,16.25,1.5592787221643085,0.09016057291507719,-0.08045038416448752,True,ok,julia_xfoil,,poststall,seed_reference_pending_full_polar_dae11_rescue
dae11,"root,mid1",100000.0,clean,16.5,1.555144546908104,0.0933265761026325,-0.07973223876848565,True,ok,julia_xfoil,,poststall,seed_reference_pending_full_polar_dae11_rescue
dae11,"root,mid1",100000.0,clean,16.75,1.545335220362465,0.09773395653067517,-0.07984569115314766,True,ok,julia_xfoil,,poststall,seed_reference_pending_full_polar_dae11_rescue
dae11,"root,mid1",100000.0,clean,17.0,1.5445287187797356,0.10043215085508261,-0.07900548140666873,True,ok,julia_xfoil,,poststall,seed_reference_pending_full_polar_dae11_rescue
dae11,"root,mid1",100000.0,clean,17.25,1.535610152688283,0.1049460864959902,-0.07944107233310571,True,ok,julia_xfoil,,poststall,seed_reference_pending_full_polar_dae11_rescue
dae11,"root,mid1",100000.0,clean,17.5,1.5408403673683377,0.10657119877584417,-0.07820754679959309,True,ok,julia_xfoil,,poststall,seed_reference_pending_full_polar_dae11_rescue
dae11,"root,mid1",100000.0,clean,17.75,1.5302400709912003,0.11157441972260039,-0.07911597737061352,True,ok,julia_xfoil,,poststall,seed_reference_pending_full_polar_dae11_rescue
dae11,"root,mid1",100000.0,clean,18.0,1.525535322197345,0.1155228024294524,-0.07957457374225049,True,ok,julia_xfoil,,poststall,seed_reference_pending_full_polar_dae11_rescue
dae11,"root,mid1",125000.0,clean,-6.0,0.029167801450700144,0.08018869548596395,-0.11857368567619646,True,ok,julia_xfoil,,prestall,seed_reference_pending_full_polar_dae11_rescue
dae11,"root,mid1",125000.0,clean,-5.75,0.02881401419734078,0.07611746716012746,-0.11372369030664643,True,ok,julia_xfoil,,prestall,seed_reference_pending_full_polar_dae11_rescue
dae11,"root,mid1",125000.0,clean,-5.5,0.03628969164561797,0.07457863130554997,-0.11168407834815999,True,ok,julia_xfoil,,prestall,seed_reference_pending_full_polar_dae11_rescue
dae11,"root,mid1",125000.0,clean,-5.25,0.045245224424355454,0.07298247131173811,-0.11140954245466361,True,ok,julia_xfoil,,prestall,seed_reference_pending_full_polar_dae11_rescue
dae11,"root,mid1",125000.0,clean,-5.0,0.057934780566503544,0.07092508967836898,-0.11291727683073931,True,ok,julia_xfoil,,prestall,seed_reference_pending_full_polar_dae11_rescue
dae11,"root,mid1",125000.0,clean,-4.75,0.09726252186514268,0.06976892710617044,-0.12600687946038094,True,ok,julia_xfoil,,prestall,seed_reference_pending_full_polar_dae11_rescue
dae11,"root,mid1",125000.0,clean,-4.5,0.10855486778015722,0.0637453911065692,-0.12856918403157552,True,ok,julia_xfoil,,prestall,seed_reference_pending_full_polar_dae11_rescue
dae11,"root,mid1",125000.0,clean,-4.25,0.12322992309958607,0.06148554282748888,-0.12667309767495466,True,ok,julia_xfoil,,prestall,seed_reference_pending_full_polar_dae11_rescue
dae11,"root,mid1",125000.0,clean,-4.0,0.11804994611945045,0.06181539362143774,-0.12513318224026546,True,ok,julia_xfoil,,prestall,seed_reference_pending_full_polar_dae11_rescue
dae11,"root,mid1",125000.0,clean,-3.75,0.10399060646577371,0.06227894157489805,-0.12211390293169168,True,ok,julia_xfoil,,prestall,seed_reference_pending_full_polar_dae11_rescue
dae11,"root,mid1",125000.0,clean,-3.5,0.11674640359539351,0.06102859318427822,-0.12232838415033778,True,ok,julia_xfoil,,prestall,seed_reference_pending_full_polar_dae11_rescue
dae11,"root,mid1",125000.0,clean,-3.25,0.14812926510017094,0.05808445550416219,-0.1279621595373429,True,ok,julia_xfoil,,prestall,seed_reference_pending_full_polar_dae11_rescue
dae11,"root,mid1",125000.0,clean,-3.0,0.17187928679123135,0.05624161757808659,-0.1280307374350625,True,ok,julia_xfoil,,prestall,seed_reference_pending_full_polar_dae11_rescue
dae11,"root,mid1",125000.0,clean,-2.75,0.2098882378234944,0.05386041059804475,-0.1320303824204531,True,ok,julia_xfoil,,prestall,seed_reference_pending_full_polar_dae11_rescue
dae11,"root,mid1",125000.0,clean,-2.5,0.2858028881772403,0.043799102216465734,-0.14060224323511794,True,ok,julia_xfoil,,prestall,seed_reference_pending_full_polar_dae11_rescue
dae11,"root,mid1",125000.0,clean,-2.25,0.32651481791767706,0.04152086027533392,-0.14207326191058506,True,ok,julia_xfoil,,prestall,seed_reference_pending_full_polar_dae11_rescue
dae11,"root,mid1",125000.0,clean,-2.0,0.2978850828107639,0.043694882897609866,-0.13769119646638991,True,ok,julia_xfoil,,prestall,seed_reference_pending_full_polar_dae11_rescue
dae11,"root,mid1",125000.0,clean,-1.75,0.3120114808253471,0.04387982835329696,-0.13671266458643716,True,ok,julia_xfoil,,prestall,seed_reference_pending_full_polar_dae11_rescue
dae11,"root,mid1",125000.0,clean,-1.5,0.3428776311098808,0.043059978882954965,-0.137452069085807,True,ok,julia_xfoil,,prestall,seed_reference_pending_full_polar_dae11_rescue
dae11,"root,mid1",125000.0,clean,-1.25,0.38100583892913586,0.04199569558723688,-0.13874867813080846,True,ok,julia_xfoil,,prestall,seed_reference_pending_full_polar_dae11_rescue
dae11,"root,mid1",125000.0,clean,-1.0,0.42400045235599776,0.04096676288529932,-0.1402786846858655,True,ok,julia_xfoil,,prestall,seed_reference_pending_full_polar_dae11_rescue
dae11,"root,mid1",125000.0,clean,-0.75,0.4654039921471592,0.03975539946783506,-0.14134464412571243,True,ok,julia_xfoil,,prestall,seed_reference_pending_full_polar_dae11_rescue
dae11,"root,mid1",125000.0,clean,-0.5,0.5043410653982581,0.03914700936823597,-0.14174864046985833,True,ok,julia_xfoil,,prestall,seed_reference_pending_full_polar_dae11_rescue
dae11,"root,mid1",125000.0,clean,-0.25,0.4681448257968828,0.04229642095936802,-0.13746775907135705,True,ok,julia_xfoil,,prestall,seed_reference_pending_full_polar_dae11_rescue
dae11,"root,mid1",125000.0,clean,0.0,0.4959817967232871,0.04213100579404909,-0.13800979578858688,True,ok,julia_xfoil,,prestall,seed_reference_pending_full_polar_dae11_rescue
dae11,"root,mid1",125000.0,clean,0.25,0.5222517670266416,0.03966636996260468,-0.13669188124286838,True,ok,julia_xfoil,,prestall,seed_reference_pending_full_polar_dae11_rescue
dae11,"root,mid1",125000.0,clean,0.5,0.5586533200410103,0.03973734278386101,-0.1372266331329207,True,ok,julia_xfoil,,prestall,seed_reference_pending_full_polar_dae11_rescue
dae11,"root,mid1",125000.0,clean,0.75,0.5985359787403952,0.03969882895442802,-0.13798991424596452,True,ok,julia_xfoil,,prestall,seed_reference_pending_full_polar_dae11_rescue
dae11,"root,mid1",125000.0,clean,1.0,0.6369267653366476,0.03966323283850308,-0.13828199068945232,True,ok,julia_xfoil,,prestall,seed_reference_pending_full_polar_dae11_rescue
dae11,"root,mid1",125000.0,clean,1.25,0.6735380257525246,0.0397541619089587,-0.1382148942591264,True,ok,julia_xfoil,,prestall,seed_reference_pending_full_polar_dae11_rescue
dae11,"root,mid1",125000.0,clean,1.5,0.6269325389568533,0.0437677084984777,-0.13434434328025951,True,ok,julia_xfoil,,prestall,seed_reference_pending_full_polar_dae11_rescue
dae11,"root,mid1",125000.0,clean,1.75,0.6624494992755948,0.043769182011481576,-0.134743606075928,True,ok,julia_xfoil,,prestall,seed_reference_pending_full_polar_dae11_rescue
dae11,"root,mid1",125000.0,clean,2.0,0.7011047105318807,0.04362453185839713,-0.13529494902673225,True,ok,julia_xfoil,,prestall,seed_reference_pending_full_polar_dae11_rescue
dae11,"root,mid1",125000.0,clean,2.25,0.740107239116929,0.04349823892607677,-0.13578810554814147,True,ok,julia_xfoil,,prestall,seed_reference_pending_full_polar_dae11_rescue
dae11,"root,mid1",125000.0,clean,2.5,0.7786390262059142,0.04347381945806727,-0.1361664061062476,True,ok,julia_xfoil,,prestall,seed_reference_pending_full_polar_dae11_rescue
dae11,"root,mid1",125000.0,clean,2.75,0.8283419679073869,0.042338029377241314,-0.13626444845832325,False,ok,julia_xfoil,not_converged,unknown,seed_reference_pending_full_polar_dae11_rescue
dae11,"root,mid1",125000.0,clean,3.0,0.8899014213432154,0.03946033586425367,-0.13928558741839786,False,ok,julia_xfoil,not_converged,unknown,seed_reference_pending_full_polar_dae11_rescue
dae11,"root,mid1",125000.0,clean,3.25,0.9356215641025417,0.03672754612280706,-0.14336724362117156,False,ok,julia_xfoil,not_converged,unknown,seed_reference_pending_full_polar_dae11_rescue
dae11,"root,mid1",125000.0,clean,3.5,0.9677107233765767,0.03422780800050687,-0.14426351582247124,False,ok,julia_xfoil,not_converged,unknown,seed_reference_pending_full_polar_dae11_rescue
dae11,"root,mid1",125000.0,clean,3.75,1.012177101973786,0.03242006858817596,-0.1455694324286604,False,ok,julia_xfoil,not_converged,unknown,seed_reference_pending_full_polar_dae11_rescue
dae11,"root,mid1",125000.0,clean,4.0,0.8432221452697359,0.05080025902379689,-0.12937471312477222,True,ok,julia_xfoil,,prestall,seed_reference_pending_full_polar_dae11_rescue
dae11,"root,mid1",125000.0,clean,4.25,0.8801948223050543,0.0503867830327265,-0.12957093686712978,True,ok,julia_xfoil,,prestall,seed_reference_pending_full_polar_dae11_rescue
dae11,"root,mid1",125000.0,clean,4.5,0.917731577123126,0.04998995083959987,-0.1298088976019206,True,ok,julia_xfoil,,prestall,seed_reference_pending_full_polar_dae11_rescue
dae11,"root,mid1",125000.0,clean,4.75,0.9567828002935049,0.04948787643088966,-0.1300930865304499,True,ok,julia_xfoil,,prestall,seed_reference_pending_full_polar_dae11_rescue
dae11,"root,mid1",125000.0,clean,5.0,0.919344718082377,0.05385670836778553,-0.1265539978004384,True,ok,julia_xfoil,,prestall,seed_reference_pending_full_polar_dae11_rescue
dae11,"root,mid1",125000.0,clean,5.25,0.9554918981580366,0.05327642268425401,-0.1265722251192848,True,ok,julia_xfoil,,prestall,seed_reference_pending_full_polar_dae11_rescue
dae11,"root,mid1",125000.0,clean,5.5,0.9928478358810979,0.052654471608127036,-0.12667612371920986,True,ok,julia_xfoil,,prestall,seed_reference_pending_full_polar_dae11_rescue
dae11,"root,mid1",125000.0,clean,5.75,1.0314953130587659,0.05187621992340734,-0.12676587055958313,True,ok,julia_xfoil,,prestall,seed_reference_pending_full_polar_dae11_rescue
dae11,"root,mid1",125000.0,clean,6.0,1.0782624874122946,0.050257189024993425,-0.1270872375631014,False,ok,julia_xfoil,not_converged,unknown,seed_reference_pending_full_polar_dae11_rescue
dae11,"root,mid1",125000.0,clean,6.25,1.0331608562449863,0.05568050098616355,-0.12352248010150034,True,ok,julia_xfoil,,prestall,seed_reference_pending_full_polar_dae11_rescue
dae11,"root,mid1",125000.0,clean,6.5,1.0710973640664279,0.05473256441528413,-0.1234996984970197,True,ok,julia_xfoil,,prestall,seed_reference_pending_full_polar_dae11_rescue
dae11,"root,mid1",125000.0,clean,6.75,1.1092737641385115,0.053629113735569285,-0.1233514303177925,True,ok,julia_xfoil,,prestall,seed_reference_pending_full_polar_dae11_rescue
dae11,"root,mid1",125000.0,clean,7.0,1.0763006023635553,0.05855921859064689,-0.12054317851952971,True,ok,julia_xfoil,,prestall,seed_reference_pending_full_polar_dae11_rescue
dae11,"root,mid1",125000.0,clean,7.25,1.1135455896127573,0.05741331018426937,-0.12034892675422874,True,ok,julia_xfoil,,prestall,seed_reference_pending_full_polar_dae11_rescue
dae11,"root,mid1",125000.0,clean,7.5,1.1513229684733643,0.056113284095214024,-0.12009988224993388,True,ok,julia_xfoil,,prestall,seed_reference_pending_full_polar_dae11_rescue
dae11,"root,mid1",125000.0,clean,7.75,1.1911164228735613,0.054484519755384375,-0.11984234648442191,True,ok,julia_xfoil,,prestall,seed_reference_pending_full_polar_dae11_rescue
dae11,"root,mid1",125000.0,clean,8.0,1.2327555717128278,0.052641491863284144,-0.11966073909440372,False,ok,julia_xfoil,not_converged,unknown,seed_reference_pending_full_polar_dae11_rescue
dae11,"root,mid1",125000.0,clean,8.25,1.2842476086709096,0.04940393429544349,-0.11971765654559963,False,ok,julia_xfoil,not_converged,unknown,seed_reference_pending_full_polar_dae11_rescue
dae11,"root,mid1",125000.0,clean,8.5,1.3356239441893487,0.04607017387143083,-0.11981728467744451,False,ok,julia_xfoil,not_converged,unknown,seed_reference_pending_full_polar_dae11_rescue
dae11,"root,mid1",125000.0,clean,8.75,1.2787259284881034,0.05402974327398702,-0.11617106053365042,True,ok,julia_xfoil,,prestall,seed_reference_pending_full_polar_dae11_rescue
dae11,"root,mid1",125000.0,clean,9.0,1.3221754211730357,0.051447660216575083,-0.11581711478034978,True,ok,julia_xfoil,,prestall,seed_reference_pending_full_polar_dae11_rescue
dae11,"root,mid1",125000.0,clean,9.25,1.3690886673706468,0.04843254089798786,-0.11560160202490555,True,ok,julia_xfoil,,prestall,seed_reference_pending_full_polar_dae11_rescue
dae11,"root,mid1",125000.0,clean,9.5,1.4213329333094937,0.0449485907906399,-0.11568748174790537,True,ok,julia_xfoil,,prestall,seed_reference_pending_full_polar_dae11_rescue
dae11,"root,mid1",125000.0,clean,9.75,1.4887514988068495,0.04008659371523808,-0.11654817863045878,False,ok,julia_xfoil,not_converged,unknown,seed_reference_pending_full_polar_dae11_rescue
dae11,"root,mid1",125000.0,clean,10.0,1.3913789899984186,0.05201646927250293,-0.11108413494593536,True,ok,julia_xfoil,,prestall,seed_reference_pending_full_polar_dae11_rescue
dae11,"root,mid1",125000.0,clean,10.25,1.4584148960916747,0.04666553007163593,-0.11144954160971621,True,ok,julia_xfoil,,prestall,seed_reference_pending_full_polar_dae11_rescue
dae11,"root,mid1",125000.0,clean,10.5,1.5669449204992276,0.03773342639896056,-0.11390905443308605,True,ok,julia_xfoil,,prestall,seed_reference_pending_full_polar_dae11_rescue
dae11,"root,mid1",125000.0,clean,10.75,1.527400490010277,0.04316707534876289,-0.11022179449122736,True,ok,julia_xfoil,,prestall,seed_reference_pending_full_polar_dae11_rescue
dae11,"root,mid1",125000.0,clean,11.0,1.6152145886342935,0.0365722531683817,-0.11188558266626503,True,ok,julia_xfoil,,prestall,seed_reference_pending_full_polar_dae11_rescue
dae11,"root,mid1",125000.0,clean,11.25,1.5868052737993468,0.04088651929668218,-0.1086240456414561,True,ok,julia_xfoil,,prestall,seed_reference_pending_full_polar_dae11_rescue
dae11,"root,mid1",125000.0,clean,11.5,1.6386073532090297,0.03775508654613584,-0.10865141904374201,True,ok,julia_xfoil,,prestall,seed_reference_pending_full_polar_dae11_rescue
dae11,"root,mid1",125000.0,clean,11.75,1.6358973473002454,0.039683274132871205,-0.1064945212623684,True,ok,julia_xfoil,,prestall,seed_reference_pending_full_polar_dae11_rescue
dae11,"root,mid1",125000.0,clean,12.0,1.6423516750010032,0.04085238423409317,-0.10471750927687148,True,ok,julia_xfoil,,prestall,seed_reference_pending_full_polar_dae11_rescue
dae11,"root,mid1",125000.0,clean,12.25,1.662295471830608,0.04072892482682192,-0.10335019598711805,True,ok,julia_xfoil,,prestall,seed_reference_pending_full_polar_dae11_rescue
dae11,"root,mid1",125000.0,clean,12.5,1.6559720673743046,0.04312598161036657,-0.10120780333944741,True,ok,julia_xfoil,,poststall,seed_reference_pending_full_polar_dae11_rescue
dae11,"root,mid1",125000.0,clean,12.75,1.6538650366480834,0.045219847550002405,-0.0992736075057668,True,ok,julia_xfoil,,poststall,seed_reference_pending_full_polar_dae11_rescue
dae11,"root,mid1",125000.0,clean,13.0,1.6587247653268855,0.04656947590072579,-0.0974514085092802,True,ok,julia_xfoil,,poststall,seed_reference_pending_full_polar_dae11_rescue
dae11,"root,mid1",125000.0,clean,13.25,1.6525518363995757,0.04908856778609247,-0.09551571351430453,True,ok,julia_xfoil,,poststall,seed_reference_pending_full_polar_dae11_rescue
dae11,"root,mid1",125000.0,clean,13.5,1.6463335131460906,0.051823391831570254,-0.09380321709842421,True,ok,julia_xfoil,,poststall,seed_reference_pending_full_polar_dae11_rescue
dae11,"root,mid1",125000.0,clean,13.75,1.644357832253996,0.054106683770498626,-0.0921529907517643,True,ok,julia_xfoil,,poststall,seed_reference_pending_full_polar_dae11_rescue
dae11,"root,mid1",125000.0,clean,14.0,1.637415396524315,0.057070277969034806,-0.09066187784503126,True,ok,julia_xfoil,,poststall,seed_reference_pending_full_polar_dae11_rescue
dae11,"root,mid1",125000.0,clean,14.25,1.6300338142653932,0.06028248462138526,-0.08937693172693426,True,ok,julia_xfoil,,poststall,seed_reference_pending_full_polar_dae11_rescue
dae11,"root,mid1",125000.0,clean,14.5,1.6245016407965596,0.06323957993206027,-0.0880634858750421,True,ok,julia_xfoil,,poststall,seed_reference_pending_full_polar_dae11_rescue
dae11,"root,mid1",125000.0,clean,14.75,1.6155957593894812,0.0668356945560559,-0.0870709135035231,True,ok,julia_xfoil,,poststall,seed_reference_pending_full_polar_dae11_rescue
dae11,"root,mid1",125000.0,clean,15.0,1.608006958272828,0.07038065993711864,-0.08617286258563792,True,ok,julia_xfoil,,poststall,seed_reference_pending_full_polar_dae11_rescue
dae11,"root,mid1",125000.0,clean,15.25,1.5998218105195579,0.0738492409012797,-0.08515541477033964,True,ok,julia_xfoil,,poststall,seed_reference_pending_full_polar_dae11_rescue
dae11,"root,mid1",125000.0,clean,15.5,1.590002645959097,0.07795340273051292,-0.08468280126206651,True,ok,julia_xfoil,,poststall,seed_reference_pending_full_polar_dae11_rescue
dae11,"root,mid1",125000.0,clean,15.75,1.5813794258736873,0.08178651111635746,-0.0840347380275281,True,ok,julia_xfoil,,poststall,seed_reference_pending_full_polar_dae11_rescue
dae11,"root,mid1",125000.0,clean,16.0,1.5715303551780488,0.08595333664278047,-0.08370779605165554,True,ok,julia_xfoil,,poststall,seed_reference_pending_full_polar_dae11_rescue
dae11,"root,mid1",125000.0,clean,16.25,1.5639363103114166,0.08986652553727886,-0.08331885934561217,True,ok,julia_xfoil,,poststall,seed_reference_pending_full_polar_dae11_rescue
dae11,"root,mid1",125000.0,clean,16.5,1.5548237101784073,0.09400201417026824,-0.08315947107928623,True,ok,julia_xfoil,,poststall,seed_reference_pending_full_polar_dae11_rescue
dae11,"root,mid1",125000.0,clean,16.75,1.5487432134120158,0.09777677912974779,-0.0829048323533603,True,ok,julia_xfoil,,poststall,seed_reference_pending_full_polar_dae11_rescue
dae11,"root,mid1",125000.0,clean,17.0,1.5405499261312798,0.10198734007794953,-0.08310063414088775,True,ok,julia_xfoil,,poststall,seed_reference_pending_full_polar_dae11_rescue
dae11,"root,mid1",125000.0,clean,17.25,1.5372676299071246,0.10519151518887872,-0.08262235322144765,True,ok,julia_xfoil,,poststall,seed_reference_pending_full_polar_dae11_rescue
dae11,"root,mid1",125000.0,clean,17.5,1.5320826398722083,0.10915879321930982,-0.08296256362238329,True,ok,julia_xfoil,,poststall,seed_reference_pending_full_polar_dae11_rescue
dae11,"root,mid1",125000.0,clean,17.75,1.5277040004002775,0.11276190511093773,-0.08314325327269452,True,ok,julia_xfoil,,poststall,seed_reference_pending_full_polar_dae11_rescue
dae11,"root,mid1",125000.0,clean,18.0,1.5281979823303597,0.11547254400550155,-0.08265062616302625,True,ok,julia_xfoil,,poststall,seed_reference_pending_full_polar_dae11_rescue
dae11,"root,mid1",150000.0,clean,-6.0,0.006204801425801002,0.07493588193846457,-0.09826876928429529,True,ok,julia_xfoil,,prestall,seed_reference_pending_full_polar_dae11_rescue
dae11,"root,mid1",150000.0,clean,-5.75,0.017746277759485538,0.07360536435143948,-0.09711851231499641,True,ok,julia_xfoil,,prestall,seed_reference_pending_full_polar_dae11_rescue
dae11,"root,mid1",150000.0,clean,-5.5,0.03685367956763849,0.07119982285360389,-0.1024674339937947,True,ok,julia_xfoil,,prestall,seed_reference_pending_full_polar_dae11_rescue
dae11,"root,mid1",150000.0,clean,-5.25,0.07714022156288279,0.06939873865461284,-0.11928313065001489,True,ok,julia_xfoil,,prestall,seed_reference_pending_full_polar_dae11_rescue
dae11,"root,mid1",150000.0,clean,-5.0,0.09941943602863142,0.06766362810715484,-0.1243176555064881,True,ok,julia_xfoil,,prestall,seed_reference_pending_full_polar_dae11_rescue
dae11,"root,mid1",150000.0,clean,-4.75,0.10001102211144162,0.06055361364935126,-0.12474450265259478,True,ok,julia_xfoil,,prestall,seed_reference_pending_full_polar_dae11_rescue
dae11,"root,mid1",150000.0,clean,-4.5,0.11456706587243355,0.05872615718979146,-0.12381921148758862,True,ok,julia_xfoil,,prestall,seed_reference_pending_full_polar_dae11_rescue
dae11,"root,mid1",150000.0,clean,-4.25,0.13332667338688578,0.05684486573140694,-0.12436511742856264,True,ok,julia_xfoil,,prestall,seed_reference_pending_full_polar_dae11_rescue
dae11,"root,mid1",150000.0,clean,-4.0,0.15859733381487587,0.05448115359066597,-0.1270588978567955,True,ok,julia_xfoil,,prestall,seed_reference_pending_full_polar_dae11_rescue
dae11,"root,mid1",150000.0,clean,-3.75,0.1917177189760002,0.050687990823933216,-0.1330656787194203,True,ok,julia_xfoil,,prestall,seed_reference_pending_full_polar_dae11_rescue
dae11,"root,mid1",150000.0,clean,-3.5,0.21097748830633722,0.04892250956984915,-0.13244483238699586,True,ok,julia_xfoil,,prestall,seed_reference_pending_full_polar_dae11_rescue
dae11,"root,mid1",150000.0,clean,-3.25,0.22379404935866357,0.048672008517961406,-0.13314907915225047,True,ok,julia_xfoil,,prestall,seed_reference_pending_full_polar_dae11_rescue
dae11,"root,mid1",150000.0,clean,-3.0,0.24173919981011402,0.04819700178197736,-0.1359427790923381,True,ok,julia_xfoil,,prestall,seed_reference_pending_full_polar_dae11_rescue
dae11,"root,mid1",150000.0,clean,-2.75,0.28878985103895394,0.04077136546489353,-0.1389646098510931,True,ok,julia_xfoil,,prestall,seed_reference_pending_full_polar_dae11_rescue
dae11,"root,mid1",150000.0,clean,-2.5,0.31632315760633667,0.03839381024523638,-0.1397543054249753,True,ok,julia_xfoil,,prestall,seed_reference_pending_full_polar_dae11_rescue
dae11,"root,mid1",150000.0,clean,-2.25,0.34664558150652747,0.03675319961352415,-0.1402572649946345,True,ok,julia_xfoil,,prestall,seed_reference_pending_full_polar_dae11_rescue
dae11,"root,mid1",150000.0,clean,-2.0,0.3775259704205571,0.0358308121452412,-0.1404316729149171,True,ok,julia_xfoil,,prestall,seed_reference_pending_full_polar_dae11_rescue
dae11,"root,mid1",150000.0,clean,-1.75,0.410006486427647,0.0340954311200514,-0.1406599549164325,True,ok,julia_xfoil,,prestall,seed_reference_pending_full_polar_dae11_rescue
dae11,"root,mid1",150000.0,clean,-1.5,0.44202728110817724,0.032915469791674645,-0.14045782143022426,True,ok,julia_xfoil,,prestall,seed_reference_pending_full_polar_dae11_rescue
dae11,"root,mid1",150000.0,clean,-1.25,0.471681406184397,0.032312896788831605,-0.13988512256792798,True,ok,julia_xfoil,,prestall,seed_reference_pending_full_polar_dae11_rescue
dae11,"root,mid1",150000.0,clean,-1.0,0.4639868184176793,0.03521207910436009,-0.14020702926700498,True,ok,julia_xfoil,,prestall,seed_reference_pending_full_polar_dae11_rescue
dae11,"root,mid1",150000.0,clean,-0.75,0.48976209631987916,0.0351930904950104,-0.14008106618888763,True,ok,julia_xfoil,,prestall,seed_reference_pending_full_polar_dae11_rescue
dae11,"root,mid1",150000.0,clean,-0.5,0.5208414596540997,0.034482012458296026,-0.14034497401128446,True,ok,julia_xfoil,,prestall,seed_reference_pending_full_polar_dae11_rescue
dae11,"root,mid1",150000.0,clean,-0.25,0.555870100459611,0.03287158739630453,-0.14139413897895692,True,ok,julia_xfoil,,prestall,seed_reference_pending_full_polar_dae11_rescue
dae11,"root,mid1",150000.0,clean,0.0,0.5763921125734647,0.031126410722501788,-0.13805125259470954,True,ok,julia_xfoil,,prestall,seed_reference_pending_full_polar_dae11_rescue
dae11,"root,mid1",150000.0,clean,0.25,0.6083537917045193,0.03103936141088494,-0.13777381360084412,True,ok,julia_xfoil,,prestall,seed_reference_pending_full_polar_dae11_rescue
dae11,"root,mid1",150000.0,clean,0.5,0.6391721033575104,0.031097899310407517,-0.1374446208460811,True,ok,julia_xfoil,,prestall,seed_reference_pending_full_polar_dae11_rescue
dae11,"root,mid1",150000.0,clean,0.75,0.6690855555356288,0.03135408672091783,-0.1368727193511267,False,ok,julia_xfoil,not_converged,unknown,seed_reference_pending_full_polar_dae11_rescue
dae11,"root,mid1",150000.0,clean,1.0,0.652606314376707,0.03519035925848959,-0.13718353931555272,True,ok,julia_xfoil,,prestall,seed_reference_pending_full_polar_dae11_rescue
dae11,"root,mid1",150000.0,clean,1.25,0.6836751574941419,0.0351327260157493,-0.13702375542053463,True,ok,julia_xfoil,,prestall,seed_reference_pending_full_polar_dae11_rescue
dae11,"root,mid1",150000.0,clean,1.5,0.7151786213449188,0.035058595191625595,-0.1368450887346515,True,ok,julia_xfoil,,prestall,seed_reference_pending_full_polar_dae11_rescue
dae11,"root,mid1",150000.0,clean,1.75,0.7473688156427837,0.03490412073039132,-0.1366175326182662,True,ok,julia_xfoil,,prestall,seed_reference_pending_full_polar_dae11_rescue
dae11,"root,mid1",150000.0,clean,2.0,0.7803657215297819,0.03462844962616789,-0.13632071175162638,True,ok,julia_xfoil,,prestall,seed_reference_pending_full_polar_dae11_rescue
dae11,"root,mid1",150000.0,clean,2.25,0.8117104923351016,0.03449573590371288,-0.1357823107815105,True,ok,julia_xfoil,,prestall,seed_reference_pending_full_polar_dae11_rescue
dae11,"root,mid1",150000.0,clean,2.5,0.8538900634582198,0.033351933652501525,-0.13546029711604335,False,ok,julia_xfoil,not_converged,unknown,seed_reference_pending_full_polar_dae11_rescue
dae11,"root,mid1",150000.0,clean,2.75,0.9099283812885219,0.031191893515468902,-0.13657802553116918,False,ok,julia_xfoil,not_converged,unknown,seed_reference_pending_full_polar_dae11_rescue
dae11,"root,mid1",150000.0,clean,3.0,0.9492613477260661,0.02986899402517847,-0.13825214060145116,False,ok,julia_xfoil,not_converged,unknown,seed_reference_pending_full_polar_dae11_rescue
dae11,"root,mid1",150000.0,clean,3.25,0.9793710509736062,0.02856022956436218,-0.14084538936011148,False,ok,julia_xfoil,not_converged,unknown,seed_reference_pending_full_polar_dae11_rescue
dae11,"root,mid1",150000.0,clean,3.5,0.9144183504189675,0.03806948320544292,-0.1338995142817279,True,ok,julia_xfoil,,prestall,seed_reference_pending_full_polar_dae11_rescue
dae11,"root,mid1",150000.0,clean,3.75,0.956162010529553,0.03674779399527742,-0.13369935106482522,False,ok,julia_xfoil,not_converged,unknown,seed_reference_pending_full_polar_dae11_rescue
dae11,"root,mid1",150000.0,clean,4.0,1.0000853445730418,0.03516383131469563,-0.13362647407708345,False,ok,julia_xfoil,not_converged,unknown,seed_reference_pending_full_polar_dae11_rescue
dae11,"root,mid1",150000.0,clean,4.25,1.056204621907491,0.0326846675494918,-0.1344467704461555,False,ok,julia_xfoil,not_converged,unknown,seed_reference_pending_full_polar_dae11_rescue
dae11,"root,mid1",150000.0,clean,4.5,1.1004248207677731,0.031040383475446902,-0.13654992875422478,False,ok,julia_xfoil,not_converged,unknown,seed_reference_pending_full_polar_dae11_rescue
dae11,"root,mid1",150000.0,clean,4.75,1.1395861087831043,0.029389179247411804,-0.13938034228817237,False,ok,julia_xfoil,not_converged,unknown,seed_reference_pending_full_polar_dae11_rescue
dae11,"root,mid1",150000.0,clean,5.0,0.9986496386483306,0.04433114424023292,-0.12875796804909098,True,ok,julia_xfoil,,prestall,seed_reference_pending_full_polar_dae11_rescue
dae11,"root,mid1",150000.0,clean,5.25,1.0348453444630885,0.043505095439235905,-0.12876777836608375,True,ok,julia_xfoil,,prestall,seed_reference_pending_full_polar_dae11_rescue
dae11,"root,mid1",150000.0,clean,5.5,1.070554177502883,0.04267892564164043,-0.1287176572703704,True,ok,julia_xfoil,,prestall,seed_reference_pending_full_polar_dae11_rescue
dae11,"root,mid1",150000.0,clean,5.75,1.106871478702546,0.04171747395391564,-0.1286223498255181,True,ok,julia_xfoil,,prestall,seed_reference_pending_full_polar_dae11_rescue
dae11,"root,mid1",150000.0,clean,6.0,1.1448081561189287,0.04049585869511234,-0.1285130202780561,True,ok,julia_xfoil,,prestall,seed_reference_pending_full_polar_dae11_rescue
dae11,"root,mid1",150000.0,clean,6.25,1.1835346877449664,0.039102660361822555,-0.12837045545042042,True,ok,julia_xfoil,,prestall,seed_reference_pending_full_polar_dae11_rescue
dae11,"root,mid1",150000.0,clean,6.5,1.223344669525842,0.037557028983716316,-0.12827404908623405,True,ok,julia_xfoil,,prestall,seed_reference_pending_full_polar_dae11_rescue
dae11,"root,mid1",150000.0,clean,6.75,1.269245303562379,0.03544120915407405,-0.12857732123260665,False,ok,julia_xfoil,not_converged,unknown,seed_reference_pending_full_polar_dae11_rescue
dae11,"root,mid1",150000.0,clean,7.0,1.2239152103632487,0.04158450396154715,-0.12514609090133016,True,ok,julia_xfoil,,prestall,seed_reference_pending_full_polar_dae11_rescue
dae11,"root,mid1",150000.0,clean,7.25,1.2637655781071053,0.03983104330301822,-0.12501217187245633,True,ok,julia_xfoil,,prestall,seed_reference_pending_full_polar_dae11_rescue
dae11,"root,mid1",150000.0,clean,7.5,1.3058314323483224,0.037803215413763504,-0.12495803403144154,True,ok,julia_xfoil,,prestall,seed_reference_pending_full_polar_dae11_rescue
dae11,"root,mid1",150000.0,clean,7.75,1.3514093051794547,0.03556197702458966,-0.12517852210958136,True,ok,julia_xfoil,,prestall,seed_reference_pending_full_polar_dae11_rescue
dae11,"root,mid1",150000.0,clean,8.0,1.4002308794894565,0.03327282664962869,-0.12585873747029552,True,ok,julia_xfoil,,prestall,seed_reference_pending_full_polar_dae11_rescue
dae11,"root,mid1",150000.0,clean,8.25,1.4595251236088727,0.0302275579569032,-0.12744343682911105,False,ok,julia_xfoil,not_converged,unknown,seed_reference_pending_full_polar_dae11_rescue
dae11,"root,mid1",150000.0,clean,8.5,1.4005076049340341,0.036482829207936274,-0.12182936587273896,True,ok,julia_xfoil,,prestall,seed_reference_pending_full_polar_dae11_rescue
dae11,"root,mid1",150000.0,clean,8.75,1.4531691111979088,0.03353108682827566,-0.12242990986274908,True,ok,julia_xfoil,,prestall,seed_reference_pending_full_polar_dae11_rescue
dae11,"root,mid1",150000.0,clean,9.0,1.5124869009708284,0.030370830546039725,-0.12375485419406398,True,ok,julia_xfoil,,prestall,seed_reference_pending_full_polar_dae11_rescue
dae11,"root,mid1",150000.0,clean,9.25,1.466007223550131,0.035843760020514946,-0.11912192848941196,True,ok,julia_xfoil,,prestall,seed_reference_pending_full_polar_dae11_rescue
dae11,"root,mid1",150000.0,clean,9.5,1.5261983536808124,0.03218277087007418,-0.12008741770581972,True,ok,julia_xfoil,,prestall,seed_reference_pending_full_polar_dae11_rescue
dae11,"root,mid1",150000.0,clean,9.75,1.5941303320480722,0.028403544997845982,-0.12191882520233782,True,ok,julia_xfoil,,prestall,seed_reference_pending_full_polar_dae11_rescue
dae11,"root,mid1",150000.0,clean,10.0,1.5640692065750026,0.032259373682060756,-0.11791698187232587,True,ok,julia_xfoil,,prestall,seed_reference_pending_full_polar_dae11_rescue
dae11,"root,mid1",150000.0,clean,10.25,1.62294025895726,0.02904250044510138,-0.11896311765414608,True,ok,julia_xfoil,,prestall,seed_reference_pending_full_polar_dae11_rescue
dae11,"root,mid1",150000.0,clean,10.5,1.6137667743163782,0.03138027948833367,-0.11628395546196427,True,ok,julia_xfoil,,prestall,seed_reference_pending_full_polar_dae11_rescue
dae11,"root,mid1",150000.0,clean,10.75,1.6620300075271905,0.02910563128568694,-0.11662642491105317,True,ok,julia_xfoil,,prestall,seed_reference_pending_full_polar_dae11_rescue
dae11,"root,mid1",150000.0,clean,11.0,1.6458298375427245,0.03202932922112076,-0.1136458730498278,True,ok,julia_xfoil,,prestall,seed_reference_pending_full_polar_dae11_rescue
dae11,"root,mid1",150000.0,clean,11.25,1.6636226804359282,0.03223731845069623,-0.11234120886363934,True,ok,julia_xfoil,,prestall,seed_reference_pending_full_polar_dae11_rescue
dae11,"root,mid1",150000.0,clean,11.5,1.6745523447597013,0.03299541277049466,-0.11066235805702908,True,ok,julia_xfoil,,prestall,seed_reference_pending_full_polar_dae11_rescue
dae11,"root,mid1",150000.0,clean,11.75,1.6689515772283696,0.03529535127295846,-0.10843386434193378,True,ok,julia_xfoil,,prestall,seed_reference_pending_full_polar_dae11_rescue
dae11,"root,mid1",150000.0,clean,12.0,1.6742978268378796,0.03662666833099845,-0.10658678745256446,True,ok,julia_xfoil,,prestall,seed_reference_pending_full_polar_dae11_rescue
dae11,"root,mid1",150000.0,clean,12.25,1.6777327450005635,0.03809746169923914,-0.10461692519232062,True,ok,julia_xfoil,,prestall,seed_reference_pending_full_polar_dae11_rescue
dae11,"root,mid1",150000.0,clean,12.5,1.6708587870925649,0.04067077222887841,-0.10255729015431385,True,ok,julia_xfoil,,poststall,seed_reference_pending_full_polar_dae11_rescue
dae11,"root,mid1",150000.0,clean,12.75,1.668668089887921,0.04279693315357809,-0.10060101936579396,True,ok,julia_xfoil,,poststall,seed_reference_pending_full_polar_dae11_rescue
dae11,"root,mid1",150000.0,clean,13.0,1.666123108539374,0.044897922445302316,-0.09856900816473947,True,ok,julia_xfoil,,poststall,seed_reference_pending_full_polar_dae11_rescue
dae11,"root,mid1",150000.0,clean,13.25,1.658797706260884,0.047759086123536104,-0.0968394719822709,True,ok,julia_xfoil,,poststall,seed_reference_pending_full_polar_dae11_rescue
dae11,"root,mid1",150000.0,clean,13.5,1.6542858812250478,0.050389444031863455,-0.09519324228877869,True,ok,julia_xfoil,,poststall,seed_reference_pending_full_polar_dae11_rescue
dae11,"root,mid1",150000.0,clean,13.75,1.6488572830851345,0.053135573916857574,-0.09356562888825395,True,ok,julia_xfoil,,poststall,seed_reference_pending_full_polar_dae11_rescue
dae11,"root,mid1",150000.0,clean,14.0,1.6417499370578035,0.056368403395243176,-0.0923267287414167,True,ok,julia_xfoil,,poststall,seed_reference_pending_full_polar_dae11_rescue
dae11,"root,mid1",150000.0,clean,14.25,1.6359233668295126,0.059408561780334775,-0.09102007439878819,True,ok,julia_xfoil,,poststall,seed_reference_pending_full_polar_dae11_rescue
dae11,"root,mid1",150000.0,clean,14.5,1.6275194280873824,0.0628602322835373,-0.08985116060476442,True,ok,julia_xfoil,,poststall,seed_reference_pending_full_polar_dae11_rescue
dae11,"root,mid1",150000.0,clean,14.75,1.62130139004121,0.06626253140448711,-0.08895096320956056,True,ok,julia_xfoil,,poststall,seed_reference_pending_full_polar_dae11_rescue
dae11,"root,mid1",150000.0,clean,15.0,1.6123740139585627,0.06995596177002926,-0.08801231846611735,True,ok,julia_xfoil,,poststall,seed_reference_pending_full_polar_dae11_rescue
dae11,"root,mid1",150000.0,clean,15.25,1.6041082791406502,0.0737437622159585,-0.08733781520637429,True,ok,julia_xfoil,,poststall,seed_reference_pending_full_polar_dae11_rescue
dae11,"root,mid1",150000.0,clean,15.5,1.5959179575220392,0.07755561855779966,-0.08669049201863,True,ok,julia_xfoil,,poststall,seed_reference_pending_full_polar_dae11_rescue
dae11,"root,mid1",150000.0,clean,15.75,1.585179384983041,0.08171807558467103,-0.08615512398091181,True,ok,julia_xfoil,,poststall,seed_reference_pending_full_polar_dae11_rescue
dae11,"root,mid1",150000.0,clean,16.0,1.5782286096427915,0.08561513345727464,-0.08581698302020056,True,ok,julia_xfoil,,poststall,seed_reference_pending_full_polar_dae11_rescue
dae11,"root,mid1",150000.0,clean,16.25,1.5667094655552676,0.08998386683113485,-0.08547974869976437,True,ok,julia_xfoil,,poststall,seed_reference_pending_full_polar_dae11_rescue
dae11,"root,mid1",150000.0,clean,16.5,1.56112159002405,0.09385985050291377,-0.08539835673697381,True,ok,julia_xfoil,,poststall,seed_reference_pending_full_polar_dae11_rescue
dae11,"root,mid1",150000.0,clean,16.75,1.5507682841177277,0.09825034978928637,-0.08537791512677086,True,ok,julia_xfoil,,poststall,seed_reference_pending_full_polar_dae11_rescue
dae11,"root,mid1",150000.0,clean,17.0,1.546139251368823,0.10187551573389005,-0.08521257139222269,True,ok,julia_xfoil,,poststall,seed_reference_pending_full_polar_dae11_rescue
dae11,"root,mid1",150000.0,clean,17.25,1.5394334653717563,0.10598168296881764,-0.08549516274065845,True,ok,julia_xfoil,,poststall,seed_reference_pending_full_polar_dae11_rescue
dae11,"root,mid1",150000.0,clean,17.5,1.5346004772829414,0.10928231463262555,-0.08501793163945273,True,ok,julia_xfoil,,poststall,seed_reference_pending_full_polar_dae11_rescue
dae11,"root,mid1",150000.0,clean,17.75,1.5308101438751063,0.11321385922565433,-0.08557960486217664,True,ok,julia_xfoil,,poststall,seed_reference_pending_full_polar_dae11_rescue
dae11,"root,mid1",150000.0,clean,18.0,1.5258868987338645,0.11724476818975031,-0.08625188420433388,True,ok,julia_xfoil,,poststall,seed_reference_pending_full_polar_dae11_rescue
dae11,"root,mid1",175000.0,clean,-6.0,0.00518064755929799,0.07423838073051775,-0.09514104005904435,True,ok,julia_xfoil,,prestall,seed_reference_pending_full_polar_dae11_rescue
dae11,"root,mid1",175000.0,clean,-5.75,0.041603551988576105,0.07149357798338578,-0.1101588581930719,True,ok,julia_xfoil,,prestall,seed_reference_pending_full_polar_dae11_rescue
dae11,"root,mid1",175000.0,clean,-5.5,0.04598430250471146,0.06420277277076909,-0.11347838258941867,True,ok,julia_xfoil,,prestall,seed_reference_pending_full_polar_dae11_rescue
dae11,"root,mid1",175000.0,clean,-5.25,0.05600034250479704,0.06299577435771868,-0.10970421141597816,True,ok,julia_xfoil,,prestall,seed_reference_pending_full_polar_dae11_rescue
dae11,"root,mid1",175000.0,clean,-5.0,0.07307024738704547,0.06101552278304552,-0.11043069129288147,True,ok,julia_xfoil,,prestall,seed_reference_pending_full_polar_dae11_rescue
dae11,"root,mid1",175000.0,clean,-4.75,0.09474768869599658,0.05831023851170058,-0.11378123298181607,True,ok,julia_xfoil,,prestall,seed_reference_pending_full_polar_dae11_rescue
dae11,"root,mid1",175000.0,clean,-4.5,0.13488034265313584,0.05664907180169678,-0.12209125949942252,True,ok,julia_xfoil,,prestall,seed_reference_pending_full_polar_dae11_rescue
dae11,"root,mid1",175000.0,clean,-4.25,0.1560812889989385,0.05070178685399378,-0.12874977729416798,True,ok,julia_xfoil,,prestall,seed_reference_pending_full_polar_dae11_rescue
dae11,"root,mid1",175000.0,clean,-4.0,0.1734028438798483,0.04866896600072727,-0.1294556034487964,True,ok,julia_xfoil,,prestall,seed_reference_pending_full_polar_dae11_rescue
dae11,"root,mid1",175000.0,clean,-3.75,0.19342404081426667,0.047288337669456844,-0.13026408862253724,True,ok,julia_xfoil,,prestall,seed_reference_pending_full_polar_dae11_rescue
dae11,"root,mid1",175000.0,clean,-3.5,0.21718074548046745,0.045713223680965025,-0.1316448762024343,True,ok,julia_xfoil,,prestall,seed_reference_pending_full_polar_dae11_rescue
dae11,"root,mid1",175000.0,clean,-3.25,0.24922674984103643,0.04331643406922201,-0.13524466343301256,True,ok,julia_xfoil,,prestall,seed_reference_pending_full_polar_dae11_rescue
dae11,"root,mid1",175000.0,clean,-3.0,0.29030227268991354,0.03708618631258053,-0.13698711803814898,True,ok,julia_xfoil,,prestall,seed_reference_pending_full_polar_dae11_rescue
dae11,"root,mid1",175000.0,clean,-2.75,0.3197317735353501,0.03322091285166829,-0.137750301619607,True,ok,julia_xfoil,,prestall,seed_reference_pending_full_polar_dae11_rescue
dae11,"root,mid1",175000.0,clean,-2.5,0.3505982813840398,0.031049055281545015,-0.1377951807862029,True,ok,julia_xfoil,,prestall,seed_reference_pending_full_polar_dae11_rescue
dae11,"root,mid1",175000.0,clean,-2.25,0.37938853860589133,0.029868856559555228,-0.13749244403164682,True,ok,julia_xfoil,,prestall,seed_reference_pending_full_polar_dae11_rescue
dae11,"root,mid1",175000.0,clean,-2.0,0.4060501947768257,0.02975531515665615,-0.13700681340014992,True,ok,julia_xfoil,,prestall,seed_reference_pending_full_polar_dae11_rescue
dae11,"root,mid1",175000.0,clean,-1.75,0.4235087108997003,0.030793351344067434,-0.13846510039941123,True,ok,julia_xfoil,,prestall,seed_reference_pending_full_polar_dae11_rescue
dae11,"root,mid1",175000.0,clean,-1.5,0.44688771146288936,0.030707253796759183,-0.13865494840923034,True,ok,julia_xfoil,,prestall,seed_reference_pending_full_polar_dae11_rescue
dae11,"root,mid1",175000.0,clean,-1.25,0.47472634020811566,0.029663483870775647,-0.13864377615935108,True,ok,julia_xfoil,,prestall,seed_reference_pending_full_polar_dae11_rescue
dae11,"root,mid1",175000.0,clean,-1.0,0.5033953212584484,0.028912627431844775,-0.13858380164160652,True,ok,julia_xfoil,,prestall,seed_reference_pending_full_polar_dae11_rescue
dae11,"root,mid1",175000.0,clean,-0.75,0.532324944684496,0.02849886790883016,-0.13843641126899528,True,ok,julia_xfoil,,prestall,seed_reference_pending_full_polar_dae11_rescue
dae11,"root,mid1",175000.0,clean,-0.5,0.5626805516956205,0.02774185718238905,-0.1385148141675743,True,ok,julia_xfoil,,prestall,seed_reference_pending_full_polar_dae11_rescue
dae11,"root,mid1",175000.0,clean,-0.25,0.5901987971411361,0.026282526029735045,-0.13869045247100992,True,ok,julia_xfoil,,prestall,seed_reference_pending_full_polar_dae11_rescue
dae11,"root,mid1",175000.0,clean,0.0,0.6106197284243291,0.02530160209241672,-0.13567128589234614,True,ok,julia_xfoil,,prestall,seed_reference_pending_full_polar_dae11_rescue
dae11,"root,mid1",175000.0,clean,0.25,0.6387718047399572,0.025550267351921365,-0.13515705008922435,True,ok,julia_xfoil,,prestall,seed_reference_pending_full_polar_dae11_rescue
dae11,"root,mid1",175000.0,clean,0.5,0.6423232611259658,0.0285936598599706,-0.13670054743109963,True,ok,julia_xfoil,,prestall,seed_reference_pending_full_polar_dae11_rescue
dae11,"root,mid1",175000.0,clean,0.75,0.6694989845932272,0.028814533668557615,-0.13656966974930113,True,ok,julia_xfoil,,prestall,seed_reference_pending_full_polar_dae11_rescue
dae11,"root,mid1",175000.0,clean,1.0,0.698887104520703,0.028740345506193844,-0.1363243112051565,True,ok,julia_xfoil,,prestall,seed_reference_pending_full_polar_dae11_rescue
dae11,"root,mid1",175000.0,clean,1.25,0.7295143007002638,0.028497557151302595,-0.1360266318750843,True,ok,julia_xfoil,,prestall,seed_reference_pending_full_polar_dae11_rescue
dae11,"root,mid1",175000.0,clean,1.5,0.7606220893673872,0.028192861586105327,-0.1357178617725731,True,ok,julia_xfoil,,prestall,seed_reference_pending_full_polar_dae11_rescue
dae11,"root,mid1",175000.0,clean,1.75,0.790554718478154,0.02801498743264086,-0.13535843772192657,True,ok,julia_xfoil,,prestall,seed_reference_pending_full_polar_dae11_rescue
dae11,"root,mid1",175000.0,clean,2.0,0.8198888010278728,0.02799008826640944,-0.13500524399005118,True,ok,julia_xfoil,,prestall,seed_reference_pending_full_polar_dae11_rescue
dae11,"root,mid1",175000.0,clean,2.25,0.852194895412982,0.02774261259658029,-0.13456671092046613,False,ok,julia_xfoil,not_converged,unknown,seed_reference_pending_full_polar_dae11_rescue
dae11,"root,mid1",175000.0,clean,2.5,0.8938933099536989,0.026677454179166116,-0.13472228967574246,False,ok,julia_xfoil,not_converged,unknown,seed_reference_pending_full_polar_dae11_rescue
dae11,"root,mid1",175000.0,clean,2.75,0.8738415766778816,0.031314314717127006,-0.13479699483715485,True,ok,julia_xfoil,,prestall,seed_reference_pending_full_polar_dae11_rescue
dae11,"root,mid1",175000.0,clean,3.0,0.9052625451173018,0.030934353246021996,-0.13454666404866525,True,ok,julia_xfoil,,prestall,seed_reference_pending_full_polar_dae11_rescue
dae11,"root,mid1",175000.0,clean,3.25,0.9366095444392075,0.03049428309681806,-0.13423771742412413,True,ok,julia_xfoil,,prestall,seed_reference_pending_full_polar_dae11_rescue
dae11,"root,mid1",175000.0,clean,3.5,0.9686635888450444,0.029974647786893394,-0.13394715132846827,True,ok,julia_xfoil,,prestall,seed_reference_pending_full_polar_dae11_rescue
dae11,"root,mid1",175000.0,clean,3.75,1.0007512703862202,0.02950000881290296,-0.13369037024619157,True,ok,julia_xfoil,,prestall,seed_reference_pending_full_polar_dae11_rescue
dae11,"root,mid1",175000.0,clean,4.0,1.0355412090090534,0.0288412632695316,-0.13354848591277121,False,ok,julia_xfoil,not_converged,unknown,seed_reference_pending_full_polar_dae11_rescue
dae11,"root,mid1",175000.0,clean,4.25,1.0855924010486189,0.02681633325230773,-0.13425469112608265,False,ok,julia_xfoil,not_converged,unknown,seed_reference_pending_full_polar_dae11_rescue
dae11,"root,mid1",175000.0,clean,4.5,1.0996612737471805,0.027784836321932873,-0.13471349240723937,False,ok,julia_xfoil,not_converged,unknown,seed_reference_pending_full_polar_dae11_rescue
dae11,"root,mid1",175000.0,clean,4.75,1.139404140573408,0.027003404119174537,-0.134167841060963,False,ok,julia_xfoil,not_converged,unknown,seed_reference_pending_full_polar_dae11_rescue
dae11,"root,mid1",175000.0,clean,5.0,1.0935410826820675,0.034519182184705975,-0.1286161038433889,False,ok,julia_xfoil,not_converged,unknown,seed_reference_pending_full_polar_dae11_rescue
dae11,"root,mid1",175000.0,clean,5.25,1.154541303587937,0.029920438678387867,-0.13207238123041828,True,ok,julia_xfoil,,prestall,seed_reference_pending_full_polar_dae11_rescue
dae11,"root,mid1",175000.0,clean,5.5,1.1896677009129473,0.029062964851533122,-0.1320982141165748,True,ok,julia_xfoil,,prestall,seed_reference_pending_full_polar_dae11_rescue
dae11,"root,mid1",175000.0,clean,5.75,1.233140376412831,0.02749390778942261,-0.13262270427460532,False,ok,julia_xfoil,not_converged,unknown,seed_reference_pending_full_polar_dae11_rescue
dae11,"root,mid1",175000.0,clean,6.0,1.2058616206506994,0.03213611413574557,-0.13000824522506055,True,ok,julia_xfoil,,prestall,seed_reference_pending_full_polar_dae11_rescue
dae11,"root,mid1",175000.0,clean,6.25,1.2429912837057775,0.03087982117440327,-0.13002202580833264,True,ok,julia_xfoil,,prestall,seed_reference_pending_full_polar_dae11_rescue
dae11,"root,mid1",175000.0,clean,6.5,1.2808510374232784,0.029599889185326186,-0.1301685939213988,True,ok,julia_xfoil,,prestall,seed_reference_pending_full_polar_dae11_rescue
dae11,"root,mid1",175000.0,clean,6.75,1.319812403913945,0.02826003713913149,-0.1304666816406951,True,ok,julia_xfoil,,prestall,seed_reference_pending_full_polar_dae11_rescue
dae11,"root,mid1",175000.0,clean,7.0,1.3589009202108095,0.026989193373100597,-0.1308785032505602,True,ok,julia_xfoil,,prestall,seed_reference_pending_full_polar_dae11_rescue
dae11,"root,mid1",175000.0,clean,7.25,1.4134998269347792,0.02456298720661438,-0.1323580128809634,False,ok,julia_xfoil,not_converged,unknown,seed_reference_pending_full_polar_dae11_rescue
dae11,"root,mid1",175000.0,clean,7.5,1.379004499196366,0.028988504916793462,-0.1280831214090287,True,ok,julia_xfoil,,prestall,seed_reference_pending_full_polar_dae11_rescue
dae11,"root,mid1",175000.0,clean,7.75,1.4204789904506119,0.027371102549455704,-0.12856723537024764,True,ok,julia_xfoil,,prestall,seed_reference_pending_full_polar_dae11_rescue
dae11,"root,mid1",175000.0,clean,8.0,1.4640531679096154,0.02568491454994577,-0.12933633952123583,True,ok,julia_xfoil,,prestall,seed_reference_pending_full_polar_dae11_rescue
dae11,"root,mid1",175000.0,clean,8.25,1.4679091018966743,0.027070960658777884,-0.12730909893524636,True,ok,julia_xfoil,,prestall,seed_reference_pending_full_polar_dae11_rescue
dae11,"root,mid1",175000.0,clean,8.5,1.493957430066854,0.026598462316084558,-0.12677745963435483,True,ok,julia_xfoil,,prestall,seed_reference_pending_full_polar_dae11_rescue
dae11,"root,mid1",175000.0,clean,8.75,1.536340629394112,0.024996351923083027,-0.1274729397451097,True,ok,julia_xfoil,,prestall,seed_reference_pending_full_polar_dae11_rescue
dae11,"root,mid1",175000.0,clean,9.0,1.5818733293664722,0.02335691642014636,-0.12856276406039044,True,ok,julia_xfoil,,prestall,seed_reference_pending_full_polar_dae11_rescue
dae11,"root,mid1",175000.0,clean,9.25,1.5763441152471755,0.025040702276741156,-0.12544367127144557,True,ok,julia_xfoil,,prestall,seed_reference_pending_full_polar_dae11_rescue
dae11,"root,mid1",175000.0,clean,9.5,1.6143658838611303,0.023856044834979363,-0.12584941587870163,True,ok,julia_xfoil,,prestall,seed_reference_pending_full_polar_dae11_rescue
dae11,"root,mid1",175000.0,clean,9.75,1.6214966098993755,0.0246724374021996,-0.12366554125636374,True,ok,julia_xfoil,,prestall,seed_reference_pending_full_polar_dae11_rescue
dae11,"root,mid1",175000.0,clean,10.0,1.6451648020889655,0.02443071060884353,-0.12283760837865111,True,ok,julia_xfoil,,prestall,seed_reference_pending_full_polar_dae11_rescue
dae11,"root,mid1",175000.0,clean,10.25,1.6497082287570053,0.025584958192093065,-0.12074648338024295,True,ok,julia_xfoil,,prestall,seed_reference_pending_full_polar_dae11_rescue
dae11,"root,mid1",175000.0,clean,10.5,1.6756451406527049,0.025240849371866433,-0.11996110649708659,True,ok,julia_xfoil,,prestall,seed_reference_pending_full_polar_dae11_rescue
dae11,"root,mid1",175000.0,clean,10.75,1.6693751362259799,0.027302620821527096,-0.11740585779480388,True,ok,julia_xfoil,,prestall,seed_reference_pending_full_polar_dae11_rescue
dae11,"root,mid1",175000.0,clean,11.0,1.6788005212473849,0.028248233442464993,-0.11569567998381336,True,ok,julia_xfoil,,prestall,seed_reference_pending_full_polar_dae11_rescue
dae11,"root,mid1",175000.0,clean,11.25,1.686425383179051,0.029337780225568755,-0.11385611922644151,True,ok,julia_xfoil,,prestall,seed_reference_pending_full_polar_dae11_rescue
dae11,"root,mid1",175000.0,clean,11.5,1.6827284265595281,0.03147306028407277,-0.11169543664915149,True,ok,julia_xfoil,,poststall,seed_reference_pending_full_polar_dae11_rescue
dae11,"root,mid1",175000.0,clean,11.75,1.6844588699619318,0.03315870712421577,-0.10970424524736574,True,ok,julia_xfoil,,poststall,seed_reference_pending_full_polar_dae11_rescue
dae11,"root,mid1",175000.0,clean,12.0,1.685953021230551,0.03484033376130483,-0.10764528632298759,True,ok,julia_xfoil,,poststall,seed_reference_pending_full_polar_dae11_rescue
dae11,"root,mid1",175000.0,clean,12.25,1.6799412834878944,0.037330989821330526,-0.10558243807062957,True,ok,julia_xfoil,,poststall,seed_reference_pending_full_polar_dae11_rescue
dae11,"root,mid1",175000.0,clean,12.5,1.6773149837634278,0.03950308804402894,-0.1035758692408939,True,ok,julia_xfoil,,poststall,seed_reference_pending_full_polar_dae11_rescue
dae11,"root,mid1",175000.0,clean,12.75,1.673150750704341,0.04179756655212251,-0.10147988126967587,True,ok,julia_xfoil,,poststall,seed_reference_pending_full_polar_dae11_rescue
dae11,"root,mid1",175000.0,clean,13.0,1.6675271860524001,0.044438122641878644,-0.09969941727607347,True,ok,julia_xfoil,,poststall,seed_reference_pending_full_polar_dae11_rescue
dae11,"root,mid1",175000.0,clean,13.25,1.6622380289178544,0.04712443828811901,-0.09797189429413815,True,ok,julia_xfoil,,poststall,seed_reference_pending_full_polar_dae11_rescue
dae11,"root,mid1",175000.0,clean,13.5,1.6560745209058405,0.049950103753761355,-0.09627971856047102,True,ok,julia_xfoil,,poststall,seed_reference_pending_full_polar_dae11_rescue
dae11,"root,mid1",175000.0,clean,13.75,1.6511296465437557,0.052928406588928015,-0.09500105853688547,True,ok,julia_xfoil,,poststall,seed_reference_pending_full_polar_dae11_rescue
dae11,"root,mid1",175000.0,clean,14.0,1.645454096599,0.05596079224914178,-0.09366587677713073,True,ok,julia_xfoil,,poststall,seed_reference_pending_full_polar_dae11_rescue
dae11,"root,mid1",175000.0,clean,14.25,1.6374238289401122,0.05930803118974327,-0.09238750126944982,True,ok,julia_xfoil,,poststall,seed_reference_pending_full_polar_dae11_rescue
dae11,"root,mid1",175000.0,clean,14.5,1.632199400481945,0.06255290004027182,-0.09140686241111158,True,ok,julia_xfoil,,poststall,seed_reference_pending_full_polar_dae11_rescue
dae11,"root,mid1",175000.0,clean,14.75,1.6240401960604536,0.06611616793231571,-0.09037935580593609,True,ok,julia_xfoil,,poststall,seed_reference_pending_full_polar_dae11_rescue
dae11,"root,mid1",175000.0,clean,15.0,1.616626657723373,0.06977699544051896,-0.08961098533991066,True,ok,julia_xfoil,,poststall,seed_reference_pending_full_polar_dae11_rescue
dae11,"root,mid1",175000.0,clean,15.25,1.6100689676989735,0.07336639109040055,-0.08889069300456952,True,ok,julia_xfoil,,poststall,seed_reference_pending_full_polar_dae11_rescue
dae11,"root,mid1",175000.0,clean,15.5,1.5988336828411116,0.0775511561747118,-0.08825359840451062,True,ok,julia_xfoil,,poststall,seed_reference_pending_full_polar_dae11_rescue
dae11,"root,mid1",175000.0,clean,15.75,1.5931913431946623,0.08118063931383909,-0.08777528645019207,True,ok,julia_xfoil,,poststall,seed_reference_pending_full_polar_dae11_rescue
dae11,"root,mid1",175000.0,clean,16.0,1.580270745519366,0.08573968726794824,-0.08737400818430163,True,ok,julia_xfoil,,poststall,seed_reference_pending_full_polar_dae11_rescue
dae11,"root,mid1",175000.0,clean,16.25,1.5758829203476892,0.08938209355978852,-0.08715392340840718,True,ok,julia_xfoil,,poststall,seed_reference_pending_full_polar_dae11_rescue
dae11,"root,mid1",175000.0,clean,16.5,1.5635169075358601,0.09402745023384303,-0.08702682288144675,True,ok,julia_xfoil,,poststall,seed_reference_pending_full_polar_dae11_rescue
dae11,"root,mid1",175000.0,clean,16.75,1.5594301860180113,0.09767391873931443,-0.08692974921385355,True,ok,julia_xfoil,,poststall,seed_reference_pending_full_polar_dae11_rescue
dae11,"root,mid1",175000.0,clean,17.0,1.550870664155967,0.10198769286401148,-0.0871138205478388,True,ok,julia_xfoil,,poststall,seed_reference_pending_full_polar_dae11_rescue
dae11,"root,mid1",175000.0,clean,17.25,1.5430910136886242,0.10595228380169466,-0.0869765422524878,True,ok,julia_xfoil,,poststall,seed_reference_pending_full_polar_dae11_rescue
dae11,"root,mid1",175000.0,clean,17.5,1.5398313836699973,0.1096668758354174,-0.08731240806935434,True,ok,julia_xfoil,,poststall,seed_reference_pending_full_polar_dae11_rescue
dae11,"root,mid1",175000.0,clean,17.75,1.53314858958299,0.11386440335034267,-0.08785091179555123,True,ok,julia_xfoil,,poststall,seed_reference_pending_full_polar_dae11_rescue
dae11,"root,mid1",175000.0,clean,18.0,1.5285915463614468,0.11714580594164907,-0.0874862024054954,True,ok,julia_xfoil,,poststall,seed_reference_pending_full_polar_dae11_rescue
dae11,"root,mid1",200000.0,clean,-6.0,-0.011445377399681862,0.07120336865659331,-0.08924160100337426,True,ok,julia_xfoil,,prestall,seed_reference_pending_full_polar_dae11_rescue
dae11,"root,mid1",200000.0,clean,-5.75,0.0038334456169513914,0.06879555650353447,-0.09138309538655764,True,ok,julia_xfoil,,prestall,seed_reference_pending_full_polar_dae11_rescue
dae11,"root,mid1",200000.0,clean,-5.5,0.023092689443469788,0.06601631426543933,-0.09605100227818995,True,ok,julia_xfoil,,prestall,seed_reference_pending_full_polar_dae11_rescue
dae11,"root,mid1",200000.0,clean,-5.25,0.07196493368361091,0.06285598394460482,-0.11220934391594167,True,ok,julia_xfoil,,prestall,seed_reference_pending_full_polar_dae11_rescue
dae11,"root,mid1",200000.0,clean,-5.0,0.086962783240616,0.05510971398703879,-0.11938478664302883,True,ok,julia_xfoil,,prestall,seed_reference_pending_full_polar_dae11_rescue
dae11,"root,mid1",200000.0,clean,-4.75,0.10344455777838799,0.053221199692722196,-0.11920917666511811,True,ok,julia_xfoil,,prestall,seed_reference_pending_full_polar_dae11_rescue
dae11,"root,mid1",200000.0,clean,-4.5,0.12395808029084415,0.0513308326007919,-0.12038196950672389,True,ok,julia_xfoil,,prestall,seed_reference_pending_full_polar_dae11_rescue
dae11,"root,mid1",200000.0,clean,-4.25,0.1477122392793731,0.04905948730447169,-0.12248827328333457,True,ok,julia_xfoil,,prestall,seed_reference_pending_full_polar_dae11_rescue
dae11,"root,mid1",200000.0,clean,-4.0,0.17631190357710297,0.04640058377090726,-0.12561280408906383,True,ok,julia_xfoil,,prestall,seed_reference_pending_full_polar_dae11_rescue
dae11,"root,mid1",200000.0,clean,-3.75,0.21110350039715298,0.04280270978717524,-0.13063871304327512,True,ok,julia_xfoil,,prestall,seed_reference_pending_full_polar_dae11_rescue
dae11,"root,mid1",200000.0,clean,-3.5,0.23286908087453143,0.0401763766252168,-0.13121495723404109,True,ok,julia_xfoil,,prestall,seed_reference_pending_full_polar_dae11_rescue
dae11,"root,mid1",200000.0,clean,-3.25,0.25769715820556743,0.03855795774834363,-0.13171858495276262,True,ok,julia_xfoil,,prestall,seed_reference_pending_full_polar_dae11_rescue
dae11,"root,mid1",200000.0,clean,-3.0,0.2980345085825213,0.03232789539063373,-0.1339728318188264,True,ok,julia_xfoil,,prestall,seed_reference_pending_full_polar_dae11_rescue
dae11,"root,mid1",200000.0,clean,-2.75,0.33023872526734227,0.029230006281570468,-0.13412301683165495,True,ok,julia_xfoil,,prestall,seed_reference_pending_full_polar_dae11_rescue
dae11,"root,mid1",200000.0,clean,-2.5,0.35711353995150513,0.028243137789835403,-0.13496833826289162,True,ok,julia_xfoil,,prestall,seed_reference_pending_full_polar_dae11_rescue
dae11,"root,mid1",200000.0,clean,-2.25,0.3834148124740098,0.0272696654490243,-0.13591588858738168,True,ok,julia_xfoil,,prestall,seed_reference_pending_full_polar_dae11_rescue
dae11,"root,mid1",200000.0,clean,-2.0,0.40935909825973116,0.026935243388311464,-0.13641570945139234,True,ok,julia_xfoil,,prestall,seed_reference_pending_full_polar_dae11_rescue
dae11,"root,mid1",200000.0,clean,-1.75,0.4362694651106221,0.026706834543783073,-0.13654928752280324,True,ok,julia_xfoil,,prestall,seed_reference_pending_full_polar_dae11_rescue
dae11,"root,mid1",200000.0,clean,-1.5,0.4643036406857024,0.02608086212696991,-0.13645066428707775,True,ok,julia_xfoil,,prestall,seed_reference_pending_full_polar_dae11_rescue
dae11,"root,mid1",200000.0,clean,-1.25,0.4928169090369421,0.025514815861547344,-0.13619770068391585,True,ok,julia_xfoil,,prestall,seed_reference_pending_full_polar_dae11_rescue
dae11,"root,mid1",200000.0,clean,-1.0,0.521904450469655,0.024490631132471036,-0.13607057385680787,True,ok,julia_xfoil,,prestall,seed_reference_pending_full_polar_dae11_rescue
dae11,"root,mid1",200000.0,clean,-0.75,0.5505671745917801,0.024051643781111156,-0.1358470254872159,True,ok,julia_xfoil,,prestall,seed_reference_pending_full_polar_dae11_rescue
dae11,"root,mid1",200000.0,clean,-0.5,0.579780091239258,0.023078063933783872,-0.13606493737387496,True,ok,julia_xfoil,,prestall,seed_reference_pending_full_polar_dae11_rescue
dae11,"root,mid1",200000.0,clean,-0.25,0.6045849007186875,0.022379397843676097,-0.13577509652974734,True,ok,julia_xfoil,,prestall,seed_reference_pending_full_polar_dae11_rescue
dae11,"root,mid1",200000.0,clean,0.0,0.6119191090768725,0.0232213984560903,-0.13416571139396688,True,ok,julia_xfoil,,prestall,seed_reference_pending_full_polar_dae11_rescue
dae11,"root,mid1",200000.0,clean,0.25,0.6410846791721888,0.023594749742497496,-0.13503190283493743,True,ok,julia_xfoil,,prestall,seed_reference_pending_full_polar_dae11_rescue
dae11,"root,mid1",200000.0,clean,0.5,0.6688665013283092,0.023707869094825588,-0.13498792599061638,True,ok,julia_xfoil,,prestall,seed_reference_pending_full_polar_dae11_rescue
dae11,"root,mid1",200000.0,clean,0.75,0.6973473722675898,0.02373844187154506,-0.1348956422721343,True,ok,julia_xfoil,,prestall,seed_reference_pending_full_polar_dae11_rescue
dae11,"root,mid1",200000.0,clean,1.0,0.726247902115344,0.023715859921999188,-0.13477616449441815,True,ok,julia_xfoil,,prestall,seed_reference_pending_full_polar_dae11_rescue
dae11,"root,mid1",200000.0,clean,1.25,0.7552752965754747,0.02362880620404963,-0.13458766728413715,True,ok,julia_xfoil,,prestall,seed_reference_pending_full_polar_dae11_rescue
dae11,"root,mid1",200000.0,clean,1.5,0.7846770939469618,0.02347967265402573,-0.13434867441139145,True,ok,julia_xfoil,,prestall,seed_reference_pending_full_polar_dae11_rescue
dae11,"root,mid1",200000.0,clean,1.75,0.8140404903069216,0.023357302320001706,-0.13407150862472172,True,ok,julia_xfoil,,prestall,seed_reference_pending_full_polar_dae11_rescue
dae11,"root,mid1",200000.0,clean,2.0,0.8424491868127303,0.023516357607372106,-0.1337570379770986,True,ok,julia_xfoil,,prestall,seed_reference_pending_full_polar_dae11_rescue
dae11,"root,mid1",200000.0,clean,2.25,0.848836206336093,0.02624424346558105,-0.13459546439798525,True,ok,julia_xfoil,,prestall,seed_reference_pending_full_polar_dae11_rescue
dae11,"root,mid1",200000.0,clean,2.5,0.8779359746167342,0.026057617737002305,-0.134411372296355,True,ok,julia_xfoil,,prestall,seed_reference_pending_full_polar_dae11_rescue
dae11,"root,mid1",200000.0,clean,2.75,0.9081735569967535,0.025739258047600168,-0.13423581430736012,True,ok,julia_xfoil,,prestall,seed_reference_pending_full_polar_dae11_rescue
dae11,"root,mid1",200000.0,clean,3.0,0.9377346219491751,0.025501664931627168,-0.13406376762260044,True,ok,julia_xfoil,,prestall,seed_reference_pending_full_polar_dae11_rescue
dae11,"root,mid1",200000.0,clean,3.25,0.9680760285312272,0.02517640926665406,-0.13390600107219586,True,ok,julia_xfoil,,prestall,seed_reference_pending_full_polar_dae11_rescue
dae11,"root,mid1",200000.0,clean,3.5,0.9990181607167312,0.024770408582752288,-0.13374785558460564,True,ok,julia_xfoil,,prestall,seed_reference_pending_full_polar_dae11_rescue
dae11,"root,mid1",200000.0,clean,3.75,1.030167239610531,0.024403324097931143,-0.1336262277682798,True,ok,julia_xfoil,,prestall,seed_reference_pending_full_polar_dae11_rescue
dae11,"root,mid1",200000.0,clean,4.0,1.0645601520522097,0.023828453966252265,-0.13356300313107541,False,ok,julia_xfoil,not_converged,unknown,seed_reference_pending_full_polar_dae11_rescue
dae11,"root,mid1",200000.0,clean,4.25,1.06158414400346,0.026965939950874658,-0.13309800404229105,True,ok,julia_xfoil,,prestall,seed_reference_pending_full_polar_dae11_rescue
dae11,"root,mid1",200000.0,clean,4.5,1.0922668771924222,0.026479992894434885,-0.13295596578403582,True,ok,julia_xfoil,,prestall,seed_reference_pending_full_polar_dae11_rescue
dae11,"root,mid1",200000.0,clean,4.75,1.1239716351698783,0.025906252753403424,-0.13288001194959362,True,ok,julia_xfoil,,prestall,seed_reference_pending_full_polar_dae11_rescue
dae11,"root,mid1",200000.0,clean,5.0,1.1564924085341053,0.025242804988806395,-0.13285377814610594,True,ok,julia_xfoil,,prestall,seed_reference_pending_full_polar_dae11_rescue
dae11,"root,mid1",200000.0,clean,5.25,1.1897613008032921,0.024538540868297706,-0.13290806776314046,True,ok,julia_xfoil,,prestall,seed_reference_pending_full_polar_dae11_rescue
dae11,"root,mid1",200000.0,clean,5.5,1.222919502942299,0.02388645142040523,-0.13299508169646737,True,ok,julia_xfoil,,prestall,seed_reference_pending_full_polar_dae11_rescue
dae11,"root,mid1",200000.0,clean,5.75,1.2688922979589126,0.022250551913404488,-0.13380802930730723,False,ok,julia_xfoil,not_converged,unknown,seed_reference_pending_full_polar_dae11_rescue
dae11,"root,mid1",200000.0,clean,6.0,1.2554935516514376,0.02567166691707912,-0.1316846477606948,True,ok,julia_xfoil,,prestall,seed_reference_pending_full_polar_dae11_rescue
dae11,"root,mid1",200000.0,clean,6.25,1.2884813405215991,0.024900668103082453,-0.13175082069920563,True,ok,julia_xfoil,,prestall,seed_reference_pending_full_polar_dae11_rescue
dae11,"root,mid1",200000.0,clean,6.5,1.3227646721922224,0.024002930911361808,-0.1319107756380986,True,ok,julia_xfoil,,prestall,seed_reference_pending_full_polar_dae11_rescue
dae11,"root,mid1",200000.0,clean,6.75,1.357912517707666,0.023070017906168104,-0.13217783042027992,True,ok,julia_xfoil,,prestall,seed_reference_pending_full_polar_dae11_rescue
dae11,"root,mid1",200000.0,clean,7.0,1.3940198394394478,0.022149588013211322,-0.1325825389152502,True,ok,julia_xfoil,,prestall,seed_reference_pending_full_polar_dae11_rescue
dae11,"root,mid1",200000.0,clean,7.25,1.401745274598791,0.023514443020819262,-0.1310949883203839,True,ok,julia_xfoil,,prestall,seed_reference_pending_full_polar_dae11_rescue
dae11,"root,mid1",200000.0,clean,7.5,1.4301837346304325,0.02305992781610396,-0.130919179641153,True,ok,julia_xfoil,,prestall,seed_reference_pending_full_polar_dae11_rescue
dae11,"root,mid1",200000.0,clean,7.75,1.4652046182341627,0.022099513291622915,-0.13122233178228035,True,ok,julia_xfoil,,prestall,seed_reference_pending_full_polar_dae11_rescue
dae11,"root,mid1",200000.0,clean,8.0,1.5014267056543262,0.021125865940488486,-0.13166599692775757,True,ok,julia_xfoil,,prestall,seed_reference_pending_full_polar_dae11_rescue
dae11,"root,mid1",200000.0,clean,8.25,1.5164027198644932,0.021753369137762497,-0.13047858858273945,True,ok,julia_xfoil,,prestall,seed_reference_pending_full_polar_dae11_rescue
dae11,"root,mid1",200000.0,clean,8.5,1.5418384330662327,0.021505776490069017,-0.13005145251714928,True,ok,julia_xfoil,,prestall,seed_reference_pending_full_polar_dae11_rescue
dae11,"root,mid1",200000.0,clean,8.75,1.5761911482869535,0.02066918323557101,-0.13032993407584026,True,ok,julia_xfoil,,prestall,seed_reference_pending_full_polar_dae11_rescue
dae11,"root,mid1",200000.0,clean,9.0,1.5916503480366586,0.021175854737133508,-0.12906301481799562,True,ok,julia_xfoil,,prestall,seed_reference_pending_full_polar_dae11_rescue
dae11,"root,mid1",200000.0,clean,9.25,1.615232863532691,0.0210460180441313,-0.12839573145701122,True,ok,julia_xfoil,,prestall,seed_reference_pending_full_polar_dae11_rescue
dae11,"root,mid1",200000.0,clean,9.5,1.6368441097242112,0.021132682710171744,-0.12756489074967883,True,ok,julia_xfoil,,prestall,seed_reference_pending_full_polar_dae11_rescue
dae11,"root,mid1",200000.0,clean,9.75,1.6521173000367397,0.02153636265726102,-0.12613110171597045,True,ok,julia_xfoil,,prestall,seed_reference_pending_full_polar_dae11_rescue
dae11,"root,mid1",200000.0,clean,10.0,1.6645865858993583,0.02208230046492849,-0.12435725094256968,True,ok,julia_xfoil,,prestall,seed_reference_pending_full_polar_dae11_rescue
dae11,"root,mid1",200000.0,clean,10.25,1.6781400826199373,0.022602716522745845,-0.12274634985474146,True,ok,julia_xfoil,,prestall,seed_reference_pending_full_polar_dae11_rescue
dae11,"root,mid1",200000.0,clean,10.5,1.6797035993937486,0.024051381785685274,-0.12054629111116712,True,ok,julia_xfoil,,prestall,seed_reference_pending_full_polar_dae11_rescue
dae11,"root,mid1",200000.0,clean,10.75,1.6878851227812268,0.025098811709591547,-0.11874018326468881,True,ok,julia_xfoil,,prestall,seed_reference_pending_full_polar_dae11_rescue
dae11,"root,mid1",200000.0,clean,11.0,1.690418722540303,0.026624426938909294,-0.11670091737989965,True,ok,julia_xfoil,,prestall,seed_reference_pending_full_polar_dae11_rescue
dae11,"root,mid1",200000.0,clean,11.25,1.6900623078853816,0.02849725615699449,-0.1146760105016509,True,ok,julia_xfoil,,prestall,seed_reference_pending_full_polar_dae11_rescue
dae11,"root,mid1",200000.0,clean,11.5,1.6915701642788765,0.030202591517773544,-0.11264253416703873,True,ok,julia_xfoil,,prestall,seed_reference_pending_full_polar_dae11_rescue
dae11,"root,mid1",200000.0,clean,11.75,1.6897410921121505,0.032211665402952123,-0.11049249436586218,True,ok,julia_xfoil,,poststall,seed_reference_pending_full_polar_dae11_rescue
dae11,"root,mid1",200000.0,clean,12.0,1.6865612052865981,0.03446473023737065,-0.10850192449687847,True,ok,julia_xfoil,,poststall,seed_reference_pending_full_polar_dae11_rescue
dae11,"root,mid1",200000.0,clean,12.25,1.68358371263042,0.03665021291214747,-0.10641531758896923,True,ok,julia_xfoil,,poststall,seed_reference_pending_full_polar_dae11_rescue
dae11,"root,mid1",200000.0,clean,12.5,1.6783235924165025,0.03906695957070773,-0.10428581853634569,True,ok,julia_xfoil,,poststall,seed_reference_pending_full_polar_dae11_rescue
dae11,"root,mid1",200000.0,clean,12.75,1.6740619421175273,0.041551975971235555,-0.10245909395978897,True,ok,julia_xfoil,,poststall,seed_reference_pending_full_polar_dae11_rescue
dae11,"root,mid1",200000.0,clean,13.0,1.66871263394189,0.04416470396563098,-0.10059830961193834,True,ok,julia_xfoil,,poststall,seed_reference_pending_full_polar_dae11_rescue
dae11,"root,mid1",200000.0,clean,13.25,1.662358217623746,0.04700747875831606,-0.09887424243048572,True,ok,julia_xfoil,,poststall,seed_reference_pending_full_polar_dae11_rescue
dae11,"root,mid1",200000.0,clean,13.5,1.6589845040208724,0.04974188406859812,-0.0974916004379068,True,ok,julia_xfoil,,poststall,seed_reference_pending_full_polar_dae11_rescue
dae11,"root,mid1",200000.0,clean,13.75,1.652426185919101,0.052834150085166134,-0.09604983210865571,True,ok,julia_xfoil,,poststall,seed_reference_pending_full_polar_dae11_rescue
dae11,"root,mid1",200000.0,clean,14.0,1.646677763070039,0.0559417394106914,-0.09478328024867361,True,ok,julia_xfoil,,poststall,seed_reference_pending_full_polar_dae11_rescue
dae11,"root,mid1",200000.0,clean,14.25,1.6414554547917295,0.05909964089175562,-0.09366818777270687,True,ok,julia_xfoil,,poststall,seed_reference_pending_full_polar_dae11_rescue
dae11,"root,mid1",200000.0,clean,14.5,1.6329928112670076,0.06261855069797677,-0.09250344222048199,True,ok,julia_xfoil,,poststall,seed_reference_pending_full_polar_dae11_rescue
dae11,"root,mid1",200000.0,clean,14.75,1.6280328629068073,0.06594983939599743,-0.09166601029833639,True,ok,julia_xfoil,,poststall,seed_reference_pending_full_polar_dae11_rescue
dae11,"root,mid1",200000.0,clean,15.0,1.6211103452611446,0.06952338121898256,-0.09083376773832742,True,ok,julia_xfoil,,poststall,seed_reference_pending_full_polar_dae11_rescue
dae11,"root,mid1",200000.0,clean,15.25,1.6122639128603697,0.07341674266970419,-0.09013098343308185,True,ok,julia_xfoil,,poststall,seed_reference_pending_full_polar_dae11_rescue
dae11,"root,mid1",200000.0,clean,15.5,1.6063826061796416,0.07700711869076395,-0.08954004750429885,True,ok,julia_xfoil,,poststall,seed_reference_pending_full_polar_dae11_rescue
dae11,"root,mid1",200000.0,clean,15.75,1.5950171726218103,0.08129479337420212,-0.08900118017535778,True,ok,julia_xfoil,,poststall,seed_reference_pending_full_polar_dae11_rescue
dae11,"root,mid1",200000.0,clean,16.0,1.5900866800090874,0.08491653280087963,-0.0886396683738002,True,ok,julia_xfoil,,poststall,seed_reference_pending_full_polar_dae11_rescue
dae11,"root,mid1",200000.0,clean,16.25,1.5784779957535557,0.08941792239023719,-0.0883736233160197,True,ok,julia_xfoil,,poststall,seed_reference_pending_full_polar_dae11_rescue
dae11,"root,mid1",200000.0,clean,16.5,1.573706188086299,0.09314414137305027,-0.08822180279461658,True,ok,julia_xfoil,,poststall,seed_reference_pending_full_polar_dae11_rescue
dae11,"root,mid1",200000.0,clean,16.75,1.5645243701439162,0.0974703993632808,-0.0882423290918699,True,ok,julia_xfoil,,poststall,seed_reference_pending_full_polar_dae11_rescue
dae11,"root,mid1",200000.0,clean,17.0,1.5559707417015676,0.10170808535204622,-0.08822919081379346,True,ok,julia_xfoil,,poststall,seed_reference_pending_full_polar_dae11_rescue
dae11,"root,mid1",200000.0,clean,17.25,1.552337059354071,0.10537814352485303,-0.0884114512260152,True,ok,julia_xfoil,,poststall,seed_reference_pending_full_polar_dae11_rescue
dae11,"root,mid1",200000.0,clean,17.5,1.5439140540847764,0.10971408469845116,-0.0887667034901729,True,ok,julia_xfoil,,poststall,seed_reference_pending_full_polar_dae11_rescue
dae11,"root,mid1",200000.0,clean,17.75,1.5364696865835772,0.11368657070415152,-0.08875762338322295,True,ok,julia_xfoil,,poststall,seed_reference_pending_full_polar_dae11_rescue
dae11,"root,mid1",200000.0,clean,18.0,1.5351085205753896,0.11717960369755269,-0.08920132489602992,True,ok,julia_xfoil,,poststall,seed_reference_pending_full_polar_dae11_rescue
dae11,"root,mid1",250000.0,clean,-6.0,-0.019843409824974956,0.07006350552104877,-0.08340848229634935,True,ok,julia_xfoil,,prestall,seed_reference_pending_full_polar_dae11_rescue
dae11,"root,mid1",250000.0,clean,-5.75,0.020725202614187147,0.0653965213949328,-0.09968515194088383,True,ok,julia_xfoil,,prestall,seed_reference_pending_full_polar_dae11_rescue
dae11,"root,mid1",250000.0,clean,-5.5,0.04848287754042184,0.06088528676209846,-0.10742606744744967,True,ok,julia_xfoil,,prestall,seed_reference_pending_full_polar_dae11_rescue
dae11,"root,mid1",250000.0,clean,-5.25,0.05619957777043359,0.05360489555555324,-0.11101542924039856,True,ok,julia_xfoil,,prestall,seed_reference_pending_full_polar_dae11_rescue
dae11,"root,mid1",250000.0,clean,-5.0,0.07358954858145977,0.05210914605163539,-0.11076327243487845,True,ok,julia_xfoil,,prestall,seed_reference_pending_full_polar_dae11_rescue
dae11,"root,mid1",250000.0,clean,-4.75,0.0946511674652938,0.05051916303398813,-0.11177125258344014,True,ok,julia_xfoil,,prestall,seed_reference_pending_full_polar_dae11_rescue
dae11,"root,mid1",250000.0,clean,-4.5,0.12438333912445736,0.047450614106217565,-0.1162887887058796,True,ok,julia_xfoil,,prestall,seed_reference_pending_full_polar_dae11_rescue
dae11,"root,mid1",250000.0,clean,-4.25,0.16387354519547162,0.04705056449737431,-0.12049365143188437,True,ok,julia_xfoil,,prestall,seed_reference_pending_full_polar_dae11_rescue
dae11,"root,mid1",250000.0,clean,-4.0,0.18511457460647873,0.03935261653697757,-0.12585054916213273,True,ok,julia_xfoil,,prestall,seed_reference_pending_full_polar_dae11_rescue
dae11,"root,mid1",250000.0,clean,-3.75,0.20974480426836192,0.03745700463025918,-0.12696800540158962,True,ok,julia_xfoil,,prestall,seed_reference_pending_full_polar_dae11_rescue
dae11,"root,mid1",250000.0,clean,-3.5,0.23616579276685504,0.03584510664494732,-0.12826106355120956,True,ok,julia_xfoil,,prestall,seed_reference_pending_full_polar_dae11_rescue
dae11,"root,mid1",250000.0,clean,-3.25,0.26461720910309955,0.0342285622087336,-0.12966629896498122,True,ok,julia_xfoil,,prestall,seed_reference_pending_full_polar_dae11_rescue
dae11,"root,mid1",250000.0,clean,-3.0,0.3046326846351969,0.027177033902865397,-0.13163295573520342,True,ok,julia_xfoil,,prestall,seed_reference_pending_full_polar_dae11_rescue
dae11,"root,mid1",250000.0,clean,-2.75,0.3342035993959917,0.024904072060293717,-0.13221437209666023,True,ok,julia_xfoil,,prestall,seed_reference_pending_full_polar_dae11_rescue
dae11,"root,mid1",250000.0,clean,-2.5,0.3634120095887576,0.023544486301484438,-0.1324013585745083,True,ok,julia_xfoil,,prestall,seed_reference_pending_full_polar_dae11_rescue
dae11,"root,mid1",250000.0,clean,-2.25,0.3922300286321446,0.02258193904596022,-0.13241382520734904,True,ok,julia_xfoil,,prestall,seed_reference_pending_full_polar_dae11_rescue
dae11,"root,mid1",250000.0,clean,-2.0,0.42089777108370435,0.021868082269584477,-0.13231158871345827,True,ok,julia_xfoil,,prestall,seed_reference_pending_full_polar_dae11_rescue
dae11,"root,mid1",250000.0,clean,-1.75,0.4492452992345324,0.021025727878265045,-0.1322640433539905,True,ok,julia_xfoil,,prestall,seed_reference_pending_full_polar_dae11_rescue
dae11,"root,mid1",250000.0,clean,-1.5,0.47725056308408265,0.020334935799957633,-0.13221310042072912,True,ok,julia_xfoil,,prestall,seed_reference_pending_full_polar_dae11_rescue
dae11,"root,mid1",250000.0,clean,-1.25,0.5048837416541421,0.020113889910028968,-0.1321179141268484,True,ok,julia_xfoil,,prestall,seed_reference_pending_full_polar_dae11_rescue
dae11,"root,mid1",250000.0,clean,-1.0,0.5321645994644821,0.020178832625722315,-0.13233417680405496,True,ok,julia_xfoil,,prestall,seed_reference_pending_full_polar_dae11_rescue
dae11,"root,mid1",250000.0,clean,-0.75,0.5601213215846411,0.019892218069491076,-0.1330259014933649,True,ok,julia_xfoil,,prestall,seed_reference_pending_full_polar_dae11_rescue
dae11,"root,mid1",250000.0,clean,-0.5,0.5882938884401224,0.01933368591664714,-0.13380413556585338,True,ok,julia_xfoil,,prestall,seed_reference_pending_full_polar_dae11_rescue
dae11,"root,mid1",250000.0,clean,-0.25,0.614894712009908,0.018747628190539066,-0.1343335784457293,True,ok,julia_xfoil,,prestall,seed_reference_pending_full_polar_dae11_rescue
dae11,"root,mid1",250000.0,clean,0.0,0.6370422630236282,0.01816199569107436,-0.13320503452536586,True,ok,julia_xfoil,,prestall,seed_reference_pending_full_polar_dae11_rescue
dae11,"root,mid1",250000.0,clean,0.25,0.6637710595517219,0.017712341199552763,-0.13228255319121493,True,ok,julia_xfoil,,prestall,seed_reference_pending_full_polar_dae11_rescue
dae11,"root,mid1",250000.0,clean,0.5,0.6926216113370366,0.01770321207307424,-0.13232575830899942,True,ok,julia_xfoil,,prestall,seed_reference_pending_full_polar_dae11_rescue
dae11,"root,mid1",250000.0,clean,0.75,0.7216531967081906,0.017646089242599736,-0.1323193705972486,True,ok,julia_xfoil,,prestall,seed_reference_pending_full_polar_dae11_rescue
dae11,"root,mid1",250000.0,clean,1.0,0.7505733972964391,0.01762392384081766,-0.132303532051723,True,ok,julia_xfoil,,prestall,seed_reference_pending_full_polar_dae11_rescue
dae11,"root,mid1",250000.0,clean,1.25,0.7790132394859189,0.01773182652192971,-0.13229031949246395,True,ok,julia_xfoil,,prestall,seed_reference_pending_full_polar_dae11_rescue
dae11,"root,mid1",250000.0,clean,1.5,0.8060979338142924,0.018132817871432106,-0.13229691632140325,True,ok,julia_xfoil,,prestall,seed_reference_pending_full_polar_dae11_rescue
dae11,"root,mid1",250000.0,clean,1.75,0.8309228661524071,0.01868150717928038,-0.13280181945375422,True,ok,julia_xfoil,,prestall,seed_reference_pending_full_polar_dae11_rescue
dae11,"root,mid1",250000.0,clean,2.0,0.8574474926251897,0.018994047819084335,-0.13302116078725834,True,ok,julia_xfoil,,prestall,seed_reference_pending_full_polar_dae11_rescue
dae11,"root,mid1",250000.0,clean,2.25,0.8851473902634921,0.01911151181930875,-0.13313041597321154,True,ok,julia_xfoil,,prestall,seed_reference_pending_full_polar_dae11_rescue
dae11,"root,mid1",250000.0,clean,2.5,0.9136072567319937,0.019067944502390192,-0.13316954317183144,True,ok,julia_xfoil,,prestall,seed_reference_pending_full_polar_dae11_rescue
dae11,"root,mid1",250000.0,clean,2.75,0.9427946042142719,0.01891084903209449,-0.13318405177333983,True,ok,julia_xfoil,,prestall,seed_reference_pending_full_polar_dae11_rescue
dae11,"root,mid1",250000.0,clean,3.0,0.9721771374629574,0.018744031809091354,-0.13320671810409795,True,ok,julia_xfoil,,prestall,seed_reference_pending_full_polar_dae11_rescue
dae11,"root,mid1",250000.0,clean,3.25,1.0015978954109945,0.01858620460891877,-0.13322716645068394,True,ok,julia_xfoil,,prestall,seed_reference_pending_full_polar_dae11_rescue
dae11,"root,mid1",250000.0,clean,3.5,1.031269128182389,0.018452879815848082,-0.13324957188735176,True,ok,julia_xfoil,,prestall,seed_reference_pending_full_polar_dae11_rescue
dae11,"root,mid1",250000.0,clean,3.75,1.0570587928271902,0.018810351520037974,-0.13329380054602213,True,ok,julia_xfoil,,prestall,seed_reference_pending_full_polar_dae11_rescue
dae11,"root,mid1",250000.0,clean,4.0,1.080460209110976,0.01932461438526346,-0.13336764981398525,True,ok,julia_xfoil,,prestall,seed_reference_pending_full_polar_dae11_rescue
dae11,"root,mid1",250000.0,clean,4.25,1.1074396575299223,0.019376418650441832,-0.1333966596961596,True,ok,julia_xfoil,,prestall,seed_reference_pending_full_polar_dae11_rescue
dae11,"root,mid1",250000.0,clean,4.5,1.1363363639886408,0.01918412009293631,-0.13344282200736152,True,ok,julia_xfoil,,prestall,seed_reference_pending_full_polar_dae11_rescue
dae11,"root,mid1",250000.0,clean,4.75,1.1659953736207702,0.01889611423380781,-0.133505935416001,True,ok,julia_xfoil,,prestall,seed_reference_pending_full_polar_dae11_rescue
dae11,"root,mid1",250000.0,clean,5.0,1.196447176051615,0.018530045248634063,-0.1336051838872932,True,ok,julia_xfoil,,prestall,seed_reference_pending_full_polar_dae11_rescue
dae11,"root,mid1",250000.0,clean,5.25,1.2274709878939938,0.018168618512896,-0.1337632596477302,True,ok,julia_xfoil,,prestall,seed_reference_pending_full_polar_dae11_rescue
dae11,"root,mid1",250000.0,clean,5.5,1.2558594458381132,0.01816398745646201,-0.1338323149424881,True,ok,julia_xfoil,,prestall,seed_reference_pending_full_polar_dae11_rescue
dae11,"root,mid1",250000.0,clean,5.75,1.2770123092548762,0.01865027557206717,-0.1335500567349831,True,ok,julia_xfoil,,prestall,seed_reference_pending_full_polar_dae11_rescue
dae11,"root,mid1",250000.0,clean,6.0,1.3039411247824788,0.018569386074200347,-0.13350073414189267,True,ok,julia_xfoil,,prestall,seed_reference_pending_full_polar_dae11_rescue
dae11,"root,mid1",250000.0,clean,6.25,1.3337455390828477,0.018194088387643886,-0.13359126699791185,True,ok,julia_xfoil,,prestall,seed_reference_pending_full_polar_dae11_rescue
dae11,"root,mid1",250000.0,clean,6.5,1.3647762582803311,0.01773847049244886,-0.13377367924968855,True,ok,julia_xfoil,,prestall,seed_reference_pending_full_polar_dae11_rescue
dae11,"root,mid1",250000.0,clean,6.75,1.395993020987453,0.017345550770977176,-0.13398074193217546,True,ok,julia_xfoil,,prestall,seed_reference_pending_full_polar_dae11_rescue
dae11,"root,mid1",250000.0,clean,7.0,1.4174443592184167,0.017720638278636788,-0.13355949723366337,True,ok,julia_xfoil,,prestall,seed_reference_pending_full_polar_dae11_rescue
dae11,"root,mid1",250000.0,clean,7.25,1.4433787899894936,0.017650494847435305,-0.13339577437320085,True,ok,julia_xfoil,,prestall,seed_reference_pending_full_polar_dae11_rescue
dae11,"root,mid1",250000.0,clean,7.5,1.4725586261942918,0.017302994055461297,-0.13343803773734236,True,ok,julia_xfoil,,prestall,seed_reference_pending_full_polar_dae11_rescue
dae11,"root,mid1",250000.0,clean,7.75,1.5035774225076342,0.016898284567847897,-0.13362073902506197,True,ok,julia_xfoil,,prestall,seed_reference_pending_full_polar_dae11_rescue
dae11,"root,mid1",250000.0,clean,8.0,1.5237467518792442,0.017274528746216437,-0.13299250291159773,True,ok,julia_xfoil,,prestall,seed_reference_pending_full_polar_dae11_rescue
dae11,"root,mid1",250000.0,clean,8.25,1.5489368817253386,0.017206962319205602,-0.13268239984218622,True,ok,julia_xfoil,,prestall,seed_reference_pending_full_polar_dae11_rescue
dae11,"root,mid1",250000.0,clean,8.5,1.5787753050064177,0.01690483687397811,-0.13272970425528408,True,ok,julia_xfoil,,prestall,seed_reference_pending_full_polar_dae11_rescue
dae11,"root,mid1",250000.0,clean,8.75,1.5961961539666705,0.017395224332412806,-0.13177732418007612,True,ok,julia_xfoil,,prestall,seed_reference_pending_full_polar_dae11_rescue
dae11,"root,mid1",250000.0,clean,9.0,1.6215166312175164,0.017345884013090018,-0.13137126652525433,True,ok,julia_xfoil,,prestall,seed_reference_pending_full_polar_dae11_rescue
dae11,"root,mid1",250000.0,clean,9.25,1.6393515058070058,0.01781751543571717,-0.1303773801390615,True,ok,julia_xfoil,,prestall,seed_reference_pending_full_polar_dae11_rescue
dae11,"root,mid1",250000.0,clean,9.5,1.660516120089272,0.01802961108855469,-0.12951447235629013,True,ok,julia_xfoil,,prestall,seed_reference_pending_full_polar_dae11_rescue
dae11,"root,mid1",250000.0,clean,9.75,1.6732659271885357,0.018746921544553825,-0.12798606560209605,True,ok,julia_xfoil,,prestall,seed_reference_pending_full_polar_dae11_rescue
dae11,"root,mid1",250000.0,clean,10.0,1.6851651929443336,0.019416735601233106,-0.12615219095687402,True,ok,julia_xfoil,,prestall,seed_reference_pending_full_polar_dae11_rescue
dae11,"root,mid1",250000.0,clean,10.25,1.6906371314459696,0.02053434184788377,-0.12399664418710353,True,ok,julia_xfoil,,prestall,seed_reference_pending_full_polar_dae11_rescue
dae11,"root,mid1",250000.0,clean,10.5,1.6943755822691504,0.021963405690080148,-0.12204703966454217,True,ok,julia_xfoil,,prestall,seed_reference_pending_full_polar_dae11_rescue
dae11,"root,mid1",250000.0,clean,10.75,1.6972127514465027,0.023518823049425878,-0.12003473576554068,True,ok,julia_xfoil,,prestall,seed_reference_pending_full_polar_dae11_rescue
dae11,"root,mid1",250000.0,clean,11.0,1.6975632321019083,0.025339454740283218,-0.11798359867933891,True,ok,julia_xfoil,,prestall,seed_reference_pending_full_polar_dae11_rescue
dae11,"root,mid1",250000.0,clean,11.25,1.6972959825329557,0.02731077260441837,-0.11605114729006204,True,ok,julia_xfoil,,poststall,seed_reference_pending_full_polar_dae11_rescue
dae11,"root,mid1",250000.0,clean,11.5,1.6951947340112314,0.029405348125810582,-0.11392820843964775,True,ok,julia_xfoil,,poststall,seed_reference_pending_full_polar_dae11_rescue
dae11,"root,mid1",250000.0,clean,11.75,1.6913302234807737,0.03166047828601692,-0.11172393950026664,True,ok,julia_xfoil,,poststall,seed_reference_pending_full_polar_dae11_rescue
dae11,"root,mid1",250000.0,clean,12.0,1.6888294800545027,0.03393004319562207,-0.10981579892007606,True,ok,julia_xfoil,,poststall,seed_reference_pending_full_polar_dae11_rescue
dae11,"root,mid1",250000.0,clean,12.25,1.6841334064251214,0.036333028382299425,-0.10771204545540163,True,ok,julia_xfoil,,poststall,seed_reference_pending_full_polar_dae11_rescue
dae11,"root,mid1",250000.0,clean,12.5,1.6773682283716818,0.03896041531600868,-0.10557746281220756,True,ok,julia_xfoil,,poststall,seed_reference_pending_full_polar_dae11_rescue
dae11,"root,mid1",250000.0,clean,12.75,1.6746698690960469,0.04139512263349593,-0.1038819255816569,True,ok,julia_xfoil,,poststall,seed_reference_pending_full_polar_dae11_rescue
dae11,"root,mid1",250000.0,clean,13.0,1.6694004634898874,0.04414954240828007,-0.10216054224946117,True,ok,julia_xfoil,,poststall,seed_reference_pending_full_polar_dae11_rescue
dae11,"root,mid1",250000.0,clean,13.25,1.663829118919682,0.04700577028051061,-0.10053120427879957,True,ok,julia_xfoil,,poststall,seed_reference_pending_full_polar_dae11_rescue
dae11,"root,mid1",250000.0,clean,13.5,1.660556019351999,0.04979894030814287,-0.09919560943360632,True,ok,julia_xfoil,,poststall,seed_reference_pending_full_polar_dae11_rescue
dae11,"root,mid1",250000.0,clean,13.75,1.6548773458839667,0.05285754860875563,-0.09780744418889446,True,ok,julia_xfoil,,poststall,seed_reference_pending_full_polar_dae11_rescue
dae11,"root,mid1",250000.0,clean,14.0,1.6499670401148598,0.05597140655652016,-0.09663058837066987,True,ok,julia_xfoil,,poststall,seed_reference_pending_full_polar_dae11_rescue
dae11,"root,mid1",250000.0,clean,14.25,1.6460385431130264,0.05898419079501743,-0.09551353505639613,True,ok,julia_xfoil,,poststall,seed_reference_pending_full_polar_dae11_rescue
dae11,"root,mid1",250000.0,clean,14.5,1.6373809499453473,0.0625917226704034,-0.09438682428121085,True,ok,julia_xfoil,,poststall,seed_reference_pending_full_polar_dae11_rescue
dae11,"root,mid1",250000.0,clean,14.75,1.6345647294774095,0.06565400291140991,-0.09353731831194176,True,ok,julia_xfoil,,poststall,seed_reference_pending_full_polar_dae11_rescue
dae11,"root,mid1",250000.0,clean,15.0,1.6273020019125457,0.06927726143177063,-0.09267649281972691,True,ok,julia_xfoil,,poststall,seed_reference_pending_full_polar_dae11_rescue
dae11,"root,mid1",250000.0,clean,15.25,1.621614632508361,0.07281079460586959,-0.0919979586180639,True,ok,julia_xfoil,,poststall,seed_reference_pending_full_polar_dae11_rescue
dae11,"root,mid1",250000.0,clean,15.5,1.6151472393530726,0.07647763965474476,-0.09136955475280094,True,ok,julia_xfoil,,poststall,seed_reference_pending_full_polar_dae11_rescue
dae11,"root,mid1",250000.0,clean,15.75,1.6074485958498286,0.08032717293193736,-0.09084727343571253,True,ok,julia_xfoil,,poststall,seed_reference_pending_full_polar_dae11_rescue
dae11,"root,mid1",250000.0,clean,16.0,1.6003738329956223,0.08416569742364867,-0.09040399221133799,True,ok,julia_xfoil,,poststall,seed_reference_pending_full_polar_dae11_rescue
dae11,"root,mid1",250000.0,clean,16.25,1.593719779364092,0.08803334413053492,-0.09011555554864951,True,ok,julia_xfoil,,poststall,seed_reference_pending_full_polar_dae11_rescue
dae11,"root,mid1",250000.0,clean,16.5,1.5825310621827207,0.09256447215727101,-0.08993069017330849,True,ok,julia_xfoil,,poststall,seed_reference_pending_full_polar_dae11_rescue
dae11,"root,mid1",250000.0,clean,16.75,1.5807693141657368,0.09589377833944353,-0.08982099449975088,True,ok,julia_xfoil,,poststall,seed_reference_pending_full_polar_dae11_rescue
dae11,"root,mid1",250000.0,clean,17.0,1.5706110238742297,0.10044170806620979,-0.08996849346516606,True,ok,julia_xfoil,,poststall,seed_reference_pending_full_polar_dae11_rescue
dae11,"root,mid1",250000.0,clean,17.25,1.5616083618888752,0.10476162636014726,-0.09001379423618758,True,ok,julia_xfoil,,poststall,seed_reference_pending_full_polar_dae11_rescue
dae11,"root,mid1",250000.0,clean,17.5,1.5597395304562922,0.1082149999090665,-0.09023102588253278,True,ok,julia_xfoil,,poststall,seed_reference_pending_full_polar_dae11_rescue
dae11,"root,mid1",250000.0,clean,17.75,1.5538824558805424,0.11224778218929057,-0.09064564007915957,True,ok,julia_xfoil,,poststall,seed_reference_pending_full_polar_dae11_rescue
dae11,"root,mid1",250000.0,clean,18.0,1.544256865679882,0.11684187735726095,-0.09120626433369702,True,ok,julia_xfoil,,poststall,seed_reference_pending_full_polar_dae11_rescue
dae11,"root,mid1",300000.0,clean,-6.0,-0.022656875528597943,0.06404734017546922,-0.08998724982495003,True,ok,julia_xfoil,,prestall,seed_reference_pending_full_polar_dae11_rescue
dae11,"root,mid1",300000.0,clean,-5.75,-0.006636015380551064,0.06208639469078975,-0.09082309184343798,True,ok,julia_xfoil,,prestall,seed_reference_pending_full_polar_dae11_rescue
dae11,"root,mid1",300000.0,clean,-5.5,0.013439609148307188,0.059611368231132784,-0.0938820932804756,True,ok,julia_xfoil,,prestall,seed_reference_pending_full_polar_dae11_rescue
dae11,"root,mid1",300000.0,clean,-5.25,0.03881149106570045,0.05598608852102626,-0.09949542586029543,True,ok,julia_xfoil,,prestall,seed_reference_pending_full_polar_dae11_rescue
dae11,"root,mid1",300000.0,clean,-5.0,0.08492352587138464,0.05134759667550048,-0.11089809356385157,True,ok,julia_xfoil,,prestall,seed_reference_pending_full_polar_dae11_rescue
dae11,"root,mid1",300000.0,clean,-4.75,0.10987203243063678,0.043318737472593745,-0.1189564943691858,True,ok,julia_xfoil,,prestall,seed_reference_pending_full_polar_dae11_rescue
dae11,"root,mid1",300000.0,clean,-4.5,0.12996596770655175,0.0414612513613343,-0.11955963719142863,True,ok,julia_xfoil,,prestall,seed_reference_pending_full_polar_dae11_rescue
dae11,"root,mid1",300000.0,clean,-4.25,0.1545028716572918,0.03980982806103595,-0.12088805443323501,True,ok,julia_xfoil,,prestall,seed_reference_pending_full_polar_dae11_rescue
dae11,"root,mid1",300000.0,clean,-4.0,0.18220628072352582,0.03755579708309621,-0.12295917764388338,True,ok,julia_xfoil,,prestall,seed_reference_pending_full_polar_dae11_rescue
dae11,"root,mid1",300000.0,clean,-3.75,0.2129054974483801,0.03530012141241487,-0.1250308687043007,True,ok,julia_xfoil,,prestall,seed_reference_pending_full_polar_dae11_rescue
dae11,"root,mid1",300000.0,clean,-3.5,0.24669942275534062,0.03624105998142566,-0.12519685868741137,True,ok,julia_xfoil,,prestall,seed_reference_pending_full_polar_dae11_rescue
dae11,"root,mid1",300000.0,clean,-3.25,0.27182019528727835,0.02963275098159851,-0.12876406930911338,True,ok,julia_xfoil,,prestall,seed_reference_pending_full_polar_dae11_rescue
dae11,"root,mid1",300000.0,clean,-3.0,0.30958337754326876,0.02242927356751184,-0.12938633838907082,True,ok,julia_xfoil,,prestall,seed_reference_pending_full_polar_dae11_rescue
dae11,"root,mid1",300000.0,clean,-2.75,0.33859464842739345,0.02114984300195649,-0.12956169684767632,True,ok,julia_xfoil,,prestall,seed_reference_pending_full_polar_dae11_rescue
dae11,"root,mid1",300000.0,clean,-2.5,0.36710933797310236,0.01974317439681712,-0.12976208231858885,True,ok,julia_xfoil,,prestall,seed_reference_pending_full_polar_dae11_rescue
dae11,"root,mid1",300000.0,clean,-2.25,0.3950742778378826,0.01917038312150292,-0.12986824263764254,True,ok,julia_xfoil,,prestall,seed_reference_pending_full_polar_dae11_rescue
dae11,"root,mid1",300000.0,clean,-2.0,0.4227419015151903,0.01893808180996156,-0.13002339943156485,True,ok,julia_xfoil,,prestall,seed_reference_pending_full_polar_dae11_rescue
dae11,"root,mid1",300000.0,clean,-1.75,0.451507651086596,0.01859536908771341,-0.13036636429375945,True,ok,julia_xfoil,,prestall,seed_reference_pending_full_polar_dae11_rescue
dae11,"root,mid1",300000.0,clean,-1.5,0.4801316128235716,0.018446674718431564,-0.1306362621815028,True,ok,julia_xfoil,,prestall,seed_reference_pending_full_polar_dae11_rescue
dae11,"root,mid1",300000.0,clean,-1.25,0.5086310002565947,0.017610324825169135,-0.13095805222525553,True,ok,julia_xfoil,,prestall,seed_reference_pending_full_polar_dae11_rescue
dae11,"root,mid1",300000.0,clean,-1.0,0.537284784516937,0.017348883943634038,-0.13125433550379514,True,ok,julia_xfoil,,prestall,seed_reference_pending_full_polar_dae11_rescue
dae11,"root,mid1",300000.0,clean,-0.75,0.5662656947590782,0.016975851027386264,-0.13151762814523668,True,ok,julia_xfoil,,prestall,seed_reference_pending_full_polar_dae11_rescue
dae11,"root,mid1",300000.0,clean,-0.5,0.5951953063087471,0.016324583861100785,-0.13200825149835746,True,ok,julia_xfoil,,prestall,seed_reference_pending_full_polar_dae11_rescue
dae11,"root,mid1",300000.0,clean,-0.25,0.623097906226834,0.015670464530920577,-0.1324613501893925,True,ok,julia_xfoil,,prestall,seed_reference_pending_full_polar_dae11_rescue
dae11,"root,mid1",300000.0,clean,0.0,0.6491845633332304,0.01513039958604059,-0.13221880077685783,True,ok,julia_xfoil,,prestall,seed_reference_pending_full_polar_dae11_rescue
dae11,"root,mid1",300000.0,clean,0.25,0.6732421275725592,0.014340939449302734,-0.13065951278036983,True,ok,julia_xfoil,,prestall,seed_reference_pending_full_polar_dae11_rescue
dae11,"root,mid1",300000.0,clean,0.5,0.7022310174239397,0.014400322066260534,-0.13077729722371384,True,ok,julia_xfoil,,prestall,seed_reference_pending_full_polar_dae11_rescue
dae11,"root,mid1",300000.0,clean,0.75,0.7305306330200011,0.014643572039481221,-0.1308407488265798,True,ok,julia_xfoil,,prestall,seed_reference_pending_full_polar_dae11_rescue
dae11,"root,mid1",300000.0,clean,1.0,0.7583257622741898,0.014899559849111331,-0.13114309949610367,True,ok,julia_xfoil,,prestall,seed_reference_pending_full_polar_dae11_rescue
dae11,"root,mid1",300000.0,clean,1.25,0.7862029673037857,0.015109283821473585,-0.1315083477894214,True,ok,julia_xfoil,,prestall,seed_reference_pending_full_polar_dae11_rescue
dae11,"root,mid1",300000.0,clean,1.5,0.8142110917942885,0.015272064551954725,-0.13178777940319383,True,ok,julia_xfoil,,prestall,seed_reference_pending_full_polar_dae11_rescue
dae11,"root,mid1",300000.0,clean,1.75,0.8424684275475721,0.015351977652701857,-0.13199158994789537,True,ok,julia_xfoil,,prestall,seed_reference_pending_full_polar_dae11_rescue
dae11,"root,mid1",300000.0,clean,2.0,0.8710015651861216,0.015375069039830618,-0.13215790740189187,True,ok,julia_xfoil,,prestall,seed_reference_pending_full_polar_dae11_rescue
dae11,"root,mid1",300000.0,clean,2.25,0.8997183126506979,0.015363219071214131,-0.1323050127778095,True,ok,julia_xfoil,,prestall,seed_reference_pending_full_polar_dae11_rescue
dae11,"root,mid1",300000.0,clean,2.5,0.9287174097067253,0.015282274343995409,-0.1324195122177885,True,ok,julia_xfoil,,prestall,seed_reference_pending_full_polar_dae11_rescue
dae11,"root,mid1",300000.0,clean,2.75,0.9580437746754613,0.015177680261340781,-0.1325382220594783,True,ok,julia_xfoil,,prestall,seed_reference_pending_full_polar_dae11_rescue
dae11,"root,mid1",300000.0,clean,3.0,0.9872369350799335,0.01515048191582685,-0.13266729248881615,True,ok,julia_xfoil,,prestall,seed_reference_pending_full_polar_dae11_rescue
dae11,"root,mid1",300000.0,clean,3.25,1.0151826481073982,0.015393171079777574,-0.13277234582547323,True,ok,julia_xfoil,,prestall,seed_reference_pending_full_polar_dae11_rescue
dae11,"root,mid1",300000.0,clean,3.5,1.041931769431127,0.01554957184423599,-0.13299248547436734,True,ok,julia_xfoil,,prestall,seed_reference_pending_full_polar_dae11_rescue
dae11,"root,mid1",300000.0,clean,3.75,1.0688646947455442,0.01569462923987309,-0.13315376470807555,True,ok,julia_xfoil,,prestall,seed_reference_pending_full_polar_dae11_rescue
dae11,"root,mid1",300000.0,clean,4.0,1.0967298655572228,0.01570513098652951,-0.13328889270484318,True,ok,julia_xfoil,,prestall,seed_reference_pending_full_polar_dae11_rescue
dae11,"root,mid1",300000.0,clean,4.25,1.1253609021083992,0.015594927568499086,-0.13341346186304442,True,ok,julia_xfoil,,prestall,seed_reference_pending_full_polar_dae11_rescue
dae11,"root,mid1",300000.0,clean,4.5,1.1547115727123178,0.015412826113585337,-0.1335648664258634,True,ok,julia_xfoil,,prestall,seed_reference_pending_full_polar_dae11_rescue
dae11,"root,mid1",300000.0,clean,4.75,1.1844432774192644,0.015205770163709765,-0.1337342802159959,True,ok,julia_xfoil,,prestall,seed_reference_pending_full_polar_dae11_rescue
dae11,"root,mid1",300000.0,clean,5.0,1.2140440258062122,0.015084294527170281,-0.13390300246812178,True,ok,julia_xfoil,,prestall,seed_reference_pending_full_polar_dae11_rescue
dae11,"root,mid1",300000.0,clean,5.25,1.2402186273566407,0.01527956396540141,-0.13395421574599423,True,ok,julia_xfoil,,prestall,seed_reference_pending_full_polar_dae11_rescue
dae11,"root,mid1",300000.0,clean,5.5,1.2662465366835107,0.015383753716967605,-0.1339826956781096,True,ok,julia_xfoil,,prestall,seed_reference_pending_full_polar_dae11_rescue
dae11,"root,mid1",300000.0,clean,5.75,1.294055107347931,0.015307803429669052,-0.13407476942310406,False,ok,julia_xfoil,not_converged,unknown,seed_reference_pending_full_polar_dae11_rescue
dae11,"root,mid1",300000.0,clean,6.0,1.323073742368719,0.015092092728972537,-0.13420967562383027,True,ok,julia_xfoil,,prestall,seed_reference_pending_full_polar_dae11_rescue
dae11,"root,mid1",300000.0,clean,6.25,1.3525041002532472,0.01485497930196317,-0.13436419496211185,True,ok,julia_xfoil,,prestall,seed_reference_pending_full_polar_dae11_rescue
dae11,"root,mid1",300000.0,clean,6.5,1.3813846160089918,0.014777423623935351,-0.13450156999822177,True,ok,julia_xfoil,,prestall,seed_reference_pending_full_polar_dae11_rescue
dae11,"root,mid1",300000.0,clean,6.75,1.405691268808415,0.014954315831160251,-0.13435843575492157,True,ok,julia_xfoil,,prestall,seed_reference_pending_full_polar_dae11_rescue
dae11,"root,mid1",300000.0,clean,7.0,1.4324755266531886,0.014905464442809694,-0.13433926371866947,True,ok,julia_xfoil,,prestall,seed_reference_pending_full_polar_dae11_rescue
dae11,"root,mid1",300000.0,clean,7.25,1.4604940930406667,0.01474189732953371,-0.1343703522972157,True,ok,julia_xfoil,,prestall,seed_reference_pending_full_polar_dae11_rescue
dae11,"root,mid1",300000.0,clean,7.5,1.48874793359598,0.014651999310618002,-0.13442125363216686,True,ok,julia_xfoil,,prestall,seed_reference_pending_full_polar_dae11_rescue
dae11,"root,mid1",300000.0,clean,7.75,1.512003870708131,0.014876598988837796,-0.13413204583444105,True,ok,julia_xfoil,,prestall,seed_reference_pending_full_polar_dae11_rescue
dae11,"root,mid1",300000.0,clean,8.0,1.5378626636413975,0.01486742725455689,-0.133959623829986,True,ok,julia_xfoil,,prestall,seed_reference_pending_full_polar_dae11_rescue
dae11,"root,mid1",300000.0,clean,8.25,1.5640275476067553,0.014901113485670641,-0.1337899127324017,True,ok,julia_xfoil,,prestall,seed_reference_pending_full_polar_dae11_rescue
dae11,"root,mid1",300000.0,clean,8.5,1.5861144451990354,0.015184551331794105,-0.13332774973731798,True,ok,julia_xfoil,,prestall,seed_reference_pending_full_polar_dae11_rescue
dae11,"root,mid1",300000.0,clean,8.75,1.610687497748014,0.015287618519083997,-0.13292532361151324,True,ok,julia_xfoil,,prestall,seed_reference_pending_full_polar_dae11_rescue
dae11,"root,mid1",300000.0,clean,9.0,1.630805321667258,0.01570424386594889,-0.1322501790744728,True,ok,julia_xfoil,,prestall,seed_reference_pending_full_polar_dae11_rescue
dae11,"root,mid1",300000.0,clean,9.25,1.6516439751429663,0.016038026366634015,-0.13144278185845307,True,ok,julia_xfoil,,prestall,seed_reference_pending_full_polar_dae11_rescue
dae11,"root,mid1",300000.0,clean,9.5,1.6682613315053487,0.016620619834448645,-0.13035493997875494,True,ok,julia_xfoil,,prestall,seed_reference_pending_full_polar_dae11_rescue
dae11,"root,mid1",300000.0,clean,9.75,1.6827696687439937,0.01729854650075513,-0.12894954042521417,True,ok,julia_xfoil,,prestall,seed_reference_pending_full_polar_dae11_rescue
dae11,"root,mid1",300000.0,clean,10.0,1.6908232163958437,0.018235996342294832,-0.12678690453230165,True,ok,julia_xfoil,,prestall,seed_reference_pending_full_polar_dae11_rescue
dae11,"root,mid1",300000.0,clean,10.25,1.6960720709627866,0.01952055238852642,-0.12487642834162603,True,ok,julia_xfoil,,prestall,seed_reference_pending_full_polar_dae11_rescue
dae11,"root,mid1",300000.0,clean,10.5,1.6995164914869163,0.021065849164223972,-0.12297602852228197,True,ok,julia_xfoil,,prestall,seed_reference_pending_full_polar_dae11_rescue
dae11,"root,mid1",300000.0,clean,10.75,1.699240210607858,0.02295130477390666,-0.1208667905632239,True,ok,julia_xfoil,,prestall,seed_reference_pending_full_polar_dae11_rescue
dae11,"root,mid1",300000.0,clean,11.0,1.6997738358396792,0.02488934457076465,-0.11901289446116531,True,ok,julia_xfoil,,prestall,seed_reference_pending_full_polar_dae11_rescue
dae11,"root,mid1",300000.0,clean,11.25,1.699346799266055,0.026919189853888904,-0.11706928047278564,True,ok,julia_xfoil,,poststall,seed_reference_pending_full_polar_dae11_rescue
dae11,"root,mid1",300000.0,clean,11.5,1.6950456535303073,0.02924235219474171,-0.11484698664364518,True,ok,julia_xfoil,,poststall,seed_reference_pending_full_polar_dae11_rescue
dae11,"root,mid1",300000.0,clean,11.75,1.6914141555161393,0.03158308660110481,-0.1127915817034758,True,ok,julia_xfoil,,poststall,seed_reference_pending_full_polar_dae11_rescue
dae11,"root,mid1",300000.0,clean,12.0,1.6892307304708416,0.033827104498045504,-0.11085186353143374,True,ok,julia_xfoil,,poststall,seed_reference_pending_full_polar_dae11_rescue
dae11,"root,mid1",300000.0,clean,12.25,1.6820855291323273,0.03648199540919737,-0.10864219450163957,True,ok,julia_xfoil,,poststall,seed_reference_pending_full_polar_dae11_rescue
dae11,"root,mid1",300000.0,clean,12.5,1.6787071321011737,0.03888514279720171,-0.10675451954982458,True,ok,julia_xfoil,,poststall,seed_reference_pending_full_polar_dae11_rescue
dae11,"root,mid1",300000.0,clean,12.75,1.6749285238511447,0.041496213861591635,-0.10505852017370136,True,ok,julia_xfoil,,poststall,seed_reference_pending_full_polar_dae11_rescue
dae11,"root,mid1",300000.0,clean,13.0,1.66870507695032,0.04438132867492626,-0.10330785818282315,True,ok,julia_xfoil,,poststall,seed_reference_pending_full_polar_dae11_rescue
dae11,"root,mid1",300000.0,clean,13.25,1.666429885883843,0.047000003794401474,-0.10189059575224257,True,ok,julia_xfoil,,poststall,seed_reference_pending_full_polar_dae11_rescue
dae11,"root,mid1",300000.0,clean,13.5,1.6627365801274663,0.04983065175080715,-0.10049919302143512,True,ok,julia_xfoil,,poststall,seed_reference_pending_full_polar_dae11_rescue
dae11,"root,mid1",300000.0,clean,13.75,1.6566784831440355,0.052970208847447506,-0.09912083426966016,True,ok,julia_xfoil,,poststall,seed_reference_pending_full_polar_dae11_rescue
dae11,"root,mid1",300000.0,clean,14.0,1.6546481838640619,0.055786601023265,-0.09801697506897551,True,ok,julia_xfoil,,poststall,seed_reference_pending_full_polar_dae11_rescue
dae11,"root,mid1",300000.0,clean,14.25,1.649352259508457,0.05896340110769996,-0.09684984712727865,True,ok,julia_xfoil,,poststall,seed_reference_pending_full_polar_dae11_rescue
dae11,"root,mid1",300000.0,clean,14.5,1.6449276380252456,0.06210712859939904,-0.09581889582208641,True,ok,julia_xfoil,,poststall,seed_reference_pending_full_polar_dae11_rescue
dae11,"root,mid1",300000.0,clean,14.75,1.6407217176683453,0.06530383784597711,-0.09488704126601213,True,ok,julia_xfoil,,poststall,seed_reference_pending_full_polar_dae11_rescue
dae11,"root,mid1",300000.0,clean,15.0,1.634237046921347,0.0688184409917181,-0.09401066199153492,True,ok,julia_xfoil,,poststall,seed_reference_pending_full_polar_dae11_rescue
dae11,"root,mid1",300000.0,clean,15.25,1.6303767773336995,0.07212355279525355,-0.09331488082341816,True,ok,julia_xfoil,,poststall,seed_reference_pending_full_polar_dae11_rescue
dae11,"root,mid1",300000.0,clean,15.5,1.6222504336881032,0.07597248380154475,-0.09263775149704348,True,ok,julia_xfoil,,poststall,seed_reference_pending_full_polar_dae11_rescue
dae11,"root,mid1",300000.0,clean,15.75,1.618944906787427,0.07928326844170236,-0.09211308251705355,True,ok,julia_xfoil,,poststall,seed_reference_pending_full_polar_dae11_rescue
dae11,"root,mid1",300000.0,clean,16.0,1.6099205600615873,0.0833349600526443,-0.09162964748248717,True,ok,julia_xfoil,,poststall,seed_reference_pending_full_polar_dae11_rescue
dae11,"root,mid1",300000.0,clean,16.25,1.606108006854492,0.0867992006812887,-0.0912530080624746,True,ok,julia_xfoil,,poststall,seed_reference_pending_full_polar_dae11_rescue
dae11,"root,mid1",300000.0,clean,16.5,1.599298306225315,0.09073768498717007,-0.09104888750379198,True,ok,julia_xfoil,,poststall,seed_reference_pending_full_polar_dae11_rescue
dae11,"root,mid1",300000.0,clean,16.75,1.5869840249895253,0.09545696410425107,-0.09091534098913479,True,ok,julia_xfoil,,poststall,seed_reference_pending_full_polar_dae11_rescue
dae11,"root,mid1",300000.0,clean,17.0,1.5865006448481,0.09866420368539144,-0.0909103047589709,True,ok,julia_xfoil,,poststall,seed_reference_pending_full_polar_dae11_rescue
dae11,"root,mid1",300000.0,clean,17.25,1.5813977048982666,0.10250777193656757,-0.09102740943102236,True,ok,julia_xfoil,,poststall,seed_reference_pending_full_polar_dae11_rescue
dae11,"root,mid1",300000.0,clean,17.5,1.5702524956308552,0.10725955399011872,-0.09136834105572454,True,ok,julia_xfoil,,poststall,seed_reference_pending_full_polar_dae11_rescue
dae11,"root,mid1",300000.0,clean,17.75,1.5626091005490959,0.11145469846391269,-0.09160791678642716,True,ok,julia_xfoil,,poststall,seed_reference_pending_full_polar_dae11_rescue
dae11,"root,mid1",300000.0,clean,18.0,1.5620802833656366,0.11475143334028758,-0.09194587703830293,True,ok,julia_xfoil,,poststall,seed_reference_pending_full_polar_dae11_rescue
dae11,"root,mid1",324519.88092595,clean,-6.0,-0.00815287906793497,0.06543839290484323,-0.0924707900306441,True,ok,julia_xfoil,,prestall,seed_reference_pending_full_polar_dae11_rescue
dae11,"root,mid1",324519.88092595,clean,-5.75,0.002341959606198005,0.0577485185981474,-0.09893761897544971,True,ok,julia_xfoil,,prestall,seed_reference_pending_full_polar_dae11_rescue
dae11,"root,mid1",324519.88092595,clean,-5.5,0.019322341714353014,0.05586615863132227,-0.09940854249292702,True,ok,julia_xfoil,,prestall,seed_reference_pending_full_polar_dae11_rescue
dae11,"root,mid1",324519.88092595,clean,-5.25,0.04081825597769582,0.05351187998703897,-0.10181700112950647,True,ok,julia_xfoil,,prestall,seed_reference_pending_full_polar_dae11_rescue
dae11,"root,mid1",324519.88092595,clean,-5.0,0.06708837422240577,0.05021729924997112,-0.10642589776859226,True,ok,julia_xfoil,,prestall,seed_reference_pending_full_polar_dae11_rescue
dae11,"root,mid1",324519.88092595,clean,-4.75,0.10625635834554682,0.04590604477019316,-0.11405939721645762,True,ok,julia_xfoil,,prestall,seed_reference_pending_full_polar_dae11_rescue
dae11,"root,mid1",324519.88092595,clean,-4.5,0.13615693019289307,0.039013463576818064,-0.1211988577083901,True,ok,julia_xfoil,,prestall,seed_reference_pending_full_polar_dae11_rescue
dae11,"root,mid1",324519.88092595,clean,-4.25,0.15894997621300186,0.03699128408012776,-0.12217686095335106,True,ok,julia_xfoil,,prestall,seed_reference_pending_full_polar_dae11_rescue
dae11,"root,mid1",324519.88092595,clean,-4.0,0.18486523735480476,0.03520047116992745,-0.12344006936113382,True,ok,julia_xfoil,,prestall,seed_reference_pending_full_polar_dae11_rescue
dae11,"root,mid1",324519.88092595,clean,-3.75,0.21267654362680272,0.03324183012914538,-0.12487667375324099,True,ok,julia_xfoil,,prestall,seed_reference_pending_full_polar_dae11_rescue
dae11,"root,mid1",324519.88092595,clean,-3.5,0.242276820450712,0.03130234069160761,-0.12616508098038234,True,ok,julia_xfoil,,prestall,seed_reference_pending_full_polar_dae11_rescue
dae11,"root,mid1",324519.88092595,clean,-3.25,0.280674107281436,0.023032184313812574,-0.1282954756543961,True,ok,julia_xfoil,,prestall,seed_reference_pending_full_polar_dae11_rescue
dae11,"root,mid1",324519.88092595,clean,-3.0,0.3109484124607504,0.022192036556478785,-0.12852494343651047,False,ok,julia_xfoil,not_converged,unknown,seed_reference_pending_full_polar_dae11_rescue
dae11,"root,mid1",324519.88092595,clean,-2.75,0.33837714703886435,0.020741496749622706,-0.1286393197503464,True,ok,julia_xfoil,,prestall,seed_reference_pending_full_polar_dae11_rescue
dae11,"root,mid1",324519.88092595,clean,-2.5,0.3667669960665836,0.020296476579952257,-0.12884243997535014,True,ok,julia_xfoil,,prestall,seed_reference_pending_full_polar_dae11_rescue
dae11,"root,mid1",324519.88092595,clean,-2.25,0.3956524515565852,0.01836390882116568,-0.1293106388913296,True,ok,julia_xfoil,,prestall,seed_reference_pending_full_polar_dae11_rescue
dae11,"root,mid1",324519.88092595,clean,-2.0,0.42429545437943794,0.017722632656832788,-0.1296527738576016,True,ok,julia_xfoil,,prestall,seed_reference_pending_full_polar_dae11_rescue
dae11,"root,mid1",324519.88092595,clean,-1.75,0.4529205058630439,0.017409396823488313,-0.12994328400847613,True,ok,julia_xfoil,,prestall,seed_reference_pending_full_polar_dae11_rescue
dae11,"root,mid1",324519.88092595,clean,-1.5,0.4815884805185404,0.017194221994499746,-0.13016869135297499,True,ok,julia_xfoil,,prestall,seed_reference_pending_full_polar_dae11_rescue
dae11,"root,mid1",324519.88092595,clean,-1.25,0.5103259223103448,0.01677790053213117,-0.13036036663671957,True,ok,julia_xfoil,,prestall,seed_reference_pending_full_polar_dae11_rescue
dae11,"root,mid1",324519.88092595,clean,-1.0,0.5392248786471807,0.016227219236121686,-0.1306644164622237,True,ok,julia_xfoil,,prestall,seed_reference_pending_full_polar_dae11_rescue
dae11,"root,mid1",324519.88092595,clean,-0.75,0.568367535191596,0.015862305272376153,-0.13088019597160822,True,ok,julia_xfoil,,prestall,seed_reference_pending_full_polar_dae11_rescue
dae11,"root,mid1",324519.88092595,clean,-0.5,0.5973557249007532,0.015234060431598494,-0.1313338444015656,True,ok,julia_xfoil,,prestall,seed_reference_pending_full_polar_dae11_rescue
dae11,"root,mid1",324519.88092595,clean,-0.25,0.6255477144972016,0.014607138538715848,-0.13179397286385267,True,ok,julia_xfoil,,prestall,seed_reference_pending_full_polar_dae11_rescue
dae11,"root,mid1",324519.88092595,clean,0.0,0.6524921748062318,0.01412123151067655,-0.13175569978121285,True,ok,julia_xfoil,,prestall,seed_reference_pending_full_polar_dae11_rescue
dae11,"root,mid1",324519.88092595,clean,0.25,0.6758815359909687,0.01328640440284325,-0.1301393394584391,True,ok,julia_xfoil,,prestall,seed_reference_pending_full_polar_dae11_rescue
dae11,"root,mid1",324519.88092595,clean,0.5,0.7036260633645377,0.01371894376394555,-0.13025734658551832,True,ok,julia_xfoil,,prestall,seed_reference_pending_full_polar_dae11_rescue
dae11,"root,mid1",324519.88092595,clean,0.75,0.7323921832997196,0.013766833119303663,-0.13062966563894476,True,ok,julia_xfoil,,prestall,seed_reference_pending_full_polar_dae11_rescue
dae11,"root,mid1",324519.88092595,clean,1.0,0.7608463426049655,0.013885281789110063,-0.13096513826552475,True,ok,julia_xfoil,,prestall,seed_reference_pending_full_polar_dae11_rescue
dae11,"root,mid1",324519.88092595,clean,1.25,0.7891884920901273,0.014032814604232008,-0.13126524577956508,True,ok,julia_xfoil,,prestall,seed_reference_pending_full_polar_dae11_rescue
dae11,"root,mid1",324519.88092595,clean,1.5,0.8176245724561707,0.014119957706316341,-0.1315053177905757,True,ok,julia_xfoil,,prestall,seed_reference_pending_full_polar_dae11_rescue
dae11,"root,mid1",324519.88092595,clean,1.75,0.8463057348549305,0.014133731601181357,-0.13169594152795297,True,ok,julia_xfoil,,prestall,seed_reference_pending_full_polar_dae11_rescue
dae11,"root,mid1",324519.88092595,clean,2.0,0.8750981080223363,0.014120859639981494,-0.1318672832466202,True,ok,julia_xfoil,,prestall,seed_reference_pending_full_polar_dae11_rescue
dae11,"root,mid1",324519.88092595,clean,2.25,0.9041005419934627,0.014086086659616378,-0.13203581516139645,True,ok,julia_xfoil,,prestall,seed_reference_pending_full_polar_dae11_rescue
dae11,"root,mid1",324519.88092595,clean,2.5,0.9333457218392655,0.01401502929452629,-0.13219047622370353,True,ok,julia_xfoil,,prestall,seed_reference_pending_full_polar_dae11_rescue
dae11,"root,mid1",324519.88092595,clean,2.75,0.9625285696287329,0.013991027496978191,-0.13234250389837082,True,ok,julia_xfoil,,prestall,seed_reference_pending_full_polar_dae11_rescue
dae11,"root,mid1",324519.88092595,clean,3.0,0.9905225399925527,0.014265342114240031,-0.13246665394723933,True,ok,julia_xfoil,,prestall,seed_reference_pending_full_polar_dae11_rescue
dae11,"root,mid1",324519.88092595,clean,3.25,1.0180711060188319,0.01435214407834656,-0.1327203281843532,True,ok,julia_xfoil,,prestall,seed_reference_pending_full_polar_dae11_rescue
dae11,"root,mid1",324519.88092595,clean,3.5,1.045442898686926,0.01446441325269441,-0.13292209907136884,True,ok,julia_xfoil,,prestall,seed_reference_pending_full_polar_dae11_rescue
dae11,"root,mid1",324519.88092595,clean,3.75,1.0733293044816086,0.01450411498473941,-0.13309597799641834,True,ok,julia_xfoil,,prestall,seed_reference_pending_full_polar_dae11_rescue
dae11,"root,mid1",324519.88092595,clean,4.0,1.101851805442647,0.01444571065528216,-0.13325926122566537,True,ok,julia_xfoil,,prestall,seed_reference_pending_full_polar_dae11_rescue
dae11,"root,mid1",324519.88092595,clean,4.25,1.1309583540008719,0.014310616730598587,-0.1334298520477926,True,ok,julia_xfoil,,prestall,seed_reference_pending_full_polar_dae11_rescue
dae11,"root,mid1",324519.88092595,clean,4.5,1.1603511765436045,0.014157945869958484,-0.13361343991545785,True,ok,julia_xfoil,,prestall,seed_reference_pending_full_polar_dae11_rescue
dae11,"root,mid1",324519.88092595,clean,4.75,1.1897383277132965,0.014044273715886752,-0.13379456679513274,True,ok,julia_xfoil,,prestall,seed_reference_pending_full_polar_dae11_rescue
dae11,"root,mid1",324519.88092595,clean,5.0,1.21736565305554,0.01417643867650927,-0.1339218190342506,True,ok,julia_xfoil,,prestall,seed_reference_pending_full_polar_dae11_rescue
dae11,"root,mid1",324519.88092595,clean,5.25,1.2437128689773875,0.014281255063429773,-0.13401108950105473,True,ok,julia_xfoil,,prestall,seed_reference_pending_full_polar_dae11_rescue
dae11,"root,mid1",324519.88092595,clean,5.5,1.2712199798860695,0.014264762592141744,-0.13412329527619476,True,ok,julia_xfoil,,prestall,seed_reference_pending_full_polar_dae11_rescue
dae11,"root,mid1",324519.88092595,clean,5.75,1.2996841618140582,0.014143987517603226,-0.13426675997944304,True,ok,julia_xfoil,,prestall,seed_reference_pending_full_polar_dae11_rescue
dae11,"root,mid1",324519.88092595,clean,6.0,1.3287242246789024,0.0139529151580504,-0.1344216657464517,True,ok,julia_xfoil,,prestall,seed_reference_pending_full_polar_dae11_rescue
dae11,"root,mid1",324519.88092595,clean,6.25,1.3578050694697505,0.01383211004466147,-0.13458196148225732,True,ok,julia_xfoil,,prestall,seed_reference_pending_full_polar_dae11_rescue
dae11,"root,mid1",324519.88092595,clean,6.5,1.3838162032079628,0.013958334574713458,-0.13458306340784837,True,ok,julia_xfoil,,prestall,seed_reference_pending_full_polar_dae11_rescue
dae11,"root,mid1",324519.88092595,clean,6.75,1.4100801010418353,0.014006322245506532,-0.13458390887196509,True,ok,julia_xfoil,,prestall,seed_reference_pending_full_polar_dae11_rescue
dae11,"root,mid1",324519.88092595,clean,7.0,1.437537227705649,0.013918498283670679,-0.13461872641320696,True,ok,julia_xfoil,,prestall,seed_reference_pending_full_polar_dae11_rescue
dae11,"root,mid1",324519.88092595,clean,7.25,1.4658851315951873,0.01379871182241303,-0.13468847904340817,True,ok,julia_xfoil,,prestall,seed_reference_pending_full_polar_dae11_rescue
dae11,"root,mid1",324519.88092595,clean,7.5,1.4910679683123638,0.013954753722489208,-0.1345778754655555,True,ok,julia_xfoil,,prestall,seed_reference_pending_full_polar_dae11_rescue
dae11,"root,mid1",324519.88092595,clean,7.75,1.516218318801669,0.01405725247943277,-0.13443331271862152,True,ok,julia_xfoil,,prestall,seed_reference_pending_full_polar_dae11_rescue
dae11,"root,mid1",324519.88092595,clean,8.0,1.54292484356449,0.014035731963198638,-0.13431754733280937,True,ok,julia_xfoil,,prestall,seed_reference_pending_full_polar_dae11_rescue
dae11,"root,mid1",324519.88092595,clean,8.25,1.5666182774865811,0.014280585060069725,-0.1340417973252898,True,ok,julia_xfoil,,prestall,seed_reference_pending_full_polar_dae11_rescue
dae11,"root,mid1",324519.88092595,clean,8.5,1.5905323162155323,0.014454183947079162,-0.13368992663764154,True,ok,julia_xfoil,,prestall,seed_reference_pending_full_polar_dae11_rescue
dae11,"root,mid1",324519.88092595,clean,8.75,1.613415057084687,0.014728581372708032,-0.13323808295070835,True,ok,julia_xfoil,,prestall,seed_reference_pending_full_polar_dae11_rescue
dae11,"root,mid1",324519.88092595,clean,9.0,1.6346279447199248,0.01507986687115478,-0.13260360770095217,True,ok,julia_xfoil,,prestall,seed_reference_pending_full_polar_dae11_rescue
dae11,"root,mid1",324519.88092595,clean,9.25,1.6543137759655255,0.01553149649207316,-0.13180189140683773,True,ok,julia_xfoil,,prestall,seed_reference_pending_full_polar_dae11_rescue
dae11,"root,mid1",324519.88092595,clean,9.5,1.6711701663962393,0.016110201286991154,-0.13061747626389897,True,ok,julia_xfoil,,prestall,seed_reference_pending_full_polar_dae11_rescue
dae11,"root,mid1",324519.88092595,clean,9.75,1.6850916299590317,0.016851981861747394,-0.1292478919707351,True,ok,julia_xfoil,,prestall,seed_reference_pending_full_polar_dae11_rescue
dae11,"root,mid1",324519.88092595,clean,10.0,1.6934136779107274,0.017824071822518505,-0.1272191542491119,True,ok,julia_xfoil,,prestall,seed_reference_pending_full_polar_dae11_rescue
dae11,"root,mid1",324519.88092595,clean,10.25,1.6960842836569556,0.019283599994838106,-0.12501020810947144,True,ok,julia_xfoil,,prestall,seed_reference_pending_full_polar_dae11_rescue
dae11,"root,mid1",324519.88092595,clean,10.5,1.7001527698342158,0.02086569099130664,-0.12331867340258766,True,ok,julia_xfoil,,prestall,seed_reference_pending_full_polar_dae11_rescue
dae11,"root,mid1",324519.88092595,clean,10.75,1.7017406293271184,0.022695660825263468,-0.1214745367473328,True,ok,julia_xfoil,,prestall,seed_reference_pending_full_polar_dae11_rescue
dae11,"root,mid1",324519.88092595,clean,11.0,1.6995940748395308,0.024824586102229408,-0.11935556270423457,True,ok,julia_xfoil,,poststall,seed_reference_pending_full_polar_dae11_rescue
dae11,"root,mid1",324519.88092595,clean,11.25,1.697997817308761,0.02697903967831703,-0.11737640602425664,True,ok,julia_xfoil,,poststall,seed_reference_pending_full_polar_dae11_rescue
dae11,"root,mid1",324519.88092595,clean,11.5,1.6968056456310603,0.029102476438288727,-0.11541714542736801,True,ok,julia_xfoil,,poststall,seed_reference_pending_full_polar_dae11_rescue
dae11,"root,mid1",324519.88092595,clean,11.75,1.691469033516709,0.031575388377760895,-0.11321774218488952,True,ok,julia_xfoil,,poststall,seed_reference_pending_full_polar_dae11_rescue
dae11,"root,mid1",324519.88092595,clean,12.0,1.6870634601887518,0.03401397787339654,-0.1111502251741914,True,ok,julia_xfoil,,poststall,seed_reference_pending_full_polar_dae11_rescue
dae11,"root,mid1",324519.88092595,clean,12.25,1.6843109684607815,0.03633968821538418,-0.10924115630446175,True,ok,julia_xfoil,,poststall,seed_reference_pending_full_polar_dae11_rescue
dae11,"root,mid1",324519.88092595,clean,12.5,1.678056527869031,0.03899172016473343,-0.10717362476952676,True,ok,julia_xfoil,,poststall,seed_reference_pending_full_polar_dae11_rescue
dae11,"root,mid1",324519.88092595,clean,12.75,1.6743046896569656,0.041627170858149785,-0.10549986250139703,True,ok,julia_xfoil,,poststall,seed_reference_pending_full_polar_dae11_rescue
dae11,"root,mid1",324519.88092595,clean,13.0,1.6725872459948732,0.04411971909386363,-0.1039820581496763,True,ok,julia_xfoil,,poststall,seed_reference_pending_full_polar_dae11_rescue
dae11,"root,mid1",324519.88092595,clean,13.25,1.6648650807828116,0.04726478799572025,-0.10231417023531086,True,ok,julia_xfoil,,poststall,seed_reference_pending_full_polar_dae11_rescue
dae11,"root,mid1",324519.88092595,clean,13.5,1.6642321592104072,0.049785787747679666,-0.10103618278019852,True,ok,julia_xfoil,,poststall,seed_reference_pending_full_polar_dae11_rescue
dae11,"root,mid1",324519.88092595,clean,13.75,1.6604779021484988,0.05270473949527211,-0.09974536256475824,True,ok,julia_xfoil,,poststall,seed_reference_pending_full_polar_dae11_rescue
dae11,"root,mid1",324519.88092595,clean,14.0,1.6546084852208298,0.055909516093336234,-0.09849167595369893,True,ok,julia_xfoil,,poststall,seed_reference_pending_full_polar_dae11_rescue
dae11,"root,mid1",324519.88092595,clean,14.25,1.6536690895939183,0.058627882192411135,-0.0974531707670012,True,ok,julia_xfoil,,poststall,seed_reference_pending_full_polar_dae11_rescue
dae11,"root,mid1",324519.88092595,clean,14.5,1.6455202153917827,0.0621795119469271,-0.09631146817342158,True,ok,julia_xfoil,,poststall,seed_reference_pending_full_polar_dae11_rescue
dae11,"root,mid1",324519.88092595,clean,14.75,1.6439927462495798,0.06505973160492819,-0.09542576819471764,True,ok,julia_xfoil,,poststall,seed_reference_pending_full_polar_dae11_rescue
dae11,"root,mid1",324519.88092595,clean,15.0,1.6385923355237422,0.06844248441366965,-0.09454656919708439,True,ok,julia_xfoil,,poststall,seed_reference_pending_full_polar_dae11_rescue
dae11,"root,mid1",324519.88092595,clean,15.25,1.6333748968243211,0.07189795421052864,-0.09381970443674321,True,ok,julia_xfoil,,poststall,seed_reference_pending_full_polar_dae11_rescue
dae11,"root,mid1",324519.88092595,clean,15.5,1.6288220626690029,0.07530281822548648,-0.09315171080496545,True,ok,julia_xfoil,,poststall,seed_reference_pending_full_polar_dae11_rescue
dae11,"root,mid1",324519.88092595,clean,15.75,1.6228152113511487,0.07894486825585752,-0.09260237200881406,True,ok,julia_xfoil,,poststall,seed_reference_pending_full_polar_dae11_rescue
dae11,"root,mid1",324519.88092595,clean,16.0,1.6157550640812661,0.08273724330222572,-0.09208282985409551,True,ok,julia_xfoil,,poststall,seed_reference_pending_full_polar_dae11_rescue
dae11,"root,mid1",324519.88092595,clean,16.25,1.6127050337036601,0.08607605638082819,-0.09170284323345451,True,ok,julia_xfoil,,poststall,seed_reference_pending_full_polar_dae11_rescue
dae11,"root,mid1",324519.88092595,clean,16.5,1.6020745321695433,0.09051763569697155,-0.09147917337268786,True,ok,julia_xfoil,,poststall,seed_reference_pending_full_polar_dae11_rescue
dae11,"root,mid1",324519.88092595,clean,16.75,1.5993764340113445,0.09393204249895044,-0.09128664728592127,True,ok,julia_xfoil,,poststall,seed_reference_pending_full_polar_dae11_rescue
dae11,"root,mid1",324519.88092595,clean,17.0,1.5941766403992494,0.0977617210041555,-0.09130006207230425,True,ok,julia_xfoil,,poststall,seed_reference_pending_full_polar_dae11_rescue
dae11,"root,mid1",324519.88092595,clean,17.25,1.5850375282103653,0.10216449209561104,-0.09144000345406797,True,ok,julia_xfoil,,poststall,seed_reference_pending_full_polar_dae11_rescue
dae11,"root,mid1",324519.88092595,clean,17.5,1.5750610161529064,0.1067280983024427,-0.09165749805795952,True,ok,julia_xfoil,,poststall,seed_reference_pending_full_polar_dae11_rescue
dae11,"root,mid1",324519.88092595,clean,17.75,1.5744391159436264,0.10997632538650422,-0.09187642255345609,True,ok,julia_xfoil,,poststall,seed_reference_pending_full_polar_dae11_rescue
dae11,"root,mid1",324519.88092595,clean,18.0,1.5709812596098418,0.11365388997300135,-0.09223058580481623,True,ok,julia_xfoil,,poststall,seed_reference_pending_full_polar_dae11_rescue
dae11,"root,mid1",350000.0,clean,-6.0,-0.02521674333520804,0.06597117409103676,-0.08380660165637335,True,ok,julia_xfoil,,prestall,seed_reference_pending_full_polar_dae11_rescue
dae11,"root,mid1",350000.0,clean,-5.75,0.012502161588534977,0.0602720422940685,-0.09725005175117607,True,ok,julia_xfoil,,prestall,seed_reference_pending_full_polar_dae11_rescue
dae11,"root,mid1",350000.0,clean,-5.5,0.028657494046261417,0.051381416544962574,-0.10608277196377122,True,ok,julia_xfoil,,prestall,seed_reference_pending_full_polar_dae11_rescue
dae11,"root,mid1",350000.0,clean,-5.25,0.04717627251169356,0.049693896741477124,-0.10665681818379694,True,ok,julia_xfoil,,prestall,seed_reference_pending_full_polar_dae11_rescue
dae11,"root,mid1",350000.0,clean,-5.0,0.06986216567060875,0.047578744005575005,-0.10865914703776305,True,ok,julia_xfoil,,prestall,seed_reference_pending_full_polar_dae11_rescue
dae11,"root,mid1",350000.0,clean,-4.75,0.09682949288135774,0.04455774240685701,-0.11232397204713242,True,ok,julia_xfoil,,prestall,seed_reference_pending_full_polar_dae11_rescue
dae11,"root,mid1",350000.0,clean,-4.5,0.13621241064946532,0.042142565845009916,-0.11700187411552188,True,ok,julia_xfoil,,prestall,seed_reference_pending_full_polar_dae11_rescue
dae11,"root,mid1",350000.0,clean,-4.25,0.16346000378380451,0.03516174252050259,-0.12275537848787624,True,ok,julia_xfoil,,prestall,seed_reference_pending_full_polar_dae11_rescue
dae11,"root,mid1",350000.0,clean,-4.0,0.18827299607998949,0.03289296672618277,-0.12396128510942228,True,ok,julia_xfoil,,prestall,seed_reference_pending_full_polar_dae11_rescue
dae11,"root,mid1",350000.0,clean,-3.75,0.21483564747071718,0.03125152855028147,-0.12493612805157112,True,ok,julia_xfoil,,prestall,seed_reference_pending_full_polar_dae11_rescue
dae11,"root,mid1",350000.0,clean,-3.5,0.2427663470918178,0.029607732895028393,-0.12596420440062459,True,ok,julia_xfoil,,prestall,seed_reference_pending_full_polar_dae11_rescue
dae11,"root,mid1",350000.0,clean,-3.25,0.2805499874001739,0.023208379787554963,-0.1273789638797853,True,ok,julia_xfoil,,prestall,seed_reference_pending_full_polar_dae11_rescue
dae11,"root,mid1",350000.0,clean,-3.0,0.30877548476107836,0.021093343607742072,-0.12796251091799718,True,ok,julia_xfoil,,prestall,seed_reference_pending_full_polar_dae11_rescue
dae11,"root,mid1",350000.0,clean,-2.75,0.33841291665229506,0.019527301825417894,-0.1283924563664308,True,ok,julia_xfoil,,prestall,seed_reference_pending_full_polar_dae11_rescue
dae11,"root,mid1",350000.0,clean,-2.5,0.36777105097446505,0.01859921329972416,-0.12867445883025397,True,ok,julia_xfoil,,prestall,seed_reference_pending_full_polar_dae11_rescue
dae11,"root,mid1",350000.0,clean,-2.25,0.3969244173073825,0.01818195751464079,-0.1288946133474865,True,ok,julia_xfoil,,prestall,seed_reference_pending_full_polar_dae11_rescue
dae11,"root,mid1",350000.0,clean,-2.0,0.4255127126417899,0.016814373359316206,-0.1291964686813111,True,ok,julia_xfoil,,prestall,seed_reference_pending_full_polar_dae11_rescue
dae11,"root,mid1",350000.0,clean,-1.75,0.4541140748688464,0.016347827442760546,-0.1294672541041344,True,ok,julia_xfoil,,prestall,seed_reference_pending_full_polar_dae11_rescue
dae11,"root,mid1",350000.0,clean,-1.5,0.48281680044680175,0.016130105014218597,-0.1296936207540535,True,ok,julia_xfoil,,prestall,seed_reference_pending_full_polar_dae11_rescue
dae11,"root,mid1",350000.0,clean,-1.25,0.5116993890111957,0.015838119433771343,-0.12985591697967397,True,ok,julia_xfoil,,prestall,seed_reference_pending_full_polar_dae11_rescue
dae11,"root,mid1",350000.0,clean,-1.0,0.5408141813649425,0.015233810963785224,-0.1301236162335433,True,ok,julia_xfoil,,prestall,seed_reference_pending_full_polar_dae11_rescue
dae11,"root,mid1",350000.0,clean,-0.75,0.5700688172351914,0.014900451680105559,-0.13032121366600788,True,ok,julia_xfoil,,prestall,seed_reference_pending_full_polar_dae11_rescue
dae11,"root,mid1",350000.0,clean,-0.5,0.5991707286215158,0.014303617494455674,-0.1307664563470199,True,ok,julia_xfoil,,prestall,seed_reference_pending_full_polar_dae11_rescue
dae11,"root,mid1",350000.0,clean,-0.25,0.6274909245839511,0.013753524406571576,-0.13123803445039353,True,ok,julia_xfoil,,prestall,seed_reference_pending_full_polar_dae11_rescue
dae11,"root,mid1",350000.0,clean,0.0,0.6545740933678058,0.013428886491598397,-0.13133826697584147,True,ok,julia_xfoil,,prestall,seed_reference_pending_full_polar_dae11_rescue
dae11,"root,mid1",350000.0,clean,0.25,0.6742022717349334,0.013030683153608438,-0.12961518675063327,True,ok,julia_xfoil,,prestall,seed_reference_pending_full_polar_dae11_rescue
dae11,"root,mid1",350000.0,clean,0.5,0.7057055084736471,0.01279753966404863,-0.1301396575853392,True,ok,julia_xfoil,,prestall,seed_reference_pending_full_polar_dae11_rescue
dae11,"root,mid1",350000.0,clean,0.75,0.7344959403196508,0.012874075873106034,-0.13046552114491722,True,ok,julia_xfoil,,prestall,seed_reference_pending_full_polar_dae11_rescue
dae11,"root,mid1",350000.0,clean,1.0,0.7631379371578781,0.01297010499387561,-0.13075986206254064,True,ok,julia_xfoil,,prestall,seed_reference_pending_full_polar_dae11_rescue
dae11,"root,mid1",350000.0,clean,1.25,0.7917539648119702,0.013065090719325696,-0.13102930704864502,True,ok,julia_xfoil,,prestall,seed_reference_pending_full_polar_dae11_rescue
dae11,"root,mid1",350000.0,clean,1.5,0.820508549084808,0.01309658371301121,-0.13125191842822795,True,ok,julia_xfoil,,prestall,seed_reference_pending_full_polar_dae11_rescue
dae11,"root,mid1",350000.0,clean,1.75,0.8494613736255218,0.013075943362831542,-0.1314458318714744,True,ok,julia_xfoil,,prestall,seed_reference_pending_full_polar_dae11_rescue
dae11,"root,mid1",350000.0,clean,2.0,0.8785505663188966,0.013045825623594314,-0.13163943912364082,True,ok,julia_xfoil,,prestall,seed_reference_pending_full_polar_dae11_rescue
dae11,"root,mid1",350000.0,clean,2.25,0.9077095243628184,0.013017400116816178,-0.13183111258654379,True,ok,julia_xfoil,,prestall,seed_reference_pending_full_polar_dae11_rescue
dae11,"root,mid1",350000.0,clean,2.5,0.9368681595657985,0.013009040891973722,-0.13200896037402637,True,ok,julia_xfoil,,prestall,seed_reference_pending_full_polar_dae11_rescue
dae11,"root,mid1",350000.0,clean,2.75,0.964879893983667,0.013296052270554358,-0.13214581691176713,True,ok,julia_xfoil,,prestall,seed_reference_pending_full_polar_dae11_rescue
dae11,"root,mid1",350000.0,clean,3.0,0.9929118912803582,0.01335129859570699,-0.13242212958477192,True,ok,julia_xfoil,,prestall,seed_reference_pending_full_polar_dae11_rescue
dae11,"root,mid1",350000.0,clean,3.25,1.0206892868434687,0.013435190273441781,-0.13265590689002937,True,ok,julia_xfoil,,prestall,seed_reference_pending_full_polar_dae11_rescue
dae11,"root,mid1",350000.0,clean,3.5,1.0487550752346468,0.01347404861512256,-0.13286067584441474,True,ok,julia_xfoil,,prestall,seed_reference_pending_full_polar_dae11_rescue
dae11,"root,mid1",350000.0,clean,3.75,1.0772799861605709,0.013450395149869529,-0.13305887467219002,True,ok,julia_xfoil,,prestall,seed_reference_pending_full_polar_dae11_rescue
dae11,"root,mid1",350000.0,clean,4.0,1.1062165446948162,0.013361613317916592,-0.13325252891015987,True,ok,julia_xfoil,,prestall,seed_reference_pending_full_polar_dae11_rescue
dae11,"root,mid1",350000.0,clean,4.25,1.1354385445724011,0.013238834479259824,-0.13344890013428454,True,ok,julia_xfoil,,prestall,seed_reference_pending_full_polar_dae11_rescue
dae11,"root,mid1",350000.0,clean,4.5,1.1646467134751066,0.013147075500240614,-0.13364506099333395,True,ok,julia_xfoil,,prestall,seed_reference_pending_full_polar_dae11_rescue
dae11,"root,mid1",350000.0,clean,4.75,1.1930609237748402,0.013260887283216243,-0.1338122413088431,True,ok,julia_xfoil,,prestall,seed_reference_pending_full_polar_dae11_rescue
dae11,"root,mid1",350000.0,clean,5.0,1.2198811941813466,0.013335778025804925,-0.13395391547099564,True,ok,julia_xfoil,,prestall,seed_reference_pending_full_polar_dae11_rescue
dae11,"root,mid1",350000.0,clean,5.25,1.2473154756782967,0.013358566179828748,-0.13409822315198527,True,ok,julia_xfoil,,prestall,seed_reference_pending_full_polar_dae11_rescue
dae11,"root,mid1",350000.0,clean,5.5,1.2755010646949,0.013294237823386176,-0.1342572355135538,True,ok,julia_xfoil,,prestall,seed_reference_pending_full_polar_dae11_rescue
dae11,"root,mid1",350000.0,clean,5.75,1.3042129124675617,0.013163090170137056,-0.13442414418218415,True,ok,julia_xfoil,,prestall,seed_reference_pending_full_polar_dae11_rescue
dae11,"root,mid1",350000.0,clean,6.0,1.33300648943864,0.013041796583723729,-0.13458039402033375,True,ok,julia_xfoil,,prestall,seed_reference_pending_full_polar_dae11_rescue
dae11,"root,mid1",350000.0,clean,6.25,1.3607256608549219,0.013099975418450479,-0.13470201070603507,True,ok,julia_xfoil,,prestall,seed_reference_pending_full_polar_dae11_rescue
dae11,"root,mid1",350000.0,clean,6.5,1.3868387311525021,0.01318666794164216,-0.1347332287189638,True,ok,julia_xfoil,,prestall,seed_reference_pending_full_polar_dae11_rescue
dae11,"root,mid1",350000.0,clean,6.75,1.413994885943369,0.013169862635290405,-0.13479596286862783,True,ok,julia_xfoil,,prestall,seed_reference_pending_full_polar_dae11_rescue
dae11,"root,mid1",350000.0,clean,7.0,1.4417771494982263,0.013090434293427562,-0.13485953705538214,True,ok,julia_xfoil,,prestall,seed_reference_pending_full_polar_dae11_rescue
dae11,"root,mid1",350000.0,clean,7.25,1.4690394594146363,0.013127266894373121,-0.13489141849021397,True,ok,julia_xfoil,,prestall,seed_reference_pending_full_polar_dae11_rescue
dae11,"root,mid1",350000.0,clean,7.5,1.4940433482406585,0.013286011476930114,-0.13480353352482233,True,ok,julia_xfoil,,prestall,seed_reference_pending_full_polar_dae11_rescue
dae11,"root,mid1",350000.0,clean,7.75,1.5201732429876234,0.013328925604027422,-0.13471456432964396,True,ok,julia_xfoil,,prestall,seed_reference_pending_full_polar_dae11_rescue
dae11,"root,mid1",350000.0,clean,8.0,1.5459518689590268,0.01344250382506354,-0.13457113460618902,True,ok,julia_xfoil,,prestall,seed_reference_pending_full_polar_dae11_rescue
dae11,"root,mid1",350000.0,clean,8.25,1.569806305676308,0.013675180888345614,-0.13433103031547478,True,ok,julia_xfoil,,prestall,seed_reference_pending_full_polar_dae11_rescue
dae11,"root,mid1",350000.0,clean,8.5,1.5940185606331245,0.013860997861725169,-0.1339618866862915,True,ok,julia_xfoil,,prestall,seed_reference_pending_full_polar_dae11_rescue
dae11,"root,mid1",350000.0,clean,8.75,1.61628303792783,0.014205144108759818,-0.13355153041204634,True,ok,julia_xfoil,,prestall,seed_reference_pending_full_polar_dae11_rescue
dae11,"root,mid1",350000.0,clean,9.0,1.6375198535916131,0.014579202460575948,-0.1328501432790585,True,ok,julia_xfoil,,prestall,seed_reference_pending_full_polar_dae11_rescue
dae11,"root,mid1",350000.0,clean,9.25,1.65699056386181,0.015066852053696145,-0.1321119871228815,True,ok,julia_xfoil,,prestall,seed_reference_pending_full_polar_dae11_rescue
dae11,"root,mid1",350000.0,clean,9.5,1.673800990185161,0.015685755478241407,-0.13098819074548046,True,ok,julia_xfoil,,prestall,seed_reference_pending_full_polar_dae11_rescue
dae11,"root,mid1",350000.0,clean,9.75,1.686006899896364,0.01653133047482528,-0.129354367742403,True,ok,julia_xfoil,,prestall,seed_reference_pending_full_polar_dae11_rescue
dae11,"root,mid1",350000.0,clean,10.0,1.69439420263797,0.01753476387267782,-0.12744803147269043,True,ok,julia_xfoil,,prestall,seed_reference_pending_full_polar_dae11_rescue
dae11,"root,mid1",350000.0,clean,10.25,1.6990734655804351,0.01894418625961654,-0.12555807133118807,True,ok,julia_xfoil,,prestall,seed_reference_pending_full_polar_dae11_rescue
dae11,"root,mid1",350000.0,clean,10.5,1.699674821597845,0.02077625755789074,-0.12354602489293548,True,ok,julia_xfoil,,prestall,seed_reference_pending_full_polar_dae11_rescue
dae11,"root,mid1",350000.0,clean,10.75,1.7010464641593273,0.022671278533303668,-0.12175458540788951,True,ok,julia_xfoil,,prestall,seed_reference_pending_full_polar_dae11_rescue
dae11,"root,mid1",350000.0,clean,11.0,1.7016268616430703,0.024648818447161183,-0.11990733792719523,True,ok,julia_xfoil,,prestall,seed_reference_pending_full_polar_dae11_rescue
dae11,"root,mid1",350000.0,clean,11.25,1.6983801612373202,0.026936610936315938,-0.11779288480206754,True,ok,julia_xfoil,,poststall,seed_reference_pending_full_polar_dae11_rescue
dae11,"root,mid1",350000.0,clean,11.5,1.6944339811584006,0.02928334454029925,-0.1156443437332741,True,ok,julia_xfoil,,poststall,seed_reference_pending_full_polar_dae11_rescue
dae11,"root,mid1",350000.0,clean,11.75,1.692887918667689,0.03148483480540722,-0.11372883372721493,True,ok,julia_xfoil,,poststall,seed_reference_pending_full_polar_dae11_rescue
dae11,"root,mid1",350000.0,clean,12.0,1.6878186073283108,0.033987526665063675,-0.11161527838726741,True,ok,julia_xfoil,,poststall,seed_reference_pending_full_polar_dae11_rescue
dae11,"root,mid1",350000.0,clean,12.25,1.6824943708184672,0.03651631238917143,-0.1095261843918591,True,ok,julia_xfoil,,poststall,seed_reference_pending_full_polar_dae11_rescue
dae11,"root,mid1",350000.0,clean,12.5,1.6803340511928466,0.03886345521604999,-0.10774366132652001,True,ok,julia_xfoil,,poststall,seed_reference_pending_full_polar_dae11_rescue
dae11,"root,mid1",350000.0,clean,12.75,1.6746847382092613,0.041665707848795856,-0.10594451654160782,True,ok,julia_xfoil,,poststall,seed_reference_pending_full_polar_dae11_rescue
dae11,"root,mid1",350000.0,clean,13.0,1.6725324401026571,0.0442136000644768,-0.10441810551669334,True,ok,julia_xfoil,,poststall,seed_reference_pending_full_polar_dae11_rescue
dae11,"root,mid1",350000.0,clean,13.25,1.6693519303609419,0.0469318694388117,-0.10295375120124083,True,ok,julia_xfoil,,poststall,seed_reference_pending_full_polar_dae11_rescue
dae11,"root,mid1",350000.0,clean,13.5,1.6630616799507991,0.0499975888956392,-0.10141434078936946,True,ok,julia_xfoil,,poststall,seed_reference_pending_full_polar_dae11_rescue
dae11,"root,mid1",350000.0,clean,13.75,1.6627517796291205,0.05257977427899149,-0.10026612314581805,True,ok,julia_xfoil,,poststall,seed_reference_pending_full_polar_dae11_rescue
dae11,"root,mid1",350000.0,clean,14.0,1.6582223161760203,0.05564046996636393,-0.09903812123142094,True,ok,julia_xfoil,,poststall,seed_reference_pending_full_polar_dae11_rescue
dae11,"root,mid1",350000.0,clean,14.25,1.6550215409134532,0.058592818599647524,-0.09791779495677258,True,ok,julia_xfoil,,poststall,seed_reference_pending_full_polar_dae11_rescue
dae11,"root,mid1",350000.0,clean,14.5,1.6513584636972303,0.061647312937827554,-0.09688580071608797,True,ok,julia_xfoil,,poststall,seed_reference_pending_full_polar_dae11_rescue
dae11,"root,mid1",350000.0,clean,14.75,1.6450575951121436,0.06505231138085618,-0.0958638756394539,True,ok,julia_xfoil,,poststall,seed_reference_pending_full_polar_dae11_rescue
dae11,"root,mid1",350000.0,clean,15.0,1.6436859040954124,0.06795583873085811,-0.09504941766512677,True,ok,julia_xfoil,,poststall,seed_reference_pending_full_polar_dae11_rescue
dae11,"root,mid1",350000.0,clean,15.25,1.6352217791041965,0.0717961386576991,-0.0942494729052506,True,ok,julia_xfoil,,poststall,seed_reference_pending_full_polar_dae11_rescue
dae11,"root,mid1",350000.0,clean,15.5,1.6343934848327728,0.07473962977525463,-0.09362155423497086,True,ok,julia_xfoil,,poststall,seed_reference_pending_full_polar_dae11_rescue
dae11,"root,mid1",350000.0,clean,15.75,1.625594971430676,0.07872179651201065,-0.09301910348350004,True,ok,julia_xfoil,,poststall,seed_reference_pending_full_polar_dae11_rescue
dae11,"root,mid1",350000.0,clean,16.0,1.6235840757193971,0.0818725460792444,-0.09253040741808122,True,ok,julia_xfoil,,poststall,seed_reference_pending_full_polar_dae11_rescue
dae11,"root,mid1",350000.0,clean,16.25,1.6165801901667483,0.08569323220951476,-0.09210906830583349,True,ok,julia_xfoil,,poststall,seed_reference_pending_full_polar_dae11_rescue
dae11,"root,mid1",350000.0,clean,16.5,1.609060452535912,0.08971570118966425,-0.09183670772607057,True,ok,julia_xfoil,,poststall,seed_reference_pending_full_polar_dae11_rescue
dae11,"root,mid1",350000.0,clean,16.75,1.6074359958796811,0.09297370029575096,-0.09165432765991982,True,ok,julia_xfoil,,poststall,seed_reference_pending_full_polar_dae11_rescue
dae11,"root,mid1",350000.0,clean,17.0,1.5988186055159617,0.09725679187940636,-0.09166703178768759,True,ok,julia_xfoil,,poststall,seed_reference_pending_full_polar_dae11_rescue
dae11,"root,mid1",350000.0,clean,17.25,1.5875545219773468,0.10193835683650258,-0.0917299892367796,True,ok,julia_xfoil,,poststall,seed_reference_pending_full_polar_dae11_rescue
dae11,"root,mid1",350000.0,clean,17.5,1.5879967504436399,0.10504578149837447,-0.09185307638262837,True,ok,julia_xfoil,,poststall,seed_reference_pending_full_polar_dae11_rescue
dae11,"root,mid1",350000.0,clean,17.75,1.583486105054608,0.10885367096973432,-0.09213655917365178,True,ok,julia_xfoil,,poststall,seed_reference_pending_full_polar_dae11_rescue
dae11,"root,mid1",350000.0,clean,18.0,1.5770572229618864,0.11293929938590998,-0.09252834973397227,True,ok,julia_xfoil,,poststall,seed_reference_pending_full_polar_dae11_rescue
dae11,"root,mid1",373368.002421,clean,-6.0,-0.03447819375044102,0.06624252242584189,-0.07880294962149091,True,ok,julia_xfoil,,prestall,seed_reference_pending_full_polar_dae11_rescue
dae11,"root,mid1",373368.002421,clean,-5.75,-0.010442729973308845,0.061715954672453194,-0.08682252914392863,True,ok,julia_xfoil,,prestall,seed_reference_pending_full_polar_dae11_rescue
dae11,"root,mid1",373368.002421,clean,-5.5,0.0364569912992009,0.05478208978284182,-0.10289631999609844,True,ok,julia_xfoil,,prestall,seed_reference_pending_full_polar_dae11_rescue
dae11,"root,mid1",373368.002421,clean,-5.25,0.053663683979676885,0.04606776224427142,-0.11079863596856852,True,ok,julia_xfoil,,prestall,seed_reference_pending_full_polar_dae11_rescue
dae11,"root,mid1",373368.002421,clean,-5.0,0.07476367888407026,0.044393004505224196,-0.11179794080271349,True,ok,julia_xfoil,,prestall,seed_reference_pending_full_polar_dae11_rescue
dae11,"root,mid1",373368.002421,clean,-4.75,0.09920580855783757,0.0422966114995978,-0.11379408701068672,True,ok,julia_xfoil,,prestall,seed_reference_pending_full_polar_dae11_rescue
dae11,"root,mid1",373368.002421,clean,-4.5,0.12679289263306168,0.03967418975187796,-0.11659663473670541,True,ok,julia_xfoil,,prestall,seed_reference_pending_full_polar_dae11_rescue
dae11,"root,mid1",373368.002421,clean,-4.25,0.16488934140771266,0.03884217920177354,-0.11907039271779621,True,ok,julia_xfoil,,prestall,seed_reference_pending_full_polar_dae11_rescue
dae11,"root,mid1",373368.002421,clean,-4.0,0.1912079332908559,0.03180001660343113,-0.12394575611601513,True,ok,julia_xfoil,,prestall,seed_reference_pending_full_polar_dae11_rescue
dae11,"root,mid1",373368.002421,clean,-3.75,0.2169085111366643,0.02974846722963698,-0.12505805138964832,True,ok,julia_xfoil,,prestall,seed_reference_pending_full_polar_dae11_rescue
dae11,"root,mid1",373368.002421,clean,-3.5,0.24337010893196254,0.028565138140903643,-0.12593127189409725,True,ok,julia_xfoil,,prestall,seed_reference_pending_full_polar_dae11_rescue
dae11,"root,mid1",373368.002421,clean,-3.25,0.2803744423728154,0.0232914495158346,-0.12697664173086795,True,ok,julia_xfoil,,prestall,seed_reference_pending_full_polar_dae11_rescue
dae11,"root,mid1",373368.002421,clean,-3.0,0.3095948524263185,0.019981660570963303,-0.12783623659161616,True,ok,julia_xfoil,,prestall,seed_reference_pending_full_polar_dae11_rescue
dae11,"root,mid1",373368.002421,clean,-2.75,0.3391911183024468,0.018515296487772816,-0.12818176624404687,True,ok,julia_xfoil,,prestall,seed_reference_pending_full_polar_dae11_rescue
dae11,"root,mid1",373368.002421,clean,-2.5,0.36844247723597845,0.01761496272025454,-0.12842350684324275,True,ok,julia_xfoil,,prestall,seed_reference_pending_full_polar_dae11_rescue
dae11,"root,mid1",373368.002421,clean,-2.25,0.39751001098344857,0.017057116339475306,-0.1286219807176129,True,ok,julia_xfoil,,prestall,seed_reference_pending_full_polar_dae11_rescue
dae11,"root,mid1",373368.002421,clean,-2.0,0.42644730795415176,0.016564377350491655,-0.12879633903822826,True,ok,julia_xfoil,,prestall,seed_reference_pending_full_polar_dae11_rescue
dae11,"root,mid1",373368.002421,clean,-1.75,0.4550198418338853,0.015539395594145997,-0.12904892759510236,True,ok,julia_xfoil,,prestall,seed_reference_pending_full_polar_dae11_rescue
dae11,"root,mid1",373368.002421,clean,-1.5,0.4837805344571464,0.01528050730267512,-0.12929218979388946,True,ok,julia_xfoil,,prestall,seed_reference_pending_full_polar_dae11_rescue
dae11,"root,mid1",373368.002421,clean,-1.25,0.512802250588002,0.014981491784015179,-0.12946517756687856,True,ok,julia_xfoil,,prestall,seed_reference_pending_full_polar_dae11_rescue
dae11,"root,mid1",373368.002421,clean,-1.0,0.5420759136954442,0.014471663035907049,-0.1296986161161086,True,ok,julia_xfoil,,prestall,seed_reference_pending_full_polar_dae11_rescue
dae11,"root,mid1",373368.002421,clean,-0.75,0.5713086980764922,0.01419843466039146,-0.12989917773727358,True,ok,julia_xfoil,,prestall,seed_reference_pending_full_polar_dae11_rescue
dae11,"root,mid1",373368.002421,clean,-0.5,0.6004017392209089,0.013661309284509012,-0.1303285803072385,True,ok,julia_xfoil,,prestall,seed_reference_pending_full_polar_dae11_rescue
dae11,"root,mid1",373368.002421,clean,-0.25,0.628300862556712,0.013304497574777554,-0.13081746725486895,True,ok,julia_xfoil,,prestall,seed_reference_pending_full_polar_dae11_rescue
dae11,"root,mid1",373368.002421,clean,0.0,0.655377149435045,0.013095230445540658,-0.1311184507277431,True,ok,julia_xfoil,,prestall,seed_reference_pending_full_polar_dae11_rescue
dae11,"root,mid1",373368.002421,clean,0.25,0.6793266473178703,0.012509849050274016,-0.13040921468790795,True,ok,julia_xfoil,,prestall,seed_reference_pending_full_polar_dae11_rescue
dae11,"root,mid1",373368.002421,clean,0.5,0.707264296955679,0.01209845768149259,-0.13001026397381646,True,ok,julia_xfoil,,prestall,seed_reference_pending_full_polar_dae11_rescue
dae11,"root,mid1",373368.002421,clean,0.75,0.7361099633262669,0.01216582715310748,-0.13030781732928715,True,ok,julia_xfoil,,prestall,seed_reference_pending_full_polar_dae11_rescue
dae11,"root,mid1",373368.002421,clean,1.0,0.7649230313044088,0.012232717542806274,-0.13058196563369115,True,ok,julia_xfoil,,prestall,seed_reference_pending_full_polar_dae11_rescue
dae11,"root,mid1",373368.002421,clean,1.25,0.7937625006355836,0.012287050461840107,-0.1308373980439116,True,ok,julia_xfoil,,prestall,seed_reference_pending_full_polar_dae11_rescue
dae11,"root,mid1",373368.002421,clean,1.5,0.8227897327295449,0.012284828656919551,-0.13106147321586423,True,ok,julia_xfoil,,prestall,seed_reference_pending_full_polar_dae11_rescue
dae11,"root,mid1",373368.002421,clean,1.75,0.8519422678260826,0.012252500795057204,-0.13126863717687182,True,ok,julia_xfoil,,prestall,seed_reference_pending_full_polar_dae11_rescue
dae11,"root,mid1",373368.002421,clean,2.0,0.8811126746538646,0.012233121585400438,-0.13147841794994747,True,ok,julia_xfoil,,prestall,seed_reference_pending_full_polar_dae11_rescue
dae11,"root,mid1",373368.002421,clean,2.25,0.9102213649867755,0.012246292190676399,-0.1316834958673785,True,ok,julia_xfoil,,prestall,seed_reference_pending_full_polar_dae11_rescue
dae11,"root,mid1",373368.002421,clean,2.5,0.9386137414603476,0.012452770249590094,-0.13185145202322507,True,ok,julia_xfoil,,prestall,seed_reference_pending_full_polar_dae11_rescue
dae11,"root,mid1",373368.002421,clean,2.75,0.9666963379442318,0.012570467753046453,-0.13211149829754795,True,ok,julia_xfoil,,prestall,seed_reference_pending_full_polar_dae11_rescue
dae11,"root,mid1",373368.002421,clean,3.0,0.9947675312401322,0.012642592670514688,-0.13237390081271522,True,ok,julia_xfoil,,prestall,seed_reference_pending_full_polar_dae11_rescue
dae11,"root,mid1",373368.002421,clean,3.25,1.022990939359986,0.01268525491162393,-0.1326077705567782,True,ok,julia_xfoil,,prestall,seed_reference_pending_full_polar_dae11_rescue
dae11,"root,mid1",373368.002421,clean,3.5,1.0515372900634414,0.012676345775371885,-0.13282702772726204,True,ok,julia_xfoil,,prestall,seed_reference_pending_full_polar_dae11_rescue
dae11,"root,mid1",373368.002421,clean,3.75,1.080359112917349,0.012626465285220705,-0.13304181457085118,True,ok,julia_xfoil,,prestall,seed_reference_pending_full_polar_dae11_rescue
dae11,"root,mid1",373368.002421,clean,4.0,1.1094451568749668,0.012534638511545366,-0.13325248835758302,True,ok,julia_xfoil,,prestall,seed_reference_pending_full_polar_dae11_rescue
dae11,"root,mid1",373368.002421,clean,4.25,1.1385872742648249,0.012449097798805146,-0.1334610323344374,True,ok,julia_xfoil,,prestall,seed_reference_pending_full_polar_dae11_rescue
dae11,"root,mid1",373368.002421,clean,4.5,1.1673327236764994,0.012485381400790271,-0.1336508474748233,True,ok,julia_xfoil,,prestall,seed_reference_pending_full_polar_dae11_rescue
dae11,"root,mid1",373368.002421,clean,4.75,1.194791596691502,0.012600586915704058,-0.1338282629189458,True,ok,julia_xfoil,,prestall,seed_reference_pending_full_polar_dae11_rescue
dae11,"root,mid1",373368.002421,clean,5.0,1.2222498069674468,0.012647251942303825,-0.13400522806150922,True,ok,julia_xfoil,,prestall,seed_reference_pending_full_polar_dae11_rescue
dae11,"root,mid1",373368.002421,clean,5.25,1.2502620968972868,0.012622930975999784,-0.1341806499577346,True,ok,julia_xfoil,,prestall,seed_reference_pending_full_polar_dae11_rescue
dae11,"root,mid1",373368.002421,clean,5.5,1.2787346399411461,0.01254408941116486,-0.13436361688469034,True,ok,julia_xfoil,,prestall,seed_reference_pending_full_polar_dae11_rescue
dae11,"root,mid1",373368.002421,clean,5.75,1.3073802330576638,0.01243379812043282,-0.1345309196370097,True,ok,julia_xfoil,,prestall,seed_reference_pending_full_polar_dae11_rescue
dae11,"root,mid1",373368.002421,clean,6.0,1.3360572833944868,0.012420610158360823,-0.13470499053958693,True,ok,julia_xfoil,,prestall,seed_reference_pending_full_polar_dae11_rescue
dae11,"root,mid1",373368.002421,clean,6.25,1.3625520726260845,0.012520959465034799,-0.1347869549457317,True,ok,julia_xfoil,,prestall,seed_reference_pending_full_polar_dae11_rescue
dae11,"root,mid1",373368.002421,clean,6.5,1.389488077871506,0.012560366356057666,-0.13487801485021117,True,ok,julia_xfoil,,prestall,seed_reference_pending_full_polar_dae11_rescue
dae11,"root,mid1",373368.002421,clean,6.75,1.4169625720110315,0.012524687723475607,-0.13496124076042632,True,ok,julia_xfoil,,prestall,seed_reference_pending_full_polar_dae11_rescue
dae11,"root,mid1",373368.002421,clean,7.0,1.4448672531072786,0.012490207881461598,-0.13503652768283242,True,ok,julia_xfoil,,prestall,seed_reference_pending_full_polar_dae11_rescue
dae11,"root,mid1",373368.002421,clean,7.25,1.47079681802892,0.012633262218434601,-0.1350350641343578,True,ok,julia_xfoil,,prestall,seed_reference_pending_full_polar_dae11_rescue
dae11,"root,mid1",373368.002421,clean,7.5,1.4966722484446542,0.012740611304740359,-0.13500621563309093,True,ok,julia_xfoil,,prestall,seed_reference_pending_full_polar_dae11_rescue
dae11,"root,mid1",373368.002421,clean,7.75,1.5230566782731327,0.012790156290547097,-0.13491461577399877,True,ok,julia_xfoil,,prestall,seed_reference_pending_full_polar_dae11_rescue
dae11,"root,mid1",373368.002421,clean,8.0,1.5479328686392235,0.013001891127608778,-0.13478874403356014,True,ok,julia_xfoil,,prestall,seed_reference_pending_full_polar_dae11_rescue
dae11,"root,mid1",373368.002421,clean,8.25,1.5724151217501705,0.013195087853745081,-0.13455630368882887,True,ok,julia_xfoil,,prestall,seed_reference_pending_full_polar_dae11_rescue
dae11,"root,mid1",373368.002421,clean,8.5,1.5961291632572585,0.013459090373662453,-0.13421988251376296,True,ok,julia_xfoil,,prestall,seed_reference_pending_full_polar_dae11_rescue
dae11,"root,mid1",373368.002421,clean,8.75,1.6186148294766005,0.013791036490984619,-0.1337885730659882,True,ok,julia_xfoil,,prestall,seed_reference_pending_full_polar_dae11_rescue
dae11,"root,mid1",373368.002421,clean,9.0,1.6397636023052675,0.014204558395980789,-0.13316799755001557,True,ok,julia_xfoil,,prestall,seed_reference_pending_full_polar_dae11_rescue
dae11,"root,mid1",373368.002421,clean,9.25,1.6586218240309714,0.014733675103342633,-0.13228134590197071,True,ok,julia_xfoil,,prestall,seed_reference_pending_full_polar_dae11_rescue
dae11,"root,mid1",373368.002421,clean,9.5,1.675551391341005,0.01537008614327016,-0.13123545687832314,True,ok,julia_xfoil,,prestall,seed_reference_pending_full_polar_dae11_rescue
dae11,"root,mid1",373368.002421,clean,9.75,1.6884595901049397,0.016207552050831107,-0.129733558485768,True,ok,julia_xfoil,,prestall,seed_reference_pending_full_polar_dae11_rescue
dae11,"root,mid1",373368.002421,clean,10.0,1.6934054545686497,0.0174174103709169,-0.12745031461848302,True,ok,julia_xfoil,,prestall,seed_reference_pending_full_polar_dae11_rescue
dae11,"root,mid1",373368.002421,clean,10.25,1.6993478500140549,0.01881136397379735,-0.1257966415140727,True,ok,julia_xfoil,,prestall,seed_reference_pending_full_polar_dae11_rescue
dae11,"root,mid1",373368.002421,clean,10.5,1.7019225301662981,0.020559891790200856,-0.12402142310928596,True,ok,julia_xfoil,,prestall,seed_reference_pending_full_polar_dae11_rescue
dae11,"root,mid1",373368.002421,clean,10.75,1.701050872891423,0.02262794862474394,-0.12204072543317186,True,ok,julia_xfoil,,poststall,seed_reference_pending_full_polar_dae11_rescue
dae11,"root,mid1",373368.002421,clean,11.0,1.7003819759345868,0.024718478474883926,-0.12011820675990666,True,ok,julia_xfoil,,poststall,seed_reference_pending_full_polar_dae11_rescue
dae11,"root,mid1",373368.002421,clean,11.25,1.6996022244477362,0.026851362288701722,-0.11822330587209391,True,ok,julia_xfoil,,poststall,seed_reference_pending_full_polar_dae11_rescue
dae11,"root,mid1",373368.002421,clean,11.5,1.6954571478770724,0.02922531149363784,-0.11606159354441442,True,ok,julia_xfoil,,poststall,seed_reference_pending_full_polar_dae11_rescue
dae11,"root,mid1",373368.002421,clean,11.75,1.6911651550884055,0.03163452771415826,-0.11393308529052155,True,ok,julia_xfoil,,poststall,seed_reference_pending_full_polar_dae11_rescue
dae11,"root,mid1",373368.002421,clean,12.0,1.6890420914604591,0.033926928084861134,-0.11204469218034213,True,ok,julia_xfoil,,poststall,seed_reference_pending_full_polar_dae11_rescue
dae11,"root,mid1",373368.002421,clean,12.25,1.6836620409554435,0.03645505168760726,-0.10993007205546769,True,ok,julia_xfoil,,poststall,seed_reference_pending_full_polar_dae11_rescue
dae11,"root,mid1",373368.002421,clean,12.5,1.6790957762994014,0.03903179966394078,-0.10803053123988016,True,ok,julia_xfoil,,poststall,seed_reference_pending_full_polar_dae11_rescue
dae11,"root,mid1",373368.002421,clean,12.75,1.677734856745766,0.041452772522171034,-0.10645503248000228,True,ok,julia_xfoil,,poststall,seed_reference_pending_full_polar_dae11_rescue
dae11,"root,mid1",373368.002421,clean,13.0,1.6722379062378137,0.044320300266552065,-0.10476122789870956,True,ok,julia_xfoil,,poststall,seed_reference_pending_full_polar_dae11_rescue
dae11,"root,mid1",373368.002421,clean,13.25,1.6701993038595653,0.04693060026558296,-0.10334694386651236,True,ok,julia_xfoil,,poststall,seed_reference_pending_full_polar_dae11_rescue
dae11,"root,mid1",373368.002421,clean,13.5,1.6679005456520555,0.04959270814763331,-0.10195699531034752,True,ok,julia_xfoil,,poststall,seed_reference_pending_full_polar_dae11_rescue
dae11,"root,mid1",373368.002421,clean,13.75,1.6622391872077689,0.05272580786091492,-0.10060310739869742,True,ok,julia_xfoil,,poststall,seed_reference_pending_full_polar_dae11_rescue
dae11,"root,mid1",373368.002421,clean,14.0,1.6617764837332947,0.05534724113759881,-0.09949622610297532,True,ok,julia_xfoil,,poststall,seed_reference_pending_full_polar_dae11_rescue
dae11,"root,mid1",373368.002421,clean,14.25,1.6567817312878463,0.058492849890115384,-0.09830800007948978,True,ok,julia_xfoil,,poststall,seed_reference_pending_full_polar_dae11_rescue
dae11,"root,mid1",373368.002421,clean,14.5,1.6539928076670791,0.06144117554513508,-0.09729168098540432,True,ok,julia_xfoil,,poststall,seed_reference_pending_full_polar_dae11_rescue
dae11,"root,mid1",373368.002421,clean,14.75,1.6496515128042104,0.06462160164761063,-0.09630151295257931,True,ok,julia_xfoil,,poststall,seed_reference_pending_full_polar_dae11_rescue
dae11,"root,mid1",373368.002421,clean,15.0,1.646283416013141,0.06773374754114173,-0.0954219269169624,True,ok,julia_xfoil,,poststall,seed_reference_pending_full_polar_dae11_rescue
dae11,"root,mid1",373368.002421,clean,15.25,1.6414166684827265,0.07114619688032686,-0.0946684579950809,True,ok,julia_xfoil,,poststall,seed_reference_pending_full_polar_dae11_rescue
dae11,"root,mid1",373368.002421,clean,15.5,1.6377347280428982,0.07441407609784266,-0.09397714591688468,True,ok,julia_xfoil,,poststall,seed_reference_pending_full_polar_dae11_rescue
dae11,"root,mid1",373368.002421,clean,15.75,1.631832317190911,0.07803977313737626,-0.09338498676518481,True,ok,julia_xfoil,,poststall,seed_reference_pending_full_polar_dae11_rescue
dae11,"root,mid1",373368.002421,clean,16.0,1.6281035245484299,0.08139870845464729,-0.09288496752451428,True,ok,julia_xfoil,,poststall,seed_reference_pending_full_polar_dae11_rescue
dae11,"root,mid1",373368.002421,clean,16.25,1.6189270496673402,0.08548655964590368,-0.09240807280075243,True,ok,julia_xfoil,,poststall,seed_reference_pending_full_polar_dae11_rescue
dae11,"root,mid1",373368.002421,clean,16.5,1.6172896792593332,0.08872283372661519,-0.0921510589395371,True,ok,julia_xfoil,,poststall,seed_reference_pending_full_polar_dae11_rescue
dae11,"root,mid1",373368.002421,clean,16.75,1.6122476612725165,0.0924230929575621,-0.09195821051642875,True,ok,julia_xfoil,,poststall,seed_reference_pending_full_polar_dae11_rescue
dae11,"root,mid1",373368.002421,clean,17.0,1.601011033430494,0.09705983295063203,-0.09193106951888737,True,ok,julia_xfoil,,poststall,seed_reference_pending_full_polar_dae11_rescue
dae11,"root,mid1",373368.002421,clean,17.25,1.5987145323753278,0.10050007481362792,-0.09193198297181238,True,ok,julia_xfoil,,poststall,seed_reference_pending_full_polar_dae11_rescue
dae11,"root,mid1",373368.002421,clean,17.5,1.5966430957771713,0.10392658240218919,-0.09203474253720594,True,ok,julia_xfoil,,poststall,seed_reference_pending_full_polar_dae11_rescue
dae11,"root,mid1",373368.002421,clean,17.75,1.5893949470017108,0.10813699229287603,-0.09236900051919499,True,ok,julia_xfoil,,poststall,seed_reference_pending_full_polar_dae11_rescue
dae11,"root,mid1",373368.002421,clean,18.0,1.5800243453482632,0.11263232034712455,-0.09276501864474299,True,ok,julia_xfoil,,poststall,seed_reference_pending_full_polar_dae11_rescue
dae11,"root,mid1",381788.09520700003,clean,-6.0,-0.03505596134699496,0.06584164838545645,-0.07898154678780553,True,ok,julia_xfoil,,prestall,seed_reference_pending_full_polar_dae11_rescue
dae11,"root,mid1",381788.09520700003,clean,-5.75,-0.012926231986316363,0.06177940307918834,-0.08559163446528764,True,ok,julia_xfoil,,prestall,seed_reference_pending_full_polar_dae11_rescue
dae11,"root,mid1",381788.09520700003,clean,-5.5,0.033890307839605456,0.054955854520019935,-0.10167906051351004,True,ok,julia_xfoil,,prestall,seed_reference_pending_full_polar_dae11_rescue
dae11,"root,mid1",381788.09520700003,clean,-5.25,0.05587252593770052,0.045017399652919475,-0.11192143966528816,True,ok,julia_xfoil,,prestall,seed_reference_pending_full_polar_dae11_rescue
dae11,"root,mid1",381788.09520700003,clean,-5.0,0.07649444519234733,0.04326330261787242,-0.11281084896498658,True,ok,julia_xfoil,,prestall,seed_reference_pending_full_polar_dae11_rescue
dae11,"root,mid1",381788.09520700003,clean,-4.75,0.10051012790414716,0.04133756617495412,-0.11452203115002119,True,ok,julia_xfoil,,prestall,seed_reference_pending_full_polar_dae11_rescue
dae11,"root,mid1",381788.09520700003,clean,-4.5,0.1271598739879312,0.03903963671239585,-0.11683558162927675,True,ok,julia_xfoil,,prestall,seed_reference_pending_full_polar_dae11_rescue
dae11,"root,mid1",381788.09520700003,clean,-4.25,0.16143424243510857,0.03715885742537868,-0.11939879605561059,True,ok,julia_xfoil,,prestall,seed_reference_pending_full_polar_dae11_rescue
dae11,"root,mid1",381788.09520700003,clean,-4.0,0.19364045770244762,0.03636227551858581,-0.12096161341425088,True,ok,julia_xfoil,,prestall,seed_reference_pending_full_polar_dae11_rescue
dae11,"root,mid1",381788.09520700003,clean,-3.75,0.21735420691166443,0.02944862506152287,-0.12510564803514485,True,ok,julia_xfoil,,prestall,seed_reference_pending_full_polar_dae11_rescue
dae11,"root,mid1",381788.09520700003,clean,-3.5,0.24428910289675115,0.02802565212680728,-0.12600232176364676,True,ok,julia_xfoil,,prestall,seed_reference_pending_full_polar_dae11_rescue
dae11,"root,mid1",381788.09520700003,clean,-3.25,0.2800406392277879,0.02226338863289155,-0.12707227763965115,True,ok,julia_xfoil,,prestall,seed_reference_pending_full_polar_dae11_rescue
dae11,"root,mid1",381788.09520700003,clean,-3.0,0.309860413530099,0.019615445854515145,-0.12777426533077213,True,ok,julia_xfoil,,prestall,seed_reference_pending_full_polar_dae11_rescue
dae11,"root,mid1",381788.09520700003,clean,-2.75,0.3394398801178718,0.018178301801285428,-0.12809275543888157,True,ok,julia_xfoil,,prestall,seed_reference_pending_full_polar_dae11_rescue
dae11,"root,mid1",381788.09520700003,clean,-2.5,0.3686451780142315,0.017305462505084968,-0.1283261416738761,True,ok,julia_xfoil,,prestall,seed_reference_pending_full_polar_dae11_rescue
dae11,"root,mid1",381788.09520700003,clean,-2.25,0.39769402157672396,0.016731776573738734,-0.12851929467961953,True,ok,julia_xfoil,,prestall,seed_reference_pending_full_polar_dae11_rescue
dae11,"root,mid1",381788.09520700003,clean,-2.0,0.42668504793030354,0.016376432094588403,-0.1286747992219193,True,ok,julia_xfoil,,prestall,seed_reference_pending_full_polar_dae11_rescue
dae11,"root,mid1",381788.09520700003,clean,-1.75,0.4553248016188281,0.015304705694797497,-0.1289060494893296,True,ok,julia_xfoil,,prestall,seed_reference_pending_full_polar_dae11_rescue
dae11,"root,mid1",381788.09520700003,clean,-1.5,0.4841227738971657,0.014998965736952944,-0.1291579062450506,True,ok,julia_xfoil,,prestall,seed_reference_pending_full_polar_dae11_rescue
dae11,"root,mid1",381788.09520700003,clean,-1.25,0.5131706568612993,0.014707945654928051,-0.1293375881901078,True,ok,julia_xfoil,,prestall,seed_reference_pending_full_polar_dae11_rescue
dae11,"root,mid1",381788.09520700003,clean,-1.0,0.5424646569208104,0.014234565326465345,-0.12956157365013246,True,ok,julia_xfoil,,prestall,seed_reference_pending_full_polar_dae11_rescue
dae11,"root,mid1",381788.09520700003,clean,-0.75,0.5716344292307264,0.014006416985084256,-0.12976296411297997,True,ok,julia_xfoil,,prestall,seed_reference_pending_full_polar_dae11_rescue
dae11,"root,mid1",381788.09520700003,clean,-0.5,0.6006820565668376,0.013485457734616822,-0.13019326325209077,True,ok,julia_xfoil,,prestall,seed_reference_pending_full_polar_dae11_rescue
dae11,"root,mid1",381788.09520700003,clean,-0.25,0.6279965358293026,0.013330561920705798,-0.13068563656039547,True,ok,julia_xfoil,,prestall,seed_reference_pending_full_polar_dae11_rescue
dae11,"root,mid1",381788.09520700003,clean,0.0,0.6559294024844304,0.012882550306774434,-0.13107643031502472,True,ok,julia_xfoil,,prestall,seed_reference_pending_full_polar_dae11_rescue
dae11,"root,mid1",381788.09520700003,clean,0.25,0.6806513083630402,0.012342903780928336,-0.1305676529218331,True,ok,julia_xfoil,,prestall,seed_reference_pending_full_polar_dae11_rescue
dae11,"root,mid1",381788.09520700003,clean,0.5,0.7077453978336474,0.011870957946471894,-0.12996254405691454,True,ok,julia_xfoil,,prestall,seed_reference_pending_full_polar_dae11_rescue
dae11,"root,mid1",381788.09520700003,clean,0.75,0.7366387182266538,0.011930243439110436,-0.13025238761912505,True,ok,julia_xfoil,,prestall,seed_reference_pending_full_polar_dae11_rescue
dae11,"root,mid1",381788.09520700003,clean,1.0,0.7655154127020171,0.011986675567265119,-0.13052206204802683,True,ok,julia_xfoil,,prestall,seed_reference_pending_full_polar_dae11_rescue
dae11,"root,mid1",381788.09520700003,clean,1.25,0.7944532559120955,0.012028070999797087,-0.1307766612350492,True,ok,julia_xfoil,,prestall,seed_reference_pending_full_polar_dae11_rescue
dae11,"root,mid1",381788.09520700003,clean,1.5,0.8235420667515627,0.012019391003283987,-0.13100236222709888,True,ok,julia_xfoil,,prestall,seed_reference_pending_full_polar_dae11_rescue
dae11,"root,mid1",381788.09520700003,clean,1.75,0.8527295701873325,0.011987928560151122,-0.1312138056907304,True,ok,julia_xfoil,,prestall,seed_reference_pending_full_polar_dae11_rescue
dae11,"root,mid1",381788.09520700003,clean,2.0,0.8819008821871883,0.011978015794515368,-0.13142859918788458,True,ok,julia_xfoil,,prestall,seed_reference_pending_full_polar_dae11_rescue
dae11,"root,mid1",381788.09520700003,clean,2.25,0.9109217124564394,0.012021939995591731,-0.13163566868468157,True,ok,julia_xfoil,,prestall,seed_reference_pending_full_polar_dae11_rescue
dae11,"root,mid1",381788.09520700003,clean,2.5,0.9389046676774498,0.012307737256085749,-0.13181295335772225,True,ok,julia_xfoil,,prestall,seed_reference_pending_full_polar_dae11_rescue
dae11,"root,mid1",381788.09520700003,clean,2.75,0.9672519337336655,0.01233942752738181,-0.13209714906760475,True,ok,julia_xfoil,,prestall,seed_reference_pending_full_polar_dae11_rescue
dae11,"root,mid1",381788.09520700003,clean,3.0,0.9954250962194127,0.01240569392315441,-0.13235824332625007,True,ok,julia_xfoil,,prestall,seed_reference_pending_full_polar_dae11_rescue
dae11,"root,mid1",381788.09520700003,clean,3.25,1.0238000162249334,0.012433903006012532,-0.13259489690568244,True,ok,julia_xfoil,,prestall,seed_reference_pending_full_polar_dae11_rescue
dae11,"root,mid1",381788.09520700003,clean,3.5,1.0524520039014231,0.012414586641514402,-0.13281815560706847,True,ok,julia_xfoil,,prestall,seed_reference_pending_full_polar_dae11_rescue
dae11,"root,mid1",381788.09520700003,clean,3.75,1.081343426881941,0.012359674722492648,-0.13303782235444772,True,ok,julia_xfoil,,prestall,seed_reference_pending_full_polar_dae11_rescue
dae11,"root,mid1",381788.09520700003,clean,4.0,1.110450699695675,0.01227097554638475,-0.1332528924640192,True,ok,julia_xfoil,,prestall,seed_reference_pending_full_polar_dae11_rescue
dae11,"root,mid1",381788.09520700003,clean,4.25,1.1395120281544635,0.012206428028379514,-0.1334619982502227,True,ok,julia_xfoil,,prestall,seed_reference_pending_full_polar_dae11_rescue
dae11,"root,mid1",381788.09520700003,clean,4.5,1.1680349300095703,0.01232928730449583,-0.13365239120323671,True,ok,julia_xfoil,,prestall,seed_reference_pending_full_polar_dae11_rescue
dae11,"root,mid1",381788.09520700003,clean,4.75,1.1954285803330014,0.012382944714442025,-0.13383919025142854,True,ok,julia_xfoil,,prestall,seed_reference_pending_full_polar_dae11_rescue
dae11,"root,mid1",381788.09520700003,clean,5.0,1.2230768393650229,0.012417181987344145,-0.1340258424561602,True,ok,julia_xfoil,,prestall,seed_reference_pending_full_polar_dae11_rescue
dae11,"root,mid1",381788.09520700003,clean,5.25,1.2512291101259987,0.01238215234450229,-0.1342095909679122,True,ok,julia_xfoil,,prestall,seed_reference_pending_full_polar_dae11_rescue
dae11,"root,mid1",381788.09520700003,clean,5.5,1.279751845755521,0.01230257042386099,-0.13439758400685353,True,ok,julia_xfoil,,prestall,seed_reference_pending_full_polar_dae11_rescue
dae11,"root,mid1",381788.09520700003,clean,5.75,1.3083660703134552,0.012205838391771428,-0.13456474045575126,True,ok,julia_xfoil,,prestall,seed_reference_pending_full_polar_dae11_rescue
dae11,"root,mid1",381788.09520700003,clean,6.0,1.3368275160870564,0.012247636778276196,-0.13474005215755808,True,ok,julia_xfoil,,prestall,seed_reference_pending_full_polar_dae11_rescue
dae11,"root,mid1",381788.09520700003,clean,6.25,1.3632481292960834,0.012326251103931051,-0.13482387151445877,True,ok,julia_xfoil,,prestall,seed_reference_pending_full_polar_dae11_rescue
dae11,"root,mid1",381788.09520700003,clean,6.5,1.390376916965922,0.012353666512825642,-0.13492842189643373,True,ok,julia_xfoil,,prestall,seed_reference_pending_full_polar_dae11_rescue
dae11,"root,mid1",381788.09520700003,clean,6.75,1.4179480595140437,0.012315956126779772,-0.13501695815031237,True,ok,julia_xfoil,,prestall,seed_reference_pending_full_polar_dae11_rescue
dae11,"root,mid1",381788.09520700003,clean,7.0,1.445807520309914,0.012312562120969121,-0.13509215390941323,True,ok,julia_xfoil,,prestall,seed_reference_pending_full_polar_dae11_rescue
dae11,"root,mid1",381788.09520700003,clean,7.25,1.4714900021178132,0.012465282061100745,-0.1350934153749327,True,ok,julia_xfoil,,prestall,seed_reference_pending_full_polar_dae11_rescue
dae11,"root,mid1",381788.09520700003,clean,7.5,1.497577151617716,0.01255921423514042,-0.13507440600642326,True,ok,julia_xfoil,,prestall,seed_reference_pending_full_polar_dae11_rescue
dae11,"root,mid1",381788.09520700003,clean,7.75,1.523913874942248,0.012627869089092896,-0.13497331325881032,True,ok,julia_xfoil,,prestall,seed_reference_pending_full_polar_dae11_rescue
dae11,"root,mid1",381788.09520700003,clean,8.0,1.5486837127191138,0.012850872187366648,-0.13486685496613432,True,ok,julia_xfoil,,prestall,seed_reference_pending_full_polar_dae11_rescue
dae11,"root,mid1",381788.09520700003,clean,8.25,1.5732307360124997,0.013042202012954609,-0.1346246033386335,True,ok,julia_xfoil,,prestall,seed_reference_pending_full_polar_dae11_rescue
dae11,"root,mid1",381788.09520700003,clean,8.5,1.5968616650469083,0.013324079137733704,-0.13431146261527552,True,ok,julia_xfoil,,prestall,seed_reference_pending_full_polar_dae11_rescue
dae11,"root,mid1",381788.09520700003,clean,8.75,1.619316055576257,0.013659841831492353,-0.1338558515109067,True,ok,julia_xfoil,,prestall,seed_reference_pending_full_polar_dae11_rescue
dae11,"root,mid1",381788.09520700003,clean,9.0,1.6405164318118772,0.014080211009228483,-0.13326753205249212,True,ok,julia_xfoil,,prestall,seed_reference_pending_full_polar_dae11_rescue
dae11,"root,mid1",381788.09520700003,clean,9.25,1.658917609126725,0.014641114350127002,-0.1323078331288739,True,ok,julia_xfoil,,prestall,seed_reference_pending_full_polar_dae11_rescue
dae11,"root,mid1",381788.09520700003,clean,9.5,1.6759187626836007,0.015279202882844402,-0.13128798119330554,True,ok,julia_xfoil,,prestall,seed_reference_pending_full_polar_dae11_rescue
dae11,"root,mid1",381788.09520700003,clean,9.75,1.6890924351570205,0.01611049697125365,-0.12983672169342067,True,ok,julia_xfoil,,prestall,seed_reference_pending_full_polar_dae11_rescue
dae11,"root,mid1",381788.09520700003,clean,10.0,1.6942314071628866,0.017321239457678585,-0.12759137949563568,True,ok,julia_xfoil,,prestall,seed_reference_pending_full_polar_dae11_rescue
dae11,"root,mid1",381788.09520700003,clean,10.25,1.6988972382633298,0.018805680558212974,-0.12582949717656483,True,ok,julia_xfoil,,prestall,seed_reference_pending_full_polar_dae11_rescue
dae11,"root,mid1",381788.09520700003,clean,10.5,1.7020822965307942,0.020529543678221032,-0.12413114369523304,True,ok,julia_xfoil,,prestall,seed_reference_pending_full_polar_dae11_rescue
dae11,"root,mid1",381788.09520700003,clean,10.75,1.7021189363338964,0.022542970760642725,-0.12223152635221285,True,ok,julia_xfoil,,prestall,seed_reference_pending_full_polar_dae11_rescue
dae11,"root,mid1",381788.09520700003,clean,11.0,1.6994519936807506,0.024781835074333295,-0.12014958492028788,True,ok,julia_xfoil,,poststall,seed_reference_pending_full_polar_dae11_rescue
dae11,"root,mid1",381788.09520700003,clean,11.25,1.699303921716611,0.026876857162047636,-0.11831407551115089,True,ok,julia_xfoil,,poststall,seed_reference_pending_full_polar_dae11_rescue
dae11,"root,mid1",381788.09520700003,clean,11.5,1.6963038944986633,0.029169205313635996,-0.11623904295250942,True,ok,julia_xfoil,,poststall,seed_reference_pending_full_polar_dae11_rescue
dae11,"root,mid1",381788.09520700003,clean,11.75,1.690247839042021,0.03171331565762267,-0.11397804316077163,True,ok,julia_xfoil,,poststall,seed_reference_pending_full_polar_dae11_rescue
dae11,"root,mid1",381788.09520700003,clean,12.0,1.688769604843582,0.03396233478030662,-0.11214371515105141,True,ok,julia_xfoil,,poststall,seed_reference_pending_full_polar_dae11_rescue
dae11,"root,mid1",381788.09520700003,clean,12.25,1.6848318556515962,0.03637360535621202,-0.11011860061298714,True,ok,julia_xfoil,,poststall,seed_reference_pending_full_polar_dae11_rescue
dae11,"root,mid1",381788.09520700003,clean,12.5,1.6784291624479142,0.039109618550851155,-0.10810795570888723,True,ok,julia_xfoil,,poststall,seed_reference_pending_full_polar_dae11_rescue
dae11,"root,mid1",381788.09520700003,clean,12.75,1.6780345638199854,0.04144593818632031,-0.10658601119597781,True,ok,julia_xfoil,,poststall,seed_reference_pending_full_polar_dae11_rescue
dae11,"root,mid1",381788.09520700003,clean,13.0,1.6739392753318334,0.044184226924507644,-0.10495987193737223,True,ok,julia_xfoil,,poststall,seed_reference_pending_full_polar_dae11_rescue
dae11,"root,mid1",381788.09520700003,clean,13.25,1.6698911442787203,0.04698791656501822,-0.10345146673161873,True,ok,julia_xfoil,,poststall,seed_reference_pending_full_polar_dae11_rescue
dae11,"root,mid1",381788.09520700003,clean,13.5,1.668975213776338,0.049511171563422246,-0.10211620913754206,True,ok,julia_xfoil,,poststall,seed_reference_pending_full_polar_dae11_rescue
dae11,"root,mid1",381788.09520700003,clean,13.75,1.6622222888206681,0.05275635781616209,-0.10071502449181535,True,ok,julia_xfoil,,poststall,seed_reference_pending_full_polar_dae11_rescue
dae11,"root,mid1",381788.09520700003,clean,14.0,1.6624373612516445,0.055304641235632855,-0.0996317835242057,True,ok,julia_xfoil,,poststall,seed_reference_pending_full_polar_dae11_rescue
dae11,"root,mid1",381788.09520700003,clean,14.25,1.6587839521418863,0.05830318936291876,-0.09847908414412967,True,ok,julia_xfoil,,poststall,seed_reference_pending_full_polar_dae11_rescue
dae11,"root,mid1",381788.09520700003,clean,14.5,1.654352601156211,0.06142911356663993,-0.09741194094523858,True,ok,julia_xfoil,,poststall,seed_reference_pending_full_polar_dae11_rescue
dae11,"root,mid1",381788.09520700003,clean,14.75,1.6514584281314808,0.0644432638589536,-0.09645175605426896,True,ok,julia_xfoil,,poststall,seed_reference_pending_full_polar_dae11_rescue
dae11,"root,mid1",381788.09520700003,clean,15.0,1.64685824535213,0.06769478483535814,-0.09554013047054195,True,ok,julia_xfoil,,poststall,seed_reference_pending_full_polar_dae11_rescue
dae11,"root,mid1",381788.09520700003,clean,15.25,1.6433337997653514,0.07094552341657977,-0.09480605952316831,True,ok,julia_xfoil,,poststall,seed_reference_pending_full_polar_dae11_rescue
dae11,"root,mid1",381788.09520700003,clean,15.5,1.6386260334098366,0.07433315697112977,-0.09409279975014745,True,ok,julia_xfoil,,poststall,seed_reference_pending_full_polar_dae11_rescue
dae11,"root,mid1",381788.09520700003,clean,15.75,1.634271348894101,0.07776498956732032,-0.09351258782003927,True,ok,julia_xfoil,,poststall,seed_reference_pending_full_polar_dae11_rescue
dae11,"root,mid1",381788.09520700003,clean,16.0,1.629388832824423,0.0812659376602993,-0.09299868523469637,True,ok,julia_xfoil,,poststall,seed_reference_pending_full_polar_dae11_rescue
dae11,"root,mid1",381788.09520700003,clean,16.25,1.6214056101424708,0.08519611419375868,-0.09251338517884822,True,ok,julia_xfoil,,poststall,seed_reference_pending_full_polar_dae11_rescue
dae11,"root,mid1",381788.09520700003,clean,16.5,1.6195257791458553,0.08845881198267652,-0.09225757121218796,True,ok,julia_xfoil,,poststall,seed_reference_pending_full_polar_dae11_rescue
dae11,"root,mid1",381788.09520700003,clean,16.75,1.6136565992659384,0.09226388260241739,-0.09205533185150179,True,ok,julia_xfoil,,poststall,seed_reference_pending_full_polar_dae11_rescue
dae11,"root,mid1",381788.09520700003,clean,17.0,1.601126978048418,0.09707659300022904,-0.09200954236681366,True,ok,julia_xfoil,,poststall,seed_reference_pending_full_polar_dae11_rescue
dae11,"root,mid1",381788.09520700003,clean,17.25,1.602029959635718,0.1000755292574342,-0.09200240022634436,True,ok,julia_xfoil,,poststall,seed_reference_pending_full_polar_dae11_rescue
dae11,"root,mid1",381788.09520700003,clean,17.5,1.5990603250386881,0.1036207833814397,-0.09210731192693576,True,ok,julia_xfoil,,poststall,seed_reference_pending_full_polar_dae11_rescue
dae11,"root,mid1",381788.09520700003,clean,17.75,1.5910936890780487,0.10793432385106834,-0.09244631500800132,True,ok,julia_xfoil,,poststall,seed_reference_pending_full_polar_dae11_rescue
dae11,"root,mid1",381788.09520700003,clean,18.0,1.580217222957994,0.11263954489356388,-0.09284097038194039,True,ok,julia_xfoil,,poststall,seed_reference_pending_full_polar_dae11_rescue
dae11,"root,mid1",390208.187993,clean,-6.0,-0.03540667370995759,0.0653315548969956,-0.07943943708609878,True,ok,julia_xfoil,,prestall,seed_reference_pending_full_polar_dae11_rescue
dae11,"root,mid1",390208.187993,clean,-5.75,-0.013884863731989489,0.06153332405887287,-0.08535547294648711,True,ok,julia_xfoil,,prestall,seed_reference_pending_full_polar_dae11_rescue
dae11,"root,mid1",390208.187993,clean,-5.5,0.029801289815758865,0.055096304927319824,-0.1001123371307463,True,ok,julia_xfoil,,prestall,seed_reference_pending_full_polar_dae11_rescue
dae11,"root,mid1",390208.187993,clean,-5.25,0.06266468614685246,0.04936076003244146,-0.10848522718428483,True,ok,julia_xfoil,,prestall,seed_reference_pending_full_polar_dae11_rescue
dae11,"root,mid1",390208.187993,clean,-5.0,0.07818892042271247,0.042157142478157446,-0.1137716416468114,True,ok,julia_xfoil,,prestall,seed_reference_pending_full_polar_dae11_rescue
dae11,"root,mid1",390208.187993,clean,-4.75,0.10184106179613626,0.040369552924112845,-0.11524309403222735,True,ok,julia_xfoil,,prestall,seed_reference_pending_full_polar_dae11_rescue
dae11,"root,mid1",390208.187993,clean,-4.5,0.12780946358400888,0.03834174979300426,-0.1171777688354144,True,ok,julia_xfoil,,prestall,seed_reference_pending_full_polar_dae11_rescue
dae11,"root,mid1",390208.187993,clean,-4.25,0.15769350683852706,0.035973304607869745,-0.11966064387858769,True,ok,julia_xfoil,,prestall,seed_reference_pending_full_polar_dae11_rescue
dae11,"root,mid1",390208.187993,clean,-4.0,0.19282830004907928,0.03608110814192278,-0.12082612428386462,True,ok,julia_xfoil,,prestall,seed_reference_pending_full_polar_dae11_rescue
dae11,"root,mid1",390208.187993,clean,-3.75,0.21788558785112364,0.02926055141979283,-0.1251190580581524,True,ok,julia_xfoil,,prestall,seed_reference_pending_full_polar_dae11_rescue
dae11,"root,mid1",390208.187993,clean,-3.5,0.24518459675915327,0.027528579022788845,-0.12607277547017431,True,ok,julia_xfoil,,prestall,seed_reference_pending_full_polar_dae11_rescue
dae11,"root,mid1",390208.187993,clean,-3.25,0.2801825593764517,0.021846533388060276,-0.12707349440998156,True,ok,julia_xfoil,,prestall,seed_reference_pending_full_polar_dae11_rescue
dae11,"root,mid1",390208.187993,clean,-3.0,0.3101320198348743,0.019242569468347927,-0.12770557717638345,True,ok,julia_xfoil,,prestall,seed_reference_pending_full_polar_dae11_rescue
dae11,"root,mid1",390208.187993,clean,-2.75,0.3396783303568018,0.017845393278614424,-0.12799920493488237,True,ok,julia_xfoil,,prestall,seed_reference_pending_full_polar_dae11_rescue
dae11,"root,mid1",390208.187993,clean,-2.5,0.3688337206066588,0.01700929341944137,-0.1282271019761164,True,ok,julia_xfoil,,prestall,seed_reference_pending_full_polar_dae11_rescue
dae11,"root,mid1",390208.187993,clean,-2.25,0.39787252593992756,0.01643004239693129,-0.1284156886766967,True,ok,julia_xfoil,,prestall,seed_reference_pending_full_polar_dae11_rescue
dae11,"root,mid1",390208.187993,clean,-2.0,0.4268656428276621,0.016032304977446062,-0.1285683980715227,True,ok,julia_xfoil,,prestall,seed_reference_pending_full_polar_dae11_rescue
dae11,"root,mid1",390208.187993,clean,-1.75,0.4556331337379829,0.01511707981270033,-0.12876820224023103,True,ok,julia_xfoil,,prestall,seed_reference_pending_full_polar_dae11_rescue
dae11,"root,mid1",390208.187993,clean,-1.5,0.4844493727368655,0.014731468295328613,-0.12902949692040835,True,ok,julia_xfoil,,prestall,seed_reference_pending_full_polar_dae11_rescue
dae11,"root,mid1",390208.187993,clean,-1.25,0.5135143678579288,0.014451009893312328,-0.12921739504545574,True,ok,julia_xfoil,,prestall,seed_reference_pending_full_polar_dae11_rescue
dae11,"root,mid1",390208.187993,clean,-1.0,0.5428124376600569,0.014018824844152645,-0.12943328073980637,True,ok,julia_xfoil,,prestall,seed_reference_pending_full_polar_dae11_rescue
dae11,"root,mid1",390208.187993,clean,-0.75,0.5719580024812834,0.013799560580787289,-0.1296433984147796,True,ok,julia_xfoil,,prestall,seed_reference_pending_full_polar_dae11_rescue
dae11,"root,mid1",390208.187993,clean,-0.5,0.6008042025445411,0.013360526947775274,-0.13006699439490008,True,ok,julia_xfoil,,prestall,seed_reference_pending_full_polar_dae11_rescue
dae11,"root,mid1",390208.187993,clean,-0.25,0.6284682682410072,0.01311701263919986,-0.1306255030382159,True,ok,julia_xfoil,,prestall,seed_reference_pending_full_polar_dae11_rescue
dae11,"root,mid1",390208.187993,clean,0.0,0.6564533026475458,0.012689006629779032,-0.13103273486375347,True,ok,julia_xfoil,,prestall,seed_reference_pending_full_polar_dae11_rescue
dae11,"root,mid1",390208.187993,clean,0.25,0.6817491477222114,0.012180041015467451,-0.13067220158771836,True,ok,julia_xfoil,,prestall,seed_reference_pending_full_polar_dae11_rescue
dae11,"root,mid1",390208.187993,clean,0.5,0.7082031136645723,0.011653028191687495,-0.12991507404893632,True,ok,julia_xfoil,,prestall,seed_reference_pending_full_polar_dae11_rescue
dae11,"root,mid1",390208.187993,clean,0.75,0.7371485893432859,0.0117033293333434,-0.13019830227914228,True,ok,julia_xfoil,,prestall,seed_reference_pending_full_polar_dae11_rescue
dae11,"root,mid1",390208.187993,clean,1.0,0.7660999049800804,0.011749625620730618,-0.13046561853272964,True,ok,julia_xfoil,,prestall,seed_reference_pending_full_polar_dae11_rescue
dae11,"root,mid1",390208.187993,clean,1.25,0.7951157013131006,0.011780597908285458,-0.13071980870268446,True,ok,julia_xfoil,,prestall,seed_reference_pending_full_polar_dae11_rescue
dae11,"root,mid1",390208.187993,clean,1.5,0.8242520009089452,0.011767823707514362,-0.1309473711517171,True,ok,julia_xfoil,,prestall,seed_reference_pending_full_polar_dae11_rescue
dae11,"root,mid1",390208.187993,clean,1.75,0.8534635155881324,0.011739383173868898,-0.13116301527786536,True,ok,julia_xfoil,,prestall,seed_reference_pending_full_polar_dae11_rescue
dae11,"root,mid1",390208.187993,clean,2.0,0.8826158957820742,0.011743078415537966,-0.13138212243512673,True,ok,julia_xfoil,,prestall,seed_reference_pending_full_polar_dae11_rescue
dae11,"root,mid1",390208.187993,clean,2.25,0.9114806686663401,0.011834724456866848,-0.1315885550047189,True,ok,julia_xfoil,,prestall,seed_reference_pending_full_polar_dae11_rescue
dae11,"root,mid1",390208.187993,clean,2.5,0.939466713918646,0.012077185932665775,-0.13180278382527405,True,ok,julia_xfoil,,prestall,seed_reference_pending_full_polar_dae11_rescue
dae11,"root,mid1",390208.187993,clean,2.75,0.9677982687457655,0.01211920811467085,-0.13208352923010133,True,ok,julia_xfoil,,prestall,seed_reference_pending_full_polar_dae11_rescue
dae11,"root,mid1",390208.187993,clean,3.0,0.9960860206186374,0.012176710370610432,-0.13234448442619748,True,ok,julia_xfoil,,prestall,seed_reference_pending_full_polar_dae11_rescue
dae11,"root,mid1",390208.187993,clean,3.25,1.0245808615658385,0.012192803428234388,-0.13258334512603195,True,ok,julia_xfoil,,prestall,seed_reference_pending_full_polar_dae11_rescue
dae11,"root,mid1",390208.187993,clean,3.5,1.053318436109194,0.012165895386420255,-0.13281057341885094,True,ok,julia_xfoil,,prestall,seed_reference_pending_full_polar_dae11_rescue
dae11,"root,mid1",390208.187993,clean,3.75,1.0822674873668205,0.012107326209044696,-0.13303465855608596,True,ok,julia_xfoil,,prestall,seed_reference_pending_full_polar_dae11_rescue
dae11,"root,mid1",390208.187993,clean,4.0,1.1113771666835777,0.012024289489809012,-0.13325301836374984,True,ok,julia_xfoil,,prestall,seed_reference_pending_full_polar_dae11_rescue
dae11,"root,mid1",390208.187993,clean,4.25,1.1403255281469364,0.01198710156720223,-0.1334605457785866,True,ok,julia_xfoil,,prestall,seed_reference_pending_full_polar_dae11_rescue
dae11,"root,mid1",390208.187993,clean,4.5,1.168551735816662,0.012137595152407983,-0.13365552521000806,True,ok,julia_xfoil,,prestall,seed_reference_pending_full_polar_dae11_rescue
dae11,"root,mid1",390208.187993,clean,4.75,1.1960668265810426,0.012174209752003175,-0.13385204701490805,True,ok,julia_xfoil,,prestall,seed_reference_pending_full_polar_dae11_rescue
dae11,"root,mid1",390208.187993,clean,5.0,1.2238795130891567,0.012196552404406834,-0.13404678346004198,True,ok,julia_xfoil,,prestall,seed_reference_pending_full_polar_dae11_rescue
dae11,"root,mid1",390208.187993,clean,5.25,1.2521463928792953,0.012153359270369684,-0.13423786542321292,True,ok,julia_xfoil,,prestall,seed_reference_pending_full_polar_dae11_rescue
dae11,"root,mid1",390208.187993,clean,5.5,1.2806945445568934,0.0120748559348611,-0.13442884732941984,True,ok,julia_xfoil,,prestall,seed_reference_pending_full_polar_dae11_rescue
dae11,"root,mid1",390208.187993,clean,5.75,1.3092896062599897,0.011995750644168877,-0.1345974673452448,True,ok,julia_xfoil,,prestall,seed_reference_pending_full_polar_dae11_rescue
dae11,"root,mid1",390208.187993,clean,6.0,1.337279975441988,0.012069056770738973,-0.1347597262704718,True,ok,julia_xfoil,,prestall,seed_reference_pending_full_polar_dae11_rescue
dae11,"root,mid1",390208.187993,clean,6.25,1.3639467106556977,0.01213864595377234,-0.13486243762468242,True,ok,julia_xfoil,,prestall,seed_reference_pending_full_polar_dae11_rescue
dae11,"root,mid1",390208.187993,clean,6.5,1.3912244602306842,0.012156522438397438,-0.13497708527169427,True,ok,julia_xfoil,,prestall,seed_reference_pending_full_polar_dae11_rescue
dae11,"root,mid1",390208.187993,clean,6.75,1.4188699976243786,0.012120354420387645,-0.1350692278834399,True,ok,julia_xfoil,,prestall,seed_reference_pending_full_polar_dae11_rescue
dae11,"root,mid1",390208.187993,clean,7.0,1.4465586180754937,0.012156305829876642,-0.13514215454140738,True,ok,julia_xfoil,,prestall,seed_reference_pending_full_polar_dae11_rescue
dae11,"root,mid1",390208.187993,clean,7.25,1.4721893361342469,0.01230294192765901,-0.13515283177509493,True,ok,julia_xfoil,,prestall,seed_reference_pending_full_polar_dae11_rescue
dae11,"root,mid1",390208.187993,clean,7.5,1.4984353073583545,0.012386953977302316,-0.1351383455703497,True,ok,julia_xfoil,,prestall,seed_reference_pending_full_polar_dae11_rescue
dae11,"root,mid1",390208.187993,clean,7.75,1.5247024102783733,0.012481712613630925,-0.13502867296720564,True,ok,julia_xfoil,,prestall,seed_reference_pending_full_polar_dae11_rescue
dae11,"root,mid1",390208.187993,clean,8.0,1.5494290265501687,0.012704284634920583,-0.13494129912079253,True,ok,julia_xfoil,,prestall,seed_reference_pending_full_polar_dae11_rescue
dae11,"root,mid1",390208.187993,clean,8.25,1.5739610277325344,0.012900986271383544,-0.13468406689386478,True,ok,julia_xfoil,,prestall,seed_reference_pending_full_polar_dae11_rescue
dae11,"root,mid1",390208.187993,clean,8.5,1.597578234410137,0.013194081959677821,-0.13439856116656182,True,ok,julia_xfoil,,prestall,seed_reference_pending_full_polar_dae11_rescue
dae11,"root,mid1",390208.187993,clean,8.75,1.6199275136526743,0.013539108826757554,-0.1339124657218765,True,ok,julia_xfoil,,prestall,seed_reference_pending_full_polar_dae11_rescue
dae11,"root,mid1",390208.187993,clean,9.0,1.6412121980665768,0.013963269049012622,-0.13335740527392984,True,ok,julia_xfoil,,prestall,seed_reference_pending_full_polar_dae11_rescue
dae11,"root,mid1",390208.187993,clean,9.25,1.6594486503131012,0.01454188643287986,-0.13238078897180247,True,ok,julia_xfoil,,prestall,seed_reference_pending_full_polar_dae11_rescue
dae11,"root,mid1",390208.187993,clean,9.5,1.6761294913655,0.015200910489567907,-0.13132053439878066,True,ok,julia_xfoil,,prestall,seed_reference_pending_full_polar_dae11_rescue
dae11,"root,mid1",390208.187993,clean,9.75,1.6895358029414689,0.016027047477993273,-0.12991539496750062,True,ok,julia_xfoil,,prestall,seed_reference_pending_full_polar_dae11_rescue
dae11,"root,mid1",390208.187993,clean,10.0,1.6952750967492236,0.017215464156289138,-0.12775454691454405,True,ok,julia_xfoil,,prestall,seed_reference_pending_full_polar_dae11_rescue
dae11,"root,mid1",390208.187993,clean,10.25,1.6982024691202897,0.018820204515712372,-0.12584276260842775,True,ok,julia_xfoil,,prestall,seed_reference_pending_full_polar_dae11_rescue
dae11,"root,mid1",390208.187993,clean,10.5,1.7019890051517983,0.020517704645542555,-0.12421236212980903,True,ok,julia_xfoil,,prestall,seed_reference_pending_full_polar_dae11_rescue
dae11,"root,mid1",390208.187993,clean,10.75,1.702819214941125,0.02248565072526731,-0.12239017525735199,True,ok,julia_xfoil,,prestall,seed_reference_pending_full_polar_dae11_rescue
dae11,"root,mid1",390208.187993,clean,11.0,1.6992716759337834,0.02479395534074487,-0.12024090262241977,True,ok,julia_xfoil,,poststall,seed_reference_pending_full_polar_dae11_rescue
dae11,"root,mid1",390208.187993,clean,11.25,1.698752844488768,0.026920025080877173,-0.11837664796760239,True,ok,julia_xfoil,,poststall,seed_reference_pending_full_polar_dae11_rescue
dae11,"root,mid1",390208.187993,clean,11.5,1.6967347065467395,0.029145187837992755,-0.11638277179710856,True,ok,julia_xfoil,,poststall,seed_reference_pending_full_polar_dae11_rescue
dae11,"root,mid1",390208.187993,clean,11.75,1.691176941008348,0.03165006422849932,-0.1141516719893245,True,ok,julia_xfoil,,poststall,seed_reference_pending_full_polar_dae11_rescue
dae11,"root,mid1",390208.187993,clean,12.0,1.6882355325083187,0.03401648292173395,-0.11221646786972055,True,ok,julia_xfoil,,poststall,seed_reference_pending_full_polar_dae11_rescue
dae11,"root,mid1",390208.187993,clean,12.25,1.685549982497392,0.03632766835128581,-0.11027220487648065,True,ok,julia_xfoil,,poststall,seed_reference_pending_full_polar_dae11_rescue
dae11,"root,mid1",390208.187993,clean,12.5,1.6778447750516077,0.03918172247623319,-0.10818785969367292,True,ok,julia_xfoil,,poststall,seed_reference_pending_full_polar_dae11_rescue
dae11,"root,mid1",390208.187993,clean,12.75,1.6779882979463059,0.04147007621299582,-0.10669476838469502,True,ok,julia_xfoil,,poststall,seed_reference_pending_full_polar_dae11_rescue
dae11,"root,mid1",390208.187993,clean,13.0,1.6752540212878075,0.04408348341583774,-0.10513589220365874,True,ok,julia_xfoil,,poststall,seed_reference_pending_full_polar_dae11_rescue
dae11,"root,mid1",390208.187993,clean,13.25,1.6695545682362607,0.04704380092339602,-0.10354423678031056,True,ok,julia_xfoil,,poststall,seed_reference_pending_full_polar_dae11_rescue
dae11,"root,mid1",390208.187993,clean,13.5,1.6697333241725216,0.04945986667970961,-0.10225738791768771,True,ok,julia_xfoil,,poststall,seed_reference_pending_full_polar_dae11_rescue
dae11,"root,mid1",390208.187993,clean,13.75,1.6642725265597997,0.052568524105071526,-0.10089758777698699,True,ok,julia_xfoil,,poststall,seed_reference_pending_full_polar_dae11_rescue
dae11,"root,mid1",390208.187993,clean,14.0,1.6627000195384551,0.0553017515408997,-0.0997469466478894,True,ok,julia_xfoil,,poststall,seed_reference_pending_full_polar_dae11_rescue
dae11,"root,mid1",390208.187993,clean,14.25,1.6604429056722512,0.05814842090971948,-0.09863502947751222,True,ok,julia_xfoil,,poststall,seed_reference_pending_full_polar_dae11_rescue
dae11,"root,mid1",390208.187993,clean,14.5,1.6545097161968825,0.06143907587152646,-0.09752183504125665,True,ok,julia_xfoil,,poststall,seed_reference_pending_full_polar_dae11_rescue
dae11,"root,mid1",390208.187993,clean,14.75,1.653004637855559,0.06429311185713187,-0.09659185076390762,True,ok,julia_xfoil,,poststall,seed_reference_pending_full_polar_dae11_rescue
dae11,"root,mid1",390208.187993,clean,15.0,1.6473676710572214,0.06766308649859312,-0.09565191089776123,True,ok,julia_xfoil,,poststall,seed_reference_pending_full_polar_dae11_rescue
dae11,"root,mid1",390208.187993,clean,15.25,1.6450638695221693,0.07076382197334899,-0.09493452730375122,True,ok,julia_xfoil,,poststall,seed_reference_pending_full_polar_dae11_rescue
dae11,"root,mid1",390208.187993,clean,15.5,1.639402979618784,0.07426541387606087,-0.09420096549503842,True,ok,julia_xfoil,,poststall,seed_reference_pending_full_polar_dae11_rescue
dae11,"root,mid1",390208.187993,clean,15.75,1.636368330033344,0.07753157723242263,-0.09363393244728073,True,ok,julia_xfoil,,poststall,seed_reference_pending_full_polar_dae11_rescue
dae11,"root,mid1",390208.187993,clean,16.0,1.6305156403806378,0.08115221601617638,-0.09310673292899883,True,ok,julia_xfoil,,poststall,seed_reference_pending_full_polar_dae11_rescue
dae11,"root,mid1",390208.187993,clean,16.25,1.6249079699729987,0.08477286896164019,-0.09262731445660145,True,ok,julia_xfoil,,poststall,seed_reference_pending_full_polar_dae11_rescue
dae11,"root,mid1",390208.187993,clean,16.5,1.6214764490381945,0.08823133312704352,-0.09236082520959084,True,ok,julia_xfoil,,poststall,seed_reference_pending_full_polar_dae11_rescue
dae11,"root,mid1",390208.187993,clean,16.75,1.6148853241926617,0.09212845883201737,-0.09214661547623908,True,ok,julia_xfoil,,poststall,seed_reference_pending_full_polar_dae11_rescue
dae11,"root,mid1",390208.187993,clean,17.0,1.6048708996858438,0.09659440583297016,-0.09207806390112855,True,ok,julia_xfoil,,poststall,seed_reference_pending_full_polar_dae11_rescue
dae11,"root,mid1",390208.187993,clean,17.25,1.6050284904422758,0.0996935229266905,-0.09207326688819865,True,ok,julia_xfoil,,poststall,seed_reference_pending_full_polar_dae11_rescue
dae11,"root,mid1",390208.187993,clean,17.5,1.6013414735031994,0.1033301291105766,-0.09217451996859138,True,ok,julia_xfoil,,poststall,seed_reference_pending_full_polar_dae11_rescue
dae11,"root,mid1",390208.187993,clean,17.75,1.5925168772925409,0.10776950196037799,-0.09252104787120648,True,ok,julia_xfoil,,poststall,seed_reference_pending_full_polar_dae11_rescue
dae11,"root,mid1",390208.187993,clean,18.0,1.5799169635508996,0.11271152862642406,-0.0929112886254123,True,ok,julia_xfoil,,poststall,seed_reference_pending_full_polar_dae11_rescue
dae11,"root,mid1",399086.979554,clean,-6.0,-0.03554492873119741,0.0646809843556174,-0.08019026452172366,True,ok,julia_xfoil,,prestall,seed_reference_pending_full_polar_dae11_rescue
dae11,"root,mid1",399086.979554,clean,-5.75,-0.014360764213785938,0.06111837142286074,-0.08552470304009029,True,ok,julia_xfoil,,prestall,seed_reference_pending_full_polar_dae11_rescue
dae11,"root,mid1",399086.979554,clean,-5.5,0.012578738203226204,0.05644210411854145,-0.0934684527834669,True,ok,julia_xfoil,,prestall,seed_reference_pending_full_polar_dae11_rescue
dae11,"root,mid1",399086.979554,clean,-5.25,0.06130028042475605,0.04940866651685102,-0.10775809614230734,True,ok,julia_xfoil,,prestall,seed_reference_pending_full_polar_dae11_rescue
dae11,"root,mid1",399086.979554,clean,-5.0,0.07988323846577514,0.0410574207221299,-0.11469952563868352,True,ok,julia_xfoil,,prestall,seed_reference_pending_full_polar_dae11_rescue
dae11,"root,mid1",399086.979554,clean,-4.75,0.10314068921978607,0.03940026964678372,-0.11591494343247875,True,ok,julia_xfoil,,prestall,seed_reference_pending_full_polar_dae11_rescue
dae11,"root,mid1",399086.979554,clean,-4.5,0.1286686055216866,0.03756542224663033,-0.11761297867317554,True,ok,julia_xfoil,,prestall,seed_reference_pending_full_polar_dae11_rescue
dae11,"root,mid1",399086.979554,clean,-4.25,0.1566492053176447,0.03559432513910452,-0.11963113931198316,True,ok,julia_xfoil,,prestall,seed_reference_pending_full_polar_dae11_rescue
dae11,"root,mid1",399086.979554,clean,-4.0,0.19135487961087203,0.03579081224779166,-0.12078397348983352,True,ok,julia_xfoil,,prestall,seed_reference_pending_full_polar_dae11_rescue
dae11,"root,mid1",399086.979554,clean,-3.75,0.21906151390038328,0.029249661829259685,-0.12492673407153815,True,ok,julia_xfoil,,prestall,seed_reference_pending_full_polar_dae11_rescue
dae11,"root,mid1",399086.979554,clean,-3.5,0.24608637580501064,0.0270550907231036,-0.12612823020365543,True,ok,julia_xfoil,,prestall,seed_reference_pending_full_polar_dae11_rescue
dae11,"root,mid1",399086.979554,clean,-3.25,0.28032887298562076,0.021478301998652697,-0.127053171005295,True,ok,julia_xfoil,,prestall,seed_reference_pending_full_polar_dae11_rescue
dae11,"root,mid1",399086.979554,clean,-3.0,0.31044116482320616,0.018825423508531017,-0.12762532734844723,True,ok,julia_xfoil,,prestall,seed_reference_pending_full_polar_dae11_rescue
dae11,"root,mid1",399086.979554,clean,-2.75,0.3399173979744401,0.017496074330356867,-0.1278970257716832,True,ok,julia_xfoil,,prestall,seed_reference_pending_full_polar_dae11_rescue
dae11,"root,mid1",399086.979554,clean,-2.5,0.3690274627244435,0.016706772660839312,-0.12812057756230166,True,ok,julia_xfoil,,prestall,seed_reference_pending_full_polar_dae11_rescue
dae11,"root,mid1",399086.979554,clean,-2.25,0.3980584329014736,0.016131614640344044,-0.12830689974274956,True,ok,julia_xfoil,,prestall,seed_reference_pending_full_polar_dae11_rescue
dae11,"root,mid1",399086.979554,clean,-2.0,0.4270699573534953,0.015703299662693442,-0.12845822149646396,True,ok,julia_xfoil,,prestall,seed_reference_pending_full_polar_dae11_rescue
dae11,"root,mid1",399086.979554,clean,-1.75,0.45595297872194807,0.014983866116600991,-0.12862810771808564,True,ok,julia_xfoil,,prestall,seed_reference_pending_full_polar_dae11_rescue
dae11,"root,mid1",399086.979554,clean,-1.5,0.4847777180412488,0.014464561316295633,-0.12890007378000684,True,ok,julia_xfoil,,prestall,seed_reference_pending_full_polar_dae11_rescue
dae11,"root,mid1",399086.979554,clean,-1.25,0.5138501209307904,0.014198014558201424,-0.12909774269085364,True,ok,julia_xfoil,,prestall,seed_reference_pending_full_polar_dae11_rescue
dae11,"root,mid1",399086.979554,clean,-1.0,0.5431281063363926,0.01381828580843137,-0.12930593200215407,True,ok,julia_xfoil,,prestall,seed_reference_pending_full_polar_dae11_rescue
dae11,"root,mid1",399086.979554,clean,-0.75,0.5722310728507205,0.01360301258715294,-0.12952763419773755,True,ok,julia_xfoil,,prestall,seed_reference_pending_full_polar_dae11_rescue
dae11,"root,mid1",399086.979554,clean,-0.5,0.6005281040767143,0.013360401396908835,-0.12993321971327926,True,ok,julia_xfoil,,prestall,seed_reference_pending_full_polar_dae11_rescue
dae11,"root,mid1",399086.979554,clean,-0.25,0.6289086416881644,0.012900234570925739,-0.130567504448107,True,ok,julia_xfoil,,prestall,seed_reference_pending_full_polar_dae11_rescue
dae11,"root,mid1",399086.979554,clean,0.0,0.6569509725987018,0.012494908149004646,-0.1309831020059364,True,ok,julia_xfoil,,prestall,seed_reference_pending_full_polar_dae11_rescue
dae11,"root,mid1",399086.979554,clean,0.25,0.6827605688270986,0.012018421724891627,-0.13075380662144367,True,ok,julia_xfoil,,prestall,seed_reference_pending_full_polar_dae11_rescue
dae11,"root,mid1",399086.979554,clean,0.5,0.708668502314189,0.011431999112195454,-0.12986548159268696,True,ok,julia_xfoil,,prestall,seed_reference_pending_full_polar_dae11_rescue
dae11,"root,mid1",399086.979554,clean,0.75,0.7376731981199974,0.011472733710411116,-0.1301434262484905,True,ok,julia_xfoil,,prestall,seed_reference_pending_full_polar_dae11_rescue
dae11,"root,mid1",399086.979554,clean,1.0,0.7667055346086631,0.01150945997920875,-0.1304099535830364,True,ok,julia_xfoil,,prestall,seed_reference_pending_full_polar_dae11_rescue
dae11,"root,mid1",399086.979554,clean,1.25,0.7957785509678285,0.011532357136517703,-0.13066371246670355,True,ok,julia_xfoil,,prestall,seed_reference_pending_full_polar_dae11_rescue
dae11,"root,mid1",399086.979554,clean,1.5,0.8249568830403707,0.011516862828344644,-0.1308934864983622,True,ok,julia_xfoil,,prestall,seed_reference_pending_full_polar_dae11_rescue
dae11,"root,mid1",399086.979554,clean,1.75,0.8541797902418531,0.011494407278047073,-0.13111333218814838,True,ok,julia_xfoil,,prestall,seed_reference_pending_full_polar_dae11_rescue
dae11,"root,mid1",399086.979554,clean,2.0,0.8832852666841096,0.011518304483275543,-0.13133593743453328,True,ok,julia_xfoil,,prestall,seed_reference_pending_full_polar_dae11_rescue
dae11,"root,mid1",399086.979554,clean,2.25,0.9118338220046653,0.011699041400871071,-0.13153589298153298,True,ok,julia_xfoil,,prestall,seed_reference_pending_full_polar_dae11_rescue
dae11,"root,mid1",399086.979554,clean,2.5,0.9400084415909798,0.01184949019520369,-0.13179117804179424,True,ok,julia_xfoil,,prestall,seed_reference_pending_full_polar_dae11_rescue
dae11,"root,mid1",399086.979554,clean,2.75,0.9683704410594157,0.011896864939331927,-0.1320702759037281,True,ok,julia_xfoil,,prestall,seed_reference_pending_full_polar_dae11_rescue
dae11,"root,mid1",399086.979554,clean,3.0,0.9967737096578134,0.011944095322479677,-0.13233148609867665,True,ok,julia_xfoil,,prestall,seed_reference_pending_full_polar_dae11_rescue
dae11,"root,mid1",399086.979554,clean,3.25,1.0253726455791374,0.011949324603534405,-0.1325725063040762,True,ok,julia_xfoil,,prestall,seed_reference_pending_full_polar_dae11_rescue
dae11,"root,mid1",399086.979554,clean,3.5,1.05418410255713,0.011916713962767467,-0.13280388426845186,True,ok,julia_xfoil,,prestall,seed_reference_pending_full_polar_dae11_rescue
dae11,"root,mid1",399086.979554,clean,3.75,1.0831792669415508,0.01185611564636907,-0.1330319748627637,True,ok,julia_xfoil,,prestall,seed_reference_pending_full_polar_dae11_rescue
dae11,"root,mid1",399086.979554,clean,4.0,1.1122695748408231,0.011782051057782858,-0.13325245808976524,True,ok,julia_xfoil,,prestall,seed_reference_pending_full_polar_dae11_rescue
dae11,"root,mid1",399086.979554,clean,4.25,1.1410848924018766,0.011782515631768908,-0.1334582490076441,True,ok,julia_xfoil,,prestall,seed_reference_pending_full_polar_dae11_rescue
dae11,"root,mid1",399086.979554,clean,4.5,1.1690816606891097,0.01192692180702714,-0.13366166928749298,True,ok,julia_xfoil,,prestall,seed_reference_pending_full_polar_dae11_rescue
dae11,"root,mid1",399086.979554,clean,4.75,1.1967364714610855,0.011962764399294931,-0.1338670926798505,True,ok,julia_xfoil,,prestall,seed_reference_pending_full_polar_dae11_rescue
dae11,"root,mid1",399086.979554,clean,5.0,1.2246990838732676,0.011973496122011063,-0.13406909125819744,True,ok,julia_xfoil,,prestall,seed_reference_pending_full_polar_dae11_rescue
dae11,"root,mid1",399086.979554,clean,5.25,1.2530602556039345,0.011924546143006967,-0.13426678893478547,True,ok,julia_xfoil,,prestall,seed_reference_pending_full_polar_dae11_rescue
dae11,"root,mid1",399086.979554,clean,5.5,1.2816095065626822,0.01184913926336344,-0.1344587214609638,True,ok,julia_xfoil,,prestall,seed_reference_pending_full_polar_dae11_rescue
dae11,"root,mid1",399086.979554,clean,5.75,1.3101800181643963,0.011794223878319373,-0.1346297037063513,True,ok,julia_xfoil,,prestall,seed_reference_pending_full_polar_dae11_rescue
dae11,"root,mid1",399086.979554,clean,6.0,1.3377810248254478,0.011888700483968447,-0.13478445631102676,True,ok,julia_xfoil,,prestall,seed_reference_pending_full_polar_dae11_rescue
dae11,"root,mid1",399086.979554,clean,6.25,1.3646770087813151,0.01194850100228603,-0.13490408610678728,True,ok,julia_xfoil,,prestall,seed_reference_pending_full_polar_dae11_rescue
dae11,"root,mid1",399086.979554,clean,6.5,1.3920715480693449,0.01195866635726504,-0.13502619463850854,True,ok,julia_xfoil,,prestall,seed_reference_pending_full_polar_dae11_rescue
dae11,"root,mid1",399086.979554,clean,6.75,1.419768225463952,0.011928735034948821,-0.13511999862218782,True,ok,julia_xfoil,,prestall,seed_reference_pending_full_polar_dae11_rescue
dae11,"root,mid1",399086.979554,clean,7.0,1.447016716440819,0.012003387457078981,-0.13518452307185266,True,ok,julia_xfoil,,prestall,seed_reference_pending_full_polar_dae11_rescue
dae11,"root,mid1",399086.979554,clean,7.25,1.4729219317360258,0.012138046396349893,-0.13521555366556315,True,ok,julia_xfoil,,prestall,seed_reference_pending_full_polar_dae11_rescue
dae11,"root,mid1",399086.979554,clean,7.5,1.49928485819673,0.012215416695229846,-0.13520077883365705,True,ok,julia_xfoil,,prestall,seed_reference_pending_full_polar_dae11_rescue
dae11,"root,mid1",399086.979554,clean,7.75,1.5252689604291483,0.01234493254131066,-0.13509815017713253,True,ok,julia_xfoil,,prestall,seed_reference_pending_full_polar_dae11_rescue
dae11,"root,mid1",399086.979554,clean,8.0,1.5501883141753379,0.012555853115675437,-0.13501561032428194,True,ok,julia_xfoil,,prestall,seed_reference_pending_full_polar_dae11_rescue
dae11,"root,mid1",399086.979554,clean,8.25,1.574624849718487,0.012766118827910351,-0.1347360774216636,True,ok,julia_xfoil,,prestall,seed_reference_pending_full_polar_dae11_rescue
dae11,"root,mid1",399086.979554,clean,8.5,1.5983061549242559,0.013063085182244034,-0.13448482814924126,True,ok,julia_xfoil,,prestall,seed_reference_pending_full_polar_dae11_rescue
dae11,"root,mid1",399086.979554,clean,8.75,1.620440309110408,0.013426374913269905,-0.1339575132332995,True,ok,julia_xfoil,,prestall,seed_reference_pending_full_polar_dae11_rescue
dae11,"root,mid1",399086.979554,clean,9.0,1.6418722390199625,0.013848236626396745,-0.1334409212794961,True,ok,julia_xfoil,,prestall,seed_reference_pending_full_polar_dae11_rescue
dae11,"root,mid1",399086.979554,clean,9.25,1.6603326793639495,0.014423114032321853,-0.1325123718844439,True,ok,julia_xfoil,,prestall,seed_reference_pending_full_polar_dae11_rescue
dae11,"root,mid1",399086.979554,clean,9.5,1.676186952010408,0.015131725539592304,-0.13133523018224846,True,ok,julia_xfoil,,prestall,seed_reference_pending_full_polar_dae11_rescue
dae11,"root,mid1",399086.979554,clean,9.75,1.689801559288456,0.015953961954462397,-0.12997276387716886,True,ok,julia_xfoil,,prestall,seed_reference_pending_full_polar_dae11_rescue
dae11,"root,mid1",399086.979554,clean,10.0,1.6960885310963507,0.017122694308597745,-0.12789467716435868,True,ok,julia_xfoil,,prestall,seed_reference_pending_full_polar_dae11_rescue
dae11,"root,mid1",399086.979554,clean,10.25,1.697443712501382,0.018842749881447924,-0.1258576550170367,True,ok,julia_xfoil,,prestall,seed_reference_pending_full_polar_dae11_rescue
dae11,"root,mid1",399086.979554,clean,10.5,1.7015909731643026,0.020528253057328583,-0.12427054077585312,True,ok,julia_xfoil,,prestall,seed_reference_pending_full_polar_dae11_rescue
dae11,"root,mid1",399086.979554,clean,10.75,1.7031733389722805,0.022455143024114943,-0.12252600077370195,True,ok,julia_xfoil,,prestall,seed_reference_pending_full_polar_dae11_rescue
dae11,"root,mid1",399086.979554,clean,11.0,1.7006449696113792,0.024693419788741268,-0.12045602151707516,True,ok,julia_xfoil,,poststall,seed_reference_pending_full_polar_dae11_rescue
dae11,"root,mid1",399086.979554,clean,11.25,1.6979113757861297,0.026986767851154714,-0.11842096774896697,True,ok,julia_xfoil,,poststall,seed_reference_pending_full_polar_dae11_rescue
dae11,"root,mid1",399086.979554,clean,11.5,1.6967809012667372,0.02915196687554781,-0.11650214864089768,True,ok,julia_xfoil,,poststall,seed_reference_pending_full_polar_dae11_rescue
dae11,"root,mid1",399086.979554,clean,11.75,1.6925260826750885,0.031554032819391384,-0.11435590855881268,True,ok,julia_xfoil,,poststall,seed_reference_pending_full_polar_dae11_rescue
dae11,"root,mid1",399086.979554,clean,12.0,1.687465313935818,0.03408984908361259,-0.11227385873754653,True,ok,julia_xfoil,,poststall,seed_reference_pending_full_polar_dae11_rescue
dae11,"root,mid1",399086.979554,clean,12.25,1.685930522771536,0.03630952072412466,-0.1104058432629646,True,ok,julia_xfoil,,poststall,seed_reference_pending_full_polar_dae11_rescue
dae11,"root,mid1",399086.979554,clean,12.5,1.6796902485666205,0.039038500650422456,-0.1084053198246146,True,ok,julia_xfoil,,poststall,seed_reference_pending_full_polar_dae11_rescue
dae11,"root,mid1",399086.979554,clean,12.75,1.6776536465585885,0.04151931671957862,-0.10678705575643793,True,ok,julia_xfoil,,poststall,seed_reference_pending_full_polar_dae11_rescue
dae11,"root,mid1",399086.979554,clean,13.0,1.676224671495795,0.044015271334740744,-0.10529685711544323,True,ok,julia_xfoil,,poststall,seed_reference_pending_full_polar_dae11_rescue
dae11,"root,mid1",399086.979554,clean,13.25,1.6693698082520168,0.04708684173251319,-0.10364602553049924,True,ok,julia_xfoil,,poststall,seed_reference_pending_full_polar_dae11_rescue
dae11,"root,mid1",399086.979554,clean,13.5,1.670184480277505,0.049438903038918104,-0.10238594920936588,True,ok,julia_xfoil,,poststall,seed_reference_pending_full_polar_dae11_rescue
dae11,"root,mid1",399086.979554,clean,13.75,1.6661617736292942,0.05239716391454433,-0.1010759597256404,True,ok,julia_xfoil,,poststall,seed_reference_pending_full_polar_dae11_rescue
dae11,"root,mid1",399086.979554,clean,14.0,1.6627465274382152,0.05532291998323342,-0.09985678137615206,True,ok,julia_xfoil,,poststall,seed_reference_pending_full_polar_dae11_rescue
dae11,"root,mid1",399086.979554,clean,14.25,1.6618778165091042,0.058017545946548225,-0.09878549565802171,True,ok,julia_xfoil,,poststall,seed_reference_pending_full_polar_dae11_rescue
dae11,"root,mid1",399086.979554,clean,14.5,1.654697668060204,0.06144915616202216,-0.09763559075728392,True,ok,julia_xfoil,,poststall,seed_reference_pending_full_polar_dae11_rescue
dae11,"root,mid1",399086.979554,clean,14.75,1.6544297224679072,0.06415699139881054,-0.09673080567900134,True,ok,julia_xfoil,,poststall,seed_reference_pending_full_polar_dae11_rescue
dae11,"root,mid1",399086.979554,clean,15.0,1.6480322359673485,0.06761512564535706,-0.09576775110162761,True,ok,julia_xfoil,,poststall,seed_reference_pending_full_polar_dae11_rescue
dae11,"root,mid1",399086.979554,clean,15.25,1.6466340530046712,0.07060110073180215,-0.0950620711621489,True,ok,julia_xfoil,,poststall,seed_reference_pending_full_polar_dae11_rescue
dae11,"root,mid1",399086.979554,clean,15.5,1.6401966571801523,0.07419698996073085,-0.09430890741001911,True,ok,julia_xfoil,,poststall,seed_reference_pending_full_polar_dae11_rescue
dae11,"root,mid1",399086.979554,clean,15.75,1.6383912651847117,0.07730469623579492,-0.09375301280406828,True,ok,julia_xfoil,,poststall,seed_reference_pending_full_polar_dae11_rescue
dae11,"root,mid1",399086.979554,clean,16.0,1.6315976070840514,0.08104533909724487,-0.09321481200996624,True,ok,julia_xfoil,,poststall,seed_reference_pending_full_polar_dae11_rescue
dae11,"root,mid1",399086.979554,clean,16.25,1.6279813210239396,0.08440810359985085,-0.09274418258008026,True,ok,julia_xfoil,,poststall,seed_reference_pending_full_polar_dae11_rescue
dae11,"root,mid1",399086.979554,clean,16.5,1.623427453355908,0.08800046356909702,-0.09246092686458393,True,ok,julia_xfoil,,poststall,seed_reference_pending_full_polar_dae11_rescue
dae11,"root,mid1",399086.979554,clean,16.75,1.6159910354905997,0.09201117950569403,-0.09223587029869502,True,ok,julia_xfoil,,poststall,seed_reference_pending_full_polar_dae11_rescue
dae11,"root,mid1",399086.979554,clean,17.0,1.6090881439050473,0.09604637344478206,-0.0921462393365093,True,ok,julia_xfoil,,poststall,seed_reference_pending_full_polar_dae11_rescue
dae11,"root,mid1",399086.979554,clean,17.25,1.6078338152390674,0.0993388184319416,-0.0921488327920446,True,ok,julia_xfoil,,poststall,seed_reference_pending_full_polar_dae11_rescue
dae11,"root,mid1",399086.979554,clean,17.5,1.6034813477383092,0.10306041736317617,-0.09224609933988705,True,ok,julia_xfoil,,poststall,seed_reference_pending_full_polar_dae11_rescue
dae11,"root,mid1",399086.979554,clean,17.75,1.5936743388635932,0.10764313528671583,-0.09259668167244568,True,ok,julia_xfoil,,poststall,seed_reference_pending_full_polar_dae11_rescue
dae11,"root,mid1",399086.979554,clean,18.0,1.5805389841137665,0.11265081559972401,-0.09296533071989214,True,ok,julia_xfoil,,poststall,seed_reference_pending_full_polar_dae11_rescue
dae11,"root,mid1",400000.0,clean,-6.0,-0.035542978360616366,0.06460694901656372,-0.0802854446612442,True,ok,julia_xfoil,,prestall,seed_reference_pending_full_polar_dae11_rescue
dae11,"root,mid1",400000.0,clean,-5.75,-0.014388481150287335,0.06106843860567093,-0.08556033884722769,True,ok,julia_xfoil,,prestall,seed_reference_pending_full_polar_dae11_rescue
dae11,"root,mid1",400000.0,clean,-5.5,0.012224258176543318,0.056466379970438484,-0.09330792699873271,True,ok,julia_xfoil,,prestall,seed_reference_pending_full_polar_dae11_rescue
dae11,"root,mid1",400000.0,clean,-5.25,0.06114318211475494,0.049414422172783766,-0.10768035897013369,True,ok,julia_xfoil,,prestall,seed_reference_pending_full_polar_dae11_rescue
dae11,"root,mid1",400000.0,clean,-5.0,0.08005133799112,0.040949955918154285,-0.11478902126001915,True,ok,julia_xfoil,,prestall,seed_reference_pending_full_polar_dae11_rescue
dae11,"root,mid1",400000.0,clean,-4.75,0.1032743126526451,0.03930120653582343,-0.11598281140991505,True,ok,julia_xfoil,,prestall,seed_reference_pending_full_polar_dae11_rescue
dae11,"root,mid1",400000.0,clean,-4.5,0.12876297033667153,0.037484370648658845,-0.11766013553592661,True,ok,julia_xfoil,,prestall,seed_reference_pending_full_polar_dae11_rescue
dae11,"root,mid1",400000.0,clean,-4.25,0.1565984509733377,0.03555636858653877,-0.11963643717109881,True,ok,julia_xfoil,,prestall,seed_reference_pending_full_polar_dae11_rescue
dae11,"root,mid1",400000.0,clean,-4.0,0.19127122548721145,0.035705851909989726,-0.12079582897547665,True,ok,julia_xfoil,,prestall,seed_reference_pending_full_polar_dae11_rescue
dae11,"root,mid1",400000.0,clean,-3.75,0.21922434686655953,0.029310014363619897,-0.12487935499574919,True,ok,julia_xfoil,,prestall,seed_reference_pending_full_polar_dae11_rescue
dae11,"root,mid1",400000.0,clean,-3.5,0.24617652746570995,0.027009757404441295,-0.1261324525284456,True,ok,julia_xfoil,,prestall,seed_reference_pending_full_polar_dae11_rescue
dae11,"root,mid1",400000.0,clean,-3.25,0.280343708568689,0.021442656101737876,-0.12705035922455718,True,ok,julia_xfoil,,prestall,seed_reference_pending_full_polar_dae11_rescue
dae11,"root,mid1",400000.0,clean,-3.0,0.3104738192847792,0.01878058197912279,-0.1276168148151155,True,ok,julia_xfoil,,prestall,seed_reference_pending_full_polar_dae11_rescue
dae11,"root,mid1",400000.0,clean,-2.75,0.3399419301875979,0.017460074424066295,-0.127886205486767,True,ok,julia_xfoil,,prestall,seed_reference_pending_full_polar_dae11_rescue
dae11,"root,mid1",400000.0,clean,-2.5,0.36904718944336035,0.016676151891012323,-0.1281095777055274,True,ok,julia_xfoil,,prestall,seed_reference_pending_full_polar_dae11_rescue
dae11,"root,mid1",400000.0,clean,-2.25,0.39807780606005466,0.0161018800644867,-0.1282957700902963,True,ok,julia_xfoil,,prestall,seed_reference_pending_full_polar_dae11_rescue
dae11,"root,mid1",400000.0,clean,-2.0,0.4270911646058794,0.015671113925539566,-0.12844703017589099,True,ok,julia_xfoil,,prestall,seed_reference_pending_full_polar_dae11_rescue
dae11,"root,mid1",400000.0,clean,-1.75,0.45598564060349434,0.014974316434971017,-0.12861406147311005,True,ok,julia_xfoil,,prestall,seed_reference_pending_full_polar_dae11_rescue
dae11,"root,mid1",400000.0,clean,-1.5,0.48481052947828096,0.014437999014379742,-0.1288871068967355,True,ok,julia_xfoil,,prestall,seed_reference_pending_full_polar_dae11_rescue
dae11,"root,mid1",400000.0,clean,-1.25,0.5138830677184957,0.014173028362014648,-0.12908582972553712,True,ok,julia_xfoil,,prestall,seed_reference_pending_full_polar_dae11_rescue
dae11,"root,mid1",400000.0,clean,-1.0,0.5431572086150659,0.013799433351039943,-0.12929325483562665,True,ok,julia_xfoil,,prestall,seed_reference_pending_full_polar_dae11_rescue
dae11,"root,mid1",400000.0,clean,-0.75,0.572253095186394,0.013585009395503845,-0.12951618311392243,True,ok,julia_xfoil,,prestall,seed_reference_pending_full_polar_dae11_rescue
dae11,"root,mid1",400000.0,clean,-0.5,0.6004386929378581,0.013379543300630086,-0.12991833951649487,True,ok,julia_xfoil,,prestall,seed_reference_pending_full_polar_dae11_rescue
dae11,"root,mid1",400000.0,clean,-0.25,0.6289518586605429,0.012878990161441296,-0.13056144578556914,True,ok,julia_xfoil,,prestall,seed_reference_pending_full_polar_dae11_rescue
dae11,"root,mid1",400000.0,clean,0.0,0.6569982414572614,0.01247509691863555,-0.1309778453872195,True,ok,julia_xfoil,,prestall,seed_reference_pending_full_polar_dae11_rescue
dae11,"root,mid1",400000.0,clean,0.25,0.6828485953845005,0.012001480159749974,-0.13075870899889208,True,ok,julia_xfoil,,prestall,seed_reference_pending_full_polar_dae11_rescue
dae11,"root,mid1",400000.0,clean,0.5,0.7087154964115284,0.011409743503006718,-0.12986042508771223,True,ok,julia_xfoil,,prestall,seed_reference_pending_full_polar_dae11_rescue
dae11,"root,mid1",400000.0,clean,0.75,0.7377269997999615,0.011449486914691408,-0.1301379473477938,True,ok,julia_xfoil,,prestall,seed_reference_pending_full_polar_dae11_rescue
dae11,"root,mid1",400000.0,clean,1.0,0.7667663772864757,0.01148536581298102,-0.1304044175119002,True,ok,julia_xfoil,,prestall,seed_reference_pending_full_polar_dae11_rescue
dae11,"root,mid1",400000.0,clean,1.25,0.7958447219770818,0.011507541875749854,-0.130658159775051,True,ok,julia_xfoil,,prestall,seed_reference_pending_full_polar_dae11_rescue
dae11,"root,mid1",400000.0,clean,1.5,0.8250268584107365,0.01149187054616016,-0.13088816921379093,True,ok,julia_xfoil,,prestall,seed_reference_pending_full_polar_dae11_rescue
dae11,"root,mid1",400000.0,clean,1.75,0.8542500600392173,0.011470209943274206,-0.13110842819335913,True,ok,julia_xfoil,,prestall,seed_reference_pending_full_polar_dae11_rescue
dae11,"root,mid1",400000.0,clean,2.0,0.8833487917338692,0.011496618964023802,-0.1313313190553546,True,ok,julia_xfoil,,prestall,seed_reference_pending_full_polar_dae11_rescue
dae11,"root,mid1",400000.0,clean,2.25,0.9118476134449603,0.011690796171981904,-0.13152992914890133,True,ok,julia_xfoil,,prestall,seed_reference_pending_full_polar_dae11_rescue
dae11,"root,mid1",400000.0,clean,2.5,0.9400605245195547,0.011826944147805564,-0.13178990834885165,True,ok,julia_xfoil,,prestall,seed_reference_pending_full_polar_dae11_rescue
dae11,"root,mid1",400000.0,clean,2.75,0.9684293727266342,0.011874510547624787,-0.13206899904026287,True,ok,julia_xfoil,,prestall,seed_reference_pending_full_polar_dae11_rescue
dae11,"root,mid1",400000.0,clean,3.0,0.9968433894449203,0.011920699450951196,-0.13233021266641654,True,ok,julia_xfoil,,prestall,seed_reference_pending_full_polar_dae11_rescue
dae11,"root,mid1",400000.0,clean,3.25,1.0254518791214802,0.011924955480855516,-0.13257145657610558,True,ok,julia_xfoil,,prestall,seed_reference_pending_full_polar_dae11_rescue
dae11,"root,mid1",400000.0,clean,3.5,1.0542703976108962,0.011891824261946881,-0.13280326522608366,True,ok,julia_xfoil,,prestall,seed_reference_pending_full_polar_dae11_rescue
dae11,"root,mid1",400000.0,clean,3.75,1.0832694718923273,0.011831121741299754,-0.1330317266801086,True,ok,julia_xfoil,,prestall,seed_reference_pending_full_polar_dae11_rescue
dae11,"root,mid1",400000.0,clean,4.0,1.1123564279646558,0.0117581707646517,-0.13325234377026382,True,ok,julia_xfoil,,prestall,seed_reference_pending_full_polar_dae11_rescue
dae11,"root,mid1",400000.0,clean,4.25,1.141160021481233,0.011763042424325954,-0.13345821503705294,True,ok,julia_xfoil,,prestall,seed_reference_pending_full_polar_dae11_rescue
dae11,"root,mid1",400000.0,clean,4.5,1.1691360076240447,0.011905880347102321,-0.1336624166144119,True,ok,julia_xfoil,,prestall,seed_reference_pending_full_polar_dae11_rescue
dae11,"root,mid1",400000.0,clean,4.75,1.1968049670991687,0.011941489436626955,-0.13386870396255254,True,ok,julia_xfoil,,prestall,seed_reference_pending_full_polar_dae11_rescue
dae11,"root,mid1",400000.0,clean,5.0,1.2247817094792428,0.011951106058218742,-0.13407138982883118,True,ok,julia_xfoil,,prestall,seed_reference_pending_full_polar_dae11_rescue
dae11,"root,mid1",400000.0,clean,5.25,1.25315114740396,0.01190171941360202,-0.13426970483717826,True,ok,julia_xfoil,,prestall,seed_reference_pending_full_polar_dae11_rescue
dae11,"root,mid1",400000.0,clean,5.5,1.2816991225119851,0.011826748376868505,-0.1344616137096829,True,ok,julia_xfoil,,prestall,seed_reference_pending_full_polar_dae11_rescue
dae11,"root,mid1",400000.0,clean,5.75,1.310266849842509,0.011774692520498767,-0.13463290617951,True,ok,julia_xfoil,,prestall,seed_reference_pending_full_polar_dae11_rescue
dae11,"root,mid1",400000.0,clean,6.0,1.337833819302403,0.011870564418695865,-0.1347871987733684,True,ok,julia_xfoil,,prestall,seed_reference_pending_full_polar_dae11_rescue
dae11,"root,mid1",400000.0,clean,6.25,1.3647514401350263,0.011929393253342578,-0.13490839969735058,True,ok,julia_xfoil,,prestall,seed_reference_pending_full_polar_dae11_rescue
dae11,"root,mid1",400000.0,clean,6.5,1.3921559473407723,0.01193889298412193,-0.13503111076310004,True,ok,julia_xfoil,,prestall,seed_reference_pending_full_polar_dae11_rescue
dae11,"root,mid1",400000.0,clean,6.75,1.419856365828778,0.011909870789276026,-0.13512497245147756,True,ok,julia_xfoil,,prestall,seed_reference_pending_full_polar_dae11_rescue
dae11,"root,mid1",400000.0,clean,7.0,1.4470664677409446,0.011987944846476637,-0.1351891656941398,True,ok,julia_xfoil,,prestall,seed_reference_pending_full_polar_dae11_rescue
dae11,"root,mid1",400000.0,clean,7.25,1.4729965783710284,0.01212144594686452,-0.13522195465347198,True,ok,julia_xfoil,,prestall,seed_reference_pending_full_polar_dae11_rescue
dae11,"root,mid1",400000.0,clean,7.5,1.4993688290454212,0.012198373392272923,-0.13520689565940383,True,ok,julia_xfoil,,prestall,seed_reference_pending_full_polar_dae11_rescue
dae11,"root,mid1",400000.0,clean,7.75,1.5253277106438352,0.012331156448425891,-0.1351055483965274,True,ok,julia_xfoil,,prestall,seed_reference_pending_full_polar_dae11_rescue
dae11,"root,mid1",400000.0,clean,8.0,1.5502644795020892,0.012540964974544096,-0.13502298216941244,True,ok,julia_xfoil,,prestall,seed_reference_pending_full_polar_dae11_rescue
dae11,"root,mid1",400000.0,clean,8.25,1.5746877938613,0.01275300000371095,-0.1347409215559596,True,ok,julia_xfoil,,prestall,seed_reference_pending_full_polar_dae11_rescue
dae11,"root,mid1",400000.0,clean,8.5,1.5983790000599536,0.013049957454880612,-0.13449333986635983,True,ok,julia_xfoil,,prestall,seed_reference_pending_full_polar_dae11_rescue
dae11,"root,mid1",400000.0,clean,8.75,1.6204869018172168,0.013415512828198795,-0.13396150374446603,True,ok,julia_xfoil,,prestall,seed_reference_pending_full_polar_dae11_rescue
dae11,"root,mid1",400000.0,clean,9.0,1.6419354182726111,0.013836890669617205,-0.1334488247975994,True,ok,julia_xfoil,,prestall,seed_reference_pending_full_polar_dae11_rescue
dae11,"root,mid1",400000.0,clean,9.25,1.6604178830734373,0.014411400151102337,-0.13252496295057142,True,ok,julia_xfoil,,prestall,seed_reference_pending_full_polar_dae11_rescue
dae11,"root,mid1",400000.0,clean,9.5,1.6761826620251428,0.015125450197466741,-0.1313356054846964,True,ok,julia_xfoil,,prestall,seed_reference_pending_full_polar_dae11_rescue
dae11,"root,mid1",400000.0,clean,9.75,1.6898159984327352,0.015947333565230277,-0.12997710093939674,True,ok,julia_xfoil,,prestall,seed_reference_pending_full_polar_dae11_rescue
dae11,"root,mid1",400000.0,clean,10.0,1.696155565208768,0.017114253937406083,-0.12790731881864126,True,ok,julia_xfoil,,prestall,seed_reference_pending_full_polar_dae11_rescue
dae11,"root,mid1",400000.0,clean,10.25,1.6975948481750764,0.0188301819538041,-0.12587959156259798,True,ok,julia_xfoil,,prestall,seed_reference_pending_full_polar_dae11_rescue
dae11,"root,mid1",400000.0,clean,10.5,1.701533077795425,0.02053072829462195,-0.1242751752109468,True,ok,julia_xfoil,,prestall,seed_reference_pending_full_polar_dae11_rescue
dae11,"root,mid1",400000.0,clean,10.75,1.7031875683003244,0.02245376806146383,-0.12253822064068552,True,ok,julia_xfoil,,prestall,seed_reference_pending_full_polar_dae11_rescue
dae11,"root,mid1",400000.0,clean,11.0,1.7007602944142226,0.024685004807313244,-0.12047590774074844,True,ok,julia_xfoil,,poststall,seed_reference_pending_full_polar_dae11_rescue
dae11,"root,mid1",400000.0,clean,11.25,1.6978154971813813,0.026994477353464115,-0.11842480055731226,True,ok,julia_xfoil,,poststall,seed_reference_pending_full_polar_dae11_rescue
dae11,"root,mid1",400000.0,clean,11.5,1.6967626227265973,0.029154480439731796,-0.11651261204595352,True,ok,julia_xfoil,,poststall,seed_reference_pending_full_polar_dae11_rescue
dae11,"root,mid1",400000.0,clean,11.75,1.692635793107225,0.03154638629077976,-0.11437456980162547,True,ok,julia_xfoil,,poststall,seed_reference_pending_full_polar_dae11_rescue
dae11,"root,mid1",400000.0,clean,12.0,1.6873788170672825,0.034098077130582966,-0.11227917893879057,True,ok,julia_xfoil,,poststall,seed_reference_pending_full_polar_dae11_rescue
dae11,"root,mid1",400000.0,clean,12.25,1.6859491482546851,0.036309315318826293,-0.11041805506305932,True,ok,julia_xfoil,,poststall,seed_reference_pending_full_polar_dae11_rescue
dae11,"root,mid1",400000.0,clean,12.5,1.6798602382278733,0.03902546419398027,-0.10842632913719283,True,ok,julia_xfoil,,poststall,seed_reference_pending_full_polar_dae11_rescue
dae11,"root,mid1",400000.0,clean,12.75,1.6776104818495154,0.0415249171392398,-0.10679542627697064,True,ok,julia_xfoil,,poststall,seed_reference_pending_full_polar_dae11_rescue
dae11,"root,mid1",400000.0,clean,13.0,1.676296219386608,0.044010811787312726,-0.10531167654883725,True,ok,julia_xfoil,,poststall,seed_reference_pending_full_polar_dae11_rescue
dae11,"root,mid1",400000.0,clean,13.25,1.669511978519511,0.047075599742508856,-0.10366367579242612,True,ok,julia_xfoil,,poststall,seed_reference_pending_full_polar_dae11_rescue
dae11,"root,mid1",400000.0,clean,13.5,1.6702142792036319,0.04943837394941999,-0.10239825288132316,True,ok,julia_xfoil,,poststall,seed_reference_pending_full_polar_dae11_rescue
dae11,"root,mid1",400000.0,clean,13.75,1.6663345192437173,0.05238170658133152,-0.10109329111180745,True,ok,julia_xfoil,,poststall,seed_reference_pending_full_polar_dae11_rescue
dae11,"root,mid1",400000.0,clean,14.0,1.6627466214425866,0.05532565320218132,-0.09986777111784603,True,ok,julia_xfoil,,poststall,seed_reference_pending_full_polar_dae11_rescue
dae11,"root,mid1",400000.0,clean,14.25,1.6620085007393774,0.05800582721441899,-0.0988002101714967,True,ok,julia_xfoil,,poststall,seed_reference_pending_full_polar_dae11_rescue
dae11,"root,mid1",400000.0,clean,14.5,1.654725739198081,0.06144925985046105,-0.09764730254819029,True,ok,julia_xfoil,,poststall,seed_reference_pending_full_polar_dae11_rescue
dae11,"root,mid1",400000.0,clean,14.75,1.6545627745883615,0.06414444627388441,-0.09674453385995635,True,ok,julia_xfoil,,poststall,seed_reference_pending_full_polar_dae11_rescue
dae11,"root,mid1",400000.0,clean,15.0,1.6481120850052011,0.06760884440990617,-0.09577960229246449,True,ok,julia_xfoil,,poststall,seed_reference_pending_full_polar_dae11_rescue
dae11,"root,mid1",400000.0,clean,15.25,1.6467815464445328,0.0705859560192782,-0.09507474061552891,True,ok,julia_xfoil,,poststall,seed_reference_pending_full_polar_dae11_rescue
dae11,"root,mid1",400000.0,clean,15.5,1.6402826741316234,0.07418945161398073,-0.09431978155912274,True,ok,julia_xfoil,,poststall,seed_reference_pending_full_polar_dae11_rescue
dae11,"root,mid1",400000.0,clean,15.75,1.638586428394578,0.0772828109716206,-0.09376484152862873,True,ok,julia_xfoil,,poststall,seed_reference_pending_full_polar_dae11_rescue
dae11,"root,mid1",400000.0,clean,16.0,1.6317052317139205,0.08103481686098854,-0.09322559326345867,True,ok,julia_xfoil,,poststall,seed_reference_pending_full_polar_dae11_rescue
dae11,"root,mid1",400000.0,clean,16.25,1.6282655148947658,0.08437474767975342,-0.09275597502023737,True,ok,julia_xfoil,,poststall,seed_reference_pending_full_polar_dae11_rescue
dae11,"root,mid1",400000.0,clean,16.5,1.6236146076952014,0.08797842989702395,-0.09247099242680437,True,ok,julia_xfoil,,poststall,seed_reference_pending_full_polar_dae11_rescue
dae11,"root,mid1",400000.0,clean,16.75,1.6160936799455292,0.09200061198217149,-0.09224464744211097,True,ok,julia_xfoil,,poststall,seed_reference_pending_full_polar_dae11_rescue
dae11,"root,mid1",400000.0,clean,17.0,1.6094985129567785,0.09599308515531203,-0.09215309833591949,True,ok,julia_xfoil,,poststall,seed_reference_pending_full_polar_dae11_rescue
dae11,"root,mid1",400000.0,clean,17.25,1.6081030646537136,0.09930490368821662,-0.0921566074760303,True,ok,julia_xfoil,,poststall,seed_reference_pending_full_polar_dae11_rescue
dae11,"root,mid1",400000.0,clean,17.5,1.6036862951981934,0.10303478461347178,-0.0922534794768998,True,ok,julia_xfoil,,poststall,seed_reference_pending_full_polar_dae11_rescue
dae11,"root,mid1",400000.0,clean,17.75,1.593771080823581,0.10763321435693278,-0.09260426502702357,True,ok,julia_xfoil,,poststall,seed_reference_pending_full_polar_dae11_rescue
dae11,"root,mid1",400000.0,clean,18.0,1.5810323861327895,0.11258437471059132,-0.09296684151136225,True,ok,julia_xfoil,,poststall,seed_reference_pending_full_polar_dae11_rescue
dae11,"root,mid1",435930.330685,clean,-6.0,-0.03270912009711551,0.06075846798400036,-0.08625861971131858,True,ok,julia_xfoil,,prestall,seed_reference_pending_full_polar_dae11_rescue
dae11,"root,mid1",435930.330685,clean,-5.75,-0.0129173887234531,0.05816627828488751,-0.08915258890219692,True,ok,julia_xfoil,,prestall,seed_reference_pending_full_polar_dae11_rescue
dae11,"root,mid1",435930.330685,clean,-5.5,0.01011687119369187,0.054975018051644856,-0.09359671998240784,True,ok,julia_xfoil,,prestall,seed_reference_pending_full_polar_dae11_rescue
dae11,"root,mid1",435930.330685,clean,-5.25,0.03853693909894093,0.05059873854056736,-0.1004094067297988,True,ok,julia_xfoil,,prestall,seed_reference_pending_full_polar_dae11_rescue
dae11,"root,mid1",435930.330685,clean,-5.0,0.08544916789402848,0.04459127692847458,-0.11118191517241648,True,ok,julia_xfoil,,prestall,seed_reference_pending_full_polar_dae11_rescue
dae11,"root,mid1",435930.330685,clean,-4.75,0.1078287693997795,0.036012626601115746,-0.11834802274347675,True,ok,julia_xfoil,,prestall,seed_reference_pending_full_polar_dae11_rescue
dae11,"root,mid1",435930.330685,clean,-4.5,0.1321809175659071,0.03463579313712914,-0.11947661142691325,True,ok,julia_xfoil,,prestall,seed_reference_pending_full_polar_dae11_rescue
dae11,"root,mid1",435930.330685,clean,-4.25,0.15816081164906035,0.03342456628121864,-0.12062200269709274,True,ok,julia_xfoil,,prestall,seed_reference_pending_full_polar_dae11_rescue
dae11,"root,mid1",435930.330685,clean,-4.0,0.18677810592827163,0.03157798922030515,-0.1222235897311148,True,ok,julia_xfoil,,prestall,seed_reference_pending_full_polar_dae11_rescue
dae11,"root,mid1",435930.330685,clean,-3.75,0.2185894909080388,0.03033573129431571,-0.12326550881999936,True,ok,julia_xfoil,,prestall,seed_reference_pending_full_polar_dae11_rescue
dae11,"root,mid1",435930.330685,clean,-3.5,0.2498927950671145,0.03022005335465878,-0.12376810397937094,True,ok,julia_xfoil,,prestall,seed_reference_pending_full_polar_dae11_rescue
dae11,"root,mid1",435930.330685,clean,-3.25,0.28107681329570194,0.01995350867767367,-0.12690868075651865,True,ok,julia_xfoil,,prestall,seed_reference_pending_full_polar_dae11_rescue
dae11,"root,mid1",435930.330685,clean,-3.0,0.31183347815730533,0.01700913153322863,-0.1271818251138977,True,ok,julia_xfoil,,prestall,seed_reference_pending_full_polar_dae11_rescue
dae11,"root,mid1",435930.330685,clean,-2.75,0.3408586255331141,0.016120644869185175,-0.12744034142856422,True,ok,julia_xfoil,,prestall,seed_reference_pending_full_polar_dae11_rescue
dae11,"root,mid1",435930.330685,clean,-2.5,0.3698285258626632,0.015533005838762872,-0.1276775174708454,True,ok,julia_xfoil,,prestall,seed_reference_pending_full_polar_dae11_rescue
dae11,"root,mid1",435930.330685,clean,-2.25,0.39883966672732274,0.015038776681803215,-0.12787437436121513,True,ok,julia_xfoil,,prestall,seed_reference_pending_full_polar_dae11_rescue
dae11,"root,mid1",435930.330685,clean,-2.0,0.42788447395944784,0.014583824109224632,-0.12803432166251016,True,ok,julia_xfoil,,prestall,seed_reference_pending_full_polar_dae11_rescue
dae11,"root,mid1",435930.330685,clean,-1.75,0.4569579931693636,0.014220679720165372,-0.12817771276483417,True,ok,julia_xfoil,,prestall,seed_reference_pending_full_polar_dae11_rescue
dae11,"root,mid1",435930.330685,clean,-1.5,0.4859131796341723,0.013556357628641477,-0.1284241700731889,True,ok,julia_xfoil,,prestall,seed_reference_pending_full_polar_dae11_rescue
dae11,"root,mid1",435930.330685,clean,-1.25,0.51487092004598,0.013353875792403824,-0.12867159424342042,True,ok,julia_xfoil,,prestall,seed_reference_pending_full_polar_dae11_rescue
dae11,"root,mid1",435930.330685,clean,-1.0,0.5435749081394161,0.013338068365468933,-0.12886331605551757,True,ok,julia_xfoil,,prestall,seed_reference_pending_full_polar_dae11_rescue
dae11,"root,mid1",435930.330685,clean,-0.75,0.5723963615131833,0.013134629548094643,-0.12919179558796368,True,ok,julia_xfoil,,prestall,seed_reference_pending_full_polar_dae11_rescue
dae11,"root,mid1",435930.330685,clean,-0.5,0.6017364172189352,0.012665174444491447,-0.12967620911866115,True,ok,julia_xfoil,,prestall,seed_reference_pending_full_polar_dae11_rescue
dae11,"root,mid1",435930.330685,clean,-0.25,0.6304049663298877,0.01215934251146936,-0.13031488133463898,True,ok,julia_xfoil,,prestall,seed_reference_pending_full_polar_dae11_rescue
dae11,"root,mid1",435930.330685,clean,0.0,0.6586361718944042,0.011790046923135481,-0.13076467076496626,True,ok,julia_xfoil,,prestall,seed_reference_pending_full_polar_dae11_rescue
dae11,"root,mid1",435930.330685,clean,0.25,0.6857459845397742,0.011381391751687144,-0.1308277070515625,True,ok,julia_xfoil,,prestall,seed_reference_pending_full_polar_dae11_rescue
dae11,"root,mid1",435930.330685,clean,0.5,0.7105046080895312,0.010595547889614431,-0.12967545883585985,True,ok,julia_xfoil,,prestall,seed_reference_pending_full_polar_dae11_rescue
dae11,"root,mid1",435930.330685,clean,0.75,0.739730221496302,0.010606794398291732,-0.12994531138076293,True,ok,julia_xfoil,,prestall,seed_reference_pending_full_polar_dae11_rescue
dae11,"root,mid1",435930.330685,clean,1.0,0.7689398466057761,0.010623691394172298,-0.13021252369439118,True,ok,julia_xfoil,,prestall,seed_reference_pending_full_polar_dae11_rescue
dae11,"root,mid1",435930.330685,clean,1.25,0.798168250380739,0.010629823836535011,-0.13046816340152814,True,ok,julia_xfoil,,prestall,seed_reference_pending_full_polar_dae11_rescue
dae11,"root,mid1",435930.330685,clean,1.5,0.8274052463919068,0.010626425194750258,-0.13070676921923738,True,ok,julia_xfoil,,prestall,seed_reference_pending_full_polar_dae11_rescue
dae11,"root,mid1",435930.330685,clean,1.75,0.8564562699032597,0.010676385782274438,-0.13093781840930893,True,ok,julia_xfoil,,prestall,seed_reference_pending_full_polar_dae11_rescue
dae11,"root,mid1",435930.330685,clean,2.0,0.8845853845751583,0.010995646326625141,-0.13115172722103186,True,ok,julia_xfoil,,prestall,seed_reference_pending_full_polar_dae11_rescue
dae11,"root,mid1",435930.330685,clean,2.25,0.9133820606030878,0.010997287201995993,-0.13145710512378642,True,ok,julia_xfoil,,prestall,seed_reference_pending_full_polar_dae11_rescue
dae11,"root,mid1",435930.330685,clean,2.5,0.9420271137100962,0.011025126687373063,-0.13174705479844687,True,ok,julia_xfoil,,prestall,seed_reference_pending_full_polar_dae11_rescue
dae11,"root,mid1",435930.330685,clean,2.75,0.9706645732702108,0.011063159040574847,-0.13202621729975025,True,ok,julia_xfoil,,prestall,seed_reference_pending_full_polar_dae11_rescue
dae11,"root,mid1",435930.330685,clean,3.0,0.9994061821137609,0.011074009193158978,-0.13228890003506583,True,ok,julia_xfoil,,prestall,seed_reference_pending_full_polar_dae11_rescue
dae11,"root,mid1",435930.330685,clean,3.25,1.0282955291862816,0.011050980126146416,-0.13253945915501583,True,ok,julia_xfoil,,prestall,seed_reference_pending_full_polar_dae11_rescue
dae11,"root,mid1",435930.330685,clean,3.5,1.0572925529857016,0.011009882351918673,-0.13278539039064036,True,ok,julia_xfoil,,prestall,seed_reference_pending_full_polar_dae11_rescue
dae11,"root,mid1",435930.330685,clean,3.75,1.0863114035364272,0.010963564496139864,-0.13302187332171456,True,ok,julia_xfoil,,prestall,seed_reference_pending_full_polar_dae11_rescue
dae11,"root,mid1",435930.330685,clean,4.0,1.1150998443275575,0.010977377744302925,-0.13324011254181603,True,ok,julia_xfoil,,prestall,seed_reference_pending_full_polar_dae11_rescue
dae11,"root,mid1",435930.330685,clean,4.25,1.1432622492396445,0.011132790679845314,-0.13346760411428532,True,ok,julia_xfoil,,prestall,seed_reference_pending_full_polar_dae11_rescue
dae11,"root,mid1",435930.330685,clean,4.5,1.1712500487820647,0.011152996619206365,-0.13370464595636625,True,ok,julia_xfoil,,prestall,seed_reference_pending_full_polar_dae11_rescue
dae11,"root,mid1",435930.330685,clean,4.75,1.1993853293425314,0.011170691182194216,-0.13393710712962056,True,ok,julia_xfoil,,prestall,seed_reference_pending_full_polar_dae11_rescue
dae11,"root,mid1",435930.330685,clean,5.0,1.2277689889265488,0.01114697422840165,-0.13416004915094032,True,ok,julia_xfoil,,prestall,seed_reference_pending_full_polar_dae11_rescue
dae11,"root,mid1",435930.330685,clean,5.25,1.256286503843153,0.011097321008833093,-0.13437244465922746,True,ok,julia_xfoil,,prestall,seed_reference_pending_full_polar_dae11_rescue
dae11,"root,mid1",435930.330685,clean,5.5,1.28476972062945,0.01106065015212901,-0.134561210819905,True,ok,julia_xfoil,,prestall,seed_reference_pending_full_polar_dae11_rescue
dae11,"root,mid1",435930.330685,clean,5.75,1.3128105304447946,0.011151522727819458,-0.1347438811745293,True,ok,julia_xfoil,,prestall,seed_reference_pending_full_polar_dae11_rescue
dae11,"root,mid1",435930.330685,clean,6.0,1.3400053074916627,0.011209512136416928,-0.13491271560364393,True,ok,julia_xfoil,,prestall,seed_reference_pending_full_polar_dae11_rescue
dae11,"root,mid1",435930.330685,clean,6.25,1.367512551539462,0.011239647963477314,-0.13507514445107233,True,ok,julia_xfoil,,prestall,seed_reference_pending_full_polar_dae11_rescue
dae11,"root,mid1",435930.330685,clean,6.5,1.3951862797299275,0.011237686423821369,-0.13520712258528017,True,ok,julia_xfoil,,prestall,seed_reference_pending_full_polar_dae11_rescue
dae11,"root,mid1",435930.330685,clean,6.75,1.4227702834854599,0.011287962559597476,-0.13529006414526,True,ok,julia_xfoil,,prestall,seed_reference_pending_full_polar_dae11_rescue
dae11,"root,mid1",435930.330685,clean,7.0,1.449228095101624,0.011418298737736383,-0.13539228164460465,True,ok,julia_xfoil,,prestall,seed_reference_pending_full_polar_dae11_rescue
dae11,"root,mid1",435930.330685,clean,7.25,1.475796483120869,0.011517385657392208,-0.13545469591868078,True,ok,julia_xfoil,,prestall,seed_reference_pending_full_polar_dae11_rescue
dae11,"root,mid1",435930.330685,clean,7.5,1.5020892931767624,0.011624266588096904,-0.13539636439729705,True,ok,julia_xfoil,,prestall,seed_reference_pending_full_polar_dae11_rescue
dae11,"root,mid1",435930.330685,clean,7.75,1.5277728074246035,0.011819372814859322,-0.13539681142569834,True,ok,julia_xfoil,,prestall,seed_reference_pending_full_polar_dae11_rescue
dae11,"root,mid1",435930.330685,clean,8.0,1.5529049233257404,0.012014724291086902,-0.13526873941685932,True,ok,julia_xfoil,,prestall,seed_reference_pending_full_polar_dae11_rescue
dae11,"root,mid1",435930.330685,clean,8.25,1.5771918741290314,0.012284432845252139,-0.13503780675165414,True,ok,julia_xfoil,,prestall,seed_reference_pending_full_polar_dae11_rescue
dae11,"root,mid1",435930.330685,clean,8.5,1.6008422404496716,0.012588954375062935,-0.13476877361524517,True,ok,julia_xfoil,,prestall,seed_reference_pending_full_polar_dae11_rescue
dae11,"root,mid1",435930.330685,clean,8.75,1.62307862978247,0.01298326338885836,-0.13430681417171528,True,ok,julia_xfoil,,prestall,seed_reference_pending_full_polar_dae11_rescue
dae11,"root,mid1",435930.330685,clean,9.0,1.6436191600014427,0.013468664813503462,-0.1336537050069491,True,ok,julia_xfoil,,prestall,seed_reference_pending_full_polar_dae11_rescue
dae11,"root,mid1",435930.330685,clean,9.25,1.6628139703753064,0.01403099897813119,-0.13288081228486098,True,ok,julia_xfoil,,prestall,seed_reference_pending_full_polar_dae11_rescue
dae11,"root,mid1",435930.330685,clean,9.5,1.678341603660703,0.014785862442614341,-0.13168307151761374,True,ok,julia_xfoil,,prestall,seed_reference_pending_full_polar_dae11_rescue
dae11,"root,mid1",435930.330685,clean,9.75,1.6885598704396045,0.015796161916478632,-0.12991855313619874,True,ok,julia_xfoil,,prestall,seed_reference_pending_full_polar_dae11_rescue
dae11,"root,mid1",435930.330685,clean,10.0,1.6965301409985423,0.016939829701189266,-0.1281691669838607,True,ok,julia_xfoil,,prestall,seed_reference_pending_full_polar_dae11_rescue
dae11,"root,mid1",435930.330685,clean,10.25,1.7007538213193967,0.018532628165079112,-0.1264732106120609,True,ok,julia_xfoil,,prestall,seed_reference_pending_full_polar_dae11_rescue
dae11,"root,mid1",435930.330685,clean,10.5,1.701718228064234,0.02047967012501199,-0.12466264082453338,True,ok,julia_xfoil,,prestall,seed_reference_pending_full_polar_dae11_rescue
dae11,"root,mid1",435930.330685,clean,10.75,1.7011519802377897,0.02260413983184507,-0.12279178802838529,True,ok,julia_xfoil,,prestall,seed_reference_pending_full_polar_dae11_rescue
dae11,"root,mid1",435930.330685,clean,11.0,1.702114453008288,0.024597856798922187,-0.12099079502317216,True,ok,julia_xfoil,,prestall,seed_reference_pending_full_polar_dae11_rescue
dae11,"root,mid1",435930.330685,clean,11.25,1.6999811817816373,0.026851522442047266,-0.11898931510427659,True,ok,julia_xfoil,,poststall,seed_reference_pending_full_polar_dae11_rescue
dae11,"root,mid1",435930.330685,clean,11.5,1.6941149935774722,0.02939631931183268,-0.11673452906986101,True,ok,julia_xfoil,,poststall,seed_reference_pending_full_polar_dae11_rescue
dae11,"root,mid1",435930.330685,clean,11.75,1.6940991522470439,0.03146669686553834,-0.11487540110827169,True,ok,julia_xfoil,,poststall,seed_reference_pending_full_polar_dae11_rescue
dae11,"root,mid1",435930.330685,clean,12.0,1.6899566682969271,0.033937379601460045,-0.11285340378258059,True,ok,julia_xfoil,,poststall,seed_reference_pending_full_polar_dae11_rescue
dae11,"root,mid1",435930.330685,clean,12.25,1.6847981858380718,0.03644645636279666,-0.11073163899848418,True,ok,julia_xfoil,,poststall,seed_reference_pending_full_polar_dae11_rescue
dae11,"root,mid1",435930.330685,clean,12.5,1.6830854618789446,0.038811009723940276,-0.10902232137030476,True,ok,julia_xfoil,,poststall,seed_reference_pending_full_polar_dae11_rescue
dae11,"root,mid1",435930.330685,clean,12.75,1.6798257575713096,0.04139280697205264,-0.10731225000922272,True,ok,julia_xfoil,,poststall,seed_reference_pending_full_polar_dae11_rescue
dae11,"root,mid1",435930.330685,clean,13.0,1.6765140518316708,0.04407474598359182,-0.10573439627987832,True,ok,julia_xfoil,,poststall,seed_reference_pending_full_polar_dae11_rescue
dae11,"root,mid1",435930.330685,clean,13.25,1.675549768197707,0.04657734387659454,-0.10434477311165018,True,ok,julia_xfoil,,poststall,seed_reference_pending_full_polar_dae11_rescue
dae11,"root,mid1",435930.330685,clean,13.5,1.6708901046334825,0.04945627711659928,-0.10281799055890968,True,ok,julia_xfoil,,poststall,seed_reference_pending_full_polar_dae11_rescue
dae11,"root,mid1",435930.330685,clean,13.75,1.6702563612957044,0.05206085298980289,-0.10163455826019964,True,ok,julia_xfoil,,poststall,seed_reference_pending_full_polar_dae11_rescue
dae11,"root,mid1",435930.330685,clean,14.0,1.6669378498683225,0.05497094610566004,-0.10039740312796307,True,ok,julia_xfoil,,poststall,seed_reference_pending_full_polar_dae11_rescue
dae11,"root,mid1",435930.330685,clean,14.25,1.664656256107572,0.0578010911246483,-0.0992617403775937,True,ok,julia_xfoil,,poststall,seed_reference_pending_full_polar_dae11_rescue
dae11,"root,mid1",435930.330685,clean,14.5,1.6617975474226285,0.06076261906012455,-0.09822590734609556,True,ok,julia_xfoil,,poststall,seed_reference_pending_full_polar_dae11_rescue
dae11,"root,mid1",435930.330685,clean,14.75,1.6578740945288812,0.06385685721303472,-0.09719916951246957,True,ok,julia_xfoil,,poststall,seed_reference_pending_full_polar_dae11_rescue
dae11,"root,mid1",435930.330685,clean,15.0,1.6567694827530688,0.06668782648440888,-0.09632491516762322,True,ok,julia_xfoil,,poststall,seed_reference_pending_full_polar_dae11_rescue
dae11,"root,mid1",435930.330685,clean,15.25,1.650848103067205,0.07018706977887118,-0.09550959361967233,True,ok,julia_xfoil,,poststall,seed_reference_pending_full_polar_dae11_rescue
dae11,"root,mid1",435930.330685,clean,15.5,1.6487169707756724,0.07326723712501196,-0.09481245449678365,True,ok,julia_xfoil,,poststall,seed_reference_pending_full_polar_dae11_rescue
dae11,"root,mid1",435930.330685,clean,15.75,1.6444193047929168,0.07664158338004029,-0.09418299092470155,True,ok,julia_xfoil,,poststall,seed_reference_pending_full_polar_dae11_rescue
dae11,"root,mid1",435930.330685,clean,16.0,1.6379723941540139,0.08036446170275639,-0.0936365339924142,True,ok,julia_xfoil,,poststall,seed_reference_pending_full_polar_dae11_rescue
dae11,"root,mid1",435930.330685,clean,16.25,1.6370952637546856,0.08335379403175312,-0.09317909377092241,True,ok,julia_xfoil,,poststall,seed_reference_pending_full_polar_dae11_rescue
dae11,"root,mid1",435930.330685,clean,16.5,1.6295658525553172,0.08729330449411747,-0.0928315672994,True,ok,julia_xfoil,,poststall,seed_reference_pending_full_polar_dae11_rescue
dae11,"root,mid1",435930.330685,clean,16.75,1.6228897734666279,0.09120967464492237,-0.0925615238107482,True,ok,julia_xfoil,,poststall,seed_reference_pending_full_polar_dae11_rescue
dae11,"root,mid1",435930.330685,clean,17.0,1.6228457132016139,0.09426915971398016,-0.09241807567149271,True,ok,julia_xfoil,,poststall,seed_reference_pending_full_polar_dae11_rescue
dae11,"root,mid1",435930.330685,clean,17.25,1.617214700106451,0.09815469183712991,-0.09243915939904622,True,ok,julia_xfoil,,poststall,seed_reference_pending_full_polar_dae11_rescue
dae11,"root,mid1",435930.330685,clean,17.5,1.6096367932344586,0.102318796235079,-0.09252814979988654,True,ok,julia_xfoil,,poststall,seed_reference_pending_full_polar_dae11_rescue
dae11,"root,mid1",435930.330685,clean,17.75,1.5963685702694823,0.10739546005669766,-0.09285485309557259,True,ok,julia_xfoil,,poststall,seed_reference_pending_full_polar_dae11_rescue
dae11,"root,mid1",435930.330685,clean,18.0,1.5976099395062493,0.11036320825073832,-0.09305127190950913,True,ok,julia_xfoil,,poststall,seed_reference_pending_full_polar_dae11_rescue
dae11,"root,mid1",439056.30948805,clean,-6.0,-0.032194819516317766,0.06036228813811156,-0.08692119575917687,True,ok,julia_xfoil,,prestall,seed_reference_pending_full_polar_dae11_rescue
dae11,"root,mid1",439056.30948805,clean,-5.75,-0.012545181742386885,0.05782951621228722,-0.08965595332919722,True,ok,julia_xfoil,,prestall,seed_reference_pending_full_polar_dae11_rescue
dae11,"root,mid1",439056.30948805,clean,-5.5,0.010275620514173347,0.05475040487293671,-0.09384881635808379,True,ok,julia_xfoil,,prestall,seed_reference_pending_full_polar_dae11_rescue
dae11,"root,mid1",439056.30948805,clean,-5.25,0.038136040754161236,0.0505524875281145,-0.1003024617317436,True,ok,julia_xfoil,,prestall,seed_reference_pending_full_polar_dae11_rescue
dae11,"root,mid1",439056.30948805,clean,-5.0,0.0849907027962106,0.04459492512425019,-0.1110262619134357,True,ok,julia_xfoil,,prestall,seed_reference_pending_full_polar_dae11_rescue
dae11,"root,mid1",439056.30948805,clean,-4.75,0.10806454508215411,0.03594020089954115,-0.11842919281430991,True,ok,julia_xfoil,,prestall,seed_reference_pending_full_polar_dae11_rescue
dae11,"root,mid1",439056.30948805,clean,-4.5,0.1325791738650375,0.03436313719425521,-0.11962788067583391,True,ok,julia_xfoil,,prestall,seed_reference_pending_full_polar_dae11_rescue
dae11,"root,mid1",439056.30948805,clean,-4.25,0.15845208445571196,0.03319592840045895,-0.12072110302084939,True,ok,julia_xfoil,,prestall,seed_reference_pending_full_polar_dae11_rescue
dae11,"root,mid1",439056.30948805,clean,-4.0,0.1868397136766249,0.031420245064611045,-0.1222624806161395,True,ok,julia_xfoil,,prestall,seed_reference_pending_full_polar_dae11_rescue
dae11,"root,mid1",439056.30948805,clean,-3.75,0.2181201261849818,0.029775186630424565,-0.12351374331002278,True,ok,julia_xfoil,,prestall,seed_reference_pending_full_polar_dae11_rescue
dae11,"root,mid1",439056.30948805,clean,-3.5,0.24983575739547859,0.030092132318249178,-0.12376477987294082,True,ok,julia_xfoil,,prestall,seed_reference_pending_full_polar_dae11_rescue
dae11,"root,mid1",439056.30948805,clean,-3.25,0.2812459596209055,0.019704682924337785,-0.12690024264349506,True,ok,julia_xfoil,,prestall,seed_reference_pending_full_polar_dae11_rescue
dae11,"root,mid1",439056.30948805,clean,-3.0,0.3119351419743584,0.01690942354107767,-0.1271390001134132,True,ok,julia_xfoil,,prestall,seed_reference_pending_full_polar_dae11_rescue
dae11,"root,mid1",439056.30948805,clean,-2.75,0.3409337276265987,0.016018647818833342,-0.1274006925299937,True,ok,julia_xfoil,,prestall,seed_reference_pending_full_polar_dae11_rescue
dae11,"root,mid1",439056.30948805,clean,-2.5,0.36989013928449294,0.015440200096440907,-0.1276412158515061,True,ok,julia_xfoil,,prestall,seed_reference_pending_full_polar_dae11_rescue
dae11,"root,mid1",439056.30948805,clean,-2.25,0.3989017743191751,0.014954727776097783,-0.1278397250086167,True,ok,julia_xfoil,,prestall,seed_reference_pending_full_polar_dae11_rescue
dae11,"root,mid1",439056.30948805,clean,-2.0,0.4279478064234591,0.014502356346874894,-0.12800123599392288,True,ok,julia_xfoil,,prestall,seed_reference_pending_full_polar_dae11_rescue
dae11,"root,mid1",439056.30948805,clean,-1.75,0.45702187843484465,0.014137295417908468,-0.128146526105972,True,ok,julia_xfoil,,prestall,seed_reference_pending_full_polar_dae11_rescue
dae11,"root,mid1",439056.30948805,clean,-1.5,0.48598567917701085,0.013499067650487811,-0.12838787675979949,True,ok,julia_xfoil,,prestall,seed_reference_pending_full_polar_dae11_rescue
dae11,"root,mid1",439056.30948805,clean,-1.25,0.5149145975598309,0.013301358451128766,-0.12864037136263323,True,ok,julia_xfoil,,prestall,seed_reference_pending_full_polar_dae11_rescue
dae11,"root,mid1",439056.30948805,clean,-1.0,0.5434659123744754,0.013334887547352691,-0.12883473127833756,True,ok,julia_xfoil,,prestall,seed_reference_pending_full_polar_dae11_rescue
dae11,"root,mid1",439056.30948805,clean,-0.75,0.5725130588389995,0.013066354635573407,-0.1291776836566842,True,ok,julia_xfoil,,prestall,seed_reference_pending_full_polar_dae11_rescue
dae11,"root,mid1",439056.30948805,clean,-0.5,0.6018423881289283,0.012604469865351414,-0.12965879014093656,True,ok,julia_xfoil,,prestall,seed_reference_pending_full_polar_dae11_rescue
dae11,"root,mid1",439056.30948805,clean,-0.25,0.6305089071275375,0.012102730981167042,-0.1302950867977267,True,ok,julia_xfoil,,prestall,seed_reference_pending_full_polar_dae11_rescue
dae11,"root,mid1",439056.30948805,clean,0.0,0.6587646091379786,0.011736026923510197,-0.13074555376517336,True,ok,julia_xfoil,,prestall,seed_reference_pending_full_polar_dae11_rescue
dae11,"root,mid1",439056.30948805,clean,0.25,0.6859458023446604,0.011329145750205664,-0.13082284392115548,True,ok,julia_xfoil,,prestall,seed_reference_pending_full_polar_dae11_rescue
dae11,"root,mid1",439056.30948805,clean,0.5,0.710651836510122,0.010530322165129167,-0.12966082182850863,True,ok,julia_xfoil,,prestall,seed_reference_pending_full_polar_dae11_rescue
dae11,"root,mid1",439056.30948805,clean,0.75,0.7398894693196872,0.010540112961465682,-0.1299304842513189,True,ok,julia_xfoil,,prestall,seed_reference_pending_full_polar_dae11_rescue
dae11,"root,mid1",439056.30948805,clean,1.0,0.7691093971271079,0.010556205028346347,-0.13019800976755683,True,ok,julia_xfoil,,prestall,seed_reference_pending_full_polar_dae11_rescue
dae11,"root,mid1",439056.30948805,clean,1.25,0.7983447126712767,0.010562236761651928,-0.1304539397665765,True,ok,julia_xfoil,,prestall,seed_reference_pending_full_polar_dae11_rescue
dae11,"root,mid1",439056.30948805,clean,1.5,0.8275760068047281,0.010562110133214076,-0.13069313317430203,True,ok,julia_xfoil,,prestall,seed_reference_pending_full_polar_dae11_rescue
dae11,"root,mid1",439056.30948805,clean,1.75,0.8565857962714024,0.010624685649678639,-0.1309242783408104,True,ok,julia_xfoil,,prestall,seed_reference_pending_full_polar_dae11_rescue
dae11,"root,mid1",439056.30948805,clean,2.0,0.8847441780833899,0.01092878840347544,-0.1311495300110366,True,ok,julia_xfoil,,prestall,seed_reference_pending_full_polar_dae11_rescue
dae11,"root,mid1",439056.30948805,clean,2.25,0.9135311585019722,0.010933416244463093,-0.13145398245103157,True,ok,julia_xfoil,,prestall,seed_reference_pending_full_polar_dae11_rescue
dae11,"root,mid1",439056.30948805,clean,2.5,0.9421899875843972,0.010961921158600672,-0.131743813067196,True,ok,julia_xfoil,,prestall,seed_reference_pending_full_polar_dae11_rescue
dae11,"root,mid1",439056.30948805,clean,2.75,0.9708482929258409,0.010998378567104668,-0.13202305356601568,True,ok,julia_xfoil,,prestall,seed_reference_pending_full_polar_dae11_rescue
dae11,"root,mid1",439056.30948805,clean,3.0,0.9996117268400857,0.011006826097696331,-0.13228605705467167,True,ok,julia_xfoil,,prestall,seed_reference_pending_full_polar_dae11_rescue
dae11,"root,mid1",439056.30948805,clean,3.25,1.0285181771267728,0.010982325920192524,-0.13253740044135306,True,ok,julia_xfoil,,prestall,seed_reference_pending_full_polar_dae11_rescue
dae11,"root,mid1",439056.30948805,clean,3.5,1.0575223399197917,0.010941558855617362,-0.13278419862094004,True,ok,julia_xfoil,,prestall,seed_reference_pending_full_polar_dae11_rescue
dae11,"root,mid1",439056.30948805,clean,3.75,1.0865295939704296,0.010898333569994107,-0.13302063399214056,True,ok,julia_xfoil,,prestall,seed_reference_pending_full_polar_dae11_rescue
dae11,"root,mid1",439056.30948805,clean,4.0,1.115288622879338,0.010925320293110994,-0.13323940738124423,True,ok,julia_xfoil,,prestall,seed_reference_pending_full_polar_dae11_rescue
dae11,"root,mid1",439056.30948805,clean,4.25,1.1434138377016956,0.011073078071203711,-0.13347042589377334,True,ok,julia_xfoil,,prestall,seed_reference_pending_full_polar_dae11_rescue
dae11,"root,mid1",439056.30948805,clean,4.5,1.1714300822697095,0.011093461579502853,-0.1337091838024006,True,ok,julia_xfoil,,prestall,seed_reference_pending_full_polar_dae11_rescue
dae11,"root,mid1",439056.30948805,clean,4.75,1.199597362893595,0.011109291688450705,-0.13394332787861243,True,ok,julia_xfoil,,prestall,seed_reference_pending_full_polar_dae11_rescue
dae11,"root,mid1",439056.30948805,clean,5.0,1.2280036443955193,0.011083781705015188,-0.13416743519349897,True,ok,julia_xfoil,,prestall,seed_reference_pending_full_polar_dae11_rescue
dae11,"root,mid1",439056.30948805,clean,5.25,1.2565195968112415,0.011035370651324105,-0.13438006021659724,True,ok,julia_xfoil,,prestall,seed_reference_pending_full_polar_dae11_rescue
dae11,"root,mid1",439056.30948805,clean,5.5,1.2849967083629479,0.011004663909404886,-0.13456872394481886,True,ok,julia_xfoil,,prestall,seed_reference_pending_full_polar_dae11_rescue
dae11,"root,mid1",439056.30948805,clean,5.75,1.312952381425909,0.011099919252340999,-0.13475213018505464,True,ok,julia_xfoil,,prestall,seed_reference_pending_full_polar_dae11_rescue
dae11,"root,mid1",439056.30948805,clean,6.0,1.3401961078734719,0.0111564817033775,-0.13492452262725482,True,ok,julia_xfoil,,prestall,seed_reference_pending_full_polar_dae11_rescue
dae11,"root,mid1",439056.30948805,clean,6.25,1.367733849031002,0.011185055392066889,-0.13508895538326843,True,ok,julia_xfoil,,prestall,seed_reference_pending_full_polar_dae11_rescue
dae11,"root,mid1",439056.30948805,clean,6.5,1.395419060540301,0.011183943831157483,-0.13522038876236214,True,ok,julia_xfoil,,prestall,seed_reference_pending_full_polar_dae11_rescue
dae11,"root,mid1",439056.30948805,clean,6.75,1.4229803890483101,0.011245730701090927,-0.1353029052370543,True,ok,julia_xfoil,,prestall,seed_reference_pending_full_polar_dae11_rescue
dae11,"root,mid1",439056.30948805,clean,7.0,1.4494231362626924,0.011372165699848467,-0.1354106307796175,True,ok,julia_xfoil,,prestall,seed_reference_pending_full_polar_dae11_rescue
dae11,"root,mid1",439056.30948805,clean,7.25,1.4760201416599745,0.011469642140221769,-0.13547263118302716,True,ok,julia_xfoil,,prestall,seed_reference_pending_full_polar_dae11_rescue
dae11,"root,mid1",439056.30948805,clean,7.5,1.502276325575004,0.011583184064480643,-0.13540888005578736,True,ok,julia_xfoil,,prestall,seed_reference_pending_full_polar_dae11_rescue
dae11,"root,mid1",439056.30948805,clean,7.75,1.5279823784706617,0.011777847640792332,-0.13542006871017737,True,ok,julia_xfoil,,prestall,seed_reference_pending_full_polar_dae11_rescue
dae11,"root,mid1",439056.30948805,clean,8.0,1.5530924745257575,0.011975203450546947,-0.13528526571682148,True,ok,julia_xfoil,,prestall,seed_reference_pending_full_polar_dae11_rescue
dae11,"root,mid1",439056.30948805,clean,8.25,1.5774099007731233,0.01224646997534155,-0.13506673965932023,True,ok,julia_xfoil,,prestall,seed_reference_pending_full_polar_dae11_rescue
dae11,"root,mid1",439056.30948805,clean,8.5,1.6010136331623879,0.01255425210871862,-0.13478700033603766,True,ok,julia_xfoil,,prestall,seed_reference_pending_full_polar_dae11_rescue
dae11,"root,mid1",439056.30948805,clean,8.75,1.6233073784206598,0.012947966053462249,-0.13433866862960714,True,ok,julia_xfoil,,prestall,seed_reference_pending_full_polar_dae11_rescue
dae11,"root,mid1",439056.30948805,clean,9.0,1.6436784971886151,0.013444858785934847,-0.1336610147910786,True,ok,julia_xfoil,,prestall,seed_reference_pending_full_polar_dae11_rescue
dae11,"root,mid1",439056.30948805,clean,9.25,1.6629269335942078,0.014005620364797773,-0.13289877690083074,True,ok,julia_xfoil,,prestall,seed_reference_pending_full_polar_dae11_rescue
dae11,"root,mid1",439056.30948805,clean,9.5,1.678562747492563,0.01475674600995461,-0.13171786970350813,True,ok,julia_xfoil,,prestall,seed_reference_pending_full_polar_dae11_rescue
dae11,"root,mid1",439056.30948805,clean,9.75,1.6889923373388442,0.015759225338726007,-0.12998265343715484,True,ok,julia_xfoil,,prestall,seed_reference_pending_full_polar_dae11_rescue
dae11,"root,mid1",439056.30948805,clean,10.0,1.6963543060854591,0.01693953582556249,-0.12817214689892723,True,ok,julia_xfoil,,prestall,seed_reference_pending_full_polar_dae11_rescue
dae11,"root,mid1",439056.30948805,clean,10.25,1.700807750459166,0.01852285059603962,-0.1265038597448926,True,ok,julia_xfoil,,prestall,seed_reference_pending_full_polar_dae11_rescue
dae11,"root,mid1",439056.30948805,clean,10.5,1.702041002291627,0.02045411063925068,-0.12471895213955822,True,ok,julia_xfoil,,prestall,seed_reference_pending_full_polar_dae11_rescue
dae11,"root,mid1",439056.30948805,clean,10.75,1.700780021949885,0.022633787267374805,-0.1227988627075287,True,ok,julia_xfoil,,poststall,seed_reference_pending_full_polar_dae11_rescue
dae11,"root,mid1",439056.30948805,clean,11.0,1.701969169874301,0.02461071095618715,-0.12101355225061083,True,ok,julia_xfoil,,poststall,seed_reference_pending_full_polar_dae11_rescue
dae11,"root,mid1",439056.30948805,clean,11.25,1.7002033311388651,0.026836673153605054,-0.11903856249319611,True,ok,julia_xfoil,,poststall,seed_reference_pending_full_polar_dae11_rescue
dae11,"root,mid1",439056.30948805,clean,11.5,1.6939370631873647,0.029413969630023077,-0.11675542393046287,True,ok,julia_xfoil,,poststall,seed_reference_pending_full_polar_dae11_rescue
dae11,"root,mid1",439056.30948805,clean,11.75,1.6939711632736871,0.0314797292271521,-0.11489809261797024,True,ok,julia_xfoil,,poststall,seed_reference_pending_full_polar_dae11_rescue
dae11,"root,mid1",439056.30948805,clean,12.0,1.69025971228896,0.03391652054157477,-0.11290556921391759,True,ok,julia_xfoil,,poststall,seed_reference_pending_full_polar_dae11_rescue
dae11,"root,mid1",439056.30948805,clean,12.25,1.6846384361651123,0.03646417419899204,-0.11075365775647159,True,ok,julia_xfoil,,poststall,seed_reference_pending_full_polar_dae11_rescue
dae11,"root,mid1",439056.30948805,clean,12.5,1.6831214696785632,0.03881280908068438,-0.10905643365968024,True,ok,julia_xfoil,,poststall,seed_reference_pending_full_polar_dae11_rescue
dae11,"root,mid1",439056.30948805,clean,12.75,1.680268451312305,0.04135765901049758,-0.1073674269057809,True,ok,julia_xfoil,,poststall,seed_reference_pending_full_polar_dae11_rescue
dae11,"root,mid1",439056.30948805,clean,13.0,1.6764082490163945,0.04409134912557142,-0.10576153146301004,True,ok,julia_xfoil,,poststall,seed_reference_pending_full_polar_dae11_rescue
dae11,"root,mid1",439056.30948805,clean,13.25,1.6758301818054067,0.04655665594619377,-0.1043895691780934,True,ok,julia_xfoil,,poststall,seed_reference_pending_full_polar_dae11_rescue
dae11,"root,mid1",439056.30948805,clean,13.5,1.6715939923062226,0.04939241170492869,-0.10287928952710873,True,ok,julia_xfoil,,poststall,seed_reference_pending_full_polar_dae11_rescue
dae11,"root,mid1",439056.30948805,clean,13.75,1.6703563641128212,0.05205718767424792,-0.1016697278922849,True,ok,julia_xfoil,,poststall,seed_reference_pending_full_polar_dae11_rescue
dae11,"root,mid1",439056.30948805,clean,14.0,1.6675001202544424,0.05491810846849517,-0.10044794510353021,True,ok,julia_xfoil,,poststall,seed_reference_pending_full_polar_dae11_rescue
dae11,"root,mid1",439056.30948805,clean,14.25,1.6647461172247802,0.057797987594845925,-0.09929462504239238,True,ok,julia_xfoil,,poststall,seed_reference_pending_full_polar_dae11_rescue
dae11,"root,mid1",439056.30948805,clean,14.5,1.6623718523441626,0.060706741789131276,-0.09827294386335651,True,ok,julia_xfoil,,poststall,seed_reference_pending_full_polar_dae11_rescue
dae11,"root,mid1",439056.30948805,clean,14.75,1.6580535809019379,0.06384363997210436,-0.09723311550586862,True,ok,julia_xfoil,,poststall,seed_reference_pending_full_polar_dae11_rescue
dae11,"root,mid1",439056.30948805,clean,15.0,1.6573645197121698,0.06662551021250741,-0.09636722225263877,True,ok,julia_xfoil,,poststall,seed_reference_pending_full_polar_dae11_rescue
dae11,"root,mid1",439056.30948805,clean,15.25,1.6510795410020942,0.07016633501630348,-0.09554215686333233,True,ok,julia_xfoil,,poststall,seed_reference_pending_full_polar_dae11_rescue
dae11,"root,mid1",439056.30948805,clean,15.5,1.6493753317152404,0.07319483609627235,-0.09485188880639848,True,ok,julia_xfoil,,poststall,seed_reference_pending_full_polar_dae11_rescue
dae11,"root,mid1",439056.30948805,clean,15.75,1.644782577013648,0.07660288884168168,-0.09421478097940084,True,ok,julia_xfoil,,poststall,seed_reference_pending_full_polar_dae11_rescue
dae11,"root,mid1",439056.30948805,clean,16.0,1.6389133335678703,0.08025617228804362,-0.09367626078300177,True,ok,julia_xfoil,,poststall,seed_reference_pending_full_polar_dae11_rescue
dae11,"root,mid1",439056.30948805,clean,16.25,1.637704336590922,0.08328419246040585,-0.09321222228936779,True,ok,julia_xfoil,,poststall,seed_reference_pending_full_polar_dae11_rescue
dae11,"root,mid1",439056.30948805,clean,16.5,1.6299542205280475,0.08725030502697718,-0.09285863659998446,True,ok,julia_xfoil,,poststall,seed_reference_pending_full_polar_dae11_rescue
dae11,"root,mid1",439056.30948805,clean,16.75,1.6240596781061896,0.09106316694165452,-0.09259043984539146,True,ok,julia_xfoil,,poststall,seed_reference_pending_full_polar_dae11_rescue
dae11,"root,mid1",439056.30948805,clean,17.0,1.6237782627194723,0.0941496683217499,-0.09244072409075416,True,ok,julia_xfoil,,poststall,seed_reference_pending_full_polar_dae11_rescue
dae11,"root,mid1",439056.30948805,clean,17.25,1.6178603438522574,0.09807386133222232,-0.09246240619458804,True,ok,julia_xfoil,,poststall,seed_reference_pending_full_polar_dae11_rescue
dae11,"root,mid1",439056.30948805,clean,17.5,1.6099099176113505,0.10229030375810935,-0.09254981706439727,True,ok,julia_xfoil,,poststall,seed_reference_pending_full_polar_dae11_rescue
dae11,"root,mid1",439056.30948805,clean,17.75,1.5979331079462402,0.10718358570263284,-0.09286106634645427,True,ok,julia_xfoil,,poststall,seed_reference_pending_full_polar_dae11_rescue
dae11,"root,mid1",439056.30948805,clean,18.0,1.5988400701297931,0.11019896116837233,-0.09306016790677055,True,ok,julia_xfoil,,poststall,seed_reference_pending_full_polar_dae11_rescue
dae11,"root,mid1",469514.093593,clean,-6.0,-0.023611799916955816,0.05755070500101142,-0.0923124277755795,True,ok,julia_xfoil,,prestall,seed_reference_pending_full_polar_dae11_rescue
dae11,"root,mid1",469514.093593,clean,-5.75,-0.007697537348370951,0.05431032597609044,-0.09494738445754765,True,ok,julia_xfoil,,prestall,seed_reference_pending_full_polar_dae11_rescue
dae11,"root,mid1",469514.093593,clean,-5.5,0.013431815478795843,0.0520765413138599,-0.09741619039587301,True,ok,julia_xfoil,,prestall,seed_reference_pending_full_polar_dae11_rescue
dae11,"root,mid1",469514.093593,clean,-5.25,0.03804420463055598,0.04932076188363062,-0.10143982217742442,True,ok,julia_xfoil,,prestall,seed_reference_pending_full_polar_dae11_rescue
dae11,"root,mid1",469514.093593,clean,-5.0,0.06913717419629271,0.0448224889346436,-0.10790827030809336,True,ok,julia_xfoil,,prestall,seed_reference_pending_full_polar_dae11_rescue
dae11,"root,mid1",469514.093593,clean,-4.75,0.11165255906952778,0.04040828600646404,-0.11460826667211604,True,ok,julia_xfoil,,prestall,seed_reference_pending_full_polar_dae11_rescue
dae11,"root,mid1",469514.093593,clean,-4.5,0.13604484969149175,0.03212974527373278,-0.12079079756102773,True,ok,julia_xfoil,,prestall,seed_reference_pending_full_polar_dae11_rescue
dae11,"root,mid1",469514.093593,clean,-4.25,0.16129498814761326,0.031015034449059134,-0.1216291956113125,True,ok,julia_xfoil,,prestall,seed_reference_pending_full_polar_dae11_rescue
dae11,"root,mid1",469514.093593,clean,-4.0,0.18831385151144917,0.029781787852403235,-0.1227282554791553,True,ok,julia_xfoil,,prestall,seed_reference_pending_full_polar_dae11_rescue
dae11,"root,mid1",469514.093593,clean,-3.75,0.21742254777797948,0.027903654826089426,-0.12406107347868506,True,ok,julia_xfoil,,prestall,seed_reference_pending_full_polar_dae11_rescue
dae11,"root,mid1",469514.093593,clean,-3.5,0.2477049215398191,0.026367897831657588,-0.12495474332847453,True,ok,julia_xfoil,,prestall,seed_reference_pending_full_polar_dae11_rescue
dae11,"root,mid1",469514.093593,clean,-3.25,0.2834484179513943,0.017809837921852176,-0.1264836787421852,True,ok,julia_xfoil,,prestall,seed_reference_pending_full_polar_dae11_rescue
dae11,"root,mid1",469514.093593,clean,-3.0,0.3126801871776281,0.016765658357407568,-0.12673905086202716,True,ok,julia_xfoil,,prestall,seed_reference_pending_full_polar_dae11_rescue
dae11,"root,mid1",469514.093593,clean,-2.75,0.3416275042972925,0.015352649060621875,-0.12702979061985833,True,ok,julia_xfoil,,prestall,seed_reference_pending_full_polar_dae11_rescue
dae11,"root,mid1",469514.093593,clean,-2.5,0.3704562157519742,0.014605953248269793,-0.1273005719853708,True,ok,julia_xfoil,,prestall,seed_reference_pending_full_polar_dae11_rescue
dae11,"root,mid1",469514.093593,clean,-2.25,0.39944661755394156,0.014195512116587577,-0.12752372251311164,True,ok,julia_xfoil,,prestall,seed_reference_pending_full_polar_dae11_rescue
dae11,"root,mid1",469514.093593,clean,-2.0,0.42848909426868925,0.013793373535473762,-0.1277035915207822,True,ok,julia_xfoil,,prestall,seed_reference_pending_full_polar_dae11_rescue
dae11,"root,mid1",469514.093593,clean,-1.75,0.45751371692972853,0.013453821392790926,-0.12787044916835358,True,ok,julia_xfoil,,prestall,seed_reference_pending_full_polar_dae11_rescue
dae11,"root,mid1",469514.093593,clean,-1.5,0.4863223938375081,0.013283339684555834,-0.12805384147817728,True,ok,julia_xfoil,,prestall,seed_reference_pending_full_polar_dae11_rescue
dae11,"root,mid1",469514.093593,clean,-1.25,0.51462012675801,0.013062807393448624,-0.12839532863217834,True,ok,julia_xfoil,,prestall,seed_reference_pending_full_polar_dae11_rescue
dae11,"root,mid1",469514.093593,clean,-1.0,0.5439977338036203,0.012835468894588687,-0.1286968561104399,True,ok,julia_xfoil,,prestall,seed_reference_pending_full_polar_dae11_rescue
dae11,"root,mid1",469514.093593,clean,-0.75,0.5734944488136331,0.012470649179492997,-0.1290427807900928,True,ok,julia_xfoil,,prestall,seed_reference_pending_full_polar_dae11_rescue
dae11,"root,mid1",469514.093593,clean,-0.5,0.6027450754878005,0.012069728578035682,-0.12949386366707188,True,ok,julia_xfoil,,prestall,seed_reference_pending_full_polar_dae11_rescue
dae11,"root,mid1",469514.093593,clean,-0.25,0.6314917077852986,0.011605388083338912,-0.1300979305978589,True,ok,julia_xfoil,,prestall,seed_reference_pending_full_polar_dae11_rescue
dae11,"root,mid1",469514.093593,clean,0.0,0.6599421333403408,0.011241253117765403,-0.1305620947774587,True,ok,julia_xfoil,,prestall,seed_reference_pending_full_polar_dae11_rescue
dae11,"root,mid1",469514.093593,clean,0.25,0.6876798054795424,0.010852174501586695,-0.1307484900912098,True,ok,julia_xfoil,,prestall,seed_reference_pending_full_polar_dae11_rescue
dae11,"root,mid1",469514.093593,clean,0.5,0.7055984843313504,0.00998070832188426,-0.12818749102888521,False,ok,julia_xfoil,not_converged,unknown,seed_reference_pending_full_polar_dae11_rescue
dae11,"root,mid1",469514.093593,clean,0.75,0.7413167878577347,0.009941421052657969,-0.129800575132679,True,ok,julia_xfoil,,prestall,seed_reference_pending_full_polar_dae11_rescue
dae11,"root,mid1",469514.093593,clean,1.0,0.7706000003290782,0.009956917693428468,-0.1300716480690817,True,ok,julia_xfoil,,prestall,seed_reference_pending_full_polar_dae11_rescue
dae11,"root,mid1",469514.093593,clean,1.25,0.7998383496419977,0.009975636352924446,-0.13033000186178406,True,ok,julia_xfoil,,prestall,seed_reference_pending_full_polar_dae11_rescue
dae11,"root,mid1",469514.093593,clean,1.5,0.8288636540698981,0.01004331273617426,-0.13057129626493624,True,ok,julia_xfoil,,prestall,seed_reference_pending_full_polar_dae11_rescue
dae11,"root,mid1",469514.093593,clean,1.75,0.8571638133261291,0.01033268725934055,-0.13081055244491455,True,ok,julia_xfoil,,prestall,seed_reference_pending_full_polar_dae11_rescue
dae11,"root,mid1",469514.093593,clean,2.0,0.8860819600188906,0.010342591151824957,-0.13112586396895018,True,ok,julia_xfoil,,prestall,seed_reference_pending_full_polar_dae11_rescue
dae11,"root,mid1",469514.093593,clean,2.25,0.9149048755680864,0.01036273243987648,-0.13142646984455789,True,ok,julia_xfoil,,prestall,seed_reference_pending_full_polar_dae11_rescue
dae11,"root,mid1",469514.093593,clean,2.5,0.9437028905007513,0.010389606583113676,-0.13171588941468038,True,ok,julia_xfoil,,prestall,seed_reference_pending_full_polar_dae11_rescue
dae11,"root,mid1",469514.093593,clean,2.75,0.9725360761569938,0.010410506448201663,-0.13199664274606573,True,ok,julia_xfoil,,prestall,seed_reference_pending_full_polar_dae11_rescue
dae11,"root,mid1",469514.093593,clean,3.0,1.0014696831445924,0.010400929463974284,-0.13226358044556558,True,ok,julia_xfoil,,prestall,seed_reference_pending_full_polar_dae11_rescue
dae11,"root,mid1",469514.093593,clean,3.25,1.0304880021641223,0.010369449985707725,-0.1325213226562241,True,ok,julia_xfoil,,prestall,seed_reference_pending_full_polar_dae11_rescue
dae11,"root,mid1",469514.093593,clean,3.5,1.059489215337936,0.010340687257599918,-0.13277246155950925,True,ok,julia_xfoil,,prestall,seed_reference_pending_full_polar_dae11_rescue
dae11,"root,mid1",469514.093593,clean,3.75,1.088305104584906,0.010353277535127896,-0.13300526155323605,True,ok,julia_xfoil,,prestall,seed_reference_pending_full_polar_dae11_rescue
dae11,"root,mid1",469514.093593,clean,4.0,1.1166315557225102,0.010525379255726188,-0.13324130538946674,True,ok,julia_xfoil,,prestall,seed_reference_pending_full_polar_dae11_rescue
dae11,"root,mid1",469514.093593,clean,4.25,1.1448543783921055,0.010538475749295432,-0.13350425459830176,True,ok,julia_xfoil,,prestall,seed_reference_pending_full_polar_dae11_rescue
dae11,"root,mid1",469514.093593,clean,4.5,1.173126287453565,0.01055433095799767,-0.13375725532232235,True,ok,julia_xfoil,,prestall,seed_reference_pending_full_polar_dae11_rescue
dae11,"root,mid1",469514.093593,clean,4.75,1.2015369535407259,0.010554128415114465,-0.13400383261803508,True,ok,julia_xfoil,,prestall,seed_reference_pending_full_polar_dae11_rescue
dae11,"root,mid1",469514.093593,clean,5.0,1.2300724448107645,0.010520140439945305,-0.13423480128364057,True,ok,julia_xfoil,,prestall,seed_reference_pending_full_polar_dae11_rescue
dae11,"root,mid1",469514.093593,clean,5.25,1.2585461020351356,0.010494761931913519,-0.13444604325320206,True,ok,julia_xfoil,,prestall,seed_reference_pending_full_polar_dae11_rescue
dae11,"root,mid1",469514.093593,clean,5.5,1.2868576861181698,0.010561342573413587,-0.13463605065411752,True,ok,julia_xfoil,,prestall,seed_reference_pending_full_polar_dae11_rescue
dae11,"root,mid1",469514.093593,clean,5.75,1.3143799503412916,0.010633179648956825,-0.13484327627825995,True,ok,julia_xfoil,,prestall,seed_reference_pending_full_polar_dae11_rescue
dae11,"root,mid1",469514.093593,clean,6.0,1.3420001694645445,0.010674400524263649,-0.13504020377005307,True,ok,julia_xfoil,,prestall,seed_reference_pending_full_polar_dae11_rescue
dae11,"root,mid1",469514.093593,clean,6.25,1.3697315174672549,0.010694923455014141,-0.13521484976024598,True,ok,julia_xfoil,,prestall,seed_reference_pending_full_polar_dae11_rescue
dae11,"root,mid1",469514.093593,clean,6.5,1.3973890671482272,0.01072162128862649,-0.13533048017223767,True,ok,julia_xfoil,,prestall,seed_reference_pending_full_polar_dae11_rescue
dae11,"root,mid1",469514.093593,clean,6.75,1.4244553685551598,0.010844118309049086,-0.13545016778603572,True,ok,julia_xfoil,,prestall,seed_reference_pending_full_polar_dae11_rescue
dae11,"root,mid1",469514.093593,clean,7.0,1.4512759715588985,0.010950926472612098,-0.1355839662570954,True,ok,julia_xfoil,,prestall,seed_reference_pending_full_polar_dae11_rescue
dae11,"root,mid1",469514.093593,clean,7.25,1.4779446915153016,0.011049574992488069,-0.13562248992844758,True,ok,julia_xfoil,,prestall,seed_reference_pending_full_polar_dae11_rescue
dae11,"root,mid1",469514.093593,clean,7.5,1.5039762440344473,0.01122119122008385,-0.13559329123808533,True,ok,julia_xfoil,,prestall,seed_reference_pending_full_polar_dae11_rescue
dae11,"root,mid1",469514.093593,clean,7.75,1.529869873345568,0.011401978858096158,-0.13562300307347314,True,ok,julia_xfoil,,prestall,seed_reference_pending_full_polar_dae11_rescue
dae11,"root,mid1",469514.093593,clean,8.0,1.5545421073192502,0.011643207800168528,-0.13540791483638007,True,ok,julia_xfoil,,prestall,seed_reference_pending_full_polar_dae11_rescue
dae11,"root,mid1",469514.093593,clean,8.25,1.5793487517665217,0.011905112561558013,-0.1353149289632717,True,ok,julia_xfoil,,prestall,seed_reference_pending_full_polar_dae11_rescue
dae11,"root,mid1",469514.093593,clean,8.5,1.6021639744295648,0.01227316681649598,-0.13490408991043026,True,ok,julia_xfoil,,prestall,seed_reference_pending_full_polar_dae11_rescue
dae11,"root,mid1",469514.093593,clean,8.75,1.6251405163319506,0.012643263611677537,-0.13458964118969577,True,ok,julia_xfoil,,prestall,seed_reference_pending_full_polar_dae11_rescue
dae11,"root,mid1",469514.093593,clean,9.0,1.645132885101601,0.013182806995165747,-0.1338757379160257,True,ok,julia_xfoil,,prestall,seed_reference_pending_full_polar_dae11_rescue
dae11,"root,mid1",469514.093593,clean,9.25,1.6631187263606386,0.013830261300664165,-0.13296189491612706,True,ok,julia_xfoil,,prestall,seed_reference_pending_full_polar_dae11_rescue
dae11,"root,mid1",469514.093593,clean,9.5,1.67970057977288,0.014544838468234272,-0.1319298875996796,True,ok,julia_xfoil,,prestall,seed_reference_pending_full_polar_dae11_rescue
dae11,"root,mid1",469514.093593,clean,9.75,1.6917235584394648,0.015483119180051274,-0.13041333236486755,True,ok,julia_xfoil,,prestall,seed_reference_pending_full_polar_dae11_rescue
dae11,"root,mid1",469514.093593,clean,10.0,1.6956569326152802,0.01689594045573574,-0.1283091304138129,True,ok,julia_xfoil,,prestall,seed_reference_pending_full_polar_dae11_rescue
dae11,"root,mid1",469514.093593,clean,10.25,1.6996824609839876,0.01855643596599042,-0.12666535568795584,True,ok,julia_xfoil,,prestall,seed_reference_pending_full_polar_dae11_rescue
dae11,"root,mid1",469514.093593,clean,10.5,1.7032864386408602,0.020348535098883253,-0.12510107935921128,True,ok,julia_xfoil,,prestall,seed_reference_pending_full_polar_dae11_rescue
dae11,"root,mid1",469514.093593,clean,10.75,1.7031406519628114,0.022463285382401835,-0.12328000125560355,True,ok,julia_xfoil,,poststall,seed_reference_pending_full_polar_dae11_rescue
dae11,"root,mid1",469514.093593,clean,11.0,1.69926976430303,0.024846460852109682,-0.12113803143405326,True,ok,julia_xfoil,,poststall,seed_reference_pending_full_polar_dae11_rescue
dae11,"root,mid1",469514.093593,clean,11.25,1.7004242566129708,0.026837369039270635,-0.11934595657216678,True,ok,julia_xfoil,,poststall,seed_reference_pending_full_polar_dae11_rescue
dae11,"root,mid1",469514.093593,clean,11.5,1.6977704208102153,0.02914454111934754,-0.11732856485924359,True,ok,julia_xfoil,,poststall,seed_reference_pending_full_polar_dae11_rescue
dae11,"root,mid1",469514.093593,clean,11.75,1.6920386596257546,0.0316749817894672,-0.11507266275440839,True,ok,julia_xfoil,,poststall,seed_reference_pending_full_polar_dae11_rescue
dae11,"root,mid1",469514.093593,clean,12.0,1.6913091017548216,0.033861667129399364,-0.11326046491656824,True,ok,julia_xfoil,,poststall,seed_reference_pending_full_polar_dae11_rescue
dae11,"root,mid1",469514.093593,clean,12.25,1.6885086543457484,0.03618268085562454,-0.11128918864503275,True,ok,julia_xfoil,,poststall,seed_reference_pending_full_polar_dae11_rescue
dae11,"root,mid1",469514.093593,clean,12.5,1.6822774944843961,0.0389309474156099,-0.10929471335935036,True,ok,julia_xfoil,,poststall,seed_reference_pending_full_polar_dae11_rescue
dae11,"root,mid1",469514.093593,clean,12.75,1.6827693689821266,0.04117537953154876,-0.10778754905797759,True,ok,julia_xfoil,,poststall,seed_reference_pending_full_polar_dae11_rescue
dae11,"root,mid1",469514.093593,clean,13.0,1.6793440464042666,0.04386897523304289,-0.10619466544802572,True,ok,julia_xfoil,,poststall,seed_reference_pending_full_polar_dae11_rescue
dae11,"root,mid1",469514.093593,clean,13.25,1.6768858877582373,0.04650661749638977,-0.10471954834319755,True,ok,julia_xfoil,,poststall,seed_reference_pending_full_polar_dae11_rescue
dae11,"root,mid1",469514.093593,clean,13.5,1.6765229333000549,0.04895543635698797,-0.10337260021170248,True,ok,julia_xfoil,,poststall,seed_reference_pending_full_polar_dae11_rescue
dae11,"root,mid1",469514.093593,clean,13.75,1.670762715161211,0.05206998214874231,-0.10195852681493574,True,ok,julia_xfoil,,poststall,seed_reference_pending_full_polar_dae11_rescue
dae11,"root,mid1",469514.093593,clean,14.0,1.6712784798104083,0.05457390165243411,-0.10085674428069073,True,ok,julia_xfoil,,poststall,seed_reference_pending_full_polar_dae11_rescue
dae11,"root,mid1",469514.093593,clean,14.25,1.6680304884530917,0.05749952221329642,-0.09966384982365534,True,ok,julia_xfoil,,poststall,seed_reference_pending_full_polar_dae11_rescue
dae11,"root,mid1",469514.093593,clean,14.5,1.666419201114405,0.060322707028548826,-0.09866310287844857,True,ok,julia_xfoil,,poststall,seed_reference_pending_full_polar_dae11_rescue
dae11,"root,mid1",469514.093593,clean,14.75,1.662308731578578,0.06342809789369719,-0.09760760188242026,True,ok,julia_xfoil,,poststall,seed_reference_pending_full_polar_dae11_rescue
dae11,"root,mid1",469514.093593,clean,15.0,1.6616298091015373,0.06618899153267135,-0.0967271742795611,True,ok,julia_xfoil,,poststall,seed_reference_pending_full_polar_dae11_rescue
dae11,"root,mid1",469514.093593,clean,15.25,1.6550186691204898,0.06976186447101906,-0.09586953659833927,True,ok,julia_xfoil,,poststall,seed_reference_pending_full_polar_dae11_rescue
dae11,"root,mid1",469514.093593,clean,15.5,1.654601823618385,0.07262517232474781,-0.09519915396153888,True,ok,julia_xfoil,,poststall,seed_reference_pending_full_polar_dae11_rescue
dae11,"root,mid1",469514.093593,clean,15.75,1.6479115055535458,0.07627748915520532,-0.09449560376679339,True,ok,julia_xfoil,,poststall,seed_reference_pending_full_polar_dae11_rescue
dae11,"root,mid1",469514.093593,clean,16.0,1.6466037146372952,0.0793700143812703,-0.09402036035979709,True,ok,julia_xfoil,,poststall,seed_reference_pending_full_polar_dae11_rescue
dae11,"root,mid1",469514.093593,clean,16.25,1.6427288090272278,0.08271664162381602,-0.09350923414274884,True,ok,julia_xfoil,,poststall,seed_reference_pending_full_polar_dae11_rescue
dae11,"root,mid1",469514.093593,clean,16.5,1.6329770109851054,0.08693541409979079,-0.09309344005879766,True,ok,julia_xfoil,,poststall,seed_reference_pending_full_polar_dae11_rescue
dae11,"root,mid1",469514.093593,clean,16.75,1.6338094801725729,0.08984958345144256,-0.09285670431542385,True,ok,julia_xfoil,,poststall,seed_reference_pending_full_polar_dae11_rescue
dae11,"root,mid1",469514.093593,clean,17.0,1.63127868567769,0.09320403850797039,-0.09266587904631188,True,ok,julia_xfoil,,poststall,seed_reference_pending_full_polar_dae11_rescue
dae11,"root,mid1",469514.093593,clean,17.25,1.6229954474441048,0.09744150699707035,-0.09267319195486448,True,ok,julia_xfoil,,poststall,seed_reference_pending_full_polar_dae11_rescue
dae11,"root,mid1",469514.093593,clean,17.5,1.611397175234712,0.10217364010076917,-0.09273826877733007,True,ok,julia_xfoil,,poststall,seed_reference_pending_full_polar_dae11_rescue
dae11,"root,mid1",469514.093593,clean,17.75,1.6115735670281035,0.10532617031224427,-0.09291231722051012,True,ok,julia_xfoil,,poststall,seed_reference_pending_full_polar_dae11_rescue
dae11,"root,mid1",469514.093593,clean,18.0,1.6097134758370903,0.1087455416451078,-0.09315031528016289,True,ok,julia_xfoil,,poststall,seed_reference_pending_full_polar_dae11_rescue
dae11,"root,mid1",500000.0,clean,-6.0,-0.02246958692892638,0.0614505934200997,-0.08669737764254608,True,ok,julia_xfoil,,prestall,seed_reference_pending_full_polar_dae11_rescue
dae11,"root,mid1",500000.0,clean,-5.75,-0.000882540854991922,0.05102487447815063,-0.10004894453336212,True,ok,julia_xfoil,,prestall,seed_reference_pending_full_polar_dae11_rescue
dae11,"root,mid1",500000.0,clean,-5.5,0.018277873690897558,0.04901560146463255,-0.10191171937932189,True,ok,julia_xfoil,,prestall,seed_reference_pending_full_polar_dae11_rescue
dae11,"root,mid1",500000.0,clean,-5.25,0.04153529731447312,0.04684552399569446,-0.10433012701975485,True,ok,julia_xfoil,,prestall,seed_reference_pending_full_polar_dae11_rescue
dae11,"root,mid1",500000.0,clean,-5.0,0.06893074408439823,0.043616495816386984,-0.10845492231666619,True,ok,julia_xfoil,,prestall,seed_reference_pending_full_polar_dae11_rescue
dae11,"root,mid1",500000.0,clean,-4.75,0.10469977876574396,0.038713749036411546,-0.11446270257467944,True,ok,julia_xfoil,,prestall,seed_reference_pending_full_polar_dae11_rescue
dae11,"root,mid1",500000.0,clean,-4.5,0.13946184172256237,0.03643481232916263,-0.11745415740302319,True,ok,julia_xfoil,,prestall,seed_reference_pending_full_polar_dae11_rescue
dae11,"root,mid1",500000.0,clean,-4.25,0.16385191302431973,0.029141334126590732,-0.12233487292707713,True,ok,julia_xfoil,,prestall,seed_reference_pending_full_polar_dae11_rescue
dae11,"root,mid1",500000.0,clean,-4.0,0.19025070722103518,0.028098931827347674,-0.12317436198932508,True,ok,julia_xfoil,,prestall,seed_reference_pending_full_polar_dae11_rescue
dae11,"root,mid1",500000.0,clean,-3.75,0.21837200722066402,0.026612394419983254,-0.12423611381820573,True,ok,julia_xfoil,,prestall,seed_reference_pending_full_polar_dae11_rescue
dae11,"root,mid1",500000.0,clean,-3.5,0.25441444372021405,0.018683329886167988,-0.12592365859350016,True,ok,julia_xfoil,,prestall,seed_reference_pending_full_polar_dae11_rescue
dae11,"root,mid1",500000.0,clean,-3.25,0.2838398539579834,0.01817855147100829,-0.12608736366986303,True,ok,julia_xfoil,,prestall,seed_reference_pending_full_polar_dae11_rescue
dae11,"root,mid1",500000.0,clean,-3.0,0.31296553593150706,0.01670793447539122,-0.1264344460276554,True,ok,julia_xfoil,,prestall,seed_reference_pending_full_polar_dae11_rescue
dae11,"root,mid1",500000.0,clean,-2.75,0.3422324534599307,0.01580680338760206,-0.12667801335905837,True,ok,julia_xfoil,,prestall,seed_reference_pending_full_polar_dae11_rescue
dae11,"root,mid1",500000.0,clean,-2.5,0.37094753252879686,0.013981157991915454,-0.12699366535467074,True,ok,julia_xfoil,,prestall,seed_reference_pending_full_polar_dae11_rescue
dae11,"root,mid1",500000.0,clean,-2.25,0.399856890282886,0.013548438194502563,-0.12724717669047547,True,ok,julia_xfoil,,prestall,seed_reference_pending_full_polar_dae11_rescue
dae11,"root,mid1",500000.0,clean,-2.0,0.4288067497011082,0.013237964548983669,-0.1274530873576856,True,ok,julia_xfoil,,prestall,seed_reference_pending_full_polar_dae11_rescue
dae11,"root,mid1",500000.0,clean,-1.75,0.4574740060871968,0.01306251804241664,-0.12764844858835353,True,ok,julia_xfoil,,prestall,seed_reference_pending_full_polar_dae11_rescue
dae11,"root,mid1",500000.0,clean,-1.5,0.48618113334863355,0.012991443152681784,-0.12789728009576698,True,ok,julia_xfoil,,prestall,seed_reference_pending_full_polar_dae11_rescue
dae11,"root,mid1",500000.0,clean,-1.25,0.5155094182390998,0.012498548160817956,-0.12827348687459017,True,ok,julia_xfoil,,prestall,seed_reference_pending_full_polar_dae11_rescue
dae11,"root,mid1",500000.0,clean,-1.0,0.544822043859946,0.012291007245576017,-0.1285860568002664,True,ok,julia_xfoil,,prestall,seed_reference_pending_full_polar_dae11_rescue
dae11,"root,mid1",500000.0,clean,-0.75,0.5742724282851379,0.011969840231636624,-0.12891502838269878,True,ok,julia_xfoil,,prestall,seed_reference_pending_full_polar_dae11_rescue
dae11,"root,mid1",500000.0,clean,-0.5,0.6035368397322184,0.01161656719272623,-0.12933072560864584,True,ok,julia_xfoil,,prestall,seed_reference_pending_full_polar_dae11_rescue
dae11,"root,mid1",500000.0,clean,-0.25,0.6323676061957093,0.011162512812708452,-0.12991906433294706,True,ok,julia_xfoil,,prestall,seed_reference_pending_full_polar_dae11_rescue
dae11,"root,mid1",500000.0,clean,0.0,0.6609742504459644,0.010801819349027976,-0.13038846825499198,True,ok,julia_xfoil,,prestall,seed_reference_pending_full_polar_dae11_rescue
dae11,"root,mid1",500000.0,clean,0.25,0.6890642431114663,0.010420787655349394,-0.13064264903166864,True,ok,julia_xfoil,,prestall,seed_reference_pending_full_polar_dae11_rescue
dae11,"root,mid1",500000.0,clean,0.5,0.712329384307932,0.00975607615057178,-0.12959375659792816,True,ok,julia_xfoil,,prestall,seed_reference_pending_full_polar_dae11_rescue
dae11,"root,mid1",500000.0,clean,0.75,0.7425162459525977,0.009430168099471942,-0.1296933641338592,True,ok,julia_xfoil,,prestall,seed_reference_pending_full_polar_dae11_rescue
dae11,"root,mid1",500000.0,clean,1.0,0.7717818784130277,0.009461116247305107,-0.1299672148452452,True,ok,julia_xfoil,,prestall,seed_reference_pending_full_polar_dae11_rescue
dae11,"root,mid1",500000.0,clean,1.25,0.8008414436791784,0.009536102633506726,-0.13022493454330442,True,ok,julia_xfoil,,prestall,seed_reference_pending_full_polar_dae11_rescue
dae11,"root,mid1",500000.0,clean,1.5,0.829243464641849,0.009822082390267379,-0.1304726346184697,True,ok,julia_xfoil,,prestall,seed_reference_pending_full_polar_dae11_rescue
dae11,"root,mid1",500000.0,clean,1.75,0.8582972751483257,0.009822120768859485,-0.13079239387023162,True,ok,julia_xfoil,,prestall,seed_reference_pending_full_polar_dae11_rescue
dae11,"root,mid1",500000.0,clean,2.0,0.8872421073184835,0.009845385901245642,-0.13110527201427005,True,ok,julia_xfoil,,prestall,seed_reference_pending_full_polar_dae11_rescue
dae11,"root,mid1",500000.0,clean,2.25,0.9161569281165894,0.00986627715802548,-0.13140407917593425,True,ok,julia_xfoil,,prestall,seed_reference_pending_full_polar_dae11_rescue
dae11,"root,mid1",500000.0,clean,2.5,0.9450790990996945,0.00988533305528153,-0.13169464013337903,True,ok,julia_xfoil,,prestall,seed_reference_pending_full_polar_dae11_rescue
dae11,"root,mid1",500000.0,clean,2.75,0.9740419341180322,0.009892556714246775,-0.13197741388638085,True,ok,julia_xfoil,,prestall,seed_reference_pending_full_polar_dae11_rescue
dae11,"root,mid1",500000.0,clean,3.0,1.0030718848036093,0.009875191039426742,-0.13224808201983648,True,ok,julia_xfoil,,prestall,seed_reference_pending_full_polar_dae11_rescue
dae11,"root,mid1",500000.0,clean,3.25,1.0321023657772408,0.00985032550205837,-0.13250887366397146,True,ok,julia_xfoil,,prestall,seed_reference_pending_full_polar_dae11_rescue
dae11,"root,mid1",500000.0,clean,3.5,1.0609699225425349,0.009857565380130523,-0.13275682093797045,True,ok,julia_xfoil,,prestall,seed_reference_pending_full_polar_dae11_rescue
dae11,"root,mid1",500000.0,clean,3.75,1.089477803745602,0.010014891031116762,-0.13299476707008476,True,ok,julia_xfoil,,prestall,seed_reference_pending_full_polar_dae11_rescue
dae11,"root,mid1",500000.0,clean,4.0,1.1178398740320845,0.010054101564957122,-0.13327232407295178,True,ok,julia_xfoil,,prestall,seed_reference_pending_full_polar_dae11_rescue
dae11,"root,mid1",500000.0,clean,4.25,1.146226765240252,0.010071240417380278,-0.13354509400054915,True,ok,julia_xfoil,,prestall,seed_reference_pending_full_polar_dae11_rescue
dae11,"root,mid1",500000.0,clean,4.5,1.174687607244535,0.010080453145503569,-0.13380863151899755,True,ok,julia_xfoil,,prestall,seed_reference_pending_full_polar_dae11_rescue
dae11,"root,mid1",500000.0,clean,4.75,1.2032365786506085,0.010069042329218653,-0.1340610237732832,True,ok,julia_xfoil,,prestall,seed_reference_pending_full_polar_dae11_rescue
dae11,"root,mid1",500000.0,clean,5.0,1.2317601826487485,0.010044373677982093,-0.13429170309136207,True,ok,julia_xfoil,,prestall,seed_reference_pending_full_polar_dae11_rescue
dae11,"root,mid1",500000.0,clean,5.25,1.260158522205295,0.010066489633570359,-0.13449824093479062,True,ok,julia_xfoil,,prestall,seed_reference_pending_full_polar_dae11_rescue
dae11,"root,mid1",500000.0,clean,5.5,1.2880728571732973,0.010169983480886826,-0.13471252866409555,True,ok,julia_xfoil,,prestall,seed_reference_pending_full_polar_dae11_rescue
dae11,"root,mid1",500000.0,clean,5.75,1.315816401623601,0.010219436136924052,-0.1349427085336279,True,ok,julia_xfoil,,prestall,seed_reference_pending_full_polar_dae11_rescue
dae11,"root,mid1",500000.0,clean,6.0,1.3436465711730021,0.010251003324175568,-0.13515185689521927,True,ok,julia_xfoil,,prestall,seed_reference_pending_full_polar_dae11_rescue
dae11,"root,mid1",500000.0,clean,6.25,1.3714410208030519,0.010277527740010416,-0.1353187961296308,True,ok,julia_xfoil,,prestall,seed_reference_pending_full_polar_dae11_rescue
dae11,"root,mid1",500000.0,clean,6.5,1.398872982578464,0.010376154749795231,-0.13541560840957967,True,ok,julia_xfoil,,prestall,seed_reference_pending_full_polar_dae11_rescue
dae11,"root,mid1",500000.0,clean,6.75,1.425954427504995,0.010481477587923468,-0.13560592389545978,True,ok,julia_xfoil,,prestall,seed_reference_pending_full_polar_dae11_rescue
dae11,"root,mid1",500000.0,clean,7.0,1.4529567411964994,0.010579910179754617,-0.1357331755358889,True,ok,julia_xfoil,,prestall,seed_reference_pending_full_polar_dae11_rescue
dae11,"root,mid1",500000.0,clean,7.25,1.4793528984994244,0.010714186344514948,-0.13572366786467366,True,ok,julia_xfoil,,prestall,seed_reference_pending_full_polar_dae11_rescue
dae11,"root,mid1",500000.0,clean,7.5,1.50566335797131,0.010891168110830974,-0.13580376505119104,True,ok,julia_xfoil,,prestall,seed_reference_pending_full_polar_dae11_rescue
dae11,"root,mid1",500000.0,clean,7.75,1.5313970656272224,0.011081676480589825,-0.13577733197828792,True,ok,julia_xfoil,,prestall,seed_reference_pending_full_polar_dae11_rescue
dae11,"root,mid1",500000.0,clean,8.0,1.5561332665284615,0.011349215913760778,-0.13561208320217227,True,ok,julia_xfoil,,prestall,seed_reference_pending_full_polar_dae11_rescue
dae11,"root,mid1",500000.0,clean,8.25,1.5808490413977399,0.011618359661850299,-0.1354969021829127,True,ok,julia_xfoil,,prestall,seed_reference_pending_full_polar_dae11_rescue
dae11,"root,mid1",500000.0,clean,8.5,1.6037922810752692,0.01200155931648018,-0.13513112002787106,True,ok,julia_xfoil,,prestall,seed_reference_pending_full_polar_dae11_rescue
dae11,"root,mid1",500000.0,clean,8.75,1.6261485159244384,0.012416188234169987,-0.13472848510758162,True,ok,julia_xfoil,,prestall,seed_reference_pending_full_polar_dae11_rescue
dae11,"root,mid1",500000.0,clean,9.0,1.6469415919140895,0.012925038610723756,-0.13414806460478712,True,ok,julia_xfoil,,prestall,seed_reference_pending_full_polar_dae11_rescue
dae11,"root,mid1",500000.0,clean,9.25,1.664288631601449,0.013628219133371708,-0.1331662682236166,True,ok,julia_xfoil,,prestall,seed_reference_pending_full_polar_dae11_rescue
dae11,"root,mid1",500000.0,clean,9.5,1.6789482265432638,0.014468839119161447,-0.1319211564137598,True,ok,julia_xfoil,,prestall,seed_reference_pending_full_polar_dae11_rescue
dae11,"root,mid1",500000.0,clean,9.75,1.6919572127100293,0.015350607915044131,-0.13053273994047898,True,ok,julia_xfoil,,prestall,seed_reference_pending_full_polar_dae11_rescue
dae11,"root,mid1",500000.0,clean,10.0,1.697843116986636,0.01668473862798041,-0.12868543943312574,True,ok,julia_xfoil,,prestall,seed_reference_pending_full_polar_dae11_rescue
dae11,"root,mid1",500000.0,clean,10.25,1.7002150605168804,0.01849287327895905,-0.12695392651582918,True,ok,julia_xfoil,,prestall,seed_reference_pending_full_polar_dae11_rescue
dae11,"root,mid1",500000.0,clean,10.5,1.7013911769726844,0.020492356536943503,-0.12523238743238754,True,ok,julia_xfoil,,prestall,seed_reference_pending_full_polar_dae11_rescue
dae11,"root,mid1",500000.0,clean,10.75,1.703765029224297,0.02242443811147014,-0.1235932802517866,True,ok,julia_xfoil,,prestall,seed_reference_pending_full_polar_dae11_rescue
dae11,"root,mid1",500000.0,clean,11.0,1.7027665538254964,0.02459356161130592,-0.12166207044155297,True,ok,julia_xfoil,,poststall,seed_reference_pending_full_polar_dae11_rescue
dae11,"root,mid1",500000.0,clean,11.25,1.6984508805914016,0.02702119732593076,-0.1194807496778862,True,ok,julia_xfoil,,poststall,seed_reference_pending_full_polar_dae11_rescue
dae11,"root,mid1",500000.0,clean,11.5,1.6981781780098066,0.029134020354044256,-0.11761339837702424,True,ok,julia_xfoil,,poststall,seed_reference_pending_full_polar_dae11_rescue
dae11,"root,mid1",500000.0,clean,11.75,1.6961359834089744,0.03137071363333529,-0.11560797564775255,True,ok,julia_xfoil,,poststall,seed_reference_pending_full_polar_dae11_rescue
dae11,"root,mid1",500000.0,clean,12.0,1.690049253563769,0.03399433166301318,-0.1134308783195167,True,ok,julia_xfoil,,poststall,seed_reference_pending_full_polar_dae11_rescue
dae11,"root,mid1",500000.0,clean,12.25,1.6900137314380956,0.03608465556208078,-0.11163249520059332,True,ok,julia_xfoil,,poststall,seed_reference_pending_full_polar_dae11_rescue
dae11,"root,mid1",500000.0,clean,12.5,1.6856061446270303,0.03867642476283544,-0.10974167161536337,True,ok,julia_xfoil,,poststall,seed_reference_pending_full_polar_dae11_rescue
dae11,"root,mid1",500000.0,clean,12.75,1.682898834956565,0.0411978504213087,-0.10803661335386176,True,ok,julia_xfoil,,poststall,seed_reference_pending_full_polar_dae11_rescue
dae11,"root,mid1",500000.0,clean,13.0,1.682896635592719,0.04357305216567844,-0.1066194975987126,True,ok,julia_xfoil,,poststall,seed_reference_pending_full_polar_dae11_rescue
dae11,"root,mid1",500000.0,clean,13.25,1.6785283929280153,0.04639444581770563,-0.10504298922018526,True,ok,julia_xfoil,,poststall,seed_reference_pending_full_polar_dae11_rescue
dae11,"root,mid1",500000.0,clean,13.5,1.6784458857531332,0.04880381527154576,-0.10369646883140564,True,ok,julia_xfoil,,poststall,seed_reference_pending_full_polar_dae11_rescue
dae11,"root,mid1",500000.0,clean,13.75,1.6757980647886297,0.05159605154262554,-0.10239660079699325,True,ok,julia_xfoil,,poststall,seed_reference_pending_full_polar_dae11_rescue
dae11,"root,mid1",500000.0,clean,14.0,1.6728099523290603,0.05445204800530742,-0.1011433433712345,True,ok,julia_xfoil,,poststall,seed_reference_pending_full_polar_dae11_rescue
dae11,"root,mid1",500000.0,clean,14.25,1.6734941538619488,0.05696227307305039,-0.100087216708035,True,ok,julia_xfoil,,poststall,seed_reference_pending_full_polar_dae11_rescue
dae11,"root,mid1",500000.0,clean,14.5,1.6683426667538188,0.06015632296704685,-0.09895005202976315,True,ok,julia_xfoil,,poststall,seed_reference_pending_full_polar_dae11_rescue
dae11,"root,mid1",500000.0,clean,14.75,1.6680478359667217,0.06284108458155367,-0.09800703596456457,True,ok,julia_xfoil,,poststall,seed_reference_pending_full_polar_dae11_rescue
dae11,"root,mid1",500000.0,clean,15.0,1.6638292482923724,0.06597845772035232,-0.09700191290905535,True,ok,julia_xfoil,,poststall,seed_reference_pending_full_polar_dae11_rescue
dae11,"root,mid1",500000.0,clean,15.25,1.66162978781381,0.06902938610497465,-0.0962317524129217,True,ok,julia_xfoil,,poststall,seed_reference_pending_full_polar_dae11_rescue
dae11,"root,mid1",500000.0,clean,15.5,1.6578287392007245,0.07228308418012133,-0.09547762427460023,True,ok,julia_xfoil,,poststall,seed_reference_pending_full_polar_dae11_rescue
dae11,"root,mid1",500000.0,clean,15.75,1.6552784862066994,0.07542276574286089,-0.09481059023685642,True,ok,julia_xfoil,,poststall,seed_reference_pending_full_polar_dae11_rescue
dae11,"root,mid1",500000.0,clean,16.0,1.652298695420096,0.0787144322357284,-0.09430985899614806,True,ok,julia_xfoil,,poststall,seed_reference_pending_full_polar_dae11_rescue
dae11,"root,mid1",500000.0,clean,16.25,1.6464186999661776,0.08231233171113067,-0.09375543249060979,True,ok,julia_xfoil,,poststall,seed_reference_pending_full_polar_dae11_rescue
dae11,"root,mid1",500000.0,clean,16.5,1.6432353775979651,0.08566248492089919,-0.09335412215555265,True,ok,julia_xfoil,,poststall,seed_reference_pending_full_polar_dae11_rescue
dae11,"root,mid1",500000.0,clean,16.75,1.6411619837727898,0.08894383717165184,-0.09309739621591495,True,ok,julia_xfoil,,poststall,seed_reference_pending_full_polar_dae11_rescue
dae11,"root,mid1",500000.0,clean,17.0,1.6366866269207845,0.09254012587892885,-0.09288011751158268,True,ok,julia_xfoil,,poststall,seed_reference_pending_full_polar_dae11_rescue
dae11,"root,mid1",500000.0,clean,17.25,1.6255413886579662,0.09716715312496717,-0.09285255565060654,True,ok,julia_xfoil,,poststall,seed_reference_pending_full_polar_dae11_rescue
dae11,"root,mid1",500000.0,clean,17.5,1.623771054290663,0.10052464426221029,-0.09285758589737872,True,ok,julia_xfoil,,poststall,seed_reference_pending_full_polar_dae11_rescue
dae11,"root,mid1",500000.0,clean,17.75,1.6230444464171696,0.10375017280521852,-0.09296155049508628,True,ok,julia_xfoil,,poststall,seed_reference_pending_full_polar_dae11_rescue
dae11,"root,mid1",500000.0,clean,18.0,1.6179222826762216,0.1076531488483794,-0.09326019738370003,True,ok,julia_xfoil,,poststall,seed_reference_pending_full_polar_dae11_rescue
dae11,"root,mid1",503097.856502,clean,-6.0,-0.022957715195070387,0.061513461354054985,-0.0864356919921933,True,ok,julia_xfoil,,prestall,seed_reference_pending_full_polar_dae11_rescue
dae11,"root,mid1",503097.856502,clean,-5.75,8.897836622461823e-05,0.05105928166004875,-0.10015067298614744,True,ok,julia_xfoil,,prestall,seed_reference_pending_full_polar_dae11_rescue
dae11,"root,mid1",503097.856502,clean,-5.5,0.01882845618816274,0.04866833096886256,-0.10233832540342726,True,ok,julia_xfoil,,prestall,seed_reference_pending_full_polar_dae11_rescue
dae11,"root,mid1",503097.856502,clean,-5.25,0.04196991931332646,0.046555848993875264,-0.1046594386302191,True,ok,julia_xfoil,,prestall,seed_reference_pending_full_polar_dae11_rescue
dae11,"root,mid1",503097.856502,clean,-5.0,0.06912386030792571,0.04343325007026209,-0.10860811331544311,True,ok,julia_xfoil,,prestall,seed_reference_pending_full_polar_dae11_rescue
dae11,"root,mid1",503097.856502,clean,-4.75,0.10214905822447505,0.03887023767508856,-0.11405635050584102,True,ok,julia_xfoil,,prestall,seed_reference_pending_full_polar_dae11_rescue
dae11,"root,mid1",503097.856502,clean,-4.5,0.13932952038128477,0.03636928384426052,-0.11742039782062626,True,ok,julia_xfoil,,prestall,seed_reference_pending_full_polar_dae11_rescue
dae11,"root,mid1",503097.856502,clean,-4.25,0.1640972583035369,0.02898104354070511,-0.12239505242879699,True,ok,julia_xfoil,,prestall,seed_reference_pending_full_polar_dae11_rescue
dae11,"root,mid1",503097.856502,clean,-4.0,0.19045192461559696,0.027932755345952277,-0.12321793021375427,True,ok,julia_xfoil,,prestall,seed_reference_pending_full_polar_dae11_rescue
dae11,"root,mid1",503097.856502,clean,-3.75,0.21850089240307996,0.0264789987467534,-0.12425436822377632,True,ok,julia_xfoil,,prestall,seed_reference_pending_full_polar_dae11_rescue
dae11,"root,mid1",503097.856502,clean,-3.5,0.25447069218740925,0.018695950707037265,-0.12588470196586465,True,ok,julia_xfoil,,prestall,seed_reference_pending_full_polar_dae11_rescue
dae11,"root,mid1",503097.856502,clean,-3.25,0.2838668053780606,0.018220637126573774,-0.12604854156122774,True,ok,julia_xfoil,,prestall,seed_reference_pending_full_polar_dae11_rescue
dae11,"root,mid1",503097.856502,clean,-3.0,0.3129717921362036,0.016542186608084836,-0.1264286741748039,True,ok,julia_xfoil,,prestall,seed_reference_pending_full_polar_dae11_rescue
dae11,"root,mid1",503097.856502,clean,-2.75,0.34223579561579803,0.01564845029988076,-0.12666534581663488,True,ok,julia_xfoil,,prestall,seed_reference_pending_full_polar_dae11_rescue
dae11,"root,mid1",503097.856502,clean,-2.5,0.3709934698162459,0.013937586404039052,-0.12696478285802096,True,ok,julia_xfoil,,prestall,seed_reference_pending_full_polar_dae11_rescue
dae11,"root,mid1",503097.856502,clean,-2.25,0.39988902463040643,0.01349023481072057,-0.12722129681927452,True,ok,julia_xfoil,,prestall,seed_reference_pending_full_polar_dae11_rescue
dae11,"root,mid1",503097.856502,clean,-2.0,0.4288179110257468,0.013192289601273423,-0.12743046133831246,True,ok,julia_xfoil,,prestall,seed_reference_pending_full_polar_dae11_rescue
dae11,"root,mid1",503097.856502,clean,-1.75,0.45738464576043764,0.013057684012951369,-0.127629619780824,True,ok,julia_xfoil,,prestall,seed_reference_pending_full_polar_dae11_rescue
dae11,"root,mid1",503097.856502,clean,-1.5,0.4862586260055577,0.012927982895383801,-0.12788855074906932,True,ok,julia_xfoil,,prestall,seed_reference_pending_full_polar_dae11_rescue
dae11,"root,mid1",503097.856502,clean,-1.25,0.5155885641640756,0.012447719674514975,-0.12826126515458786,True,ok,julia_xfoil,,prestall,seed_reference_pending_full_polar_dae11_rescue
dae11,"root,mid1",503097.856502,clean,-1.0,0.5448953108752994,0.01224087387938441,-0.1285751003506718,True,ok,julia_xfoil,,prestall,seed_reference_pending_full_polar_dae11_rescue
dae11,"root,mid1",503097.856502,clean,-0.75,0.5743453489255933,0.011923010686761765,-0.12890232668635265,True,ok,julia_xfoil,,prestall,seed_reference_pending_full_polar_dae11_rescue
dae11,"root,mid1",503097.856502,clean,-0.5,0.6036123182980948,0.011574061972706152,-0.12931463652122904,True,ok,julia_xfoil,,prestall,seed_reference_pending_full_polar_dae11_rescue
dae11,"root,mid1",503097.856502,clean,-0.25,0.6324520954479909,0.011121115373711738,-0.12990128055029176,True,ok,julia_xfoil,,prestall,seed_reference_pending_full_polar_dae11_rescue
dae11,"root,mid1",503097.856502,clean,0.0,0.6610701906388693,0.010759096523717539,-0.13037196507896973,True,ok,julia_xfoil,,prestall,seed_reference_pending_full_polar_dae11_rescue
dae11,"root,mid1",503097.856502,clean,0.25,0.6891952894995365,0.010380803684314759,-0.13063178255118463,True,ok,julia_xfoil,,prestall,seed_reference_pending_full_polar_dae11_rescue
dae11,"root,mid1",503097.856502,clean,0.5,0.7127885646492379,0.009727129861885621,-0.12967040851382952,True,ok,julia_xfoil,,prestall,seed_reference_pending_full_polar_dae11_rescue
dae11,"root,mid1",503097.856502,clean,0.75,0.7426247438176382,0.009382987468917917,-0.1296835401831121,True,ok,julia_xfoil,,prestall,seed_reference_pending_full_polar_dae11_rescue
dae11,"root,mid1",503097.856502,clean,1.0,0.7718825113953585,0.009416778409634187,-0.12995756257389177,True,ok,julia_xfoil,,prestall,seed_reference_pending_full_polar_dae11_rescue
dae11,"root,mid1",503097.856502,clean,1.25,0.800909435736444,0.009502407745001523,-0.13021510422482904,True,ok,julia_xfoil,,prestall,seed_reference_pending_full_polar_dae11_rescue
dae11,"root,mid1",503097.856502,clean,1.5,0.8293503047459577,0.009772542576867434,-0.1304709924880314,True,ok,julia_xfoil,,prestall,seed_reference_pending_full_polar_dae11_rescue
dae11,"root,mid1",503097.856502,clean,1.75,0.8584031264199227,0.009774922999710858,-0.13079077222888857,True,ok,julia_xfoil,,prestall,seed_reference_pending_full_polar_dae11_rescue
dae11,"root,mid1",503097.856502,clean,2.0,0.8873534483667705,0.009798730291959717,-0.1311033938612017,True,ok,julia_xfoil,,prestall,seed_reference_pending_full_polar_dae11_rescue
dae11,"root,mid1",503097.856502,clean,2.25,0.9162779912768201,0.009819238031846537,-0.1314020974809212,True,ok,julia_xfoil,,prestall,seed_reference_pending_full_polar_dae11_rescue
dae11,"root,mid1",503097.856502,clean,2.5,0.9452111887956878,0.00983747807818247,-0.13169284006108617,True,ok,julia_xfoil,,prestall,seed_reference_pending_full_polar_dae11_rescue
dae11,"root,mid1",503097.856502,clean,2.75,0.9741846402436339,0.009843540000268982,-0.1319757935349703,True,ok,julia_xfoil,,prestall,seed_reference_pending_full_polar_dae11_rescue
dae11,"root,mid1",503097.856502,clean,3.0,1.003220587723061,0.009825876641142706,-0.13224673777719873,True,ok,julia_xfoil,,prestall,seed_reference_pending_full_polar_dae11_rescue
dae11,"root,mid1",503097.856502,clean,3.25,1.0322461902455629,0.00980255031494988,-0.1325076150812677,True,ok,julia_xfoil,,prestall,seed_reference_pending_full_polar_dae11_rescue
dae11,"root,mid1",503097.856502,clean,3.5,1.0611010096840028,0.009815493170978724,-0.13275547461905798,True,ok,julia_xfoil,,prestall,seed_reference_pending_full_polar_dae11_rescue
dae11,"root,mid1",503097.856502,clean,3.75,1.0895417269349823,0.009999467385004278,-0.13299385423658253,True,ok,julia_xfoil,,prestall,seed_reference_pending_full_polar_dae11_rescue
dae11,"root,mid1",503097.856502,clean,4.0,1.1179586064203275,0.010009935901735729,-0.13327587297163124,True,ok,julia_xfoil,,prestall,seed_reference_pending_full_polar_dae11_rescue
dae11,"root,mid1",503097.856502,clean,4.25,1.1463615163948657,0.010026932047230125,-0.13354945535071683,True,ok,julia_xfoil,,prestall,seed_reference_pending_full_polar_dae11_rescue
dae11,"root,mid1",503097.856502,clean,4.5,1.1748377183876721,0.01003549187732963,-0.1338138392802626,True,ok,julia_xfoil,,prestall,seed_reference_pending_full_polar_dae11_rescue
dae11,"root,mid1",503097.856502,clean,4.75,1.2033952360989555,0.01002338926285512,-0.13406653065020294,True,ok,julia_xfoil,,prestall,seed_reference_pending_full_polar_dae11_rescue
dae11,"root,mid1",503097.856502,clean,5.0,1.2319167067323389,0.010000756242549069,-0.1342970225388592,True,ok,julia_xfoil,,prestall,seed_reference_pending_full_polar_dae11_rescue
dae11,"root,mid1",503097.856502,clean,5.25,1.2602973487517473,0.010029941162281657,-0.134502825583611,True,ok,julia_xfoil,,prestall,seed_reference_pending_full_polar_dae11_rescue
dae11,"root,mid1",503097.856502,clean,5.5,1.2881915082036142,0.010131093991490434,-0.13472111532474168,True,ok,julia_xfoil,,prestall,seed_reference_pending_full_polar_dae11_rescue
dae11,"root,mid1",503097.856502,clean,5.75,1.3159593233997868,0.010179974948428802,-0.13495284382966816,True,ok,julia_xfoil,,prestall,seed_reference_pending_full_polar_dae11_rescue
dae11,"root,mid1",503097.856502,clean,6.0,1.3438033041840094,0.010211084513236362,-0.13516276671325742,True,ok,julia_xfoil,,prestall,seed_reference_pending_full_polar_dae11_rescue
dae11,"root,mid1",503097.856502,clean,6.25,1.37159485028291,0.0102392019574572,-0.13532787472263988,True,ok,julia_xfoil,,prestall,seed_reference_pending_full_polar_dae11_rescue
dae11,"root,mid1",503097.856502,clean,6.5,1.398999084893836,0.010344151405307206,-0.13542735227370464,True,ok,julia_xfoil,,prestall,seed_reference_pending_full_polar_dae11_rescue
dae11,"root,mid1",503097.856502,clean,6.75,1.4261049421392866,0.010446721737740593,-0.1356214495090363,True,ok,julia_xfoil,,prestall,seed_reference_pending_full_polar_dae11_rescue
dae11,"root,mid1",503097.856502,clean,7.0,1.4531131564167048,0.010545060274830046,-0.13574674768204176,True,ok,julia_xfoil,,prestall,seed_reference_pending_full_polar_dae11_rescue
dae11,"root,mid1",503097.856502,clean,7.25,1.4794677179397144,0.010685195424745629,-0.13573154744371213,True,ok,julia_xfoil,,prestall,seed_reference_pending_full_polar_dae11_rescue
dae11,"root,mid1",503097.856502,clean,7.5,1.505823865390412,0.01085978968306565,-0.13582289874830128,True,ok,julia_xfoil,,prestall,seed_reference_pending_full_polar_dae11_rescue
dae11,"root,mid1",503097.856502,clean,7.75,1.531526550901065,0.01105266777663679,-0.13578986776835955,True,ok,julia_xfoil,,prestall,seed_reference_pending_full_polar_dae11_rescue
dae11,"root,mid1",503097.856502,clean,8.0,1.5563114026141458,0.01131957421660437,-0.13563677190074155,True,ok,julia_xfoil,,prestall,seed_reference_pending_full_polar_dae11_rescue
dae11,"root,mid1",503097.856502,clean,8.25,1.5809688490503446,0.011592904610639223,-0.13551106625963252,True,ok,julia_xfoil,,prestall,seed_reference_pending_full_polar_dae11_rescue
dae11,"root,mid1",503097.856502,clean,8.5,1.6039859256418658,0.01197341631900504,-0.13515898710099716,True,ok,julia_xfoil,,prestall,seed_reference_pending_full_polar_dae11_rescue
dae11,"root,mid1",503097.856502,clean,8.75,1.626197336778033,0.012398075158120898,-0.1347359452212672,True,ok,julia_xfoil,,prestall,seed_reference_pending_full_polar_dae11_rescue
dae11,"root,mid1",503097.856502,clean,9.0,1.647068152222689,0.01290344750989691,-0.13416804887418182,True,ok,julia_xfoil,,prestall,seed_reference_pending_full_polar_dae11_rescue
dae11,"root,mid1",503097.856502,clean,9.25,1.6645034024651217,0.013603093221015043,-0.13319908976198314,True,ok,julia_xfoil,,prestall,seed_reference_pending_full_polar_dae11_rescue
dae11,"root,mid1",503097.856502,clean,9.5,1.6788083215177707,0.014466300406536061,-0.13191399525371217,True,ok,julia_xfoil,,prestall,seed_reference_pending_full_polar_dae11_rescue
dae11,"root,mid1",503097.856502,clean,9.75,1.691823488147019,0.015346395676088118,-0.13052634671064609,True,ok,julia_xfoil,,prestall,seed_reference_pending_full_polar_dae11_rescue
dae11,"root,mid1",503097.856502,clean,10.0,1.6979189935960302,0.016673669823142324,-0.1287103785819193,True,ok,julia_xfoil,,prestall,seed_reference_pending_full_polar_dae11_rescue
dae11,"root,mid1",503097.856502,clean,10.25,1.7005195913454074,0.018467773632614842,-0.12699928700929852,True,ok,julia_xfoil,,prestall,seed_reference_pending_full_polar_dae11_rescue
dae11,"root,mid1",503097.856502,clean,10.5,1.7010998985715697,0.020515720421200718,-0.12523857442769448,True,ok,julia_xfoil,,prestall,seed_reference_pending_full_polar_dae11_rescue
dae11,"root,mid1",503097.856502,clean,10.75,1.7036642395805233,0.022433571449500568,-0.12361211113225898,True,ok,julia_xfoil,,prestall,seed_reference_pending_full_polar_dae11_rescue
dae11,"root,mid1",503097.856502,clean,11.0,1.7029552030731496,0.02458047989352984,-0.12170104235293801,True,ok,julia_xfoil,,poststall,seed_reference_pending_full_polar_dae11_rescue
dae11,"root,mid1",503097.856502,clean,11.25,1.698968057223561,0.026982318109016593,-0.11954248631993888,True,ok,julia_xfoil,,poststall,seed_reference_pending_full_polar_dae11_rescue
dae11,"root,mid1",503097.856502,clean,11.5,1.6980633957007325,0.029145246568142456,-0.11762983537794569,True,ok,julia_xfoil,,poststall,seed_reference_pending_full_polar_dae11_rescue
dae11,"root,mid1",503097.856502,clean,11.75,1.6963713222880707,0.031353836511646145,-0.11564783886839003,True,ok,julia_xfoil,,poststall,seed_reference_pending_full_polar_dae11_rescue
dae11,"root,mid1",503097.856502,clean,12.0,1.6899630931896379,0.03400486846494565,-0.11344986829227159,True,ok,julia_xfoil,,poststall,seed_reference_pending_full_polar_dae11_rescue
dae11,"root,mid1",503097.856502,clean,12.25,1.6899977636902785,0.03608817139020308,-0.11165450129263305,True,ok,julia_xfoil,,poststall,seed_reference_pending_full_polar_dae11_rescue
dae11,"root,mid1",503097.856502,clean,12.5,1.6859750665463016,0.03864728490235805,-0.10978715807998757,True,ok,julia_xfoil,,poststall,seed_reference_pending_full_polar_dae11_rescue
dae11,"root,mid1",503097.856502,clean,12.75,1.682894811529229,0.04120220239714286,-0.10806015059209508,True,ok,julia_xfoil,,poststall,seed_reference_pending_full_polar_dae11_rescue
dae11,"root,mid1",503097.856502,clean,13.0,1.6830890852002938,0.04355819111634787,-0.1066521923253142,True,ok,julia_xfoil,,poststall,seed_reference_pending_full_polar_dae11_rescue
dae11,"root,mid1",503097.856502,clean,13.25,1.6790797337596226,0.04634575649887223,-0.10509304854926288,True,ok,julia_xfoil,,poststall,seed_reference_pending_full_polar_dae11_rescue
dae11,"root,mid1",503097.856502,clean,13.5,1.6785103463341111,0.04880034573499734,-0.10372095366188779,True,ok,julia_xfoil,,poststall,seed_reference_pending_full_polar_dae11_rescue
dae11,"root,mid1",503097.856502,clean,13.75,1.6762529069191925,0.05155291846975572,-0.1024370684296731,True,ok,julia_xfoil,,poststall,seed_reference_pending_full_polar_dae11_rescue
dae11,"root,mid1",503097.856502,clean,14.0,1.6729303164451654,0.05444276365809645,-0.10116896205540162,True,ok,julia_xfoil,,poststall,seed_reference_pending_full_polar_dae11_rescue
dae11,"root,mid1",503097.856502,clean,14.25,1.6739073662500816,0.05692210152699365,-0.10012358677308676,True,ok,julia_xfoil,,poststall,seed_reference_pending_full_polar_dae11_rescue
dae11,"root,mid1",503097.856502,clean,14.5,1.6685422969136365,0.06013832038463251,-0.09897701142396308,True,ok,julia_xfoil,,poststall,seed_reference_pending_full_polar_dae11_rescue
dae11,"root,mid1",503097.856502,clean,14.75,1.6685171794417608,0.06279355951803092,-0.09804303378857872,True,ok,julia_xfoil,,poststall,seed_reference_pending_full_polar_dae11_rescue
dae11,"root,mid1",503097.856502,clean,15.0,1.6640554473617433,0.06595621229623985,-0.09702752941355756,True,ok,julia_xfoil,,poststall,seed_reference_pending_full_polar_dae11_rescue
dae11,"root,mid1",503097.856502,clean,15.25,1.6621921058017237,0.0689672824268589,-0.09626491906052538,True,ok,julia_xfoil,,poststall,seed_reference_pending_full_polar_dae11_rescue
dae11,"root,mid1",503097.856502,clean,15.5,1.6580927580124387,0.07225567299943113,-0.0955030529780724,True,ok,julia_xfoil,,poststall,seed_reference_pending_full_polar_dae11_rescue
dae11,"root,mid1",503097.856502,clean,15.75,1.6560238082051553,0.07533650185528253,-0.09484280081608584,True,ok,julia_xfoil,,poststall,seed_reference_pending_full_polar_dae11_rescue
dae11,"root,mid1",503097.856502,clean,16.0,1.6528066921662736,0.0786558481456881,-0.09433679024430013,True,ok,julia_xfoil,,poststall,seed_reference_pending_full_polar_dae11_rescue
dae11,"root,mid1",503097.856502,clean,16.25,1.646764409490866,0.0822753401506422,-0.09377840771829025,True,ok,julia_xfoil,,poststall,seed_reference_pending_full_polar_dae11_rescue
dae11,"root,mid1",503097.856502,clean,16.5,1.6442195854870019,0.08554021754464232,-0.09337949764906218,True,ok,julia_xfoil,,poststall,seed_reference_pending_full_polar_dae11_rescue
dae11,"root,mid1",503097.856502,clean,16.75,1.6418106713118683,0.08886431802156973,-0.09312059108525149,True,ok,julia_xfoil,,poststall,seed_reference_pending_full_polar_dae11_rescue
dae11,"root,mid1",503097.856502,clean,17.0,1.637118924917201,0.09248789083471878,-0.09289994980059267,True,ok,julia_xfoil,,poststall,seed_reference_pending_full_polar_dae11_rescue
dae11,"root,mid1",503097.856502,clean,17.25,1.6256645245243113,0.09715828540636655,-0.09286920342755721,True,ok,julia_xfoil,,poststall,seed_reference_pending_full_polar_dae11_rescue
dae11,"root,mid1",503097.856502,clean,17.5,1.624871417189143,0.10037878426796876,-0.09287048523862264,True,ok,julia_xfoil,,poststall,seed_reference_pending_full_polar_dae11_rescue
dae11,"root,mid1",503097.856502,clean,17.75,1.6240376197286215,0.10361457542932838,-0.09296889204260367,True,ok,julia_xfoil,,poststall,seed_reference_pending_full_polar_dae11_rescue
dae11,"root,mid1",503097.856502,clean,18.0,1.6186351296788235,0.10755829880349091,-0.09327164550812089,True,ok,julia_xfoil,,poststall,seed_reference_pending_full_polar_dae11_rescue
dae11,"root,mid1",539941.207632,clean,-6.0,-0.0383763501007447,0.06298777792594183,-0.0794715121673294,True,ok,julia_xfoil,,prestall,seed_reference_pending_full_polar_dae11_rescue
dae11,"root,mid1",539941.207632,clean,-5.75,0.0002611289243025162,0.0563026195421717,-0.09314911594716767,True,ok,julia_xfoil,,prestall,seed_reference_pending_full_polar_dae11_rescue
dae11,"root,mid1",539941.207632,clean,-5.5,0.025335003667013755,0.0444729610958875,-0.10714260600357627,True,ok,julia_xfoil,,prestall,seed_reference_pending_full_polar_dae11_rescue
dae11,"root,mid1",539941.207632,clean,-5.25,0.0472792188060923,0.04294088349875951,-0.10856330255901572,True,ok,julia_xfoil,,prestall,seed_reference_pending_full_polar_dae11_rescue
dae11,"root,mid1",539941.207632,clean,-5.0,0.07241285401937303,0.04083007202346654,-0.11092703828112926,True,ok,julia_xfoil,,prestall,seed_reference_pending_full_polar_dae11_rescue
dae11,"root,mid1",539941.207632,clean,-4.75,0.10071715337285775,0.03778625227758069,-0.11431183221211813,True,ok,julia_xfoil,,prestall,seed_reference_pending_full_polar_dae11_rescue
dae11,"root,mid1",539941.207632,clean,-4.5,0.13395253508916719,0.03391126903167166,-0.11806427232009334,True,ok,julia_xfoil,,prestall,seed_reference_pending_full_polar_dae11_rescue
dae11,"root,mid1",539941.207632,clean,-4.25,0.1674323095388757,0.032836837716748966,-0.11957134137619312,True,ok,julia_xfoil,,prestall,seed_reference_pending_full_polar_dae11_rescue
dae11,"root,mid1",539941.207632,clean,-4.0,0.19272248098744468,0.026148045391607755,-0.12362599278087491,True,ok,julia_xfoil,,prestall,seed_reference_pending_full_polar_dae11_rescue
dae11,"root,mid1",539941.207632,clean,-3.75,0.2201891259377682,0.024898334735380997,-0.12444064114703537,True,ok,julia_xfoil,,prestall,seed_reference_pending_full_polar_dae11_rescue
dae11,"root,mid1",539941.207632,clean,-3.5,0.25486299773574184,0.018883104324655127,-0.12548067052116998,True,ok,julia_xfoil,,prestall,seed_reference_pending_full_polar_dae11_rescue
dae11,"root,mid1",539941.207632,clean,-3.25,0.28385317956127154,0.01678863257110062,-0.1259718211637747,True,ok,julia_xfoil,,prestall,seed_reference_pending_full_polar_dae11_rescue
dae11,"root,mid1",539941.207632,clean,-3.0,0.31313664454802537,0.01538644041984663,-0.1262696215344184,True,ok,julia_xfoil,,prestall,seed_reference_pending_full_polar_dae11_rescue
dae11,"root,mid1",539941.207632,clean,-2.75,0.34235321896689846,0.0145200318040439,-0.1264736388771119,True,ok,julia_xfoil,,prestall,seed_reference_pending_full_polar_dae11_rescue
dae11,"root,mid1",539941.207632,clean,-2.5,0.3715492205478453,0.014167954181002116,-0.12664472134956106,True,ok,julia_xfoil,,prestall,seed_reference_pending_full_polar_dae11_rescue
dae11,"root,mid1",539941.207632,clean,-2.25,0.40002507718966035,0.01296755520251232,-0.1269496815451864,True,ok,julia_xfoil,,prestall,seed_reference_pending_full_polar_dae11_rescue
dae11,"root,mid1",539941.207632,clean,-2.0,0.42842132467451194,0.012901735699768472,-0.1272195514586295,True,ok,julia_xfoil,,prestall,seed_reference_pending_full_polar_dae11_rescue
dae11,"root,mid1",539941.207632,clean,-1.75,0.45774117667570746,0.01255801419411411,-0.12750265419869067,True,ok,julia_xfoil,,prestall,seed_reference_pending_full_polar_dae11_rescue
dae11,"root,mid1",539941.207632,clean,-1.5,0.4870532868891819,0.012273201858791289,-0.1277861812402498,True,ok,julia_xfoil,,prestall,seed_reference_pending_full_polar_dae11_rescue
dae11,"root,mid1",539941.207632,clean,-1.25,0.5163641288582371,0.011935696359517472,-0.1281206238529381,True,ok,julia_xfoil,,prestall,seed_reference_pending_full_polar_dae11_rescue
dae11,"root,mid1",539941.207632,clean,-1.0,0.5456874965693064,0.011698571096691299,-0.12844815857001976,True,ok,julia_xfoil,,prestall,seed_reference_pending_full_polar_dae11_rescue
dae11,"root,mid1",539941.207632,clean,-0.75,0.5751443228077963,0.011411851430096919,-0.12875689118113176,True,ok,julia_xfoil,,prestall,seed_reference_pending_full_polar_dae11_rescue
dae11,"root,mid1",539941.207632,clean,-0.5,0.6044436408122188,0.011096553228272327,-0.12914212287938748,True,ok,julia_xfoil,,prestall,seed_reference_pending_full_polar_dae11_rescue
dae11,"root,mid1",539941.207632,clean,-0.25,0.6333866980115461,0.0106654710106989,-0.12970306884923902,True,ok,julia_xfoil,,prestall,seed_reference_pending_full_polar_dae11_rescue
dae11,"root,mid1",539941.207632,clean,0.0,0.6621322899951522,0.010296787789674133,-0.13018402914600344,True,ok,julia_xfoil,,prestall,seed_reference_pending_full_polar_dae11_rescue
dae11,"root,mid1",539941.207632,clean,0.25,0.6905215181218807,0.009930811457941282,-0.13049538152845477,True,ok,julia_xfoil,,prestall,seed_reference_pending_full_polar_dae11_rescue
dae11,"root,mid1",539941.207632,clean,0.5,0.7167549315647764,0.00941480148060707,-0.13022277240142072,True,ok,julia_xfoil,,prestall,seed_reference_pending_full_polar_dae11_rescue
dae11,"root,mid1",539941.207632,clean,0.75,0.7436993579423604,0.00889174491014305,-0.1295786829744783,True,ok,julia_xfoil,,prestall,seed_reference_pending_full_polar_dae11_rescue
dae11,"root,mid1",539941.207632,clean,1.0,0.7727401136079215,0.009001098507715891,-0.1298535722137282,True,ok,julia_xfoil,,prestall,seed_reference_pending_full_polar_dae11_rescue
dae11,"root,mid1",539941.207632,clean,1.25,0.8013302432316617,0.009248670544350232,-0.13013179581517417,True,ok,julia_xfoil,,prestall,seed_reference_pending_full_polar_dae11_rescue
dae11,"root,mid1",539941.207632,clean,1.5,0.830502748143119,0.009243303734873616,-0.13045479606890645,True,ok,julia_xfoil,,prestall,seed_reference_pending_full_polar_dae11_rescue
dae11,"root,mid1",539941.207632,clean,1.75,0.8595737977083826,0.009264062857544934,-0.13077441747041793,True,ok,julia_xfoil,,prestall,seed_reference_pending_full_polar_dae11_rescue
dae11,"root,mid1",539941.207632,clean,2.0,0.8886026402632193,0.009286938924992194,-0.13108400399902997,True,ok,julia_xfoil,,prestall,seed_reference_pending_full_polar_dae11_rescue
dae11,"root,mid1",539941.207632,clean,2.25,0.9176325284197504,0.009301358459119068,-0.13138262711272558,True,ok,julia_xfoil,,prestall,seed_reference_pending_full_polar_dae11_rescue
dae11,"root,mid1",539941.207632,clean,2.5,0.9466723140717478,0.009311477555501014,-0.13167581158738673,True,ok,julia_xfoil,,prestall,seed_reference_pending_full_polar_dae11_rescue
dae11,"root,mid1",539941.207632,clean,2.75,0.9757364976289712,0.00930760545151209,-0.131959965575684,True,ok,julia_xfoil,,prestall,seed_reference_pending_full_polar_dae11_rescue
dae11,"root,mid1",539941.207632,clean,3.0,1.0047862976784858,0.00929372050553228,-0.13223201901757606,True,ok,julia_xfoil,,prestall,seed_reference_pending_full_polar_dae11_rescue
dae11,"root,mid1",539941.207632,clean,3.25,1.0336875644807346,0.00930699002153833,-0.132491048726045,True,ok,julia_xfoil,,prestall,seed_reference_pending_full_polar_dae11_rescue
dae11,"root,mid1",539941.207632,clean,3.5,1.0622871098743163,0.009442132072674378,-0.13274216683323536,True,ok,julia_xfoil,,prestall,seed_reference_pending_full_polar_dae11_rescue
dae11,"root,mid1",539941.207632,clean,3.75,1.090772976637037,0.009509210653503002,-0.13302906200506862,True,ok,julia_xfoil,,prestall,seed_reference_pending_full_polar_dae11_rescue
dae11,"root,mid1",539941.207632,clean,4.0,1.1193182091226006,0.009526701172849433,-0.1333215123426147,True,ok,julia_xfoil,,prestall,seed_reference_pending_full_polar_dae11_rescue
dae11,"root,mid1",539941.207632,clean,4.25,1.1478864029877092,0.009538886642955723,-0.13360246883044016,True,ok,julia_xfoil,,prestall,seed_reference_pending_full_polar_dae11_rescue
dae11,"root,mid1",539941.207632,clean,4.5,1.176495158925325,0.009541363372479355,-0.13387409954708063,True,ok,julia_xfoil,,prestall,seed_reference_pending_full_polar_dae11_rescue
dae11,"root,mid1",539941.207632,clean,4.75,1.2050792202901492,0.009529069251069763,-0.13412624654110689,True,ok,julia_xfoil,,prestall,seed_reference_pending_full_polar_dae11_rescue
dae11,"root,mid1",539941.207632,clean,5.0,1.2335337402140505,0.009544450442434231,-0.13435083145250598,True,ok,julia_xfoil,,prestall,seed_reference_pending_full_polar_dae11_rescue
dae11,"root,mid1",539941.207632,clean,5.25,1.2616479446608815,0.009661754418920674,-0.13456740046633797,True,ok,julia_xfoil,,prestall,seed_reference_pending_full_polar_dae11_rescue
dae11,"root,mid1",539941.207632,clean,5.5,1.2895987230832506,0.009703328619176787,-0.13482767466894696,True,ok,julia_xfoil,,prestall,seed_reference_pending_full_polar_dae11_rescue
dae11,"root,mid1",539941.207632,clean,5.75,1.3175841608863315,0.009743891762202101,-0.13507092077528093,True,ok,julia_xfoil,,prestall,seed_reference_pending_full_polar_dae11_rescue
dae11,"root,mid1",539941.207632,clean,6.0,1.3455202674462128,0.009776861853859118,-0.13527918443641868,True,ok,julia_xfoil,,prestall,seed_reference_pending_full_polar_dae11_rescue
dae11,"root,mid1",539941.207632,clean,6.25,1.3731326531623496,0.009843447929993263,-0.13541517527900584,True,ok,julia_xfoil,,prestall,seed_reference_pending_full_polar_dae11_rescue
dae11,"root,mid1",539941.207632,clean,6.5,1.4004781477098167,0.009965252589113656,-0.1355954557197629,True,ok,julia_xfoil,,prestall,seed_reference_pending_full_polar_dae11_rescue
dae11,"root,mid1",539941.207632,clean,6.75,1.4278087557970525,0.010061948249275898,-0.13579300493658714,True,ok,julia_xfoil,,prestall,seed_reference_pending_full_polar_dae11_rescue
dae11,"root,mid1",539941.207632,clean,7.0,1.4547042853825911,0.0101750580680705,-0.1358797748087458,True,ok,julia_xfoil,,prestall,seed_reference_pending_full_polar_dae11_rescue
dae11,"root,mid1",539941.207632,clean,7.25,1.4810197870820268,0.010353795479541308,-0.13590862492373212,True,ok,julia_xfoil,,prestall,seed_reference_pending_full_polar_dae11_rescue
dae11,"root,mid1",539941.207632,clean,7.5,1.507552626196038,0.010515884268552612,-0.13602376237839017,True,ok,julia_xfoil,,prestall,seed_reference_pending_full_polar_dae11_rescue
dae11,"root,mid1",539941.207632,clean,7.75,1.532687832430099,0.010758688282524029,-0.1358975020683782,True,ok,julia_xfoil,,prestall,seed_reference_pending_full_polar_dae11_rescue
dae11,"root,mid1",539941.207632,clean,8.0,1.5581914623296542,0.010998469358552247,-0.1358904771963402,True,ok,julia_xfoil,,prestall,seed_reference_pending_full_polar_dae11_rescue
dae11,"root,mid1",539941.207632,clean,8.25,1.5819404768941012,0.011340503119616726,-0.13562476819776018,True,ok,julia_xfoil,,prestall,seed_reference_pending_full_polar_dae11_rescue
dae11,"root,mid1",539941.207632,clean,8.5,1.6058739895919318,0.011679291226098749,-0.13542912649813402,True,ok,julia_xfoil,,prestall,seed_reference_pending_full_polar_dae11_rescue
dae11,"root,mid1",539941.207632,clean,8.75,1.6268684069634876,0.012198590319144262,-0.1348510223142107,True,ok,julia_xfoil,,prestall,seed_reference_pending_full_polar_dae11_rescue
dae11,"root,mid1",539941.207632,clean,9.0,1.6476578741777144,0.012720269303772656,-0.13429049901496712,True,ok,julia_xfoil,,prestall,seed_reference_pending_full_polar_dae11_rescue
dae11,"root,mid1",539941.207632,clean,9.25,1.6661162076669518,0.013373858978005648,-0.13347026182925018,True,ok,julia_xfoil,,prestall,seed_reference_pending_full_polar_dae11_rescue
dae11,"root,mid1",539941.207632,clean,9.5,1.68117279330358,0.014210280030508237,-0.13228938107456634,True,ok,julia_xfoil,,prestall,seed_reference_pending_full_polar_dae11_rescue
dae11,"root,mid1",539941.207632,clean,9.75,1.69070361287621,0.015296529259901902,-0.1305279282012312,True,ok,julia_xfoil,,prestall,seed_reference_pending_full_polar_dae11_rescue
dae11,"root,mid1",539941.207632,clean,10.0,1.6968499691420662,0.016690213629641817,-0.12884415533429688,True,ok,julia_xfoil,,prestall,seed_reference_pending_full_polar_dae11_rescue
dae11,"root,mid1",539941.207632,clean,10.25,1.7020748482983803,0.018329714244112238,-0.1273744920993458,True,ok,julia_xfoil,,prestall,seed_reference_pending_full_polar_dae11_rescue
dae11,"root,mid1",539941.207632,clean,10.5,1.7036194631832215,0.020324720669184483,-0.12570430871064717,True,ok,julia_xfoil,,prestall,seed_reference_pending_full_polar_dae11_rescue
dae11,"root,mid1",539941.207632,clean,10.75,1.701882696661438,0.022594854460687312,-0.1237821314781381,True,ok,julia_xfoil,,poststall,seed_reference_pending_full_polar_dae11_rescue
dae11,"root,mid1",539941.207632,clean,11.0,1.7029031162317483,0.024606464488412597,-0.12198353737719732,True,ok,julia_xfoil,,poststall,seed_reference_pending_full_polar_dae11_rescue
dae11,"root,mid1",539941.207632,clean,11.25,1.7025585643181174,0.026718637159011356,-0.12007129783237216,True,ok,julia_xfoil,,poststall,seed_reference_pending_full_polar_dae11_rescue
dae11,"root,mid1",539941.207632,clean,11.5,1.6978918074218972,0.029188659370460376,-0.11789583799679013,True,ok,julia_xfoil,,poststall,seed_reference_pending_full_polar_dae11_rescue
dae11,"root,mid1",539941.207632,clean,11.75,1.6968740233244293,0.03134039053426672,-0.11595223775609409,True,ok,julia_xfoil,,poststall,seed_reference_pending_full_polar_dae11_rescue
dae11,"root,mid1",539941.207632,clean,12.0,1.6945593507683254,0.03365368748220524,-0.11401621251830905,True,ok,julia_xfoil,,poststall,seed_reference_pending_full_polar_dae11_rescue
dae11,"root,mid1",539941.207632,clean,12.25,1.6890507816207165,0.03619951202440597,-0.1118573941662675,True,ok,julia_xfoil,,poststall,seed_reference_pending_full_polar_dae11_rescue
dae11,"root,mid1",539941.207632,clean,12.5,1.688369297114435,0.03846581697365405,-0.11018264789012022,True,ok,julia_xfoil,,poststall,seed_reference_pending_full_polar_dae11_rescue
dae11,"root,mid1",539941.207632,clean,12.75,1.68693789514255,0.040869909114077306,-0.10853831601245298,True,ok,julia_xfoil,,poststall,seed_reference_pending_full_polar_dae11_rescue
dae11,"root,mid1",539941.207632,clean,13.0,1.6837850596318775,0.04352625433512841,-0.10693788559806977,True,ok,julia_xfoil,,poststall,seed_reference_pending_full_polar_dae11_rescue
dae11,"root,mid1",539941.207632,clean,13.25,1.683653265839767,0.04594991657960352,-0.10557255092102621,True,ok,julia_xfoil,,poststall,seed_reference_pending_full_polar_dae11_rescue
dae11,"root,mid1",539941.207632,clean,13.5,1.68016880048651,0.04867276963898897,-0.10403646625359288,True,ok,julia_xfoil,,poststall,seed_reference_pending_full_polar_dae11_rescue
dae11,"root,mid1",539941.207632,clean,13.75,1.6799420098491757,0.0512104427276449,-0.10282982523671547,True,ok,julia_xfoil,,poststall,seed_reference_pending_full_polar_dae11_rescue
dae11,"root,mid1",539941.207632,clean,14.0,1.6773041363929422,0.05402908068359131,-0.10157683408848336,True,ok,julia_xfoil,,poststall,seed_reference_pending_full_polar_dae11_rescue
dae11,"root,mid1",539941.207632,clean,14.25,1.6773732043289098,0.056590498181668066,-0.10048434550429115,True,ok,julia_xfoil,,poststall,seed_reference_pending_full_polar_dae11_rescue
dae11,"root,mid1",539941.207632,clean,14.5,1.6742569058280417,0.05956414098828622,-0.09939555357476779,True,ok,julia_xfoil,,poststall,seed_reference_pending_full_polar_dae11_rescue
dae11,"root,mid1",539941.207632,clean,14.75,1.672163874931618,0.06243192253656147,-0.09838893352815639,True,ok,julia_xfoil,,poststall,seed_reference_pending_full_polar_dae11_rescue
dae11,"root,mid1",539941.207632,clean,15.0,1.669791428572077,0.06535485619071382,-0.09741092530419129,True,ok,julia_xfoil,,poststall,seed_reference_pending_full_polar_dae11_rescue
dae11,"root,mid1",539941.207632,clean,15.25,1.6672822240282794,0.06840870531643842,-0.09660538408417357,True,ok,julia_xfoil,,poststall,seed_reference_pending_full_polar_dae11_rescue
dae11,"root,mid1",539941.207632,clean,15.5,1.6617981109229012,0.07186348287976449,-0.09579117029814659,True,ok,julia_xfoil,,poststall,seed_reference_pending_full_polar_dae11_rescue
dae11,"root,mid1",539941.207632,clean,15.75,1.663333478398584,0.07450425900719815,-0.09519738405287541,True,ok,julia_xfoil,,poststall,seed_reference_pending_full_polar_dae11_rescue
dae11,"root,mid1",539941.207632,clean,16.0,1.6575763781753214,0.07811072013119687,-0.09461969932567185,True,ok,julia_xfoil,,poststall,seed_reference_pending_full_polar_dae11_rescue
dae11,"root,mid1",539941.207632,clean,16.25,1.6533017529939034,0.08153434951349198,-0.09407264477787604,True,ok,julia_xfoil,,poststall,seed_reference_pending_full_polar_dae11_rescue
dae11,"root,mid1",539941.207632,clean,16.5,1.6538384653505274,0.08435948782961328,-0.09366576683246088,True,ok,julia_xfoil,,poststall,seed_reference_pending_full_polar_dae11_rescue
dae11,"root,mid1",539941.207632,clean,16.75,1.6484500383490148,0.08805274371431132,-0.09337606852891074,True,ok,julia_xfoil,,poststall,seed_reference_pending_full_polar_dae11_rescue
dae11,"root,mid1",539941.207632,clean,17.0,1.6410583197958493,0.09203080626924215,-0.09310959360631692,True,ok,julia_xfoil,,poststall,seed_reference_pending_full_polar_dae11_rescue
dae11,"root,mid1",539941.207632,clean,17.25,1.6364087348934937,0.09575300349294077,-0.09303170857074404,True,ok,julia_xfoil,,poststall,seed_reference_pending_full_polar_dae11_rescue
dae11,"root,mid1",539941.207632,clean,17.5,1.6361992483577585,0.09888494615317416,-0.09303041857927685,True,ok,julia_xfoil,,poststall,seed_reference_pending_full_polar_dae11_rescue
dae11,"root,mid1",539941.207632,clean,17.75,1.6335101401555627,0.10234333908454218,-0.09309386231244647,True,ok,julia_xfoil,,poststall,seed_reference_pending_full_polar_dae11_rescue
dae11,"root,mid1",539941.207632,clean,18.0,1.6254910158760627,0.10664963867380237,-0.0934024515943596,True,ok,julia_xfoil,,poststall,seed_reference_pending_full_polar_dae11_rescue
dae11,"root,mid1",539941.2076325249,clean,-6.0,-0.03837635010110725,0.06298777792600885,-0.07947151216709962,True,ok,julia_xfoil,,prestall,seed_reference_pending_full_polar_dae11_rescue
dae11,"root,mid1",539941.2076325249,clean,-5.75,0.0002611289242509933,0.056302619542178606,-0.09314911594713544,True,ok,julia_xfoil,,prestall,seed_reference_pending_full_polar_dae11_rescue
dae11,"root,mid1",539941.2076325249,clean,-5.5,0.025335003667100713,0.04447296109582866,-0.10714260600363829,True,ok,julia_xfoil,,prestall,seed_reference_pending_full_polar_dae11_rescue
dae11,"root,mid1",539941.2076325249,clean,-5.25,0.047279218806162454,0.04294088349870899,-0.10856330255906543,True,ok,julia_xfoil,,prestall,seed_reference_pending_full_polar_dae11_rescue
dae11,"root,mid1",539941.2076325249,clean,-5.0,0.07241285401942893,0.04083007202342443,-0.11092703828116715,True,ok,julia_xfoil,,prestall,seed_reference_pending_full_polar_dae11_rescue
dae11,"root,mid1",539941.2076325249,clean,-4.75,0.10071715337287972,0.03778625227755511,-0.11431183221213398,True,ok,julia_xfoil,,prestall,seed_reference_pending_full_polar_dae11_rescue
dae11,"root,mid1",539941.2076325249,clean,-4.5,0.13395253508904037,0.03391126903162425,-0.11806427232012025,True,ok,julia_xfoil,,prestall,seed_reference_pending_full_polar_dae11_rescue
dae11,"root,mid1",539941.2076325249,clean,-4.25,0.16743230953885851,0.032836837716736865,-0.11957134137619027,True,ok,julia_xfoil,,prestall,seed_reference_pending_full_polar_dae11_rescue
dae11,"root,mid1",539941.2076325249,clean,-4.0,0.19272248098747566,0.026148045391585845,-0.12362599278087973,True,ok,julia_xfoil,,prestall,seed_reference_pending_full_polar_dae11_rescue
dae11,"root,mid1",539941.2076325249,clean,-3.75,0.22018912593779225,0.02489833473535935,-0.12444064114703737,True,ok,julia_xfoil,,prestall,seed_reference_pending_full_polar_dae11_rescue
dae11,"root,mid1",539941.2076325249,clean,-3.5,0.2548629977357458,0.018883104324657375,-0.12548067052116493,True,ok,julia_xfoil,,prestall,seed_reference_pending_full_polar_dae11_rescue
dae11,"root,mid1",539941.2076325249,clean,-3.25,0.28385317956127337,0.016788632571085167,-0.12597182116377323,True,ok,julia_xfoil,,prestall,seed_reference_pending_full_polar_dae11_rescue
dae11,"root,mid1",539941.2076325249,clean,-3.0,0.31313664454802764,0.015386440419834339,-0.12626962153441587,True,ok,julia_xfoil,,prestall,seed_reference_pending_full_polar_dae11_rescue
dae11,"root,mid1",539941.2076325249,clean,-2.75,0.34235321896689985,0.014520031804032085,-0.12647363887710925,True,ok,julia_xfoil,,prestall,seed_reference_pending_full_polar_dae11_rescue
dae11,"root,mid1",539941.2076325249,clean,-2.5,0.37154922054784373,0.014167954180988481,-0.1266447213495585,True,ok,julia_xfoil,,prestall,seed_reference_pending_full_polar_dae11_rescue
dae11,"root,mid1",539941.2076325249,clean,-2.25,0.4000250771896574,0.012967555202508065,-0.1269496815451831,True,ok,julia_xfoil,,prestall,seed_reference_pending_full_polar_dae11_rescue
dae11,"root,mid1",539941.2076325249,clean,-2.0,0.4284213246745233,0.012901735699759142,-0.12721955145862787,True,ok,julia_xfoil,,prestall,seed_reference_pending_full_polar_dae11_rescue
dae11,"root,mid1",539941.2076325249,clean,-1.75,0.45774117667571773,0.012558014194105557,-0.12750265419868903,True,ok,julia_xfoil,,prestall,seed_reference_pending_full_polar_dae11_rescue
dae11,"root,mid1",539941.2076325249,clean,-1.5,0.487053286889192,0.012273201858783073,-0.12778618124024832,True,ok,julia_xfoil,,prestall,seed_reference_pending_full_polar_dae11_rescue
dae11,"root,mid1",539941.2076325249,clean,-1.25,0.5163641288582466,0.011935696359511456,-0.128120623852936,True,ok,julia_xfoil,,prestall,seed_reference_pending_full_polar_dae11_rescue
dae11,"root,mid1",539941.2076325249,clean,-1.0,0.5456874965693168,0.011698571096684188,-0.1284481585700179,True,ok,julia_xfoil,,prestall,seed_reference_pending_full_polar_dae11_rescue
dae11,"root,mid1",539941.2076325249,clean,-0.75,0.5751443228078069,0.011411851430090167,-0.12875689118112976,True,ok,julia_xfoil,,prestall,seed_reference_pending_full_polar_dae11_rescue
dae11,"root,mid1",539941.2076325249,clean,-0.5,0.6044436408122301,0.011096553228265714,-0.12914212287938534,True,ok,julia_xfoil,,prestall,seed_reference_pending_full_polar_dae11_rescue
dae11,"root,mid1",539941.2076325249,clean,-0.25,0.6333866980115582,0.01066547101069267,-0.12970306884923638,True,ok,julia_xfoil,,prestall,seed_reference_pending_full_polar_dae11_rescue
dae11,"root,mid1",539941.2076325249,clean,0.0,0.6621322899951655,0.01029678778966781,-0.13018402914600097,True,ok,julia_xfoil,,prestall,seed_reference_pending_full_polar_dae11_rescue
dae11,"root,mid1",539941.2076325249,clean,0.25,0.690521518121898,0.009930811457935666,-0.13049538152845275,True,ok,julia_xfoil,,prestall,seed_reference_pending_full_polar_dae11_rescue
dae11,"root,mid1",539941.2076325249,clean,0.5,0.7167549315648198,0.009414801480603226,-0.13022277240142574,True,ok,julia_xfoil,,prestall,seed_reference_pending_full_polar_dae11_rescue
dae11,"root,mid1",539941.2076325249,clean,0.75,0.7436993579423715,0.008891744910137044,-0.12957868297447692,True,ok,julia_xfoil,,prestall,seed_reference_pending_full_polar_dae11_rescue
dae11,"root,mid1",539941.2076325249,clean,1.0,0.7727401136079284,0.009001098507711839,-0.12985357221372684,True,ok,julia_xfoil,,prestall,seed_reference_pending_full_polar_dae11_rescue
dae11,"root,mid1",539941.2076325249,clean,1.25,0.8013302432316768,0.00924867054434305,-0.13013179581517403,True,ok,julia_xfoil,,prestall,seed_reference_pending_full_polar_dae11_rescue
dae11,"root,mid1",539941.2076325249,clean,1.5,0.8305027481431341,0.009243303734866759,-0.13045479606890625,True,ok,julia_xfoil,,prestall,seed_reference_pending_full_polar_dae11_rescue
dae11,"root,mid1",539941.2076325249,clean,1.75,0.8595737977083984,0.009264062857538209,-0.1307744174704177,True,ok,julia_xfoil,,prestall,seed_reference_pending_full_polar_dae11_rescue
dae11,"root,mid1",539941.2076325249,clean,2.0,0.8886026402632368,0.009286938924985413,-0.13108400399902975,True,ok,julia_xfoil,,prestall,seed_reference_pending_full_polar_dae11_rescue
dae11,"root,mid1",539941.2076325249,clean,2.25,0.9176325284197683,0.0093013584591122,-0.13138262711272533,True,ok,julia_xfoil,,prestall,seed_reference_pending_full_polar_dae11_rescue
dae11,"root,mid1",539941.2076325249,clean,2.5,0.9466723140717671,0.009311477555494059,-0.13167581158738645,True,ok,julia_xfoil,,prestall,seed_reference_pending_full_polar_dae11_rescue
dae11,"root,mid1",539941.2076325249,clean,2.75,0.9757364976289912,0.009307605451505033,-0.13195996557568382,True,ok,julia_xfoil,,prestall,seed_reference_pending_full_polar_dae11_rescue
dae11,"root,mid1",539941.2076325249,clean,3.0,1.004786297678505,0.009293720505525434,-0.13223201901757578,True,ok,julia_xfoil,,prestall,seed_reference_pending_full_polar_dae11_rescue
dae11,"root,mid1",539941.2076325249,clean,3.25,1.0336875644807526,0.009306990021532242,-0.1324910487260447,True,ok,julia_xfoil,,prestall,seed_reference_pending_full_polar_dae11_rescue
dae11,"root,mid1",539941.2076325249,clean,3.5,1.062287109874327,0.00944213207267122,-0.13274216683323523,True,ok,julia_xfoil,,prestall,seed_reference_pending_full_polar_dae11_rescue
dae11,"root,mid1",539941.2076325249,clean,3.75,1.0907729766370542,0.009509210653496544,-0.1330290620050692,True,ok,julia_xfoil,,prestall,seed_reference_pending_full_polar_dae11_rescue
dae11,"root,mid1",539941.2076325249,clean,4.0,1.1193182091226197,0.009526701172843023,-0.13332151234261533,True,ok,julia_xfoil,,prestall,seed_reference_pending_full_polar_dae11_rescue
dae11,"root,mid1",539941.2076325249,clean,4.25,1.1478864029877296,0.00953888664294924,-0.13360246883044083,True,ok,julia_xfoil,,prestall,seed_reference_pending_full_polar_dae11_rescue
dae11,"root,mid1",539941.2076325249,clean,4.5,1.1764951589253465,0.009541363372472828,-0.13387409954708152,True,ok,julia_xfoil,,prestall,seed_reference_pending_full_polar_dae11_rescue
dae11,"root,mid1",539941.2076325249,clean,4.75,1.2050792202901712,0.009529069251063338,-0.13412624654110758,True,ok,julia_xfoil,,prestall,seed_reference_pending_full_polar_dae11_rescue
dae11,"root,mid1",539941.2076325249,clean,5.0,1.23353374021407,0.009544450442428567,-0.13435083145250662,True,ok,julia_xfoil,,prestall,seed_reference_pending_full_polar_dae11_rescue
dae11,"root,mid1",539941.2076325249,clean,5.25,1.261647944660898,0.009661754418914873,-0.13456740046633933,True,ok,julia_xfoil,,prestall,seed_reference_pending_full_polar_dae11_rescue
dae11,"root,mid1",539941.2076325249,clean,5.5,1.289598723083271,0.009703328619171083,-0.1348276746689485,True,ok,julia_xfoil,,prestall,seed_reference_pending_full_polar_dae11_rescue
dae11,"root,mid1",539941.2076325249,clean,5.75,1.3175841608863526,0.009743891762196304,-0.1350709207752825,True,ok,julia_xfoil,,prestall,seed_reference_pending_full_polar_dae11_rescue
dae11,"root,mid1",539941.2076325249,clean,6.0,1.3455202674462345,0.009776861853853463,-0.1352791844364201,True,ok,julia_xfoil,,prestall,seed_reference_pending_full_polar_dae11_rescue
dae11,"root,mid1",539941.2076325249,clean,6.25,1.373132653162368,0.009843447929988447,-0.13541517527900682,True,ok,julia_xfoil,,prestall,seed_reference_pending_full_polar_dae11_rescue
dae11,"root,mid1",539941.2076325249,clean,6.5,1.4004781477098385,0.009965252589108613,-0.13559545571976525,True,ok,julia_xfoil,,prestall,seed_reference_pending_full_polar_dae11_rescue
dae11,"root,mid1",539941.2076325249,clean,6.75,1.427808755797075,0.010061948249270779,-0.1357930049365893,True,ok,julia_xfoil,,prestall,seed_reference_pending_full_polar_dae11_rescue
dae11,"root,mid1",539941.2076325249,clean,7.0,1.4547042853826109,0.010175058068065799,-0.13587977480874724,True,ok,julia_xfoil,,prestall,seed_reference_pending_full_polar_dae11_rescue
dae11,"root,mid1",539941.2076325249,clean,7.25,1.4810197870820527,0.01035379547953662,-0.1359086249237354,True,ok,julia_xfoil,,prestall,seed_reference_pending_full_polar_dae11_rescue
dae11,"root,mid1",539941.2076325249,clean,7.5,1.5075526261960588,0.010515884268548084,-0.1360237623783927,True,ok,julia_xfoil,,prestall,seed_reference_pending_full_polar_dae11_rescue
dae11,"root,mid1",539941.2076325249,clean,7.75,1.5326878324301116,0.010758688282520548,-0.13589750206837922,True,ok,julia_xfoil,,prestall,seed_reference_pending_full_polar_dae11_rescue
dae11,"root,mid1",539941.2076325249,clean,8.0,1.5581914623296773,0.010998469358548082,-0.1358904771963432,True,ok,julia_xfoil,,prestall,seed_reference_pending_full_polar_dae11_rescue
dae11,"root,mid1",539941.2076325249,clean,8.25,1.5819404768941092,0.011340503119613817,-0.1356247681977611,True,ok,julia_xfoil,,prestall,seed_reference_pending_full_polar_dae11_rescue
dae11,"root,mid1",539941.2076325249,clean,8.5,1.6058739895919532,0.011679291226095083,-0.1354291264981371,True,ok,julia_xfoil,,prestall,seed_reference_pending_full_polar_dae11_rescue
dae11,"root,mid1",539941.2076325249,clean,8.75,1.6268684069635226,0.01219859031914001,-0.13485102231421592,True,ok,julia_xfoil,,prestall,seed_reference_pending_full_polar_dae11_rescue
dae11,"root,mid1",539941.2076325249,clean,9.0,1.64765787417771,0.01272026930377105,-0.13429049901496729,True,ok,julia_xfoil,,prestall,seed_reference_pending_full_polar_dae11_rescue
dae11,"root,mid1",539941.2076325249,clean,9.25,1.6661162076669618,0.013373858978003335,-0.1334702618292525,True,ok,julia_xfoil,,prestall,seed_reference_pending_full_polar_dae11_rescue
dae11,"root,mid1",539941.2076325249,clean,9.5,1.6811727933036074,0.014210280030505087,-0.13228938107457103,True,ok,julia_xfoil,,prestall,seed_reference_pending_full_polar_dae11_rescue
dae11,"root,mid1",539941.2076325249,clean,9.75,1.6907036128762651,0.015296529259897506,-0.130527928201239,True,ok,julia_xfoil,,prestall,seed_reference_pending_full_polar_dae11_rescue
dae11,"root,mid1",539941.2076325249,clean,10.0,1.6968499691420278,0.01669021362964384,-0.1288441553342971,True,ok,julia_xfoil,,prestall,seed_reference_pending_full_polar_dae11_rescue
dae11,"root,mid1",539941.2076325249,clean,10.25,1.7020748482983774,0.01832971424411227,-0.1273744920993491,True,ok,julia_xfoil,,prestall,seed_reference_pending_full_polar_dae11_rescue
dae11,"root,mid1",539941.2076325249,clean,10.5,1.7036194631832522,0.020324720669182093,-0.12570430871065305,True,ok,julia_xfoil,,prestall,seed_reference_pending_full_polar_dae11_rescue
dae11,"root,mid1",539941.2076325249,clean,10.75,1.701882696661514,0.022594854460681525,-0.12378213147814728,True,ok,julia_xfoil,,poststall,seed_reference_pending_full_polar_dae11_rescue
dae11,"root,mid1",539941.2076325249,clean,11.0,1.7029031162317179,0.024606464488415303,-0.12198353737719905,True,ok,julia_xfoil,,poststall,seed_reference_pending_full_polar_dae11_rescue
dae11,"root,mid1",539941.2076325249,clean,11.25,1.7025585643181378,0.026718637159009972,-0.12007129783237747,True,ok,julia_xfoil,,poststall,seed_reference_pending_full_polar_dae11_rescue
dae11,"root,mid1",539941.2076325249,clean,11.5,1.697891807421976,0.02918865937045454,-0.11789583799679954,True,ok,julia_xfoil,,poststall,seed_reference_pending_full_polar_dae11_rescue
dae11,"root,mid1",539941.2076325249,clean,11.75,1.696874023324411,0.03134039053426858,-0.11595223775609662,True,ok,julia_xfoil,,poststall,seed_reference_pending_full_polar_dae11_rescue
dae11,"root,mid1",539941.2076325249,clean,12.0,1.6945593507683607,0.033653687482202585,-0.11401621251831462,True,ok,julia_xfoil,,poststall,seed_reference_pending_full_polar_dae11_rescue
dae11,"root,mid1",539941.2076325249,clean,12.25,1.6890507816208173,0.03619951202439795,-0.1118573941662773,True,ok,julia_xfoil,,poststall,seed_reference_pending_full_polar_dae11_rescue
dae11,"root,mid1",539941.2076325249,clean,12.5,1.6883692971144448,0.03846581697365354,-0.11018264789012414,True,ok,julia_xfoil,,poststall,seed_reference_pending_full_polar_dae11_rescue
dae11,"root,mid1",539941.2076325249,clean,12.75,1.686937895142614,0.04086990911407195,-0.10853831601245999,True,ok,julia_xfoil,,poststall,seed_reference_pending_full_polar_dae11_rescue
dae11,"root,mid1",539941.2076325249,clean,13.0,1.6837850596318793,0.04352625433512873,-0.1069378855980733,True,ok,julia_xfoil,,poststall,seed_reference_pending_full_polar_dae11_rescue
dae11,"root,mid1",539941.2076325249,clean,13.25,1.683653265839806,0.04594991657960019,-0.10557255092103136,True,ok,julia_xfoil,,poststall,seed_reference_pending_full_polar_dae11_rescue
dae11,"root,mid1",539941.2076325249,clean,13.5,1.680168800486604,0.048672769638980096,-0.10403646625360072,True,ok,julia_xfoil,,poststall,seed_reference_pending_full_polar_dae11_rescue
dae11,"root,mid1",539941.2076325249,clean,13.75,1.6799420098492073,0.05121044272764214,-0.10282982523671994,True,ok,julia_xfoil,,poststall,seed_reference_pending_full_polar_dae11_rescue
dae11,"root,mid1",539941.2076325249,clean,14.0,1.67730413639303,0.05402908068358282,-0.10157683408849018,True,ok,julia_xfoil,,poststall,seed_reference_pending_full_polar_dae11_rescue
dae11,"root,mid1",539941.2076325249,clean,14.25,1.6773732043289402,0.05659049818166524,-0.10048434550429527,True,ok,julia_xfoil,,poststall,seed_reference_pending_full_polar_dae11_rescue
dae11,"root,mid1",539941.2076325249,clean,14.5,1.6742569058281427,0.05956414098827585,-0.09939555357477428,True,ok,julia_xfoil,,poststall,seed_reference_pending_full_polar_dae11_rescue
dae11,"root,mid1",539941.2076325249,clean,14.75,1.6721638749316547,0.062431922536558035,-0.09838893352816062,True,ok,julia_xfoil,,poststall,seed_reference_pending_full_polar_dae11_rescue
dae11,"root,mid1",539941.2076325249,clean,15.0,1.6697914285721775,0.06535485619070305,-0.0974109253041972,True,ok,julia_xfoil,,poststall,seed_reference_pending_full_polar_dae11_rescue
dae11,"root,mid1",539941.2076325249,clean,15.25,1.6672822240283331,0.0684087053164327,-0.09660538408417789,True,ok,julia_xfoil,,poststall,seed_reference_pending_full_polar_dae11_rescue
dae11,"root,mid1",539941.2076325249,clean,15.5,1.6617981109229651,0.07186348287975758,-0.09579117029815071,True,ok,julia_xfoil,,poststall,seed_reference_pending_full_polar_dae11_rescue
dae11,"root,mid1",539941.2076325249,clean,15.75,1.6633334783986733,0.07450425900718789,-0.09519738405287999,True,ok,julia_xfoil,,poststall,seed_reference_pending_full_polar_dae11_rescue
dae11,"root,mid1",539941.2076325249,clean,16.0,1.657576378175379,0.0781107201311902,-0.0946196993256754,True,ok,julia_xfoil,,poststall,seed_reference_pending_full_polar_dae11_rescue
dae11,"root,mid1",539941.2076325249,clean,16.25,1.6533017529940488,0.08153434951347514,-0.0940726447778811,True,ok,julia_xfoil,,poststall,seed_reference_pending_full_polar_dae11_rescue
dae11,"root,mid1",539941.2076325249,clean,16.5,1.6538384653506413,0.08435948782959947,-0.093665766832465,True,ok,julia_xfoil,,poststall,seed_reference_pending_full_polar_dae11_rescue
dae11,"root,mid1",539941.2076325249,clean,16.75,1.6484500383490914,0.08805274371430209,-0.09337606852891397,True,ok,julia_xfoil,,poststall,seed_reference_pending_full_polar_dae11_rescue
dae11,"root,mid1",539941.2076325249,clean,17.0,1.6410583197958906,0.09203080626923753,-0.09310959360631918,True,ok,julia_xfoil,,poststall,seed_reference_pending_full_polar_dae11_rescue
dae11,"root,mid1",539941.2076325249,clean,17.25,1.6364087348936858,0.09575300349291513,-0.09303170857074615,True,ok,julia_xfoil,,poststall,seed_reference_pending_full_polar_dae11_rescue
dae11,"root,mid1",539941.2076325249,clean,17.5,1.6361992483578942,0.09888494615315635,-0.0930304185792794,True,ok,julia_xfoil,,poststall,seed_reference_pending_full_polar_dae11_rescue
dae11,"root,mid1",539941.2076325249,clean,17.75,1.6335101401556749,0.10234333908452754,-0.09309386231244866,True,ok,julia_xfoil,,poststall,seed_reference_pending_full_polar_dae11_rescue
dae11,"root,mid1",539941.2076325249,clean,18.0,1.6254910158761349,0.10664963867379312,-0.09340245159436188,True,ok,julia_xfoil,,poststall,seed_reference_pending_full_polar_dae11_rescue
dae11,"root,mid1",600000.0,clean,-6.0,-0.04252336587126512,0.06200547864771446,-0.07870538123015963,True,ok,julia_xfoil,,prestall,seed_reference_pending_full_polar_dae11_rescue
dae11,"root,mid1",600000.0,clean,-5.75,-0.01885566067917818,0.0577633866874973,-0.08551278692488701,True,ok,julia_xfoil,,prestall,seed_reference_pending_full_polar_dae11_rescue
dae11,"root,mid1",600000.0,clean,-5.5,0.025236786955349734,0.05028812603367244,-0.0996890826619989,True,ok,julia_xfoil,,prestall,seed_reference_pending_full_polar_dae11_rescue
dae11,"root,mid1",600000.0,clean,-5.25,0.0540843982223358,0.03745974798346314,-0.11335051880485987,True,ok,julia_xfoil,,prestall,seed_reference_pending_full_polar_dae11_rescue
dae11,"root,mid1",600000.0,clean,-5.0,0.07836757333011685,0.03593572491066405,-0.11485489881273386,True,ok,julia_xfoil,,prestall,seed_reference_pending_full_polar_dae11_rescue
dae11,"root,mid1",600000.0,clean,-4.75,0.10466639086974698,0.03408646087040726,-0.1167262090807626,True,ok,julia_xfoil,,prestall,seed_reference_pending_full_polar_dae11_rescue
dae11,"root,mid1",600000.0,clean,-4.5,0.13257330199133388,0.031807289996461256,-0.11880669313041885,True,ok,julia_xfoil,,prestall,seed_reference_pending_full_polar_dae11_rescue
dae11,"root,mid1",600000.0,clean,-4.25,0.16235161057654077,0.029060300574243806,-0.12091983645896509,True,ok,julia_xfoil,,prestall,seed_reference_pending_full_polar_dae11_rescue
dae11,"root,mid1",600000.0,clean,-4.0,0.19548935404775766,0.0292801015357539,-0.1211362261124586,True,ok,julia_xfoil,,prestall,seed_reference_pending_full_polar_dae11_rescue
dae11,"root,mid1",600000.0,clean,-3.75,0.2228139998269712,0.02293292435145084,-0.12453638709678747,True,ok,julia_xfoil,,prestall,seed_reference_pending_full_polar_dae11_rescue
dae11,"root,mid1",600000.0,clean,-3.5,0.254681091795068,0.017439853472894864,-0.12532462819833892,True,ok,julia_xfoil,,prestall,seed_reference_pending_full_polar_dae11_rescue
dae11,"root,mid1",600000.0,clean,-3.25,0.2840689907201516,0.01544699672316752,-0.12575560225886698,True,ok,julia_xfoil,,prestall,seed_reference_pending_full_polar_dae11_rescue
dae11,"root,mid1",600000.0,clean,-3.0,0.31324156802570435,0.014279680210374414,-0.1259924916130883,True,ok,julia_xfoil,,prestall,seed_reference_pending_full_polar_dae11_rescue
dae11,"root,mid1",600000.0,clean,-2.75,0.34210841084241095,0.013628579915575496,-0.12620695251225886,True,ok,julia_xfoil,,prestall,seed_reference_pending_full_polar_dae11_rescue
dae11,"root,mid1",600000.0,clean,-2.5,0.37107252519223155,0.013247840652750214,-0.12643990906038793,True,ok,julia_xfoil,,prestall,seed_reference_pending_full_polar_dae11_rescue
dae11,"root,mid1",600000.0,clean,-2.25,0.4003823692230658,0.012800912047546539,-0.12668788740526388,True,ok,julia_xfoil,,prestall,seed_reference_pending_full_polar_dae11_rescue
dae11,"root,mid1",600000.0,clean,-2.0,0.4294614246794253,0.012001983604240653,-0.1270341416174368,True,ok,julia_xfoil,,prestall,seed_reference_pending_full_polar_dae11_rescue
dae11,"root,mid1",600000.0,clean,-1.75,0.4587234451951402,0.011708511940158994,-0.1273388775996379,True,ok,julia_xfoil,,prestall,seed_reference_pending_full_polar_dae11_rescue
dae11,"root,mid1",600000.0,clean,-1.5,0.4880355960417284,0.011464321510899213,-0.12763245081474472,True,ok,julia_xfoil,,prestall,seed_reference_pending_full_polar_dae11_rescue
dae11,"root,mid1",600000.0,clean,-1.25,0.5172964633569153,0.01134177806380873,-0.12791818753067472,True,ok,julia_xfoil,,prestall,seed_reference_pending_full_polar_dae11_rescue
dae11,"root,mid1",600000.0,clean,-1.0,0.5467643568748912,0.010970383235333364,-0.1282579230428525,True,ok,julia_xfoil,,prestall,seed_reference_pending_full_polar_dae11_rescue
dae11,"root,mid1",600000.0,clean,-0.75,0.5762404975154843,0.01071858097947583,-0.12854742796899477,True,ok,julia_xfoil,,prestall,seed_reference_pending_full_polar_dae11_rescue
dae11,"root,mid1",600000.0,clean,-0.5,0.6055783058009373,0.01041899254423686,-0.1289218180007266,True,ok,julia_xfoil,,prestall,seed_reference_pending_full_polar_dae11_rescue
dae11,"root,mid1",600000.0,clean,-0.25,0.6346386790682339,0.010047469894269086,-0.12943349546992414,True,ok,julia_xfoil,,prestall,seed_reference_pending_full_polar_dae11_rescue
dae11,"root,mid1",600000.0,clean,0.0,0.6634855285955082,0.009675406504096354,-0.12992706161280176,True,ok,julia_xfoil,,prestall,seed_reference_pending_full_polar_dae11_rescue
dae11,"root,mid1",600000.0,clean,0.25,0.6920483388077898,0.009350846541482069,-0.13028713126330396,True,ok,julia_xfoil,,prestall,seed_reference_pending_full_polar_dae11_rescue
dae11,"root,mid1",600000.0,clean,0.5,0.7196063171252599,0.009027010314288675,-0.1303929283259543,True,ok,julia_xfoil,,prestall,seed_reference_pending_full_polar_dae11_rescue
dae11,"root,mid1",600000.0,clean,0.75,0.7442806705875141,0.008524433762749865,-0.12945280167179826,True,ok,julia_xfoil,,prestall,seed_reference_pending_full_polar_dae11_rescue
dae11,"root,mid1",600000.0,clean,1.0,0.7736038908528682,0.008532267659030892,-0.12978803781624082,True,ok,julia_xfoil,,prestall,seed_reference_pending_full_polar_dae11_rescue
dae11,"root,mid1",600000.0,clean,1.25,0.8028728081180764,0.00853531761228359,-0.13011575266526795,True,ok,julia_xfoil,,prestall,seed_reference_pending_full_polar_dae11_rescue
dae11,"root,mid1",600000.0,clean,1.5,0.8320698814999756,0.008552010702569203,-0.1304385334475995,True,ok,julia_xfoil,,prestall,seed_reference_pending_full_polar_dae11_rescue
dae11,"root,mid1",600000.0,clean,1.75,0.8612230409561645,0.008576265476235023,-0.1307563733938738,True,ok,julia_xfoil,,prestall,seed_reference_pending_full_polar_dae11_rescue
dae11,"root,mid1",600000.0,clean,2.0,0.8903702579172694,0.008588998881794433,-0.1310633555143838,True,ok,julia_xfoil,,prestall,seed_reference_pending_full_polar_dae11_rescue
dae11,"root,mid1",600000.0,clean,2.25,0.9195122178089878,0.008595709831479621,-0.13136366839790584,True,ok,julia_xfoil,,prestall,seed_reference_pending_full_polar_dae11_rescue
dae11,"root,mid1",600000.0,clean,2.5,0.948630578085306,0.008601074721919575,-0.1316589515687514,True,ok,julia_xfoil,,prestall,seed_reference_pending_full_polar_dae11_rescue
dae11,"root,mid1",600000.0,clean,2.75,0.9776750077548141,0.008604549422285761,-0.13194052232940895,True,ok,julia_xfoil,,prestall,seed_reference_pending_full_polar_dae11_rescue
dae11,"root,mid1",600000.0,clean,3.0,1.0065683974298323,0.008646987214933295,-0.13220778976008,True,ok,julia_xfoil,,prestall,seed_reference_pending_full_polar_dae11_rescue
dae11,"root,mid1",600000.0,clean,3.25,1.0350745072373067,0.008837770903546451,-0.13247704466832438,True,ok,julia_xfoil,,prestall,seed_reference_pending_full_polar_dae11_rescue
dae11,"root,mid1",600000.0,clean,3.5,1.0638643463491242,0.00883638426760872,-0.13279133713929508,True,ok,julia_xfoil,,prestall,seed_reference_pending_full_polar_dae11_rescue
dae11,"root,mid1",600000.0,clean,3.75,1.092592766613319,0.008852992212635698,-0.13310084489933313,True,ok,julia_xfoil,,prestall,seed_reference_pending_full_polar_dae11_rescue
dae11,"root,mid1",600000.0,clean,4.0,1.1213102575889264,0.008869224546773127,-0.13340080551000055,True,ok,julia_xfoil,,prestall,seed_reference_pending_full_polar_dae11_rescue
dae11,"root,mid1",600000.0,clean,4.25,1.1500280330855677,0.008875694148846987,-0.13368857818184723,True,ok,julia_xfoil,,prestall,seed_reference_pending_full_polar_dae11_rescue
dae11,"root,mid1",600000.0,clean,4.5,1.178674126694404,0.008880699563999523,-0.13396001872311003,True,ok,julia_xfoil,,prestall,seed_reference_pending_full_polar_dae11_rescue
dae11,"root,mid1",600000.0,clean,4.75,1.2071467700775922,0.00891121416481901,-0.13419699716603822,True,ok,julia_xfoil,,prestall,seed_reference_pending_full_polar_dae11_rescue
dae11,"root,mid1",600000.0,clean,5.0,1.2353163756407852,0.009037270507020629,-0.13443161328089398,True,ok,julia_xfoil,,prestall,seed_reference_pending_full_polar_dae11_rescue
dae11,"root,mid1",600000.0,clean,5.25,1.2635429503939426,0.00907128024275426,-0.13472275930235186,True,ok,julia_xfoil,,prestall,seed_reference_pending_full_polar_dae11_rescue
dae11,"root,mid1",600000.0,clean,5.5,1.2917449898871487,0.009115427489852806,-0.13499962139873564,True,ok,julia_xfoil,,prestall,seed_reference_pending_full_polar_dae11_rescue
dae11,"root,mid1",600000.0,clean,5.75,1.3198436637119317,0.009154693209858566,-0.1352384078645658,True,ok,julia_xfoil,,prestall,seed_reference_pending_full_polar_dae11_rescue
dae11,"root,mid1",600000.0,clean,6.0,1.3475866705461002,0.009227565922338442,-0.13541000297996175,True,ok,julia_xfoil,,prestall,seed_reference_pending_full_polar_dae11_rescue
dae11,"root,mid1",600000.0,clean,6.25,1.3751023394433,0.009350849205831877,-0.1356000644790181,True,ok,julia_xfoil,,prestall,seed_reference_pending_full_polar_dae11_rescue
dae11,"root,mid1",600000.0,clean,6.5,1.4027926348615325,0.009440485687117877,-0.13585173066714004,True,ok,julia_xfoil,,prestall,seed_reference_pending_full_polar_dae11_rescue
dae11,"root,mid1",600000.0,clean,6.75,1.4300215314937512,0.009550053467351608,-0.13600071712858045,True,ok,julia_xfoil,,prestall,seed_reference_pending_full_polar_dae11_rescue
dae11,"root,mid1",600000.0,clean,7.0,1.4564027301781597,0.009736250205492633,-0.13602549703691347,True,ok,julia_xfoil,,prestall,seed_reference_pending_full_polar_dae11_rescue
dae11,"root,mid1",600000.0,clean,7.25,1.4835307382197658,0.00987364262682117,-0.13622946295558547,True,ok,julia_xfoil,,prestall,seed_reference_pending_full_polar_dae11_rescue
dae11,"root,mid1",600000.0,clean,7.5,1.509484839008387,0.010080877501658278,-0.1362342939445554,True,ok,julia_xfoil,,prestall,seed_reference_pending_full_polar_dae11_rescue
dae11,"root,mid1",600000.0,clean,7.75,1.5350618808172227,0.010329375975590837,-0.13621800394716882,True,ok,julia_xfoil,,prestall,seed_reference_pending_full_polar_dae11_rescue
dae11,"root,mid1",600000.0,clean,8.0,1.5601384820127553,0.010604559205660828,-0.13614454366282908,True,ok,julia_xfoil,,prestall,seed_reference_pending_full_polar_dae11_rescue
dae11,"root,mid1",600000.0,clean,8.25,1.5842486756542107,0.010950904221829438,-0.1359588001611358,True,ok,julia_xfoil,,prestall,seed_reference_pending_full_polar_dae11_rescue
dae11,"root,mid1",600000.0,clean,8.5,1.6070777798417692,0.011376369109581503,-0.1356214353858484,True,ok,julia_xfoil,,prestall,seed_reference_pending_full_polar_dae11_rescue
dae11,"root,mid1",600000.0,clean,8.75,1.6296165276652799,0.011816192730879799,-0.13527335548618036,True,ok,julia_xfoil,,prestall,seed_reference_pending_full_polar_dae11_rescue
dae11,"root,mid1",600000.0,clean,9.0,1.6490275681326403,0.012451348587755578,-0.13455785858578756,True,ok,julia_xfoil,,prestall,seed_reference_pending_full_polar_dae11_rescue
dae11,"root,mid1",600000.0,clean,9.25,1.6657983384168988,0.0132343748408643,-0.13356316507040836,True,ok,julia_xfoil,,prestall,seed_reference_pending_full_polar_dae11_rescue
dae11,"root,mid1",600000.0,clean,9.5,1.6814159830879445,0.014052843287196103,-0.1324797489198572,True,ok,julia_xfoil,,prestall,seed_reference_pending_full_polar_dae11_rescue
dae11,"root,mid1",600000.0,clean,9.75,1.6931402827123692,0.015028141542766592,-0.13098883733362188,True,ok,julia_xfoil,,prestall,seed_reference_pending_full_polar_dae11_rescue
dae11,"root,mid1",600000.0,clean,10.0,1.6988555628318196,0.01648533666210207,-0.1293230405571242,True,ok,julia_xfoil,,prestall,seed_reference_pending_full_polar_dae11_rescue
dae11,"root,mid1",600000.0,clean,10.25,1.7011433570584515,0.018393513290382378,-0.1276993547598123,True,ok,julia_xfoil,,prestall,seed_reference_pending_full_polar_dae11_rescue
dae11,"root,mid1",600000.0,clean,10.5,1.7029005030473687,0.020390693684805228,-0.1260444699874791,True,ok,julia_xfoil,,prestall,seed_reference_pending_full_polar_dae11_rescue
dae11,"root,mid1",600000.0,clean,10.75,1.705673180202981,0.022312938082947556,-0.1244377941484509,True,ok,julia_xfoil,,prestall,seed_reference_pending_full_polar_dae11_rescue
dae11,"root,mid1",600000.0,clean,11.0,1.7046314634947686,0.024502711120420607,-0.12250184831404065,True,ok,julia_xfoil,,poststall,seed_reference_pending_full_polar_dae11_rescue
dae11,"root,mid1",600000.0,clean,11.25,1.7011169586215307,0.026875672960687092,-0.12036510190833014,True,ok,julia_xfoil,,poststall,seed_reference_pending_full_polar_dae11_rescue
dae11,"root,mid1",600000.0,clean,11.5,1.702102373366253,0.028882492921043848,-0.11856000648539641,True,ok,julia_xfoil,,poststall,seed_reference_pending_full_polar_dae11_rescue
dae11,"root,mid1",600000.0,clean,11.75,1.6995144887666769,0.0311624430231554,-0.11650158495114833,True,ok,julia_xfoil,,poststall,seed_reference_pending_full_polar_dae11_rescue
dae11,"root,mid1",600000.0,clean,12.0,1.6948657152289541,0.03365223461497817,-0.11437980644090176,True,ok,julia_xfoil,,poststall,seed_reference_pending_full_polar_dae11_rescue
dae11,"root,mid1",600000.0,clean,12.25,1.6954326363629288,0.035695633183349194,-0.11261187230042968,True,ok,julia_xfoil,,poststall,seed_reference_pending_full_polar_dae11_rescue
dae11,"root,mid1",600000.0,clean,12.5,1.6909733142177832,0.038274601005645205,-0.11068320409176269,True,ok,julia_xfoil,,poststall,seed_reference_pending_full_polar_dae11_rescue
dae11,"root,mid1",600000.0,clean,12.75,1.6903526469307006,0.04058887195081923,-0.10906240980235032,True,ok,julia_xfoil,,poststall,seed_reference_pending_full_polar_dae11_rescue
dae11,"root,mid1",600000.0,clean,13.0,1.6897684279071175,0.04299913364235586,-0.10757852503384129,True,ok,julia_xfoil,,poststall,seed_reference_pending_full_polar_dae11_rescue
dae11,"root,mid1",600000.0,clean,13.25,1.6856239530928885,0.04579588794932844,-0.10599419684770532,True,ok,julia_xfoil,,poststall,seed_reference_pending_full_polar_dae11_rescue
dae11,"root,mid1",600000.0,clean,13.5,1.6874033250711216,0.048006390200968314,-0.10470855914661092,True,ok,julia_xfoil,,poststall,seed_reference_pending_full_polar_dae11_rescue
dae11,"root,mid1",600000.0,clean,13.75,1.6839390978476598,0.05083911438690202,-0.10331054431824324,True,ok,julia_xfoil,,poststall,seed_reference_pending_full_polar_dae11_rescue
dae11,"root,mid1",600000.0,clean,14.0,1.6843883453202817,0.05333841174277496,-0.10218512933422999,True,ok,julia_xfoil,,poststall,seed_reference_pending_full_polar_dae11_rescue
dae11,"root,mid1",600000.0,clean,14.25,1.6824840017205387,0.05609214708575604,-0.10098405500269184,True,ok,julia_xfoil,,poststall,seed_reference_pending_full_polar_dae11_rescue
dae11,"root,mid1",600000.0,clean,14.5,1.6818241614867788,0.058782941717064156,-0.09995771419388239,True,ok,julia_xfoil,,poststall,seed_reference_pending_full_polar_dae11_rescue
dae11,"root,mid1",600000.0,clean,14.75,1.6776573733444757,0.06187911929277168,-0.09886976103880449,True,ok,julia_xfoil,,poststall,seed_reference_pending_full_polar_dae11_rescue
dae11,"root,mid1",600000.0,clean,15.0,1.678151846582332,0.06447414072211738,-0.0979731287536566,True,ok,julia_xfoil,,poststall,seed_reference_pending_full_polar_dae11_rescue
dae11,"root,mid1",600000.0,clean,15.25,1.6728281343433715,0.06780461107410206,-0.09702646581025787,True,ok,julia_xfoil,,poststall,seed_reference_pending_full_polar_dae11_rescue
dae11,"root,mid1",600000.0,clean,15.5,1.6734964602845033,0.07055390659867544,-0.0963674763079971,True,ok,julia_xfoil,,poststall,seed_reference_pending_full_polar_dae11_rescue
dae11,"root,mid1",600000.0,clean,15.75,1.6708714968026321,0.07366102886286284,-0.09564824808888552,True,ok,julia_xfoil,,poststall,seed_reference_pending_full_polar_dae11_rescue
dae11,"root,mid1",600000.0,clean,16.0,1.6657137893433138,0.07717349672235367,-0.09501653321775222,True,ok,julia_xfoil,,poststall,seed_reference_pending_full_polar_dae11_rescue
dae11,"root,mid1",600000.0,clean,16.25,1.6666407142104882,0.0799804327041311,-0.0945815421115641,True,ok,julia_xfoil,,poststall,seed_reference_pending_full_polar_dae11_rescue
dae11,"root,mid1",600000.0,clean,16.5,1.6637835486145918,0.08318293909078438,-0.09408105263516009,True,ok,julia_xfoil,,poststall,seed_reference_pending_full_polar_dae11_rescue
dae11,"root,mid1",600000.0,clean,16.75,1.6553633417639604,0.08723093164717491,-0.09369900478373648,True,ok,julia_xfoil,,poststall,seed_reference_pending_full_polar_dae11_rescue
dae11,"root,mid1",600000.0,clean,17.0,1.6542034464920652,0.09039235385016746,-0.09344712714839094,True,ok,julia_xfoil,,poststall,seed_reference_pending_full_polar_dae11_rescue
dae11,"root,mid1",600000.0,clean,17.25,1.6544361772718208,0.0933722467421254,-0.0932791902901029,True,ok,julia_xfoil,,poststall,seed_reference_pending_full_polar_dae11_rescue
dae11,"root,mid1",600000.0,clean,17.5,1.6490399266761744,0.09720584096054767,-0.09328667456929912,True,ok,julia_xfoil,,poststall,seed_reference_pending_full_polar_dae11_rescue
dae11,"root,mid1",600000.0,clean,17.75,1.6426012285482765,0.10117076788030906,-0.09332381658539649,True,ok,julia_xfoil,,poststall,seed_reference_pending_full_polar_dae11_rescue
dae11,"root,mid1",600000.0,clean,18.0,1.629906762915244,0.10614066867081305,-0.09361096257924181,True,ok,julia_xfoil,,poststall,seed_reference_pending_full_polar_dae11_rescue
dae11,"root,mid1",700000.0,clean,-6.0,-0.03757862019874819,0.05533291260714234,-0.08831435844787117,True,ok,julia_xfoil,,prestall,seed_reference_pending_full_polar_dae11_rescue
dae11,"root,mid1",700000.0,clean,-5.75,-0.014432199510030478,0.052361971472353316,-0.09259546570871593,True,ok,julia_xfoil,,prestall,seed_reference_pending_full_polar_dae11_rescue
dae11,"root,mid1",700000.0,clean,-5.5,0.011042897421120544,0.049127886896815826,-0.09736119522722829,True,ok,julia_xfoil,,prestall,seed_reference_pending_full_polar_dae11_rescue
dae11,"root,mid1",700000.0,clean,-5.25,0.04087932816409045,0.04468709639224346,-0.10379628910593727,True,ok,julia_xfoil,,prestall,seed_reference_pending_full_polar_dae11_rescue
dae11,"root,mid1",700000.0,clean,-5.0,0.08478155689902557,0.03748264603882137,-0.1126174552764572,True,ok,julia_xfoil,,prestall,seed_reference_pending_full_polar_dae11_rescue
dae11,"root,mid1",700000.0,clean,-4.75,0.11004552407020526,0.02822066534316289,-0.11975396823597852,True,ok,julia_xfoil,,prestall,seed_reference_pending_full_polar_dae11_rescue
dae11,"root,mid1",700000.0,clean,-4.5,0.13686537319079412,0.02684763033800498,-0.1208566776415258,True,ok,julia_xfoil,,prestall,seed_reference_pending_full_polar_dae11_rescue
dae11,"root,mid1",700000.0,clean,-4.25,0.16452715285451344,0.025423140036670434,-0.1219700959314183,True,ok,julia_xfoil,,prestall,seed_reference_pending_full_polar_dae11_rescue
dae11,"root,mid1",700000.0,clean,-4.0,0.1927378220935332,0.02411553550810838,-0.12296901675609709,True,ok,julia_xfoil,,prestall,seed_reference_pending_full_polar_dae11_rescue
dae11,"root,mid1",700000.0,clean,-3.75,0.22194518137145355,0.022972938353701414,-0.12372430746519449,True,ok,julia_xfoil,,prestall,seed_reference_pending_full_polar_dae11_rescue
dae11,"root,mid1",700000.0,clean,-3.5,0.25481308367303573,0.015084037819981732,-0.12518422226172374,True,ok,julia_xfoil,,prestall,seed_reference_pending_full_polar_dae11_rescue
dae11,"root,mid1",700000.0,clean,-3.25,0.28427772756581865,0.013587566141121598,-0.12544456299107984,True,ok,julia_xfoil,,prestall,seed_reference_pending_full_polar_dae11_rescue
dae11,"root,mid1",700000.0,clean,-3.0,0.31351749044679555,0.012812626505482115,-0.1257110852068771,True,ok,julia_xfoil,,prestall,seed_reference_pending_full_polar_dae11_rescue
dae11,"root,mid1",700000.0,clean,-2.75,0.3427511693546609,0.012278492056461716,-0.1259840507333985,True,ok,julia_xfoil,,prestall,seed_reference_pending_full_polar_dae11_rescue
dae11,"root,mid1",700000.0,clean,-2.5,0.3720252228160999,0.01187706134679486,-0.12625226609886006,True,ok,julia_xfoil,,prestall,seed_reference_pending_full_polar_dae11_rescue
dae11,"root,mid1",700000.0,clean,-2.25,0.4013290947871223,0.011573509998331144,-0.12651010824258868,True,ok,julia_xfoil,,prestall,seed_reference_pending_full_polar_dae11_rescue
dae11,"root,mid1",700000.0,clean,-2.0,0.4306404438114477,0.011374663387526348,-0.1267602050430301,True,ok,julia_xfoil,,prestall,seed_reference_pending_full_polar_dae11_rescue
dae11,"root,mid1",700000.0,clean,-1.75,0.45992918560095875,0.010728060110077228,-0.127099811712727,True,ok,julia_xfoil,,prestall,seed_reference_pending_full_polar_dae11_rescue
dae11,"root,mid1",700000.0,clean,-1.5,0.48929652087098807,0.010471926841295531,-0.12741091666183849,True,ok,julia_xfoil,,prestall,seed_reference_pending_full_polar_dae11_rescue
dae11,"root,mid1",700000.0,clean,-1.25,0.5186532501144141,0.010306527536025204,-0.12770354940490516,True,ok,julia_xfoil,,prestall,seed_reference_pending_full_polar_dae11_rescue
dae11,"root,mid1",700000.0,clean,-1.0,0.5481216730754649,0.010061211115951678,-0.127994150558834,True,ok,julia_xfoil,,prestall,seed_reference_pending_full_polar_dae11_rescue
dae11,"root,mid1",700000.0,clean,-0.75,0.5775299377706427,0.009872364321699526,-0.1282779585426492,True,ok,julia_xfoil,,prestall,seed_reference_pending_full_polar_dae11_rescue
dae11,"root,mid1",700000.0,clean,-0.5,0.6068653642098785,0.00960578395234674,-0.12863594033415685,True,ok,julia_xfoil,,prestall,seed_reference_pending_full_polar_dae11_rescue
dae11,"root,mid1",700000.0,clean,-0.25,0.6358977326002054,0.009339353613181002,-0.12910186103138113,True,ok,julia_xfoil,,prestall,seed_reference_pending_full_polar_dae11_rescue
dae11,"root,mid1",700000.0,clean,0.0,0.6645471255376434,0.009124179394276547,-0.12959715666395513,True,ok,julia_xfoil,,prestall,seed_reference_pending_full_polar_dae11_rescue
dae11,"root,mid1",700000.0,clean,0.25,0.6931229925610467,0.008915520651374525,-0.13004502115514294,True,ok,julia_xfoil,,prestall,seed_reference_pending_full_polar_dae11_rescue
dae11,"root,mid1",700000.0,clean,0.5,0.7216748717850776,0.00858558385534748,-0.13038732550434604,True,ok,julia_xfoil,,prestall,seed_reference_pending_full_polar_dae11_rescue
dae11,"root,mid1",700000.0,clean,0.75,0.7473258111546109,0.008051306039952782,-0.13002112639915592,True,ok,julia_xfoil,,prestall,seed_reference_pending_full_polar_dae11_rescue
dae11,"root,mid1",700000.0,clean,1.0,0.7755440902415078,0.007647011899311533,-0.12978300454954292,True,ok,julia_xfoil,,prestall,seed_reference_pending_full_polar_dae11_rescue
dae11,"root,mid1",700000.0,clean,1.25,0.8048658957594668,0.0076634917258610056,-0.13010860217489367,True,ok,julia_xfoil,,prestall,seed_reference_pending_full_polar_dae11_rescue
dae11,"root,mid1",700000.0,clean,1.5,0.834149930356849,0.00768300393202655,-0.13043047510913902,True,ok,julia_xfoil,,prestall,seed_reference_pending_full_polar_dae11_rescue
dae11,"root,mid1",700000.0,clean,1.75,0.8634100580391282,0.007695744668955122,-0.13074446358298217,True,ok,julia_xfoil,,prestall,seed_reference_pending_full_polar_dae11_rescue
dae11,"root,mid1",700000.0,clean,2.0,0.8926278577421327,0.007704522473320544,-0.1310508641168497,True,ok,julia_xfoil,,prestall,seed_reference_pending_full_polar_dae11_rescue
dae11,"root,mid1",700000.0,clean,2.25,0.9217517808969266,0.007724380084268714,-0.13135063498786606,True,ok,julia_xfoil,,prestall,seed_reference_pending_full_polar_dae11_rescue
dae11,"root,mid1",700000.0,clean,2.5,0.9507283420458347,0.007778409845801854,-0.13163681738269234,True,ok,julia_xfoil,,prestall,seed_reference_pending_full_polar_dae11_rescue
dae11,"root,mid1",700000.0,clean,2.75,0.9793587732265898,0.007960703267364021,-0.13191686237345857,True,ok,julia_xfoil,,prestall,seed_reference_pending_full_polar_dae11_rescue
dae11,"root,mid1",700000.0,clean,3.0,1.008371756419399,0.007967624599895716,-0.13225135764040083,True,ok,julia_xfoil,,prestall,seed_reference_pending_full_polar_dae11_rescue
dae11,"root,mid1",700000.0,clean,3.25,1.0373322376928782,0.007980567054197349,-0.13258279030598896,True,ok,julia_xfoil,,prestall,seed_reference_pending_full_polar_dae11_rescue
dae11,"root,mid1",700000.0,clean,3.5,1.0662468530514855,0.007999499183515446,-0.13290717082839773,True,ok,julia_xfoil,,prestall,seed_reference_pending_full_polar_dae11_rescue
dae11,"root,mid1",700000.0,clean,3.75,1.0951260215365373,0.008018344458014382,-0.133223142087989,True,ok,julia_xfoil,,prestall,seed_reference_pending_full_polar_dae11_rescue
dae11,"root,mid1",700000.0,clean,4.0,1.1239430482659338,0.00803175244530683,-0.13352501011879844,True,ok,julia_xfoil,,prestall,seed_reference_pending_full_polar_dae11_rescue
dae11,"root,mid1",700000.0,clean,4.25,1.1526054979970743,0.008063685886979657,-0.13380216073064663,True,ok,julia_xfoil,,prestall,seed_reference_pending_full_polar_dae11_rescue
dae11,"root,mid1",700000.0,clean,4.5,1.1809505417877229,0.008157372848012264,-0.13404331574094297,True,ok,julia_xfoil,,prestall,seed_reference_pending_full_polar_dae11_rescue
dae11,"root,mid1",700000.0,clean,4.75,1.2093886145549912,0.008236941146416193,-0.1343468554470145,True,ok,julia_xfoil,,prestall,seed_reference_pending_full_polar_dae11_rescue
dae11,"root,mid1",700000.0,clean,5.0,1.237906062994614,0.008274344506955746,-0.13466842028317075,True,ok,julia_xfoil,,prestall,seed_reference_pending_full_polar_dae11_rescue
dae11,"root,mid1",700000.0,clean,5.25,1.2663385694752383,0.008318637696702512,-0.13497126768622786,True,ok,julia_xfoil,,prestall,seed_reference_pending_full_polar_dae11_rescue
dae11,"root,mid1",700000.0,clean,5.5,1.294528636077557,0.008374241096027085,-0.13522267641855854,True,ok,julia_xfoil,,prestall,seed_reference_pending_full_polar_dae11_rescue
dae11,"root,mid1",700000.0,clean,5.75,1.3222098084999303,0.008485852449295695,-0.13540169660690096,True,ok,julia_xfoil,,prestall,seed_reference_pending_full_polar_dae11_rescue
dae11,"root,mid1",700000.0,clean,6.0,1.3501808127362724,0.008585345489707958,-0.13567727427407159,True,ok,julia_xfoil,,prestall,seed_reference_pending_full_polar_dae11_rescue
dae11,"root,mid1",700000.0,clean,6.25,1.3781497598932198,0.008671879271035129,-0.13595558748485537,True,ok,julia_xfoil,,prestall,seed_reference_pending_full_polar_dae11_rescue
dae11,"root,mid1",700000.0,clean,6.5,1.4055253976056983,0.008793058272709686,-0.1361294573009225,True,ok,julia_xfoil,,prestall,seed_reference_pending_full_polar_dae11_rescue
dae11,"root,mid1",700000.0,clean,6.75,1.4323022426766605,0.008975934100855757,-0.13623602054003217,True,ok,julia_xfoil,,prestall,seed_reference_pending_full_polar_dae11_rescue
dae11,"root,mid1",700000.0,clean,7.0,1.4597564350877754,0.009105149949055489,-0.13647275622910215,True,ok,julia_xfoil,,prestall,seed_reference_pending_full_polar_dae11_rescue
dae11,"root,mid1",700000.0,clean,7.25,1.4859995342942005,0.009317341418788221,-0.1365250492254714,True,ok,julia_xfoil,,prestall,seed_reference_pending_full_polar_dae11_rescue
dae11,"root,mid1",700000.0,clean,7.5,1.5121599502945946,0.009545196157993154,-0.13659463162129992,True,ok,julia_xfoil,,prestall,seed_reference_pending_full_polar_dae11_rescue
dae11,"root,mid1",700000.0,clean,7.75,1.5377271569677753,0.009810309511692424,-0.1365898857773602,True,ok,julia_xfoil,,prestall,seed_reference_pending_full_polar_dae11_rescue
dae11,"root,mid1",700000.0,clean,8.0,1.5625606605057276,0.010131981120888416,-0.13650608308906984,True,ok,julia_xfoil,,prestall,seed_reference_pending_full_polar_dae11_rescue
dae11,"root,mid1",700000.0,clean,8.25,1.5863108919550342,0.010526234848103862,-0.13629404390362698,True,ok,julia_xfoil,,prestall,seed_reference_pending_full_polar_dae11_rescue
dae11,"root,mid1",700000.0,clean,8.5,1.609894957141008,0.010925166596149803,-0.13608045055733375,True,ok,julia_xfoil,,prestall,seed_reference_pending_full_polar_dae11_rescue
dae11,"root,mid1",700000.0,clean,8.75,1.6308259002547365,0.011504071068179052,-0.1355567611875747,True,ok,julia_xfoil,,prestall,seed_reference_pending_full_polar_dae11_rescue
dae11,"root,mid1",700000.0,clean,9.0,1.6495368934521484,0.012217502350329298,-0.13479413113253044,True,ok,julia_xfoil,,prestall,seed_reference_pending_full_polar_dae11_rescue
dae11,"root,mid1",700000.0,clean,9.25,1.6677100014525659,0.012929933606963019,-0.13399086822738346,True,ok,julia_xfoil,,prestall,seed_reference_pending_full_polar_dae11_rescue
dae11,"root,mid1",700000.0,clean,9.5,1.683514254192822,0.013760147264587063,-0.13295481095477685,True,ok,julia_xfoil,,prestall,seed_reference_pending_full_polar_dae11_rescue
dae11,"root,mid1",700000.0,clean,9.75,1.694457339013218,0.01480781625274275,-0.13142331988532302,True,ok,julia_xfoil,,prestall,seed_reference_pending_full_polar_dae11_rescue
dae11,"root,mid1",700000.0,clean,10.0,1.6991381592795658,0.016404398058366493,-0.12978312537818262,True,ok,julia_xfoil,,prestall,seed_reference_pending_full_polar_dae11_rescue
dae11,"root,mid1",700000.0,clean,10.25,1.7013109337221104,0.01837440464281816,-0.12820458142735663,True,ok,julia_xfoil,,prestall,seed_reference_pending_full_polar_dae11_rescue
dae11,"root,mid1",700000.0,clean,10.5,1.7058746570168468,0.0201644085715382,-0.1267499308324307,True,ok,julia_xfoil,,prestall,seed_reference_pending_full_polar_dae11_rescue
dae11,"root,mid1",700000.0,clean,10.75,1.7079613955727193,0.022152241123044113,-0.12509547662760295,True,ok,julia_xfoil,,prestall,seed_reference_pending_full_polar_dae11_rescue
dae11,"root,mid1",700000.0,clean,11.0,1.706307763804956,0.02439566661731957,-0.12310556178162689,True,ok,julia_xfoil,,poststall,seed_reference_pending_full_polar_dae11_rescue
dae11,"root,mid1",700000.0,clean,11.25,1.7060422553791532,0.026500773451615334,-0.12117783415481939,True,ok,julia_xfoil,,poststall,seed_reference_pending_full_polar_dae11_rescue
dae11,"root,mid1",700000.0,clean,11.5,1.7059929332748776,0.028598548182906657,-0.1192988299232203,True,ok,julia_xfoil,,poststall,seed_reference_pending_full_polar_dae11_rescue
dae11,"root,mid1",700000.0,clean,11.75,1.7021222316733737,0.03097089423921626,-0.11712515115243083,True,ok,julia_xfoil,,poststall,seed_reference_pending_full_polar_dae11_rescue
dae11,"root,mid1",700000.0,clean,12.0,1.7013099046365403,0.03313995538905445,-0.1152489573557102,True,ok,julia_xfoil,,poststall,seed_reference_pending_full_polar_dae11_rescue
dae11,"root,mid1",700000.0,clean,12.25,1.7009031403830315,0.035260346381716254,-0.11339682294317066,True,ok,julia_xfoil,,poststall,seed_reference_pending_full_polar_dae11_rescue
dae11,"root,mid1",700000.0,clean,12.5,1.6956490473653736,0.03788153859277589,-0.11138280829679544,True,ok,julia_xfoil,,poststall,seed_reference_pending_full_polar_dae11_rescue
dae11,"root,mid1",700000.0,clean,12.75,1.6971953850220534,0.03999465611840302,-0.10987389950751529,True,ok,julia_xfoil,,poststall,seed_reference_pending_full_polar_dae11_rescue
dae11,"root,mid1",700000.0,clean,13.0,1.6951934716294805,0.042504264352138756,-0.10826158811407148,True,ok,julia_xfoil,,poststall,seed_reference_pending_full_polar_dae11_rescue
dae11,"root,mid1",700000.0,clean,13.25,1.6950714997864238,0.04493725772423635,-0.10689987044700741,True,ok,julia_xfoil,,poststall,seed_reference_pending_full_polar_dae11_rescue
dae11,"root,mid1",700000.0,clean,13.5,1.6947734229907705,0.04732496007233448,-0.10547475291732962,True,ok,julia_xfoil,,poststall,seed_reference_pending_full_polar_dae11_rescue
dae11,"root,mid1",700000.0,clean,13.75,1.6942620545298284,0.0498158672919234,-0.1041529303321832,True,ok,julia_xfoil,,poststall,seed_reference_pending_full_polar_dae11_rescue
dae11,"root,mid1",700000.0,clean,14.0,1.6923720443351404,0.052550557090654634,-0.1029143227458311,True,ok,julia_xfoil,,poststall,seed_reference_pending_full_polar_dae11_rescue
dae11,"root,mid1",700000.0,clean,14.25,1.6916390853382124,0.05517452722756911,-0.1017489124474987,True,ok,julia_xfoil,,poststall,seed_reference_pending_full_polar_dae11_rescue
dae11,"root,mid1",700000.0,clean,14.5,1.691788364427727,0.05773725877653325,-0.10067927339540242,True,ok,julia_xfoil,,poststall,seed_reference_pending_full_polar_dae11_rescue
dae11,"root,mid1",700000.0,clean,14.75,1.689270012694118,0.060680780023035126,-0.09967391956412407,True,ok,julia_xfoil,,poststall,seed_reference_pending_full_polar_dae11_rescue
dae11,"root,mid1",700000.0,clean,15.0,1.6874380543080842,0.06350346170371747,-0.09865082568941992,True,ok,julia_xfoil,,poststall,seed_reference_pending_full_polar_dae11_rescue
dae11,"root,mid1",700000.0,clean,15.25,1.6891522159168268,0.06599023332458913,-0.09783844747563455,True,ok,julia_xfoil,,poststall,seed_reference_pending_full_polar_dae11_rescue
dae11,"root,mid1",700000.0,clean,15.5,1.6841007040903766,0.06937479322323582,-0.09700979812688025,True,ok,julia_xfoil,,poststall,seed_reference_pending_full_polar_dae11_rescue
dae11,"root,mid1",700000.0,clean,15.75,1.684270798126524,0.07216006583748151,-0.09632449684416636,True,ok,julia_xfoil,,poststall,seed_reference_pending_full_polar_dae11_rescue
dae11,"root,mid1",700000.0,clean,16.0,1.684937179418048,0.07489266115508893,-0.09571973843344013,True,ok,julia_xfoil,,poststall,seed_reference_pending_full_polar_dae11_rescue
dae11,"root,mid1",700000.0,clean,16.25,1.6791794865579979,0.07851421235113742,-0.09516499746581246,True,ok,julia_xfoil,,poststall,seed_reference_pending_full_polar_dae11_rescue
dae11,"root,mid1",700000.0,clean,16.5,1.6758994400889895,0.08179218041435195,-0.09462012997206465,True,ok,julia_xfoil,,poststall,seed_reference_pending_full_polar_dae11_rescue
dae11,"root,mid1",700000.0,clean,16.75,1.6777560272961287,0.08444147706858457,-0.0942477248109249,True,ok,julia_xfoil,,poststall,seed_reference_pending_full_polar_dae11_rescue
dae11,"root,mid1",700000.0,clean,17.0,1.6738859344276755,0.08793159134086426,-0.09397479443846009,True,ok,julia_xfoil,,poststall,seed_reference_pending_full_polar_dae11_rescue
dae11,"root,mid1",700000.0,clean,17.25,1.669458157166122,0.09147996254376906,-0.09371211575148894,True,ok,julia_xfoil,,poststall,seed_reference_pending_full_polar_dae11_rescue
dae11,"root,mid1",700000.0,clean,17.5,1.6596056348625368,0.09587963174288579,-0.09360630897038646,True,ok,julia_xfoil,,poststall,seed_reference_pending_full_polar_dae11_rescue
dae11,"root,mid1",700000.0,clean,17.75,1.6603702086165206,0.09886783379980887,-0.09359852098861167,True,ok,julia_xfoil,,poststall,seed_reference_pending_full_polar_dae11_rescue
dae11,"root,mid1",700000.0,clean,18.0,1.660650818432073,0.10189886080052112,-0.09362654772440439,True,ok,julia_xfoil,,poststall,seed_reference_pending_full_polar_dae11_rescue
dae11,"root,mid1",100000.0,rough,-6.0,-0.044618851508666006,0.07352347235671766,-0.0766949347589646,True,ok,julia_xfoil,,prestall,seed_reference_pending_full_polar_dae11_rescue
dae11,"root,mid1",100000.0,rough,-5.75,-0.009445254128975178,0.06752975549042438,-0.09008351558618267,False,ok,julia_xfoil,not_converged,unknown,seed_reference_pending_full_polar_dae11_rescue
dae11,"root,mid1",100000.0,rough,-5.5,-0.0057907696152907605,0.06375248599786114,-0.09078644345372255,True,ok,julia_xfoil,,prestall,seed_reference_pending_full_polar_dae11_rescue
dae11,"root,mid1",100000.0,rough,-5.25,0.012440274885457183,0.05974856897131779,-0.09470437131903196,True,ok,julia_xfoil,,prestall,seed_reference_pending_full_polar_dae11_rescue
dae11,"root,mid1",100000.0,rough,-5.0,0.051405673642808805,0.04832281970089981,-0.11018050030785417,False,ok,julia_xfoil,not_converged,unknown,seed_reference_pending_full_polar_dae11_rescue
dae11,"root,mid1",100000.0,rough,-4.75,0.07279678423171927,0.04505630074934029,-0.11156749957169854,True,ok,julia_xfoil,,prestall,seed_reference_pending_full_polar_dae11_rescue
dae11,"root,mid1",100000.0,rough,-4.5,0.09699250741197338,0.04145215157087846,-0.1141664430173705,True,ok,julia_xfoil,,prestall,seed_reference_pending_full_polar_dae11_rescue
dae11,"root,mid1",100000.0,rough,-4.25,0.12306211977228208,0.03812659958262664,-0.11645112318170987,True,ok,julia_xfoil,,prestall,seed_reference_pending_full_polar_dae11_rescue
dae11,"root,mid1",100000.0,rough,-4.0,0.15014398293438408,0.03523196415795017,-0.11818563005469648,True,ok,julia_xfoil,,prestall,seed_reference_pending_full_polar_dae11_rescue
dae11,"root,mid1",100000.0,rough,-3.75,0.17772303297523354,0.03287049970044186,-0.11936774898060612,True,ok,julia_xfoil,,prestall,seed_reference_pending_full_polar_dae11_rescue
dae11,"root,mid1",100000.0,rough,-3.5,0.20481124225099456,0.03066710232382668,-0.12027969447582021,True,ok,julia_xfoil,,prestall,seed_reference_pending_full_polar_dae11_rescue
dae11,"root,mid1",100000.0,rough,-3.25,0.23067796826945308,0.029375623536203536,-0.12084690313590991,True,ok,julia_xfoil,,prestall,seed_reference_pending_full_polar_dae11_rescue
dae11,"root,mid1",100000.0,rough,-3.0,0.256585745745125,0.028787435934438374,-0.12111804265948334,True,ok,julia_xfoil,,prestall,seed_reference_pending_full_polar_dae11_rescue
dae11,"root,mid1",100000.0,rough,-2.75,0.2835916518509811,0.027875814448395993,-0.12130100811614113,True,ok,julia_xfoil,,prestall,seed_reference_pending_full_polar_dae11_rescue
dae11,"root,mid1",100000.0,rough,-2.5,0.3108158470577523,0.026803300212612742,-0.12136742457403456,True,ok,julia_xfoil,,prestall,seed_reference_pending_full_polar_dae11_rescue
dae11,"root,mid1",100000.0,rough,-2.25,0.3376373260658629,0.025952383522661694,-0.12130891315925939,True,ok,julia_xfoil,,prestall,seed_reference_pending_full_polar_dae11_rescue
dae11,"root,mid1",100000.0,rough,-2.0,0.3640627915614635,0.025203687290799512,-0.12120577291018435,True,ok,julia_xfoil,,prestall,seed_reference_pending_full_polar_dae11_rescue
dae11,"root,mid1",100000.0,rough,-1.75,0.3899284085810574,0.024417623716918267,-0.12122223528136754,True,ok,julia_xfoil,,prestall,seed_reference_pending_full_polar_dae11_rescue
dae11,"root,mid1",100000.0,rough,-1.5,0.4158606858276554,0.023934871177568297,-0.1211016674548957,True,ok,julia_xfoil,,prestall,seed_reference_pending_full_polar_dae11_rescue
dae11,"root,mid1",100000.0,rough,-1.25,0.4420925161722029,0.023504552878805138,-0.1209502345308202,True,ok,julia_xfoil,,prestall,seed_reference_pending_full_polar_dae11_rescue
dae11,"root,mid1",100000.0,rough,-1.0,0.4681393344556295,0.023301935285511517,-0.12081872936524135,True,ok,julia_xfoil,,prestall,seed_reference_pending_full_polar_dae11_rescue
dae11,"root,mid1",100000.0,rough,-0.75,0.49351843554721236,0.023299556250032053,-0.12063253514687262,True,ok,julia_xfoil,,prestall,seed_reference_pending_full_polar_dae11_rescue
dae11,"root,mid1",100000.0,rough,-0.5,0.5183523488769662,0.023413045805421175,-0.12041008117131384,True,ok,julia_xfoil,,prestall,seed_reference_pending_full_polar_dae11_rescue
dae11,"root,mid1",100000.0,rough,-0.25,0.5428813834145496,0.02358727044761747,-0.12018413551569108,True,ok,julia_xfoil,,prestall,seed_reference_pending_full_polar_dae11_rescue
dae11,"root,mid1",100000.0,rough,0.0,0.5670200581927234,0.023802578703237504,-0.11992925381660263,True,ok,julia_xfoil,,prestall,seed_reference_pending_full_polar_dae11_rescue
dae11,"root,mid1",100000.0,rough,0.25,0.5907640783088927,0.024052076536492932,-0.11964293862431227,True,ok,julia_xfoil,,prestall,seed_reference_pending_full_polar_dae11_rescue
dae11,"root,mid1",100000.0,rough,0.5,0.6140849371559637,0.02433372415417016,-0.11932265429537373,True,ok,julia_xfoil,,prestall,seed_reference_pending_full_polar_dae11_rescue
dae11,"root,mid1",100000.0,rough,0.75,0.6369439023147047,0.024646563807451106,-0.11896389383150038,True,ok,julia_xfoil,,prestall,seed_reference_pending_full_polar_dae11_rescue
dae11,"root,mid1",100000.0,rough,1.0,0.6593381388997648,0.024992327899806027,-0.11857091244778849,True,ok,julia_xfoil,,prestall,seed_reference_pending_full_polar_dae11_rescue
dae11,"root,mid1",100000.0,rough,1.25,0.6814047939787746,0.025375503322715043,-0.1181776570351392,True,ok,julia_xfoil,,prestall,seed_reference_pending_full_polar_dae11_rescue
dae11,"root,mid1",100000.0,rough,1.5,0.7029408909858987,0.025798077315693037,-0.11776071443834236,True,ok,julia_xfoil,,prestall,seed_reference_pending_full_polar_dae11_rescue
dae11,"root,mid1",100000.0,rough,1.75,0.7234121459334355,0.026277002111309337,-0.11728241622210353,True,ok,julia_xfoil,,prestall,seed_reference_pending_full_polar_dae11_rescue
dae11,"root,mid1",100000.0,rough,2.0,0.7424543458603351,0.02680947880395387,-0.11665840675044892,True,ok,julia_xfoil,,prestall,seed_reference_pending_full_polar_dae11_rescue
dae11,"root,mid1",100000.0,rough,2.25,0.761465048714094,0.027379078144018233,-0.11607413772817296,True,ok,julia_xfoil,,prestall,seed_reference_pending_full_polar_dae11_rescue
dae11,"root,mid1",100000.0,rough,2.5,0.78132697996384,0.02797752282200052,-0.11564937551085515,True,ok,julia_xfoil,,prestall,seed_reference_pending_full_polar_dae11_rescue
dae11,"root,mid1",100000.0,rough,2.75,0.801204923899184,0.028605317226776672,-0.11525252028638285,True,ok,julia_xfoil,,prestall,seed_reference_pending_full_polar_dae11_rescue
dae11,"root,mid1",100000.0,rough,3.0,0.8208201528769971,0.029255847860849827,-0.11483128550607236,True,ok,julia_xfoil,,prestall,seed_reference_pending_full_polar_dae11_rescue
dae11,"root,mid1",100000.0,rough,3.25,0.8400399645411775,0.029932066481600652,-0.11437154687146873,True,ok,julia_xfoil,,prestall,seed_reference_pending_full_polar_dae11_rescue
dae11,"root,mid1",100000.0,rough,3.5,0.8588984893927245,0.030634893552447404,-0.11388148329485742,True,ok,julia_xfoil,,prestall,seed_reference_pending_full_polar_dae11_rescue
dae11,"root,mid1",100000.0,rough,3.75,0.8774083170326004,0.03135459776661964,-0.1133501274039891,True,ok,julia_xfoil,,prestall,seed_reference_pending_full_polar_dae11_rescue
dae11,"root,mid1",100000.0,rough,4.0,0.8955507908414256,0.032099415569374505,-0.11278889871090234,True,ok,julia_xfoil,,prestall,seed_reference_pending_full_polar_dae11_rescue
dae11,"root,mid1",100000.0,rough,4.25,0.9133714179667224,0.0328713844455554,-0.11220896697835665,True,ok,julia_xfoil,,prestall,seed_reference_pending_full_polar_dae11_rescue
dae11,"root,mid1",100000.0,rough,4.5,0.9308974421892967,0.03366378682602986,-0.11160397624604856,True,ok,julia_xfoil,,prestall,seed_reference_pending_full_polar_dae11_rescue
dae11,"root,mid1",100000.0,rough,4.75,0.9480991206851362,0.034475303985266124,-0.11096870347887804,True,ok,julia_xfoil,,prestall,seed_reference_pending_full_polar_dae11_rescue
dae11,"root,mid1",100000.0,rough,5.0,0.9649327501151397,0.035319882741248004,-0.11031798840392955,True,ok,julia_xfoil,,prestall,seed_reference_pending_full_polar_dae11_rescue
dae11,"root,mid1",100000.0,rough,5.25,0.9814673241753443,0.03619158792880025,-0.10965500876515183,True,ok,julia_xfoil,,prestall,seed_reference_pending_full_polar_dae11_rescue
dae11,"root,mid1",100000.0,rough,5.5,0.9977885917255809,0.03708126361309532,-0.1089802630576848,True,ok,julia_xfoil,,prestall,seed_reference_pending_full_polar_dae11_rescue
dae11,"root,mid1",100000.0,rough,5.75,1.013823824396431,0.037988465148701335,-0.10828263279726248,True,ok,julia_xfoil,,prestall,seed_reference_pending_full_polar_dae11_rescue
dae11,"root,mid1",100000.0,rough,6.0,1.0295657885830152,0.03892047199883153,-0.10757205252212503,True,ok,julia_xfoil,,prestall,seed_reference_pending_full_polar_dae11_rescue
dae11,"root,mid1",100000.0,rough,6.25,1.044898414089973,0.03989683488541759,-0.10685639959359901,True,ok,julia_xfoil,,prestall,seed_reference_pending_full_polar_dae11_rescue
dae11,"root,mid1",100000.0,rough,6.5,1.059958769463264,0.04089908011088211,-0.10613225001027778,True,ok,julia_xfoil,,prestall,seed_reference_pending_full_polar_dae11_rescue
dae11,"root,mid1",100000.0,rough,6.75,1.0748175284104304,0.04191911582582738,-0.1053999383759802,True,ok,julia_xfoil,,prestall,seed_reference_pending_full_polar_dae11_rescue
dae11,"root,mid1",100000.0,rough,7.0,1.0894247272017152,0.042958504239156675,-0.1046562375723812,True,ok,julia_xfoil,,prestall,seed_reference_pending_full_polar_dae11_rescue
dae11,"root,mid1",100000.0,rough,7.25,1.1037019396052175,0.044024352384314736,-0.10389897026514532,True,ok,julia_xfoil,,prestall,seed_reference_pending_full_polar_dae11_rescue
dae11,"root,mid1",100000.0,rough,7.5,1.1174899311594482,0.045145685595743903,-0.10313897817163559,True,ok,julia_xfoil,,prestall,seed_reference_pending_full_polar_dae11_rescue
dae11,"root,mid1",100000.0,rough,7.75,1.1309725105772912,0.046302001617315576,-0.10238177218726274,True,ok,julia_xfoil,,prestall,seed_reference_pending_full_polar_dae11_rescue
dae11,"root,mid1",100000.0,rough,8.0,1.1442999798802478,0.047478558683168276,-0.10163024045907892,True,ok,julia_xfoil,,prestall,seed_reference_pending_full_polar_dae11_rescue
dae11,"root,mid1",100000.0,rough,8.25,1.1574388018077875,0.04867581890974251,-0.10088009508504382,True,ok,julia_xfoil,,prestall,seed_reference_pending_full_polar_dae11_rescue
dae11,"root,mid1",100000.0,rough,8.5,1.1702709169841767,0.049904776720485294,-0.10012840595465426,True,ok,julia_xfoil,,prestall,seed_reference_pending_full_polar_dae11_rescue
dae11,"root,mid1",100000.0,rough,8.75,1.1825402632278217,0.05119493474778693,-0.0993745660731594,True,ok,julia_xfoil,,prestall,seed_reference_pending_full_polar_dae11_rescue
dae11,"root,mid1",100000.0,rough,9.0,1.1946668217881302,0.05253517177213866,-0.09865963030453355,True,ok,julia_xfoil,,prestall,seed_reference_pending_full_polar_dae11_rescue
dae11,"root,mid1",100000.0,rough,9.25,1.2067680932678138,0.053899517475656904,-0.09797055343044342,True,ok,julia_xfoil,,prestall,seed_reference_pending_full_polar_dae11_rescue
dae11,"root,mid1",100000.0,rough,9.5,1.218755398424265,0.05529614481457462,-0.09730478812282697,True,ok,julia_xfoil,,prestall,seed_reference_pending_full_polar_dae11_rescue
dae11,"root,mid1",100000.0,rough,9.75,1.230565020779143,0.056724232214852566,-0.0966558113878218,True,ok,julia_xfoil,,prestall,seed_reference_pending_full_polar_dae11_rescue
dae11,"root,mid1",100000.0,rough,10.0,1.2419075982211156,0.05821980368400378,-0.09602421805061817,True,ok,julia_xfoil,,prestall,seed_reference_pending_full_polar_dae11_rescue
dae11,"root,mid1",100000.0,rough,10.25,1.2528021924304527,0.0597799020151992,-0.0954097744466943,True,ok,julia_xfoil,,prestall,seed_reference_pending_full_polar_dae11_rescue
dae11,"root,mid1",100000.0,rough,10.5,1.263535773553626,0.06137429340182801,-0.09481758788489653,True,ok,julia_xfoil,,prestall,seed_reference_pending_full_polar_dae11_rescue
dae11,"root,mid1",100000.0,rough,10.75,1.2739968163503006,0.06299129155993191,-0.09422485476172753,True,ok,julia_xfoil,,prestall,seed_reference_pending_full_polar_dae11_rescue
dae11,"root,mid1",100000.0,rough,11.0,1.284241812599894,0.06464597819822325,-0.0936510955951975,True,ok,julia_xfoil,,prestall,seed_reference_pending_full_polar_dae11_rescue
dae11,"root,mid1",100000.0,rough,11.25,1.2938550913092226,0.06639936875751094,-0.09310480051335966,True,ok,julia_xfoil,,prestall,seed_reference_pending_full_polar_dae11_rescue
dae11,"root,mid1",100000.0,rough,11.5,1.3030233407711345,0.06822409961075485,-0.09258628596670399,True,ok,julia_xfoil,,prestall,seed_reference_pending_full_polar_dae11_rescue
dae11,"root,mid1",100000.0,rough,11.75,1.3120937162680424,0.07007830432959315,-0.0920966943694837,True,ok,julia_xfoil,,prestall,seed_reference_pending_full_polar_dae11_rescue
dae11,"root,mid1",100000.0,rough,12.0,1.3210506820108305,0.07196339652371656,-0.09163766204034224,True,ok,julia_xfoil,,prestall,seed_reference_pending_full_polar_dae11_rescue
dae11,"root,mid1",100000.0,rough,12.25,1.3294853007012748,0.0739249145726774,-0.09120871684493932,True,ok,julia_xfoil,,prestall,seed_reference_pending_full_polar_dae11_rescue
dae11,"root,mid1",100000.0,rough,12.5,1.337401396255277,0.07598436815309241,-0.09085793681191126,True,ok,julia_xfoil,,prestall,seed_reference_pending_full_polar_dae11_rescue
dae11,"root,mid1",100000.0,rough,12.75,1.3450191251978372,0.0780847968446005,-0.0904888699567605,True,ok,julia_xfoil,,prestall,seed_reference_pending_full_polar_dae11_rescue
dae11,"root,mid1",100000.0,rough,13.0,1.3522947665546157,0.08022145180505923,-0.09013309721877256,True,ok,julia_xfoil,,prestall,seed_reference_pending_full_polar_dae11_rescue
dae11,"root,mid1",100000.0,rough,13.25,1.3588863574776817,0.08244784755218543,-0.08980492708555833,True,ok,julia_xfoil,,prestall,seed_reference_pending_full_polar_dae11_rescue
dae11,"root,mid1",100000.0,rough,13.5,1.3648399935242272,0.08479267976501094,-0.0895336240676055,True,ok,julia_xfoil,,prestall,seed_reference_pending_full_polar_dae11_rescue
dae11,"root,mid1",100000.0,rough,13.75,1.3707639554805608,0.08716081150859514,-0.08930079717949288,True,ok,julia_xfoil,,prestall,seed_reference_pending_full_polar_dae11_rescue
dae11,"root,mid1",100000.0,rough,14.0,1.3764352380065834,0.0895705461362779,-0.08910400355912876,True,ok,julia_xfoil,,prestall,seed_reference_pending_full_polar_dae11_rescue
dae11,"root,mid1",100000.0,rough,14.25,1.381236028430789,0.0921240167762286,-0.0889736256448236,True,ok,julia_xfoil,,prestall,seed_reference_pending_full_polar_dae11_rescue
dae11,"root,mid1",100000.0,rough,14.5,1.385801723174314,0.09474938719440579,-0.08890850651249516,True,ok,julia_xfoil,,prestall,seed_reference_pending_full_polar_dae11_rescue
dae11,"root,mid1",100000.0,rough,14.75,1.3902371087817786,0.09739112387604991,-0.08887819819874378,True,ok,julia_xfoil,,prestall,seed_reference_pending_full_polar_dae11_rescue
dae11,"root,mid1",100000.0,rough,15.0,1.3940593229329221,0.10013175573903169,-0.08890872035009076,True,ok,julia_xfoil,,prestall,seed_reference_pending_full_polar_dae11_rescue
dae11,"root,mid1",100000.0,rough,15.25,1.3972291171736393,0.10299896550024451,-0.08902094286863661,True,ok,julia_xfoil,,prestall,seed_reference_pending_full_polar_dae11_rescue
dae11,"root,mid1",100000.0,rough,15.5,1.4003655274386961,0.10586753697601957,-0.08917337217196622,True,ok,julia_xfoil,,prestall,seed_reference_pending_full_polar_dae11_rescue
dae11,"root,mid1",100000.0,rough,15.75,1.4029421669907185,0.10880942340677587,-0.08938079839779209,True,ok,julia_xfoil,,prestall,seed_reference_pending_full_polar_dae11_rescue
dae11,"root,mid1",100000.0,rough,16.0,1.404857526401772,0.11189226760853618,-0.08968918065616989,True,ok,julia_xfoil,,prestall,seed_reference_pending_full_polar_dae11_rescue
dae11,"root,mid1",100000.0,rough,16.25,1.4068804896829181,0.11497710084974753,-0.0900528947527189,True,ok,julia_xfoil,,prestall,seed_reference_pending_full_polar_dae11_rescue
dae11,"root,mid1",100000.0,rough,16.5,1.408454459592935,0.11815059101718453,-0.09050422445946855,True,ok,julia_xfoil,,prestall,seed_reference_pending_full_polar_dae11_rescue
dae11,"root,mid1",100000.0,rough,16.75,1.4095152979226864,0.12144574048250538,-0.09106583786797354,True,ok,julia_xfoil,,prestall,seed_reference_pending_full_polar_dae11_rescue
dae11,"root,mid1",100000.0,rough,17.0,1.4107451919946394,0.12472519226500631,-0.09168109452668137,True,ok,julia_xfoil,,prestall,seed_reference_pending_full_polar_dae11_rescue
dae11,"root,mid1",100000.0,rough,17.25,1.4113659995177517,0.1281237018075053,-0.09240779283779882,True,ok,julia_xfoil,,prestall,seed_reference_pending_full_polar_dae11_rescue
dae11,"root,mid1",100000.0,rough,17.5,1.4117996877884549,0.13158298415507846,-0.09322646944274586,True,ok,julia_xfoil,,prestall,seed_reference_pending_full_polar_dae11_rescue
dae11,"root,mid1",100000.0,rough,17.75,1.4124145893036042,0.1350129442218726,-0.09409159087784869,True,ok,julia_xfoil,,prestall,seed_reference_pending_full_polar_dae11_rescue
dae11,"root,mid1",100000.0,rough,18.0,1.4123888562274598,0.13857728444368367,-0.0950811438247517,True,ok,julia_xfoil,,poststall,seed_reference_pending_full_polar_dae11_rescue
dae11,"root,mid1",125000.0,rough,-6.0,-0.045335442698769345,0.0725131809826577,-0.07595933443093528,True,ok,julia_xfoil,,prestall,seed_reference_pending_full_polar_dae11_rescue
dae11,"root,mid1",125000.0,rough,-5.75,-0.02892853595353643,0.06896205071854494,-0.0805374652713765,True,ok,julia_xfoil,,prestall,seed_reference_pending_full_polar_dae11_rescue
dae11,"root,mid1",125000.0,rough,-5.5,0.007299813202115174,0.05702723380127095,-0.09931794288877462,True,ok,julia_xfoil,,prestall,seed_reference_pending_full_polar_dae11_rescue
dae11,"root,mid1",125000.0,rough,-5.25,0.023013739590098448,0.053609457185232086,-0.10129764803500203,True,ok,julia_xfoil,,prestall,seed_reference_pending_full_polar_dae11_rescue
dae11,"root,mid1",125000.0,rough,-5.0,0.04534492691812033,0.04956265007302345,-0.10521212737398376,True,ok,julia_xfoil,,prestall,seed_reference_pending_full_polar_dae11_rescue
dae11,"root,mid1",125000.0,rough,-4.75,0.07083865242684918,0.04502446248286876,-0.10961539178762372,True,ok,julia_xfoil,,prestall,seed_reference_pending_full_polar_dae11_rescue
dae11,"root,mid1",125000.0,rough,-4.5,0.09823317233545609,0.040433301878617475,-0.11359420056275622,True,ok,julia_xfoil,,prestall,seed_reference_pending_full_polar_dae11_rescue
dae11,"root,mid1",125000.0,rough,-4.25,0.12648401957761315,0.036290345787867447,-0.11662833825211644,True,ok,julia_xfoil,,prestall,seed_reference_pending_full_polar_dae11_rescue
dae11,"root,mid1",125000.0,rough,-4.0,0.1550076443724119,0.032880256253367254,-0.11869768571458968,True,ok,julia_xfoil,,prestall,seed_reference_pending_full_polar_dae11_rescue
dae11,"root,mid1",125000.0,rough,-3.75,0.18343379805676938,0.030255967166299722,-0.1199860523729612,True,ok,julia_xfoil,,prestall,seed_reference_pending_full_polar_dae11_rescue
dae11,"root,mid1",125000.0,rough,-3.5,0.21168661410680095,0.028243322801434195,-0.12075623344991339,True,ok,julia_xfoil,,prestall,seed_reference_pending_full_polar_dae11_rescue
dae11,"root,mid1",125000.0,rough,-3.25,0.23975090070942998,0.02668634967884709,-0.12119811399609809,True,ok,julia_xfoil,,prestall,seed_reference_pending_full_polar_dae11_rescue
dae11,"root,mid1",125000.0,rough,-3.0,0.26756566921579394,0.025633897935694542,-0.12139393374284072,True,ok,julia_xfoil,,prestall,seed_reference_pending_full_polar_dae11_rescue
dae11,"root,mid1",125000.0,rough,-2.75,0.29439307353924526,0.02469557253980306,-0.12169517089632514,True,ok,julia_xfoil,,prestall,seed_reference_pending_full_polar_dae11_rescue
dae11,"root,mid1",125000.0,rough,-2.5,0.321050147408427,0.02414986309060535,-0.12183537119321958,True,ok,julia_xfoil,,prestall,seed_reference_pending_full_polar_dae11_rescue
dae11,"root,mid1",125000.0,rough,-2.25,0.34810924766221346,0.02342340597903198,-0.12183301734255615,True,ok,julia_xfoil,,prestall,seed_reference_pending_full_polar_dae11_rescue
dae11,"root,mid1",125000.0,rough,-2.0,0.37499493849014254,0.022812037074716032,-0.12178324400448812,True,ok,julia_xfoil,,prestall,seed_reference_pending_full_polar_dae11_rescue
dae11,"root,mid1",125000.0,rough,-1.75,0.4017296150775999,0.022325967408849373,-0.12170848315243019,True,ok,julia_xfoil,,prestall,seed_reference_pending_full_polar_dae11_rescue
dae11,"root,mid1",125000.0,rough,-1.5,0.42834880226321115,0.02185922875430819,-0.12168708678676753,True,ok,julia_xfoil,,prestall,seed_reference_pending_full_polar_dae11_rescue
dae11,"root,mid1",125000.0,rough,-1.25,0.4549882697979799,0.021474491053063312,-0.12176243491574547,True,ok,julia_xfoil,,prestall,seed_reference_pending_full_polar_dae11_rescue
dae11,"root,mid1",125000.0,rough,-1.0,0.48197396204105464,0.021210227158854303,-0.12170865957031805,True,ok,julia_xfoil,,prestall,seed_reference_pending_full_polar_dae11_rescue
dae11,"root,mid1",125000.0,rough,-0.75,0.5083941049134052,0.021170058752305366,-0.12161981681678363,True,ok,julia_xfoil,,prestall,seed_reference_pending_full_polar_dae11_rescue
dae11,"root,mid1",125000.0,rough,-0.5,0.5343286468830538,0.02124675369482573,-0.12150328640747836,True,ok,julia_xfoil,,prestall,seed_reference_pending_full_polar_dae11_rescue
dae11,"root,mid1",125000.0,rough,-0.25,0.559912141136917,0.02137676981899302,-0.12136703094904118,True,ok,julia_xfoil,,prestall,seed_reference_pending_full_polar_dae11_rescue
dae11,"root,mid1",125000.0,rough,0.0,0.5851994843488174,0.021538999239905827,-0.1212090635406747,True,ok,julia_xfoil,,prestall,seed_reference_pending_full_polar_dae11_rescue
dae11,"root,mid1",125000.0,rough,0.25,0.6102040999018582,0.02172714943781398,-0.12102825657970467,True,ok,julia_xfoil,,prestall,seed_reference_pending_full_polar_dae11_rescue
dae11,"root,mid1",125000.0,rough,0.5,0.6348136593513859,0.021937841523547153,-0.12080024429614784,True,ok,julia_xfoil,,prestall,seed_reference_pending_full_polar_dae11_rescue
dae11,"root,mid1",125000.0,rough,0.75,0.659079794471718,0.0221748854336852,-0.12054883447884131,True,ok,julia_xfoil,,prestall,seed_reference_pending_full_polar_dae11_rescue
dae11,"root,mid1",125000.0,rough,1.0,0.6831080358515457,0.022434712232626098,-0.12029067840771078,True,ok,julia_xfoil,,prestall,seed_reference_pending_full_polar_dae11_rescue
dae11,"root,mid1",125000.0,rough,1.25,0.7067716651289532,0.022717211934428064,-0.12000208528450437,True,ok,julia_xfoil,,prestall,seed_reference_pending_full_polar_dae11_rescue
dae11,"root,mid1",125000.0,rough,1.5,0.7300284741683087,0.023022898521371505,-0.11967879935117698,True,ok,julia_xfoil,,prestall,seed_reference_pending_full_polar_dae11_rescue
dae11,"root,mid1",125000.0,rough,1.75,0.7527777973627988,0.023358529068958123,-0.11931632069321049,True,ok,julia_xfoil,,prestall,seed_reference_pending_full_polar_dae11_rescue
dae11,"root,mid1",125000.0,rough,2.0,0.7749997256817197,0.023723653964909438,-0.11891275809228528,True,ok,julia_xfoil,,prestall,seed_reference_pending_full_polar_dae11_rescue
dae11,"root,mid1",125000.0,rough,2.25,0.7965912382623609,0.02412211371113887,-0.11845509202682611,True,ok,julia_xfoil,,prestall,seed_reference_pending_full_polar_dae11_rescue
dae11,"root,mid1",125000.0,rough,2.5,0.8172557504657051,0.024563467889212376,-0.11792906015052533,True,ok,julia_xfoil,,prestall,seed_reference_pending_full_polar_dae11_rescue
dae11,"root,mid1",125000.0,rough,2.75,0.8361627844977834,0.02506312649580512,-0.11722581154622479,True,ok,julia_xfoil,,prestall,seed_reference_pending_full_polar_dae11_rescue
dae11,"root,mid1",125000.0,rough,3.0,0.8549187143662303,0.025616582246716885,-0.11658206863847664,True,ok,julia_xfoil,,prestall,seed_reference_pending_full_polar_dae11_rescue
dae11,"root,mid1",125000.0,rough,3.25,0.874724295606164,0.02620834027554542,-0.11614892236500393,True,ok,julia_xfoil,,prestall,seed_reference_pending_full_polar_dae11_rescue
dae11,"root,mid1",125000.0,rough,3.5,0.8945377659366855,0.026829153868169038,-0.1157426096039109,True,ok,julia_xfoil,,prestall,seed_reference_pending_full_polar_dae11_rescue
dae11,"root,mid1",125000.0,rough,3.75,0.9140430546486366,0.02747349677828417,-0.11530750486926333,True,ok,julia_xfoil,,prestall,seed_reference_pending_full_polar_dae11_rescue
dae11,"root,mid1",125000.0,rough,4.0,0.9330158543061949,0.02815671366897483,-0.11483448050307273,True,ok,julia_xfoil,,prestall,seed_reference_pending_full_polar_dae11_rescue
dae11,"root,mid1",125000.0,rough,4.25,0.9516779717071384,0.02885783231929623,-0.11432553646655073,True,ok,julia_xfoil,,prestall,seed_reference_pending_full_polar_dae11_rescue
dae11,"root,mid1",125000.0,rough,4.5,0.9698000480387213,0.029594595064735874,-0.11377364548590917,True,ok,julia_xfoil,,prestall,seed_reference_pending_full_polar_dae11_rescue
dae11,"root,mid1",125000.0,rough,4.75,0.9876500904054052,0.03034725274129305,-0.1131925040502136,True,ok,julia_xfoil,,prestall,seed_reference_pending_full_polar_dae11_rescue
dae11,"root,mid1",125000.0,rough,5.0,1.0051599813351912,0.031126377344050233,-0.11258854434205043,True,ok,julia_xfoil,,prestall,seed_reference_pending_full_polar_dae11_rescue
dae11,"root,mid1",125000.0,rough,5.25,1.0222054356382793,0.0319417590940552,-0.11195808139962875,True,ok,julia_xfoil,,prestall,seed_reference_pending_full_polar_dae11_rescue
dae11,"root,mid1",125000.0,rough,5.5,1.0389095227655485,0.03277933733530891,-0.11129897176806033,True,ok,julia_xfoil,,prestall,seed_reference_pending_full_polar_dae11_rescue
dae11,"root,mid1",125000.0,rough,5.75,1.0553665190662675,0.03363432747684974,-0.11062090205942747,True,ok,julia_xfoil,,prestall,seed_reference_pending_full_polar_dae11_rescue
dae11,"root,mid1",125000.0,rough,6.0,1.0715719827973724,0.03451152100586706,-0.10993074417053227,True,ok,julia_xfoil,,prestall,seed_reference_pending_full_polar_dae11_rescue
dae11,"root,mid1",125000.0,rough,6.25,1.0872112335398858,0.035441660265048774,-0.10922350099705004,True,ok,julia_xfoil,,prestall,seed_reference_pending_full_polar_dae11_rescue
dae11,"root,mid1",125000.0,rough,6.5,1.1025708028275174,0.03638767260230363,-0.10849236144183519,True,ok,julia_xfoil,,prestall,seed_reference_pending_full_polar_dae11_rescue
dae11,"root,mid1",125000.0,rough,6.75,1.1177173324018186,0.037350171676688006,-0.1077480197622613,True,ok,julia_xfoil,,prestall,seed_reference_pending_full_polar_dae11_rescue
dae11,"root,mid1",125000.0,rough,7.0,1.1326733892624055,0.03833018174293815,-0.1069970020389189,True,ok,julia_xfoil,,prestall,seed_reference_pending_full_polar_dae11_rescue
dae11,"root,mid1",125000.0,rough,7.25,1.1471035787420811,0.03936677110008746,-0.10623926523188189,True,ok,julia_xfoil,,prestall,seed_reference_pending_full_polar_dae11_rescue
dae11,"root,mid1",125000.0,rough,7.5,1.161162767026034,0.04044067067315304,-0.10547573401320037,True,ok,julia_xfoil,,prestall,seed_reference_pending_full_polar_dae11_rescue
dae11,"root,mid1",125000.0,rough,7.75,1.1749913328814852,0.04152443483183312,-0.10469186645777853,True,ok,julia_xfoil,,prestall,seed_reference_pending_full_polar_dae11_rescue
dae11,"root,mid1",125000.0,rough,8.0,1.1885505999789592,0.042630139876394454,-0.1038972398121576,True,ok,julia_xfoil,,prestall,seed_reference_pending_full_polar_dae11_rescue
dae11,"root,mid1",125000.0,rough,8.25,1.201948098598168,0.04375518548054872,-0.10310515992902274,True,ok,julia_xfoil,,prestall,seed_reference_pending_full_polar_dae11_rescue
dae11,"root,mid1",125000.0,rough,8.5,1.2146588532963274,0.044960540788703734,-0.10231419779551441,True,ok,julia_xfoil,,prestall,seed_reference_pending_full_polar_dae11_rescue
dae11,"root,mid1",125000.0,rough,8.75,1.2271380831604086,0.046194008661218575,-0.1015276832618149,True,ok,julia_xfoil,,prestall,seed_reference_pending_full_polar_dae11_rescue
dae11,"root,mid1",125000.0,rough,9.0,1.2394877765545946,0.04744041401171565,-0.10074259771785897,True,ok,julia_xfoil,,prestall,seed_reference_pending_full_polar_dae11_rescue
dae11,"root,mid1",125000.0,rough,9.25,1.2515824369558441,0.048710212306508356,-0.0999547522286245,True,ok,julia_xfoil,,prestall,seed_reference_pending_full_polar_dae11_rescue
dae11,"root,mid1",125000.0,rough,9.5,1.2636830384289486,0.05000466357175655,-0.09919851260711714,True,ok,julia_xfoil,,prestall,seed_reference_pending_full_polar_dae11_rescue
dae11,"root,mid1",125000.0,rough,9.75,1.2751679601072474,0.05140202988331602,-0.09847562040382557,True,ok,julia_xfoil,,prestall,seed_reference_pending_full_polar_dae11_rescue
dae11,"root,mid1",125000.0,rough,10.0,1.2865469420288373,0.052831858017632155,-0.09777772337103281,True,ok,julia_xfoil,,prestall,seed_reference_pending_full_polar_dae11_rescue
dae11,"root,mid1",125000.0,rough,10.25,1.2977792357289275,0.05428502981259068,-0.09709144205687939,True,ok,julia_xfoil,,prestall,seed_reference_pending_full_polar_dae11_rescue
dae11,"root,mid1",125000.0,rough,10.5,1.3089501734090256,0.055761346188379794,-0.09642654684318629,True,ok,julia_xfoil,,prestall,seed_reference_pending_full_polar_dae11_rescue
dae11,"root,mid1",125000.0,rough,10.75,1.3198720028416366,0.05726753608631628,-0.09576878642416493,True,ok,julia_xfoil,,prestall,seed_reference_pending_full_polar_dae11_rescue
dae11,"root,mid1",125000.0,rough,11.0,1.33003991152605,0.05889426845727905,-0.09514663486458387,True,ok,julia_xfoil,,prestall,seed_reference_pending_full_polar_dae11_rescue
dae11,"root,mid1",125000.0,rough,11.25,1.3399594283679677,0.0605494916384325,-0.0945325298560443,True,ok,julia_xfoil,,prestall,seed_reference_pending_full_polar_dae11_rescue
dae11,"root,mid1",125000.0,rough,11.5,1.3495707294414752,0.06223458161746821,-0.09392088820738692,True,ok,julia_xfoil,,prestall,seed_reference_pending_full_polar_dae11_rescue
dae11,"root,mid1",125000.0,rough,11.75,1.3592045770851466,0.06394255704601955,-0.09334187307455953,True,ok,julia_xfoil,,prestall,seed_reference_pending_full_polar_dae11_rescue
dae11,"root,mid1",125000.0,rough,12.0,1.3684241493093565,0.06571163099291383,-0.09278387246837205,True,ok,julia_xfoil,,prestall,seed_reference_pending_full_polar_dae11_rescue
dae11,"root,mid1",125000.0,rough,12.25,1.3768145065366793,0.0676041353641085,-0.0922585663834066,True,ok,julia_xfoil,,prestall,seed_reference_pending_full_polar_dae11_rescue
dae11,"root,mid1",125000.0,rough,12.5,1.3852503228560373,0.0695245714895696,-0.09177826514895596,True,ok,julia_xfoil,,prestall,seed_reference_pending_full_polar_dae11_rescue
dae11,"root,mid1",125000.0,rough,12.75,1.393617407816603,0.07146705452356966,-0.09134830204550673,True,ok,julia_xfoil,,prestall,seed_reference_pending_full_polar_dae11_rescue
dae11,"root,mid1",125000.0,rough,13.0,1.401422564490855,0.07346473557691752,-0.09089425905180029,True,ok,julia_xfoil,,prestall,seed_reference_pending_full_polar_dae11_rescue
dae11,"root,mid1",125000.0,rough,13.25,1.4084847738047357,0.07558777166564405,-0.09048818170595035,True,ok,julia_xfoil,,prestall,seed_reference_pending_full_polar_dae11_rescue
dae11,"root,mid1",125000.0,rough,13.5,1.4153631387193215,0.07774708470427885,-0.09011277552150843,True,ok,julia_xfoil,,prestall,seed_reference_pending_full_polar_dae11_rescue
dae11,"root,mid1",125000.0,rough,13.75,1.4217235781527022,0.07995811160694533,-0.08974999565048994,True,ok,julia_xfoil,,prestall,seed_reference_pending_full_polar_dae11_rescue
dae11,"root,mid1",125000.0,rough,14.0,1.4276578904948156,0.0822305889724392,-0.08941710564261245,True,ok,julia_xfoil,,prestall,seed_reference_pending_full_polar_dae11_rescue
dae11,"root,mid1",125000.0,rough,14.25,1.4329137017247855,0.08464563805239156,-0.08915655241683884,True,ok,julia_xfoil,,prestall,seed_reference_pending_full_polar_dae11_rescue
dae11,"root,mid1",125000.0,rough,14.5,1.438130188550206,0.08706923309844312,-0.08892464967385191,True,ok,julia_xfoil,,prestall,seed_reference_pending_full_polar_dae11_rescue
dae11,"root,mid1",125000.0,rough,14.75,1.4432357554349977,0.08951252324147035,-0.08872573686831502,True,ok,julia_xfoil,,prestall,seed_reference_pending_full_polar_dae11_rescue
dae11,"root,mid1",125000.0,rough,15.0,1.4472727595989687,0.09214726119495832,-0.08861295765497167,True,ok,julia_xfoil,,prestall,seed_reference_pending_full_polar_dae11_rescue
dae11,"root,mid1",125000.0,rough,15.25,1.4508939906890055,0.09486338141472539,-0.08856075598595711,True,ok,julia_xfoil,,prestall,seed_reference_pending_full_polar_dae11_rescue
dae11,"root,mid1",125000.0,rough,15.5,1.454511991512166,0.0975716990331128,-0.0885374371268997,True,ok,julia_xfoil,,prestall,seed_reference_pending_full_polar_dae11_rescue
dae11,"root,mid1",125000.0,rough,15.75,1.4576763319483501,0.10035478666285741,-0.08857130994263455,True,ok,julia_xfoil,,prestall,seed_reference_pending_full_polar_dae11_rescue
dae11,"root,mid1",125000.0,rough,16.0,1.4600339101231936,0.10329558010953269,-0.08870073032691168,True,ok,julia_xfoil,,prestall,seed_reference_pending_full_polar_dae11_rescue
dae11,"root,mid1",125000.0,rough,16.25,1.4620936538972116,0.10625617147473713,-0.08886427673632988,True,ok,julia_xfoil,,prestall,seed_reference_pending_full_polar_dae11_rescue
dae11,"root,mid1",125000.0,rough,16.5,1.4636350163997704,0.10929995987618014,-0.08909391004289625,True,ok,julia_xfoil,,prestall,seed_reference_pending_full_polar_dae11_rescue
dae11,"root,mid1",125000.0,rough,16.75,1.4644953344971297,0.11250652549893037,-0.08944019430990433,True,ok,julia_xfoil,,prestall,seed_reference_pending_full_polar_dae11_rescue
dae11,"root,mid1",125000.0,rough,17.0,1.4654451292751867,0.11569944900381483,-0.08983150486671924,True,ok,julia_xfoil,,prestall,seed_reference_pending_full_polar_dae11_rescue
dae11,"root,mid1",125000.0,rough,17.25,1.4658772855270292,0.11899197163457229,-0.09031432974055338,True,ok,julia_xfoil,,prestall,seed_reference_pending_full_polar_dae11_rescue
dae11,"root,mid1",125000.0,rough,17.5,1.4655616948670491,0.1224586126719432,-0.09092964638469268,True,ok,julia_xfoil,,poststall,seed_reference_pending_full_polar_dae11_rescue
dae11,"root,mid1",125000.0,rough,17.75,1.46534650003088,0.12589817627517577,-0.0915826541026514,True,ok,julia_xfoil,,poststall,seed_reference_pending_full_polar_dae11_rescue
dae11,"root,mid1",125000.0,rough,18.0,1.464611410846982,0.129437679100888,-0.09232671051780807,True,ok,julia_xfoil,,poststall,seed_reference_pending_full_polar_dae11_rescue
dae11,"root,mid1",150000.0,rough,-6.0,-0.046394859661309046,0.06949303127828604,-0.07773076033338067,True,ok,julia_xfoil,,prestall,seed_reference_pending_full_polar_dae11_rescue
dae11,"root,mid1",150000.0,rough,-5.75,-0.00548612287235475,0.06568169898805189,-0.09361499550126533,True,ok,julia_xfoil,,prestall,seed_reference_pending_full_polar_dae11_rescue
dae11,"root,mid1",150000.0,rough,-5.5,-0.0005023834524316976,0.05816273552634352,-0.09448336773740926,True,ok,julia_xfoil,,prestall,seed_reference_pending_full_polar_dae11_rescue
dae11,"root,mid1",150000.0,rough,-5.25,0.019386057721523253,0.05428013029490928,-0.09833429203281815,True,ok,julia_xfoil,,prestall,seed_reference_pending_full_polar_dae11_rescue
dae11,"root,mid1",150000.0,rough,-5.0,0.04462485866930885,0.049140092996249496,-0.10420262604711455,True,ok,julia_xfoil,,prestall,seed_reference_pending_full_polar_dae11_rescue
dae11,"root,mid1",150000.0,rough,-4.75,0.08373592287036213,0.03349070498021116,-0.11882694972036782,False,ok,julia_xfoil,not_converged,unknown,seed_reference_pending_full_polar_dae11_rescue
dae11,"root,mid1",150000.0,rough,-4.5,0.10788495573480159,0.03335079364791162,-0.11747171001950461,True,ok,julia_xfoil,,prestall,seed_reference_pending_full_polar_dae11_rescue
dae11,"root,mid1",150000.0,rough,-4.25,0.1353844736366818,0.03050706811796265,-0.11902889618865063,True,ok,julia_xfoil,,prestall,seed_reference_pending_full_polar_dae11_rescue
dae11,"root,mid1",150000.0,rough,-4.0,0.16271171118377548,0.02833847973569387,-0.12005426315441813,True,ok,julia_xfoil,,prestall,seed_reference_pending_full_polar_dae11_rescue
dae11,"root,mid1",150000.0,rough,-3.75,0.190063943485713,0.02673065052225885,-0.1207275424086046,True,ok,julia_xfoil,,prestall,seed_reference_pending_full_polar_dae11_rescue
dae11,"root,mid1",150000.0,rough,-3.5,0.21752301942252147,0.025485530162979008,-0.12118043535208703,True,ok,julia_xfoil,,prestall,seed_reference_pending_full_polar_dae11_rescue
dae11,"root,mid1",150000.0,rough,-3.25,0.24508500702962613,0.024436848708523987,-0.12148460328510383,True,ok,julia_xfoil,,prestall,seed_reference_pending_full_polar_dae11_rescue
dae11,"root,mid1",150000.0,rough,-3.0,0.27265775559608807,0.02351628055613967,-0.12167257986880223,True,ok,julia_xfoil,,prestall,seed_reference_pending_full_polar_dae11_rescue
dae11,"root,mid1",150000.0,rough,-2.75,0.3000663868275149,0.02287679320951042,-0.12177624826681063,True,ok,julia_xfoil,,prestall,seed_reference_pending_full_polar_dae11_rescue
dae11,"root,mid1",150000.0,rough,-2.5,0.3274585925496255,0.022584552528262747,-0.1217702605513781,True,ok,julia_xfoil,,prestall,seed_reference_pending_full_polar_dae11_rescue
dae11,"root,mid1",150000.0,rough,-2.25,0.3543768033662896,0.021602030222273062,-0.12195975414093314,True,ok,julia_xfoil,,prestall,seed_reference_pending_full_polar_dae11_rescue
dae11,"root,mid1",150000.0,rough,-2.0,0.38135366191288295,0.02110249210675112,-0.12200897834370239,True,ok,julia_xfoil,,prestall,seed_reference_pending_full_polar_dae11_rescue
dae11,"root,mid1",150000.0,rough,-1.75,0.40833247243360243,0.020707580573568696,-0.1220321028243898,True,ok,julia_xfoil,,prestall,seed_reference_pending_full_polar_dae11_rescue
dae11,"root,mid1",150000.0,rough,-1.5,0.4353266968391662,0.020388637134424865,-0.12204399857889169,True,ok,julia_xfoil,,prestall,seed_reference_pending_full_polar_dae11_rescue
dae11,"root,mid1",150000.0,rough,-1.25,0.46233434171272714,0.020089441797667158,-0.12211685922613293,True,ok,julia_xfoil,,prestall,seed_reference_pending_full_polar_dae11_rescue
dae11,"root,mid1",150000.0,rough,-1.0,0.48955416745593017,0.0198301298788171,-0.12218122521984091,True,ok,julia_xfoil,,prestall,seed_reference_pending_full_polar_dae11_rescue
dae11,"root,mid1",150000.0,rough,-0.75,0.5164740042378612,0.019767093346083175,-0.12213755167993645,True,ok,julia_xfoil,,prestall,seed_reference_pending_full_polar_dae11_rescue
dae11,"root,mid1",150000.0,rough,-0.5,0.5428727449326944,0.019834073329425776,-0.12206872145021648,True,ok,julia_xfoil,,prestall,seed_reference_pending_full_polar_dae11_rescue
dae11,"root,mid1",150000.0,rough,-0.25,0.5689616178102005,0.019951260957714573,-0.12198671742090761,True,ok,julia_xfoil,,prestall,seed_reference_pending_full_polar_dae11_rescue
dae11,"root,mid1",150000.0,rough,0.0,0.5947897306683251,0.02009774749273378,-0.12188838511419908,True,ok,julia_xfoil,,prestall,seed_reference_pending_full_polar_dae11_rescue
dae11,"root,mid1",150000.0,rough,0.25,0.6203562532933906,0.02026802050636271,-0.12176890314488809,True,ok,julia_xfoil,,prestall,seed_reference_pending_full_polar_dae11_rescue
dae11,"root,mid1",150000.0,rough,0.5,0.6456581238182821,0.020459326639659606,-0.12162668153135292,True,ok,julia_xfoil,,prestall,seed_reference_pending_full_polar_dae11_rescue
dae11,"root,mid1",150000.0,rough,0.75,0.6706705059774232,0.02067066706053613,-0.121460050134039,True,ok,julia_xfoil,,prestall,seed_reference_pending_full_polar_dae11_rescue
dae11,"root,mid1",150000.0,rough,1.0,0.6953464624269438,0.020904627100697817,-0.12126763646132967,True,ok,julia_xfoil,,prestall,seed_reference_pending_full_polar_dae11_rescue
dae11,"root,mid1",150000.0,rough,1.25,0.7196971869848421,0.02115789651031131,-0.12104646664196589,True,ok,julia_xfoil,,prestall,seed_reference_pending_full_polar_dae11_rescue
dae11,"root,mid1",150000.0,rough,1.5,0.7436753033582186,0.021431893290696603,-0.1207916582303573,True,ok,julia_xfoil,,prestall,seed_reference_pending_full_polar_dae11_rescue
dae11,"root,mid1",150000.0,rough,1.75,0.7672073565234924,0.02172665680736786,-0.12048975037086168,True,ok,julia_xfoil,,prestall,seed_reference_pending_full_polar_dae11_rescue
dae11,"root,mid1",150000.0,rough,2.0,0.7902185092288269,0.022048557103632068,-0.12014109134484491,True,ok,julia_xfoil,,prestall,seed_reference_pending_full_polar_dae11_rescue
dae11,"root,mid1",150000.0,rough,2.25,0.8127593701861727,0.022398240305520865,-0.11976287020431067,True,ok,julia_xfoil,,prestall,seed_reference_pending_full_polar_dae11_rescue
dae11,"root,mid1",150000.0,rough,2.5,0.8348054182579393,0.02277787096399937,-0.11935444113963625,True,ok,julia_xfoil,,prestall,seed_reference_pending_full_polar_dae11_rescue
dae11,"root,mid1",150000.0,rough,2.75,0.8562015176141133,0.023191005588670644,-0.11889740270687653,True,ok,julia_xfoil,,prestall,seed_reference_pending_full_polar_dae11_rescue
dae11,"root,mid1",150000.0,rough,3.0,0.8758067980370958,0.0236588272279703,-0.1182571859405323,True,ok,julia_xfoil,,prestall,seed_reference_pending_full_polar_dae11_rescue
dae11,"root,mid1",150000.0,rough,3.25,0.8943848682521597,0.024185049484856593,-0.11755559120684757,True,ok,julia_xfoil,,prestall,seed_reference_pending_full_polar_dae11_rescue
dae11,"root,mid1",150000.0,rough,3.5,0.9137966387778307,0.024760936094139877,-0.11706248962042336,True,ok,julia_xfoil,,prestall,seed_reference_pending_full_polar_dae11_rescue
dae11,"root,mid1",150000.0,rough,3.75,0.933534258176002,0.02537120613519795,-0.11665612703190151,True,ok,julia_xfoil,,prestall,seed_reference_pending_full_polar_dae11_rescue
dae11,"root,mid1",150000.0,rough,4.0,0.9529933547359933,0.026009777874041046,-0.1162325165326629,True,ok,julia_xfoil,,prestall,seed_reference_pending_full_polar_dae11_rescue
dae11,"root,mid1",150000.0,rough,4.25,0.9719869805149178,0.026679503647268555,-0.11576619687144286,True,ok,julia_xfoil,,prestall,seed_reference_pending_full_polar_dae11_rescue
dae11,"root,mid1",150000.0,rough,4.5,0.9905931511497107,0.027378349127862297,-0.11526995936009111,True,ok,julia_xfoil,,prestall,seed_reference_pending_full_polar_dae11_rescue
dae11,"root,mid1",150000.0,rough,4.75,1.0087487850881658,0.028104232153429415,-0.11472848839706447,True,ok,julia_xfoil,,prestall,seed_reference_pending_full_polar_dae11_rescue
dae11,"root,mid1",150000.0,rough,5.0,1.0264935765400123,0.028863683992751243,-0.1141600439843933,True,ok,julia_xfoil,,prestall,seed_reference_pending_full_polar_dae11_rescue
dae11,"root,mid1",150000.0,rough,5.25,1.0439642822186155,0.029643655076716093,-0.11356346148946199,True,ok,julia_xfoil,,prestall,seed_reference_pending_full_polar_dae11_rescue
dae11,"root,mid1",150000.0,rough,5.5,1.0610978795271984,0.03044828402965471,-0.11294123637532671,True,ok,julia_xfoil,,prestall,seed_reference_pending_full_polar_dae11_rescue
dae11,"root,mid1",150000.0,rough,5.75,1.0776899184830324,0.03129315646280575,-0.11228594664060447,True,ok,julia_xfoil,,prestall,seed_reference_pending_full_polar_dae11_rescue
dae11,"root,mid1",150000.0,rough,6.0,1.093964598997557,0.032161621468659946,-0.11160772409420303,True,ok,julia_xfoil,,prestall,seed_reference_pending_full_polar_dae11_rescue
dae11,"root,mid1",150000.0,rough,6.25,1.110050167219273,0.03304308831168848,-0.11091320226391607,True,ok,julia_xfoil,,prestall,seed_reference_pending_full_polar_dae11_rescue
dae11,"root,mid1",150000.0,rough,6.5,1.1257845097895796,0.03395580460361854,-0.11020416650901728,True,ok,julia_xfoil,,prestall,seed_reference_pending_full_polar_dae11_rescue
dae11,"root,mid1",150000.0,rough,6.75,1.1409813368727773,0.03491146916456989,-0.1094684219055306,True,ok,julia_xfoil,,prestall,seed_reference_pending_full_polar_dae11_rescue
dae11,"root,mid1",150000.0,rough,7.0,1.155912549708928,0.035886479922498854,-0.10871578342931995,True,ok,julia_xfoil,,prestall,seed_reference_pending_full_polar_dae11_rescue
dae11,"root,mid1",150000.0,rough,7.25,1.1706280301511411,0.036880167892482996,-0.10795217550863374,True,ok,julia_xfoil,,prestall,seed_reference_pending_full_polar_dae11_rescue
dae11,"root,mid1",150000.0,rough,7.5,1.1850872817778073,0.037898499563628923,-0.10718271252681509,True,ok,julia_xfoil,,prestall,seed_reference_pending_full_polar_dae11_rescue
dae11,"root,mid1",150000.0,rough,7.75,1.1990468096035025,0.038969137401252525,-0.10640615172846629,True,ok,julia_xfoil,,prestall,seed_reference_pending_full_polar_dae11_rescue
dae11,"root,mid1",150000.0,rough,8.0,1.2126970605934022,0.04006265157266328,-0.10561437623082756,True,ok,julia_xfoil,,prestall,seed_reference_pending_full_polar_dae11_rescue
dae11,"root,mid1",150000.0,rough,8.25,1.2260473485879178,0.04117647986148269,-0.1048060520503301,True,ok,julia_xfoil,,prestall,seed_reference_pending_full_polar_dae11_rescue
dae11,"root,mid1",150000.0,rough,8.5,1.239214666008912,0.04230983184392299,-0.10399694014566005,True,ok,julia_xfoil,,prestall,seed_reference_pending_full_polar_dae11_rescue
dae11,"root,mid1",150000.0,rough,8.75,1.2519853536712857,0.043488598446435774,-0.10318820525062868,True,ok,julia_xfoil,,prestall,seed_reference_pending_full_polar_dae11_rescue
dae11,"root,mid1",150000.0,rough,9.0,1.2642682043449196,0.04472303045917318,-0.10237820660101975,True,ok,julia_xfoil,,prestall,seed_reference_pending_full_polar_dae11_rescue
dae11,"root,mid1",150000.0,rough,9.25,1.2763854339291505,0.04597743140668876,-0.10157357293253208,True,ok,julia_xfoil,,prestall,seed_reference_pending_full_polar_dae11_rescue
dae11,"root,mid1",150000.0,rough,9.5,1.2883894169170078,0.04725691753847475,-0.10078728249685559,True,ok,julia_xfoil,,prestall,seed_reference_pending_full_polar_dae11_rescue
dae11,"root,mid1",150000.0,rough,9.75,1.3003533162293686,0.048560551363659,-0.10002699209019937,True,ok,julia_xfoil,,prestall,seed_reference_pending_full_polar_dae11_rescue
dae11,"root,mid1",150000.0,rough,10.0,1.3118994536158304,0.04992997955710821,-0.09928554762938646,True,ok,julia_xfoil,,prestall,seed_reference_pending_full_polar_dae11_rescue
dae11,"root,mid1",150000.0,rough,10.25,1.3231401162100849,0.05136137304287843,-0.09857409305616274,True,ok,julia_xfoil,,prestall,seed_reference_pending_full_polar_dae11_rescue
dae11,"root,mid1",150000.0,rough,10.5,1.3343496663094572,0.05280613127079024,-0.09787921048239269,True,ok,julia_xfoil,,prestall,seed_reference_pending_full_polar_dae11_rescue
dae11,"root,mid1",150000.0,rough,10.75,1.3454157765827945,0.054284832901646665,-0.09720821565388138,True,ok,julia_xfoil,,prestall,seed_reference_pending_full_polar_dae11_rescue
dae11,"root,mid1",150000.0,rough,11.0,1.3562495053479853,0.055793156105949385,-0.09654673597184998,True,ok,julia_xfoil,,prestall,seed_reference_pending_full_polar_dae11_rescue
dae11,"root,mid1",150000.0,rough,11.25,1.366618070728899,0.05738328875476681,-0.09591625466143008,True,ok,julia_xfoil,,prestall,seed_reference_pending_full_polar_dae11_rescue
dae11,"root,mid1",150000.0,rough,11.5,1.3764398526976611,0.059039719109512556,-0.09529325526778831,True,ok,julia_xfoil,,prestall,seed_reference_pending_full_polar_dae11_rescue
dae11,"root,mid1",150000.0,rough,11.75,1.386157931188483,0.06070047414029117,-0.09467220398867497,True,ok,julia_xfoil,,prestall,seed_reference_pending_full_polar_dae11_rescue
dae11,"root,mid1",150000.0,rough,12.0,1.3957228177466499,0.06239608120913416,-0.09407479048587802,True,ok,julia_xfoil,,prestall,seed_reference_pending_full_polar_dae11_rescue
dae11,"root,mid1",150000.0,rough,12.25,1.4049404780124326,0.06414266085034626,-0.09349610611797038,True,ok,julia_xfoil,,prestall,seed_reference_pending_full_polar_dae11_rescue
dae11,"root,mid1",150000.0,rough,12.5,1.4133347401334475,0.06601533687602035,-0.09295183848283604,True,ok,julia_xfoil,,prestall,seed_reference_pending_full_polar_dae11_rescue
dae11,"root,mid1",150000.0,rough,12.75,1.4216983743243732,0.06792041901665853,-0.09244559808296418,True,ok,julia_xfoil,,prestall,seed_reference_pending_full_polar_dae11_rescue
dae11,"root,mid1",150000.0,rough,13.0,1.429991660391391,0.06983396261237515,-0.09195789861225023,True,ok,julia_xfoil,,prestall,seed_reference_pending_full_polar_dae11_rescue
dae11,"root,mid1",150000.0,rough,13.25,1.4379380358751948,0.07179352220165601,-0.09149315510431855,True,ok,julia_xfoil,,prestall,seed_reference_pending_full_polar_dae11_rescue
dae11,"root,mid1",150000.0,rough,13.5,1.4451071405351499,0.07387840161459497,-0.09106105446279268,True,ok,julia_xfoil,,prestall,seed_reference_pending_full_polar_dae11_rescue
dae11,"root,mid1",150000.0,rough,13.75,1.4517378718774516,0.07605326226253092,-0.09066832680870104,True,ok,julia_xfoil,,prestall,seed_reference_pending_full_polar_dae11_rescue
dae11,"root,mid1",150000.0,rough,14.0,1.4583003190756563,0.07821846265602814,-0.09028183022928249,True,ok,julia_xfoil,,prestall,seed_reference_pending_full_polar_dae11_rescue
dae11,"root,mid1",150000.0,rough,14.25,1.4645049443048859,0.08041768914662889,-0.08990861508708976,True,ok,julia_xfoil,,prestall,seed_reference_pending_full_polar_dae11_rescue
dae11,"root,mid1",150000.0,rough,14.5,1.4698768494408292,0.08277563523175405,-0.08960419293833016,True,ok,julia_xfoil,,prestall,seed_reference_pending_full_polar_dae11_rescue
dae11,"root,mid1",150000.0,rough,14.75,1.4748176058712796,0.08520562708746784,-0.08934160889213726,True,ok,julia_xfoil,,prestall,seed_reference_pending_full_polar_dae11_rescue
dae11,"root,mid1",150000.0,rough,15.0,1.4797372349148374,0.08764478232288649,-0.08911088945897419,True,ok,julia_xfoil,,prestall,seed_reference_pending_full_polar_dae11_rescue
dae11,"root,mid1",150000.0,rough,15.25,1.4843625257639588,0.09014737152426233,-0.08893073481646417,True,ok,julia_xfoil,,prestall,seed_reference_pending_full_polar_dae11_rescue
dae11,"root,mid1",150000.0,rough,15.5,1.4879316489998158,0.09283549224941337,-0.08883360820636871,True,ok,julia_xfoil,,prestall,seed_reference_pending_full_polar_dae11_rescue
dae11,"root,mid1",150000.0,rough,15.75,1.4912808072237818,0.09555074904566503,-0.08877287421273393,True,ok,julia_xfoil,,prestall,seed_reference_pending_full_polar_dae11_rescue
dae11,"root,mid1",150000.0,rough,16.0,1.4945082002608185,0.09827892684579123,-0.08874722079417906,True,ok,julia_xfoil,,prestall,seed_reference_pending_full_polar_dae11_rescue
dae11,"root,mid1",150000.0,rough,16.25,1.4969042009369484,0.10117004940687128,-0.08881457452292618,True,ok,julia_xfoil,,prestall,seed_reference_pending_full_polar_dae11_rescue
dae11,"root,mid1",150000.0,rough,16.5,1.498730704235571,0.104144145351706,-0.0889402427420738,True,ok,julia_xfoil,,prestall,seed_reference_pending_full_polar_dae11_rescue
dae11,"root,mid1",150000.0,rough,16.75,1.5003321918619392,0.10712305401371128,-0.0890909924701735,True,ok,julia_xfoil,,prestall,seed_reference_pending_full_polar_dae11_rescue
dae11,"root,mid1",150000.0,rough,17.0,1.5008768582516536,0.11031224951927723,-0.08935936712684847,True,ok,julia_xfoil,,prestall,seed_reference_pending_full_polar_dae11_rescue
dae11,"root,mid1",150000.0,rough,17.25,1.500911932327635,0.11359693294833857,-0.08970449656098219,True,ok,julia_xfoil,,prestall,seed_reference_pending_full_polar_dae11_rescue
dae11,"root,mid1",150000.0,rough,17.5,1.5009593847150113,0.116874041239614,-0.09008499410481766,True,ok,julia_xfoil,,prestall,seed_reference_pending_full_polar_dae11_rescue
dae11,"root,mid1",150000.0,rough,17.75,1.4996907192290032,0.1204183986383634,-0.0906113638566404,True,ok,julia_xfoil,,poststall,seed_reference_pending_full_polar_dae11_rescue
dae11,"root,mid1",150000.0,rough,18.0,1.4979294223929926,0.1240260224934549,-0.09118117004981205,True,ok,julia_xfoil,,poststall,seed_reference_pending_full_polar_dae11_rescue
dae11,"root,mid1",175000.0,rough,-6.0,-0.04494979159180377,0.06287176098387354,-0.0859729793607705,True,ok,julia_xfoil,,prestall,seed_reference_pending_full_polar_dae11_rescue
dae11,"root,mid1",175000.0,rough,-5.75,-0.028931045993405596,0.06297352596358864,-0.08454869596959531,True,ok,julia_xfoil,,prestall,seed_reference_pending_full_polar_dae11_rescue
dae11,"root,mid1",175000.0,rough,-5.5,0.011933312416567692,0.04825515395835432,-0.10784295771922972,False,ok,julia_xfoil,not_converged,unknown,seed_reference_pending_full_polar_dae11_rescue
dae11,"root,mid1",175000.0,rough,-5.25,0.033044096946158036,0.04506255299064552,-0.1086399013601714,False,ok,julia_xfoil,not_converged,unknown,seed_reference_pending_full_polar_dae11_rescue
dae11,"root,mid1",175000.0,rough,-5.0,0.05570466115168187,0.04114071601811439,-0.11103743248587761,True,ok,julia_xfoil,,prestall,seed_reference_pending_full_polar_dae11_rescue
dae11,"root,mid1",175000.0,rough,-4.75,0.08167792272521923,0.036836433042032206,-0.11448772416667015,True,ok,julia_xfoil,,prestall,seed_reference_pending_full_polar_dae11_rescue
dae11,"root,mid1",175000.0,rough,-4.5,0.10904149386746811,0.0329108371204963,-0.1171761095268332,True,ok,julia_xfoil,,prestall,seed_reference_pending_full_polar_dae11_rescue
dae11,"root,mid1",175000.0,rough,-4.25,0.1370270753154706,0.029658270432708418,-0.11900276074934457,True,ok,julia_xfoil,,prestall,seed_reference_pending_full_polar_dae11_rescue
dae11,"root,mid1",175000.0,rough,-4.0,0.16522953799705684,0.027139501959931416,-0.12013270932700228,True,ok,julia_xfoil,,prestall,seed_reference_pending_full_polar_dae11_rescue
dae11,"root,mid1",175000.0,rough,-3.75,0.19345612924802255,0.025276798318811383,-0.1207960950412176,True,ok,julia_xfoil,,prestall,seed_reference_pending_full_polar_dae11_rescue
dae11,"root,mid1",175000.0,rough,-3.5,0.22156051367716148,0.023965374346488915,-0.12115921467744858,True,ok,julia_xfoil,,prestall,seed_reference_pending_full_polar_dae11_rescue
dae11,"root,mid1",175000.0,rough,-3.25,0.24903743732645275,0.02256181414584348,-0.12154141373310708,True,ok,julia_xfoil,,prestall,seed_reference_pending_full_polar_dae11_rescue
dae11,"root,mid1",175000.0,rough,-3.0,0.27631102974143934,0.021814545479090026,-0.12176241829757335,True,ok,julia_xfoil,,prestall,seed_reference_pending_full_polar_dae11_rescue
dae11,"root,mid1",175000.0,rough,-2.75,0.30363832335015867,0.02125996393620578,-0.12189888324004965,True,ok,julia_xfoil,,prestall,seed_reference_pending_full_polar_dae11_rescue
dae11,"root,mid1",175000.0,rough,-2.5,0.33085261106629077,0.020964289120098647,-0.12200176586407892,True,ok,julia_xfoil,,prestall,seed_reference_pending_full_polar_dae11_rescue
dae11,"root,mid1",175000.0,rough,-2.25,0.35816038526731275,0.020655219952281003,-0.12202374154758507,True,ok,julia_xfoil,,prestall,seed_reference_pending_full_polar_dae11_rescue
dae11,"root,mid1",175000.0,rough,-2.0,0.3853903368190663,0.020006515175128785,-0.12209185705646654,True,ok,julia_xfoil,,prestall,seed_reference_pending_full_polar_dae11_rescue
dae11,"root,mid1",175000.0,rough,-1.75,0.4125256901706714,0.019539097454092054,-0.12222423738894048,True,ok,julia_xfoil,,prestall,seed_reference_pending_full_polar_dae11_rescue
dae11,"root,mid1",175000.0,rough,-1.5,0.43968456165096187,0.019286240900195598,-0.12231281581088967,True,ok,julia_xfoil,,prestall,seed_reference_pending_full_polar_dae11_rescue
dae11,"root,mid1",175000.0,rough,-1.25,0.4668610377729941,0.019101505761687475,-0.12237273099364455,True,ok,julia_xfoil,,prestall,seed_reference_pending_full_polar_dae11_rescue
dae11,"root,mid1",175000.0,rough,-1.0,0.49404695595087683,0.018887326792949775,-0.12250611548827656,True,ok,julia_xfoil,,prestall,seed_reference_pending_full_polar_dae11_rescue
dae11,"root,mid1",175000.0,rough,-0.75,0.5212899541998716,0.01880110316751152,-0.12248944397660995,True,ok,julia_xfoil,,prestall,seed_reference_pending_full_polar_dae11_rescue
dae11,"root,mid1",175000.0,rough,-0.5,0.5479491331135298,0.01886712779508437,-0.12245120162756191,True,ok,julia_xfoil,,prestall,seed_reference_pending_full_polar_dae11_rescue
dae11,"root,mid1",175000.0,rough,-0.25,0.5743067966810513,0.018982341251576107,-0.12240227698028389,True,ok,julia_xfoil,,prestall,seed_reference_pending_full_polar_dae11_rescue
dae11,"root,mid1",175000.0,rough,0.0,0.6004159163471834,0.01912534163329414,-0.12233774482516704,True,ok,julia_xfoil,,prestall,seed_reference_pending_full_polar_dae11_rescue
dae11,"root,mid1",175000.0,rough,0.25,0.6262624412604573,0.01929115411538201,-0.122253792165022,True,ok,julia_xfoil,,prestall,seed_reference_pending_full_polar_dae11_rescue
dae11,"root,mid1",175000.0,rough,0.5,0.6518679045019244,0.0194752674496991,-0.1221503630686458,True,ok,julia_xfoil,,prestall,seed_reference_pending_full_polar_dae11_rescue
dae11,"root,mid1",175000.0,rough,0.75,0.6772219539753144,0.019678353446894014,-0.12202747822598362,True,ok,julia_xfoil,,prestall,seed_reference_pending_full_polar_dae11_rescue
dae11,"root,mid1",175000.0,rough,1.0,0.7022912510220313,0.01989863291016694,-0.12187960402838582,True,ok,julia_xfoil,,prestall,seed_reference_pending_full_polar_dae11_rescue
dae11,"root,mid1",175000.0,rough,1.25,0.7270298276032494,0.020139367479279493,-0.12170259682448198,True,ok,julia_xfoil,,prestall,seed_reference_pending_full_polar_dae11_rescue
dae11,"root,mid1",175000.0,rough,1.5,0.7514027209472443,0.02039982038972279,-0.12149407666482,True,ok,julia_xfoil,,prestall,seed_reference_pending_full_polar_dae11_rescue
dae11,"root,mid1",175000.0,rough,1.75,0.7754203349765396,0.020680760524469183,-0.12125673132815525,True,ok,julia_xfoil,,prestall,seed_reference_pending_full_polar_dae11_rescue
dae11,"root,mid1",175000.0,rough,2.0,0.7990259278162822,0.02098289656210341,-0.12098399990078933,True,ok,julia_xfoil,,prestall,seed_reference_pending_full_polar_dae11_rescue
dae11,"root,mid1",175000.0,rough,2.25,0.8221571200871481,0.021310185379889275,-0.12067051372187586,True,ok,julia_xfoil,,prestall,seed_reference_pending_full_polar_dae11_rescue
dae11,"root,mid1",175000.0,rough,2.5,0.8447427927682639,0.02166491495216305,-0.12031326001748267,True,ok,julia_xfoil,,prestall,seed_reference_pending_full_polar_dae11_rescue
dae11,"root,mid1",175000.0,rough,2.75,0.8667348700917322,0.02205065679207957,-0.1199117661297385,True,ok,julia_xfoil,,prestall,seed_reference_pending_full_polar_dae11_rescue
dae11,"root,mid1",175000.0,rough,3.0,0.8877995314661319,0.022474972146715736,-0.11942809216754081,True,ok,julia_xfoil,,prestall,seed_reference_pending_full_polar_dae11_rescue
dae11,"root,mid1",175000.0,rough,3.25,0.9066627293888595,0.022961303939273273,-0.11870498696009235,True,ok,julia_xfoil,,prestall,seed_reference_pending_full_polar_dae11_rescue
dae11,"root,mid1",175000.0,rough,3.5,0.9253941633520918,0.02350539216726698,-0.11806245584763769,True,ok,julia_xfoil,,prestall,seed_reference_pending_full_polar_dae11_rescue
dae11,"root,mid1",175000.0,rough,3.75,0.9452148808928943,0.024096241127811127,-0.11766118825980514,True,ok,julia_xfoil,,prestall,seed_reference_pending_full_polar_dae11_rescue
dae11,"root,mid1",175000.0,rough,4.0,0.9649500990215165,0.02472167301002327,-0.11728337716639195,True,ok,julia_xfoil,,prestall,seed_reference_pending_full_polar_dae11_rescue
dae11,"root,mid1",175000.0,rough,4.25,0.9843332541819858,0.025373767887949657,-0.11687303572538087,True,ok,julia_xfoil,,prestall,seed_reference_pending_full_polar_dae11_rescue
dae11,"root,mid1",175000.0,rough,4.5,1.0032366154714152,0.02605768837831296,-0.11642021541977009,True,ok,julia_xfoil,,prestall,seed_reference_pending_full_polar_dae11_rescue
dae11,"root,mid1",175000.0,rough,4.75,1.02174614604198,0.02676704574951424,-0.1159278980321758,True,ok,julia_xfoil,,prestall,seed_reference_pending_full_polar_dae11_rescue
dae11,"root,mid1",175000.0,rough,5.0,1.039702334217688,0.027509782161804164,-0.11538525491456463,True,ok,julia_xfoil,,prestall,seed_reference_pending_full_polar_dae11_rescue
dae11,"root,mid1",175000.0,rough,5.25,1.0572795888058282,0.028281344523461073,-0.11481444162615072,True,ok,julia_xfoil,,prestall,seed_reference_pending_full_polar_dae11_rescue
dae11,"root,mid1",175000.0,rough,5.5,1.0746292778765139,0.02906779867748223,-0.11421984736187965,True,ok,julia_xfoil,,prestall,seed_reference_pending_full_polar_dae11_rescue
dae11,"root,mid1",175000.0,rough,5.75,1.0915142240463696,0.029885153870518568,-0.11358887535165303,True,ok,julia_xfoil,,prestall,seed_reference_pending_full_polar_dae11_rescue
dae11,"root,mid1",175000.0,rough,6.0,1.107916016880717,0.030739553219022463,-0.1129261237640941,True,ok,julia_xfoil,,prestall,seed_reference_pending_full_polar_dae11_rescue
dae11,"root,mid1",175000.0,rough,6.25,1.124077716434436,0.031613086322494925,-0.11224660663360428,True,ok,julia_xfoil,,prestall,seed_reference_pending_full_polar_dae11_rescue
dae11,"root,mid1",175000.0,rough,6.5,1.1399881549306339,0.032505112258343585,-0.11154843588722786,True,ok,julia_xfoil,,prestall,seed_reference_pending_full_polar_dae11_rescue
dae11,"root,mid1",175000.0,rough,6.75,1.1554460378333757,0.03344394933812769,-0.11084145698126786,True,ok,julia_xfoil,,prestall,seed_reference_pending_full_polar_dae11_rescue
dae11,"root,mid1",175000.0,rough,7.0,1.1705230137405316,0.03440573164744627,-0.11010070562951005,True,ok,julia_xfoil,,prestall,seed_reference_pending_full_polar_dae11_rescue
dae11,"root,mid1",175000.0,rough,7.25,1.1854116070619163,0.03538041659512781,-0.10934246077825888,True,ok,julia_xfoil,,prestall,seed_reference_pending_full_polar_dae11_rescue
dae11,"root,mid1",175000.0,rough,7.5,1.1999901528028016,0.03638230884183957,-0.10857055573697513,True,ok,julia_xfoil,,prestall,seed_reference_pending_full_polar_dae11_rescue
dae11,"root,mid1",175000.0,rough,7.75,1.214077431602425,0.03743440349474082,-0.10778997129852681,True,ok,julia_xfoil,,prestall,seed_reference_pending_full_polar_dae11_rescue
dae11,"root,mid1",175000.0,rough,8.0,1.2277963251300688,0.03852398791215602,-0.10700250773277387,True,ok,julia_xfoil,,prestall,seed_reference_pending_full_polar_dae11_rescue
dae11,"root,mid1",175000.0,rough,8.25,1.241310766875652,0.03961972731477769,-0.10619424297965252,True,ok,julia_xfoil,,prestall,seed_reference_pending_full_polar_dae11_rescue
dae11,"root,mid1",175000.0,rough,8.5,1.25462596460397,0.0407288287693278,-0.10537567857174436,True,ok,julia_xfoil,,prestall,seed_reference_pending_full_polar_dae11_rescue
dae11,"root,mid1",175000.0,rough,8.75,1.2675862115339784,0.04187594969946682,-0.10455400024002878,True,ok,julia_xfoil,,prestall,seed_reference_pending_full_polar_dae11_rescue
dae11,"root,mid1",175000.0,rough,9.0,1.2798566909485896,0.04310115518282049,-0.10372943943897116,True,ok,julia_xfoil,,prestall,seed_reference_pending_full_polar_dae11_rescue
dae11,"root,mid1",175000.0,rough,9.25,1.2919242415221095,0.04435041330486531,-0.10290893542355221,True,ok,julia_xfoil,,prestall,seed_reference_pending_full_polar_dae11_rescue
dae11,"root,mid1",175000.0,rough,9.5,1.304057434434353,0.04560202432506593,-0.10210587249636723,True,ok,julia_xfoil,,prestall,seed_reference_pending_full_polar_dae11_rescue
dae11,"root,mid1",175000.0,rough,9.75,1.3163338891687582,0.04687032684102107,-0.10134589079213985,True,ok,julia_xfoil,,prestall,seed_reference_pending_full_polar_dae11_rescue
dae11,"root,mid1",175000.0,rough,10.0,1.328227411070407,0.04818733927504647,-0.10059261723143922,True,ok,julia_xfoil,,prestall,seed_reference_pending_full_polar_dae11_rescue
dae11,"root,mid1",175000.0,rough,10.25,1.3394770304219243,0.04960119871293244,-0.09986107965164251,True,ok,julia_xfoil,,prestall,seed_reference_pending_full_polar_dae11_rescue
dae11,"root,mid1",175000.0,rough,10.5,1.350587714264627,0.051042947471586,-0.0991454278714919,True,ok,julia_xfoil,,prestall,seed_reference_pending_full_polar_dae11_rescue
dae11,"root,mid1",175000.0,rough,10.75,1.3618325406804597,0.052487971970170084,-0.0984570832465187,True,ok,julia_xfoil,,prestall,seed_reference_pending_full_polar_dae11_rescue
dae11,"root,mid1",175000.0,rough,11.0,1.3729425644454447,0.053949626854478176,-0.09777721574414751,True,ok,julia_xfoil,,prestall,seed_reference_pending_full_polar_dae11_rescue
dae11,"root,mid1",175000.0,rough,11.25,1.383813652005342,0.05546523201038289,-0.09712908863341754,True,ok,julia_xfoil,,prestall,seed_reference_pending_full_polar_dae11_rescue
dae11,"root,mid1",175000.0,rough,11.5,1.3937701340441178,0.05710093104293535,-0.09649537766634697,True,ok,julia_xfoil,,prestall,seed_reference_pending_full_polar_dae11_rescue
dae11,"root,mid1",175000.0,rough,11.75,1.4035750304093293,0.05875633825496185,-0.09587244329645445,True,ok,julia_xfoil,,prestall,seed_reference_pending_full_polar_dae11_rescue
dae11,"root,mid1",175000.0,rough,12.0,1.4133616032161933,0.060414980343412854,-0.09525972133478808,True,ok,julia_xfoil,,prestall,seed_reference_pending_full_polar_dae11_rescue
dae11,"root,mid1",175000.0,rough,12.25,1.4229107857358472,0.062098619953718466,-0.09465349073560392,True,ok,julia_xfoil,,prestall,seed_reference_pending_full_polar_dae11_rescue
dae11,"root,mid1",175000.0,rough,12.5,1.4318763087509,0.06386293318096714,-0.09406528018105942,True,ok,julia_xfoil,,prestall,seed_reference_pending_full_polar_dae11_rescue
dae11,"root,mid1",175000.0,rough,12.75,1.440203648597948,0.06575851521490739,-0.09353451408906112,True,ok,julia_xfoil,,prestall,seed_reference_pending_full_polar_dae11_rescue
dae11,"root,mid1",175000.0,rough,13.0,1.4485217725464927,0.06765727564572696,-0.09302061858404166,True,ok,julia_xfoil,,prestall,seed_reference_pending_full_polar_dae11_rescue
dae11,"root,mid1",175000.0,rough,13.25,1.4567658627305196,0.0695652875274672,-0.09252508473523786,True,ok,julia_xfoil,,prestall,seed_reference_pending_full_polar_dae11_rescue
dae11,"root,mid1",175000.0,rough,13.5,1.4647512210683304,0.07152149578702714,-0.09206392660318755,True,ok,julia_xfoil,,prestall,seed_reference_pending_full_polar_dae11_rescue
dae11,"root,mid1",175000.0,rough,13.75,1.4716596038957062,0.07364208873736854,-0.09163767085371381,True,ok,julia_xfoil,,prestall,seed_reference_pending_full_polar_dae11_rescue
dae11,"root,mid1",175000.0,rough,14.0,1.4783135494399535,0.07579518649174387,-0.09123233786406848,True,ok,julia_xfoil,,prestall,seed_reference_pending_full_polar_dae11_rescue
dae11,"root,mid1",175000.0,rough,14.25,1.484829137573535,0.07795092048754948,-0.09083636778169857,True,ok,julia_xfoil,,prestall,seed_reference_pending_full_polar_dae11_rescue
dae11,"root,mid1",175000.0,rough,14.5,1.4910461834858861,0.08015126694909165,-0.09046598866150435,True,ok,julia_xfoil,,prestall,seed_reference_pending_full_polar_dae11_rescue
dae11,"root,mid1",175000.0,rough,14.75,1.4960649407125381,0.08254213319755044,-0.09015503595611643,True,ok,julia_xfoil,,prestall,seed_reference_pending_full_polar_dae11_rescue
dae11,"root,mid1",175000.0,rough,15.0,1.5010041774794634,0.08494869125855822,-0.08987289400118849,True,ok,julia_xfoil,,prestall,seed_reference_pending_full_polar_dae11_rescue
dae11,"root,mid1",175000.0,rough,15.25,1.5059565124170573,0.08736055492960712,-0.08962103825438061,True,ok,julia_xfoil,,prestall,seed_reference_pending_full_polar_dae11_rescue
dae11,"root,mid1",175000.0,rough,15.5,1.5103451161085313,0.08988824301120162,-0.08943562406635414,True,ok,julia_xfoil,,prestall,seed_reference_pending_full_polar_dae11_rescue
dae11,"root,mid1",175000.0,rough,15.75,1.5136114695712357,0.09259417387781434,-0.08932176962775631,True,ok,julia_xfoil,,prestall,seed_reference_pending_full_polar_dae11_rescue
dae11,"root,mid1",175000.0,rough,16.0,1.516959508633195,0.095281546665365,-0.08923353874997171,True,ok,julia_xfoil,,prestall,seed_reference_pending_full_polar_dae11_rescue
dae11,"root,mid1",175000.0,rough,16.25,1.5201752036403249,0.09800214796175839,-0.08919140016125539,True,ok,julia_xfoil,,prestall,seed_reference_pending_full_polar_dae11_rescue
dae11,"root,mid1",175000.0,rough,16.5,1.5220046343979667,0.1009571283763681,-0.08925083236262071,True,ok,julia_xfoil,,prestall,seed_reference_pending_full_polar_dae11_rescue
dae11,"root,mid1",175000.0,rough,16.75,1.5235022181806357,0.10394878074386375,-0.08934841995713358,True,ok,julia_xfoil,,prestall,seed_reference_pending_full_polar_dae11_rescue
dae11,"root,mid1",175000.0,rough,17.0,1.5246042604281094,0.10697841290851737,-0.08947633294232062,True,ok,julia_xfoil,,prestall,seed_reference_pending_full_polar_dae11_rescue
dae11,"root,mid1",175000.0,rough,17.25,1.5242077627116075,0.11027711134650778,-0.08972476936450982,True,ok,julia_xfoil,,poststall,seed_reference_pending_full_polar_dae11_rescue
dae11,"root,mid1",175000.0,rough,17.5,1.523186976885332,0.1136806960046314,-0.09003426837823121,True,ok,julia_xfoil,,poststall,seed_reference_pending_full_polar_dae11_rescue
dae11,"root,mid1",175000.0,rough,17.75,1.5169540888120046,0.1179001232682584,-0.09071378208981012,True,ok,julia_xfoil,,poststall,seed_reference_pending_full_polar_dae11_rescue
dae11,"root,mid1",175000.0,rough,18.0,1.509470937758779,0.12240044852847883,-0.09160746599620728,True,ok,julia_xfoil,,poststall,seed_reference_pending_full_polar_dae11_rescue
dae11,"root,mid1",200000.0,rough,-6.0,-0.04918647977079863,0.06502430053718256,-0.08000471720971085,True,ok,julia_xfoil,,prestall,seed_reference_pending_full_polar_dae11_rescue
dae11,"root,mid1",200000.0,rough,-5.75,-0.02736704387870577,0.059811540035174034,-0.08793013798213327,True,ok,julia_xfoil,,prestall,seed_reference_pending_full_polar_dae11_rescue
dae11,"root,mid1",200000.0,rough,-5.5,0.005235189560903373,0.05169815855075794,-0.10013562037318735,True,ok,julia_xfoil,,prestall,seed_reference_pending_full_polar_dae11_rescue
dae11,"root,mid1",200000.0,rough,-5.25,0.028361340963595463,0.04686270813317593,-0.10519444160805451,True,ok,julia_xfoil,,prestall,seed_reference_pending_full_polar_dae11_rescue
dae11,"root,mid1",200000.0,rough,-5.0,0.053883428307894214,0.04197758545830054,-0.10995328866509199,True,ok,julia_xfoil,,prestall,seed_reference_pending_full_polar_dae11_rescue
dae11,"root,mid1",200000.0,rough,-4.75,0.0813381247324766,0.03698071558487403,-0.11414454297248428,True,ok,julia_xfoil,,prestall,seed_reference_pending_full_polar_dae11_rescue
dae11,"root,mid1",200000.0,rough,-4.5,0.1096763722409619,0.03235102771160377,-0.11729736504347396,True,ok,julia_xfoil,,prestall,seed_reference_pending_full_polar_dae11_rescue
dae11,"root,mid1",200000.0,rough,-4.25,0.13823399226588012,0.028641619205077944,-0.11929444685696411,True,ok,julia_xfoil,,prestall,seed_reference_pending_full_polar_dae11_rescue
dae11,"root,mid1",200000.0,rough,-4.0,0.1666947790928138,0.025976737198638643,-0.12042557220804777,True,ok,julia_xfoil,,prestall,seed_reference_pending_full_polar_dae11_rescue
dae11,"root,mid1",200000.0,rough,-3.75,0.19501714414083515,0.02408347409055901,-0.12106255777412044,True,ok,julia_xfoil,,prestall,seed_reference_pending_full_polar_dae11_rescue
dae11,"root,mid1",200000.0,rough,-3.5,0.22318546273035378,0.022704386502927203,-0.12142312426411209,True,ok,julia_xfoil,,prestall,seed_reference_pending_full_polar_dae11_rescue
dae11,"root,mid1",200000.0,rough,-3.25,0.2511768353562452,0.02170068811566076,-0.1216199970565258,True,ok,julia_xfoil,,prestall,seed_reference_pending_full_polar_dae11_rescue
dae11,"root,mid1",200000.0,rough,-3.0,0.2789568230739871,0.021012183896636425,-0.12172409007138621,True,ok,julia_xfoil,,prestall,seed_reference_pending_full_polar_dae11_rescue
dae11,"root,mid1",200000.0,rough,-2.75,0.30623920660659487,0.020078617112292627,-0.12195496234031451,True,ok,julia_xfoil,,prestall,seed_reference_pending_full_polar_dae11_rescue
dae11,"root,mid1",200000.0,rough,-2.5,0.33346363479170327,0.019766705317630067,-0.12211808355534992,True,ok,julia_xfoil,,prestall,seed_reference_pending_full_polar_dae11_rescue
dae11,"root,mid1",200000.0,rough,-2.25,0.36071232601554354,0.019570725428193547,-0.12222192495629616,True,ok,julia_xfoil,,prestall,seed_reference_pending_full_polar_dae11_rescue
dae11,"root,mid1",200000.0,rough,-2.0,0.3880622634046705,0.019244852182635993,-0.12226492174043194,True,ok,julia_xfoil,,prestall,seed_reference_pending_full_polar_dae11_rescue
dae11,"root,mid1",200000.0,rough,-1.75,0.41541394926322633,0.018844288985912522,-0.12233572240674162,True,ok,julia_xfoil,,prestall,seed_reference_pending_full_polar_dae11_rescue
dae11,"root,mid1",200000.0,rough,-1.5,0.4427609029369578,0.018464466881828276,-0.12252167945647675,True,ok,julia_xfoil,,prestall,seed_reference_pending_full_polar_dae11_rescue
dae11,"root,mid1",200000.0,rough,-1.25,0.47003942985740566,0.01831362235013959,-0.12262678652814224,True,ok,julia_xfoil,,prestall,seed_reference_pending_full_polar_dae11_rescue
dae11,"root,mid1",200000.0,rough,-1.0,0.49728653767550357,0.018197096976317037,-0.12272021983509551,True,ok,julia_xfoil,,prestall,seed_reference_pending_full_polar_dae11_rescue
dae11,"root,mid1",200000.0,rough,-0.75,0.5246346693293249,0.01808596001545854,-0.12278101489184388,True,ok,julia_xfoil,,prestall,seed_reference_pending_full_polar_dae11_rescue
dae11,"root,mid1",200000.0,rough,-0.5,0.5514731426044331,0.018150621074641507,-0.12276209681976179,True,ok,julia_xfoil,,prestall,seed_reference_pending_full_polar_dae11_rescue
dae11,"root,mid1",200000.0,rough,-0.25,0.5780167199624161,0.018265458354577484,-0.12273677819399552,True,ok,julia_xfoil,,prestall,seed_reference_pending_full_polar_dae11_rescue
dae11,"root,mid1",200000.0,rough,0.0,0.6043271701154952,0.01840582109966367,-0.12269861823767342,True,ok,julia_xfoil,,prestall,seed_reference_pending_full_polar_dae11_rescue
dae11,"root,mid1",200000.0,rough,0.25,0.6304002472157495,0.018567326502094333,-0.12264300541192481,True,ok,julia_xfoil,,prestall,seed_reference_pending_full_polar_dae11_rescue
dae11,"root,mid1",200000.0,rough,0.5,0.6562296680889486,0.018746760242538556,-0.12256774374682554,True,ok,julia_xfoil,,prestall,seed_reference_pending_full_polar_dae11_rescue
dae11,"root,mid1",200000.0,rough,0.75,0.6818120239942015,0.018944031035899755,-0.12247271674594719,True,ok,julia_xfoil,,prestall,seed_reference_pending_full_polar_dae11_rescue
dae11,"root,mid1",200000.0,rough,1.0,0.7071383467480835,0.019157429870550406,-0.12235689072621092,True,ok,julia_xfoil,,prestall,seed_reference_pending_full_polar_dae11_rescue
dae11,"root,mid1",200000.0,rough,1.25,0.7321648018519904,0.019388577521274045,-0.1222148546364363,True,ok,julia_xfoil,,prestall,seed_reference_pending_full_polar_dae11_rescue
dae11,"root,mid1",200000.0,rough,1.5,0.7568433013921383,0.01963945420518728,-0.12204245609573589,True,ok,julia_xfoil,,prestall,seed_reference_pending_full_polar_dae11_rescue
dae11,"root,mid1",200000.0,rough,1.75,0.7811568922319875,0.019909702445918075,-0.12183818728767715,True,ok,julia_xfoil,,prestall,seed_reference_pending_full_polar_dae11_rescue
dae11,"root,mid1",200000.0,rough,2.0,0.8051011187302569,0.02019962294274588,-0.12160355050511336,True,ok,julia_xfoil,,prestall,seed_reference_pending_full_polar_dae11_rescue
dae11,"root,mid1",200000.0,rough,2.25,0.8286063341531215,0.020511905167811095,-0.12133231075473801,True,ok,julia_xfoil,,prestall,seed_reference_pending_full_polar_dae11_rescue
dae11,"root,mid1",200000.0,rough,2.5,0.8515982404226633,0.020850653719366494,-0.1210183792682983,True,ok,julia_xfoil,,prestall,seed_reference_pending_full_polar_dae11_rescue
dae11,"root,mid1",200000.0,rough,2.75,0.8740093312670438,0.021218687662079034,-0.12065897740188147,True,ok,julia_xfoil,,prestall,seed_reference_pending_full_polar_dae11_rescue
dae11,"root,mid1",200000.0,rough,3.0,0.8957642729187587,0.02162138804258309,-0.12025328576850855,True,ok,julia_xfoil,,prestall,seed_reference_pending_full_polar_dae11_rescue
dae11,"root,mid1",200000.0,rough,3.25,0.9157889434474533,0.022077513105721418,-0.11967426487201614,True,ok,julia_xfoil,,prestall,seed_reference_pending_full_polar_dae11_rescue
dae11,"root,mid1",200000.0,rough,3.5,0.9344029766339779,0.022599641247160927,-0.11898603728030341,True,ok,julia_xfoil,,prestall,seed_reference_pending_full_polar_dae11_rescue
dae11,"root,mid1",200000.0,rough,3.75,0.9541218345023946,0.023172560655070562,-0.11855567121929889,True,ok,julia_xfoil,,prestall,seed_reference_pending_full_polar_dae11_rescue
dae11,"root,mid1",200000.0,rough,4.0,0.9740205759486232,0.023783105949596983,-0.11819162261236624,True,ok,julia_xfoil,,prestall,seed_reference_pending_full_polar_dae11_rescue
dae11,"root,mid1",200000.0,rough,4.25,0.9935099326741972,0.024429310197258282,-0.1177983563199902,True,ok,julia_xfoil,,prestall,seed_reference_pending_full_polar_dae11_rescue
dae11,"root,mid1",200000.0,rough,4.5,1.012580168133889,0.025100568817843442,-0.1173608546277241,True,ok,julia_xfoil,,prestall,seed_reference_pending_full_polar_dae11_rescue
dae11,"root,mid1",200000.0,rough,4.75,1.0313074405434075,0.025800176696894755,-0.11689884477418533,True,ok,julia_xfoil,,prestall,seed_reference_pending_full_polar_dae11_rescue
dae11,"root,mid1",200000.0,rough,5.0,1.0496146355227849,0.02652163359430532,-0.11638960812852346,True,ok,julia_xfoil,,prestall,seed_reference_pending_full_polar_dae11_rescue
dae11,"root,mid1",200000.0,rough,5.25,1.0673701165393419,0.02728487036062178,-0.11584246124108602,True,ok,julia_xfoil,,prestall,seed_reference_pending_full_polar_dae11_rescue
dae11,"root,mid1",200000.0,rough,5.5,1.0848214573374773,0.02806856474839803,-0.11526694909807611,True,ok,julia_xfoil,,prestall,seed_reference_pending_full_polar_dae11_rescue
dae11,"root,mid1",200000.0,rough,5.75,1.1019081104373758,0.028878093988133256,-0.1146625309624161,True,ok,julia_xfoil,,prestall,seed_reference_pending_full_polar_dae11_rescue
dae11,"root,mid1",200000.0,rough,6.0,1.1185087980052884,0.02972233083816603,-0.11402447812672906,True,ok,julia_xfoil,,prestall,seed_reference_pending_full_polar_dae11_rescue
dae11,"root,mid1",200000.0,rough,6.25,1.1348647017687212,0.0305809662218585,-0.11336074661617156,True,ok,julia_xfoil,,prestall,seed_reference_pending_full_polar_dae11_rescue
dae11,"root,mid1",200000.0,rough,6.5,1.1510014964322972,0.03145445986604511,-0.11267809508945067,True,ok,julia_xfoil,,prestall,seed_reference_pending_full_polar_dae11_rescue
dae11,"root,mid1",200000.0,rough,6.75,1.1665580204681782,0.03238150823177652,-0.11197351975335035,True,ok,julia_xfoil,,prestall,seed_reference_pending_full_polar_dae11_rescue
dae11,"root,mid1",200000.0,rough,7.0,1.181620690426404,0.0333449684216369,-0.11123786114863163,True,ok,julia_xfoil,,prestall,seed_reference_pending_full_polar_dae11_rescue
dae11,"root,mid1",200000.0,rough,7.25,1.1964604501159315,0.03431670169486348,-0.1104761541601064,True,ok,julia_xfoil,,prestall,seed_reference_pending_full_polar_dae11_rescue
dae11,"root,mid1",200000.0,rough,7.5,1.2112315044823614,0.03529557810830518,-0.10971225215250646,True,ok,julia_xfoil,,prestall,seed_reference_pending_full_polar_dae11_rescue
dae11,"root,mid1",200000.0,rough,7.75,1.2255724298913981,0.03632012756181708,-0.10894285631061197,True,ok,julia_xfoil,,prestall,seed_reference_pending_full_polar_dae11_rescue
dae11,"root,mid1",200000.0,rough,8.0,1.2393672436635337,0.037401225617211264,-0.10816378727083197,True,ok,julia_xfoil,,prestall,seed_reference_pending_full_polar_dae11_rescue
dae11,"root,mid1",200000.0,rough,8.25,1.2529217673000108,0.038498560529503754,-0.10736880523589444,True,ok,julia_xfoil,,prestall,seed_reference_pending_full_polar_dae11_rescue
dae11,"root,mid1",200000.0,rough,8.5,1.266252201464633,0.03960317927124202,-0.10655307240598014,True,ok,julia_xfoil,,prestall,seed_reference_pending_full_polar_dae11_rescue
dae11,"root,mid1",200000.0,rough,8.75,1.279342274716445,0.04073025673736182,-0.10573053685226849,True,ok,julia_xfoil,,prestall,seed_reference_pending_full_polar_dae11_rescue
dae11,"root,mid1",200000.0,rough,9.0,1.291868760115383,0.04192427675699969,-0.10490811531815675,True,ok,julia_xfoil,,prestall,seed_reference_pending_full_polar_dae11_rescue
dae11,"root,mid1",200000.0,rough,9.25,1.3040467988030258,0.04315855358827413,-0.10408311031955242,True,ok,julia_xfoil,,prestall,seed_reference_pending_full_polar_dae11_rescue
dae11,"root,mid1",200000.0,rough,9.5,1.316200290487817,0.04439978939562523,-0.10326776469318603,True,ok,julia_xfoil,,prestall,seed_reference_pending_full_polar_dae11_rescue
dae11,"root,mid1",200000.0,rough,9.75,1.3285039001207586,0.04565988516003774,-0.1024987210807501,True,ok,julia_xfoil,,prestall,seed_reference_pending_full_polar_dae11_rescue
dae11,"root,mid1",200000.0,rough,10.0,1.3406236524624098,0.046951230726224216,-0.10174407488975454,True,ok,julia_xfoil,,prestall,seed_reference_pending_full_polar_dae11_rescue
dae11,"root,mid1",200000.0,rough,10.25,1.352001325152442,0.04833737015241545,-0.10099645318741862,True,ok,julia_xfoil,,prestall,seed_reference_pending_full_polar_dae11_rescue
dae11,"root,mid1",200000.0,rough,10.5,1.363115831512102,0.0497675491772402,-0.10026566791559838,True,ok,julia_xfoil,,prestall,seed_reference_pending_full_polar_dae11_rescue
dae11,"root,mid1",200000.0,rough,10.75,1.3745175488683201,0.05118796779693096,-0.09956789391863378,True,ok,julia_xfoil,,prestall,seed_reference_pending_full_polar_dae11_rescue
dae11,"root,mid1",200000.0,rough,11.0,1.3857377172602945,0.05263117047788763,-0.09887831160555362,True,ok,julia_xfoil,,prestall,seed_reference_pending_full_polar_dae11_rescue
dae11,"root,mid1",200000.0,rough,11.25,1.396850195222154,0.05410898413207316,-0.09821754681656993,True,ok,julia_xfoil,,prestall,seed_reference_pending_full_polar_dae11_rescue
dae11,"root,mid1",200000.0,rough,11.5,1.4070439312159788,0.0557062919958318,-0.09756843944590696,True,ok,julia_xfoil,,prestall,seed_reference_pending_full_polar_dae11_rescue
dae11,"root,mid1",200000.0,rough,11.75,1.4168639684329771,0.057354736633424434,-0.09693261591500169,True,ok,julia_xfoil,,prestall,seed_reference_pending_full_polar_dae11_rescue
dae11,"root,mid1",200000.0,rough,12.0,1.4268452224241917,0.05899554467541428,-0.09631900397595666,True,ok,julia_xfoil,,prestall,seed_reference_pending_full_polar_dae11_rescue
dae11,"root,mid1",200000.0,rough,12.25,1.4365755114792038,0.06064667049121072,-0.09569738153428914,True,ok,julia_xfoil,,prestall,seed_reference_pending_full_polar_dae11_rescue
dae11,"root,mid1",200000.0,rough,12.5,1.445900883997677,0.06235046364410068,-0.09508833912286942,True,ok,julia_xfoil,,prestall,seed_reference_pending_full_polar_dae11_rescue
dae11,"root,mid1",200000.0,rough,12.75,1.4543696385321152,0.06420852398495643,-0.09453069786575628,True,ok,julia_xfoil,,prestall,seed_reference_pending_full_polar_dae11_rescue
dae11,"root,mid1",200000.0,rough,13.0,1.4627215854360445,0.06608957008167832,-0.09399413215572684,True,ok,julia_xfoil,,prestall,seed_reference_pending_full_polar_dae11_rescue
dae11,"root,mid1",200000.0,rough,13.25,1.4710408051932606,0.06797187751956879,-0.09347008874476999,True,ok,julia_xfoil,,prestall,seed_reference_pending_full_polar_dae11_rescue
dae11,"root,mid1",200000.0,rough,13.5,1.4792082482551632,0.06988470710668529,-0.09297269627133627,True,ok,julia_xfoil,,prestall,seed_reference_pending_full_polar_dae11_rescue
dae11,"root,mid1",200000.0,rough,13.75,1.4866180973033436,0.07192605068059346,-0.0925248947877235,True,ok,julia_xfoil,,prestall,seed_reference_pending_full_polar_dae11_rescue
dae11,"root,mid1",200000.0,rough,14.0,1.4932302718208244,0.0740771096166442,-0.092099202405103,True,ok,julia_xfoil,,prestall,seed_reference_pending_full_polar_dae11_rescue
dae11,"root,mid1",200000.0,rough,14.25,1.4999828875690264,0.076201666445724,-0.09168630963772305,True,ok,julia_xfoil,,prestall,seed_reference_pending_full_polar_dae11_rescue
dae11,"root,mid1",200000.0,rough,14.5,1.5066269093338767,0.07834311632365062,-0.0912960827252182,True,ok,julia_xfoil,,prestall,seed_reference_pending_full_polar_dae11_rescue
dae11,"root,mid1",200000.0,rough,14.75,1.5122339654341888,0.08062564604515673,-0.09093892382877185,True,ok,julia_xfoil,,prestall,seed_reference_pending_full_polar_dae11_rescue
dae11,"root,mid1",200000.0,rough,15.0,1.517035593753513,0.08303149744041474,-0.09062500323753538,True,ok,julia_xfoil,,prestall,seed_reference_pending_full_polar_dae11_rescue
dae11,"root,mid1",200000.0,rough,15.25,1.5219805491237515,0.08541858432300081,-0.0903335213883285,True,ok,julia_xfoil,,prestall,seed_reference_pending_full_polar_dae11_rescue
dae11,"root,mid1",200000.0,rough,15.5,1.5268929295765592,0.08784658628470161,-0.09009463576997793,True,ok,julia_xfoil,,prestall,seed_reference_pending_full_polar_dae11_rescue
dae11,"root,mid1",200000.0,rough,15.75,1.5303736197133289,0.09050203179062166,-0.08993365041934151,True,ok,julia_xfoil,,prestall,seed_reference_pending_full_polar_dae11_rescue
dae11,"root,mid1",200000.0,rough,16.0,1.5336511221873959,0.09318774090190282,-0.08980894727831176,True,ok,julia_xfoil,,prestall,seed_reference_pending_full_polar_dae11_rescue
dae11,"root,mid1",200000.0,rough,16.25,1.5370272779338294,0.09586295190451694,-0.08971452847718138,True,ok,julia_xfoil,,prestall,seed_reference_pending_full_polar_dae11_rescue
dae11,"root,mid1",200000.0,rough,16.5,1.5395003053561058,0.0986932571855951,-0.08969352102749656,True,ok,julia_xfoil,,prestall,seed_reference_pending_full_polar_dae11_rescue
dae11,"root,mid1",200000.0,rough,16.75,1.5406375778449013,0.10173017740444985,-0.08975351739129715,True,ok,julia_xfoil,,prestall,seed_reference_pending_full_polar_dae11_rescue
dae11,"root,mid1",200000.0,rough,17.0,1.5415731684867713,0.10478019653283321,-0.08983614003978842,True,ok,julia_xfoil,,prestall,seed_reference_pending_full_polar_dae11_rescue
dae11,"root,mid1",200000.0,rough,17.25,1.538756527329096,0.10837567839913188,-0.09008894173620755,True,ok,julia_xfoil,,poststall,seed_reference_pending_full_polar_dae11_rescue
dae11,"root,mid1",200000.0,rough,17.5,1.5310319205006653,0.11273622944351626,-0.09063123343444732,True,ok,julia_xfoil,,poststall,seed_reference_pending_full_polar_dae11_rescue
dae11,"root,mid1",200000.0,rough,17.75,1.5297466151033996,0.11616772179482766,-0.09105240399007965,True,ok,julia_xfoil,,poststall,seed_reference_pending_full_polar_dae11_rescue
dae11,"root,mid1",200000.0,rough,18.0,1.5263601237111093,0.11999706231477136,-0.09170307379768367,True,ok,julia_xfoil,,poststall,seed_reference_pending_full_polar_dae11_rescue
dae11,"root,mid1",250000.0,rough,-6.0,-0.04461038835693883,0.05640471555511122,-0.09112584294561861,True,ok,julia_xfoil,,prestall,seed_reference_pending_full_polar_dae11_rescue
dae11,"root,mid1",250000.0,rough,-5.75,-0.023864361507295942,0.05274951176179958,-0.0961805968036552,True,ok,julia_xfoil,,prestall,seed_reference_pending_full_polar_dae11_rescue
dae11,"root,mid1",250000.0,rough,-5.5,-0.0016870097585018709,0.05124372301385147,-0.09840032467431202,True,ok,julia_xfoil,,prestall,seed_reference_pending_full_polar_dae11_rescue
dae11,"root,mid1",250000.0,rough,-5.25,0.024215380687066135,0.0477662743223833,-0.10307897365286783,True,ok,julia_xfoil,,prestall,seed_reference_pending_full_polar_dae11_rescue
dae11,"root,mid1",250000.0,rough,-5.0,0.05376309943487563,0.041620303988357976,-0.10980439462238306,True,ok,julia_xfoil,,prestall,seed_reference_pending_full_polar_dae11_rescue
dae11,"root,mid1",250000.0,rough,-4.75,0.08686271903188775,0.02953609910023699,-0.11810287064365278,True,ok,julia_xfoil,,prestall,seed_reference_pending_full_polar_dae11_rescue
dae11,"root,mid1",250000.0,rough,-4.5,0.11505732595842835,0.02586540883337694,-0.11983666515806261,True,ok,julia_xfoil,,prestall,seed_reference_pending_full_polar_dae11_rescue
dae11,"root,mid1",250000.0,rough,-4.25,0.14285099090630743,0.023916109881400728,-0.12064546578841326,True,ok,julia_xfoil,,prestall,seed_reference_pending_full_polar_dae11_rescue
dae11,"root,mid1",250000.0,rough,-4.0,0.17063566925900145,0.02255046678136244,-0.12115769547653517,True,ok,julia_xfoil,,prestall,seed_reference_pending_full_polar_dae11_rescue
dae11,"root,mid1",250000.0,rough,-3.75,0.198450435715127,0.021501031945306566,-0.12151284439786689,True,ok,julia_xfoil,,prestall,seed_reference_pending_full_polar_dae11_rescue
dae11,"root,mid1",250000.0,rough,-3.5,0.2262909916425417,0.02063939464316558,-0.12176868914923303,True,ok,julia_xfoil,,prestall,seed_reference_pending_full_polar_dae11_rescue
dae11,"root,mid1",250000.0,rough,-3.25,0.25412733008528365,0.019908753945967483,-0.12195360239137866,True,ok,julia_xfoil,,prestall,seed_reference_pending_full_polar_dae11_rescue
dae11,"root,mid1",250000.0,rough,-3.0,0.2819072872598002,0.01929084875594624,-0.12208662490653562,True,ok,julia_xfoil,,prestall,seed_reference_pending_full_polar_dae11_rescue
dae11,"root,mid1",250000.0,rough,-2.75,0.3096125481083809,0.01878972155730167,-0.12218801353915963,True,ok,julia_xfoil,,prestall,seed_reference_pending_full_polar_dae11_rescue
dae11,"root,mid1",250000.0,rough,-2.5,0.33724878718968154,0.01841741836696892,-0.12227386410157923,True,ok,julia_xfoil,,prestall,seed_reference_pending_full_polar_dae11_rescue
dae11,"root,mid1",250000.0,rough,-2.25,0.364667459916791,0.01796684307223842,-0.12248864613304339,True,ok,julia_xfoil,,prestall,seed_reference_pending_full_polar_dae11_rescue
dae11,"root,mid1",250000.0,rough,-2.0,0.3920499946992355,0.017837676719386596,-0.1226386613446128,True,ok,julia_xfoil,,prestall,seed_reference_pending_full_polar_dae11_rescue
dae11,"root,mid1",250000.0,rough,-1.75,0.4195687659768482,0.017616748488890045,-0.12274602638246362,True,ok,julia_xfoil,,prestall,seed_reference_pending_full_polar_dae11_rescue
dae11,"root,mid1",250000.0,rough,-1.5,0.4471139572249765,0.017430938344373998,-0.12284545031419146,True,ok,julia_xfoil,,prestall,seed_reference_pending_full_polar_dae11_rescue
dae11,"root,mid1",250000.0,rough,-1.25,0.47475550353356527,0.017185220917620467,-0.12303247652081366,True,ok,julia_xfoil,,prestall,seed_reference_pending_full_polar_dae11_rescue
dae11,"root,mid1",250000.0,rough,-1.0,0.5021584262232508,0.017112318289640462,-0.12315453121001299,True,ok,julia_xfoil,,prestall,seed_reference_pending_full_polar_dae11_rescue
dae11,"root,mid1",250000.0,rough,-0.75,0.5295412314776663,0.01704187393500662,-0.12327167261701198,True,ok,julia_xfoil,,prestall,seed_reference_pending_full_polar_dae11_rescue
dae11,"root,mid1",250000.0,rough,-0.5,0.5566896517555909,0.017098430321730074,-0.1232829775526911,True,ok,julia_xfoil,,prestall,seed_reference_pending_full_polar_dae11_rescue
dae11,"root,mid1",250000.0,rough,-0.25,0.5835066308475149,0.01721137036537802,-0.12328972827760841,True,ok,julia_xfoil,,prestall,seed_reference_pending_full_polar_dae11_rescue
dae11,"root,mid1",250000.0,rough,0.0,0.6101320647893079,0.017346219709395126,-0.12328875611206733,True,ok,julia_xfoil,,prestall,seed_reference_pending_full_polar_dae11_rescue
dae11,"root,mid1",250000.0,rough,0.25,0.6365520297397714,0.01749902322160447,-0.12327436220605317,True,ok,julia_xfoil,,prestall,seed_reference_pending_full_polar_dae11_rescue
dae11,"root,mid1",250000.0,rough,0.5,0.6627443137331951,0.017669016495894745,-0.12324299419416998,True,ok,julia_xfoil,,prestall,seed_reference_pending_full_polar_dae11_rescue
dae11,"root,mid1",250000.0,rough,0.75,0.6886979888319831,0.01785618224559835,-0.12319175346833434,True,ok,julia_xfoil,,prestall,seed_reference_pending_full_polar_dae11_rescue
dae11,"root,mid1",250000.0,rough,1.0,0.7144114287593835,0.018057697167508713,-0.12312119950805366,True,ok,julia_xfoil,,prestall,seed_reference_pending_full_polar_dae11_rescue
dae11,"root,mid1",250000.0,rough,1.25,0.7398901922987635,0.018273128161590744,-0.1230302975428295,True,ok,julia_xfoil,,prestall,seed_reference_pending_full_polar_dae11_rescue
dae11,"root,mid1",250000.0,rough,1.5,0.7650759274510323,0.018504772042937923,-0.12291440001084243,True,ok,julia_xfoil,,prestall,seed_reference_pending_full_polar_dae11_rescue
dae11,"root,mid1",250000.0,rough,1.75,0.7899212727335049,0.01875511542711325,-0.1227694745860119,True,ok,julia_xfoil,,prestall,seed_reference_pending_full_polar_dae11_rescue
dae11,"root,mid1",250000.0,rough,2.0,0.8143940929544331,0.01902545814166584,-0.12259167100066302,True,ok,julia_xfoil,,prestall,seed_reference_pending_full_polar_dae11_rescue
dae11,"root,mid1",250000.0,rough,2.25,0.8384630901080904,0.019315937028567712,-0.1223807847899027,True,ok,julia_xfoil,,prestall,seed_reference_pending_full_polar_dae11_rescue
dae11,"root,mid1",250000.0,rough,2.5,0.8621394903959172,0.01962532636714017,-0.1221365980621204,True,ok,julia_xfoil,,prestall,seed_reference_pending_full_polar_dae11_rescue
dae11,"root,mid1",250000.0,rough,2.75,0.8853082927116593,0.019960312590104813,-0.12185110665590643,True,ok,julia_xfoil,,prestall,seed_reference_pending_full_polar_dae11_rescue
dae11,"root,mid1",250000.0,rough,3.0,0.9078904427944025,0.020324976544455777,-0.1215210001665757,True,ok,julia_xfoil,,prestall,seed_reference_pending_full_polar_dae11_rescue
dae11,"root,mid1",250000.0,rough,3.25,0.9297776293154516,0.020727874106219447,-0.12114576481014025,True,ok,julia_xfoil,,prestall,seed_reference_pending_full_polar_dae11_rescue
dae11,"root,mid1",250000.0,rough,3.5,0.9494311989860799,0.021198243198745293,-0.1205408505673793,True,ok,julia_xfoil,,prestall,seed_reference_pending_full_polar_dae11_rescue
dae11,"root,mid1",250000.0,rough,3.75,0.9681545889741852,0.0217369617475423,-0.1199072136866518,True,ok,julia_xfoil,,prestall,seed_reference_pending_full_polar_dae11_rescue
dae11,"root,mid1",250000.0,rough,4.0,0.9883613988816983,0.022318991913902245,-0.11957800945294789,True,ok,julia_xfoil,,prestall,seed_reference_pending_full_polar_dae11_rescue
dae11,"root,mid1",250000.0,rough,4.25,1.0084901867530243,0.02293588182044653,-0.11927046981340175,True,ok,julia_xfoil,,prestall,seed_reference_pending_full_polar_dae11_rescue
dae11,"root,mid1",250000.0,rough,4.5,1.028214328182726,0.023582652301108616,-0.11892469256792797,True,ok,julia_xfoil,,prestall,seed_reference_pending_full_polar_dae11_rescue
dae11,"root,mid1",250000.0,rough,4.75,1.047319078920083,0.02426904442240682,-0.11852149979139275,True,ok,julia_xfoil,,prestall,seed_reference_pending_full_polar_dae11_rescue
dae11,"root,mid1",250000.0,rough,5.0,1.066039999938944,0.024979486594449284,-0.11807775169242213,True,ok,julia_xfoil,,prestall,seed_reference_pending_full_polar_dae11_rescue
dae11,"root,mid1",250000.0,rough,5.25,1.084262946222767,0.025719324699608324,-0.11758489296165478,True,ok,julia_xfoil,,prestall,seed_reference_pending_full_polar_dae11_rescue
dae11,"root,mid1",250000.0,rough,5.5,1.1020628699083037,0.026485398982726987,-0.11705130945702086,True,ok,julia_xfoil,,prestall,seed_reference_pending_full_polar_dae11_rescue
dae11,"root,mid1",250000.0,rough,5.75,1.1196024140703882,0.027264771276777868,-0.11648440774896769,True,ok,julia_xfoil,,prestall,seed_reference_pending_full_polar_dae11_rescue
dae11,"root,mid1",250000.0,rough,6.0,1.1365796397642356,0.028086586935505174,-0.11588018217479926,True,ok,julia_xfoil,,prestall,seed_reference_pending_full_polar_dae11_rescue
dae11,"root,mid1",250000.0,rough,6.25,1.1529614220818407,0.028945172624766768,-0.11522364729966904,True,ok,julia_xfoil,,prestall,seed_reference_pending_full_polar_dae11_rescue
dae11,"root,mid1",250000.0,rough,6.5,1.1691173877058663,0.029813896514182276,-0.11453887915658316,True,ok,julia_xfoil,,prestall,seed_reference_pending_full_polar_dae11_rescue
dae11,"root,mid1",250000.0,rough,6.75,1.1849743106895194,0.030706887229867273,-0.11383537028835372,True,ok,julia_xfoil,,prestall,seed_reference_pending_full_polar_dae11_rescue
dae11,"root,mid1",250000.0,rough,7.0,1.200278727678546,0.031658163492327,-0.11312403322588174,True,ok,julia_xfoil,,prestall,seed_reference_pending_full_polar_dae11_rescue
dae11,"root,mid1",250000.0,rough,7.25,1.2153952770287242,0.032615097763169024,-0.11238953381821788,True,ok,julia_xfoil,,prestall,seed_reference_pending_full_polar_dae11_rescue
dae11,"root,mid1",250000.0,rough,7.5,1.23027036817193,0.03357847555701394,-0.11162385085949438,True,ok,julia_xfoil,,prestall,seed_reference_pending_full_polar_dae11_rescue
dae11,"root,mid1",250000.0,rough,7.75,1.2449092655250706,0.03456296739990577,-0.11084878514563119,True,ok,julia_xfoil,,prestall,seed_reference_pending_full_polar_dae11_rescue
dae11,"root,mid1",250000.0,rough,8.0,1.2587584077685374,0.03563158295398061,-0.1100613528919019,True,ok,julia_xfoil,,prestall,seed_reference_pending_full_polar_dae11_rescue
dae11,"root,mid1",250000.0,rough,8.25,1.2723584769211262,0.03672434109993443,-0.1092663994648205,True,ok,julia_xfoil,,prestall,seed_reference_pending_full_polar_dae11_rescue
dae11,"root,mid1",250000.0,rough,8.5,1.2858862905399233,0.037817348404889956,-0.10846282957387306,True,ok,julia_xfoil,,prestall,seed_reference_pending_full_polar_dae11_rescue
dae11,"root,mid1",250000.0,rough,8.75,1.2991086757358792,0.03892015909360889,-0.10763038316971335,True,ok,julia_xfoil,,prestall,seed_reference_pending_full_polar_dae11_rescue
dae11,"root,mid1",250000.0,rough,9.0,1.311988413851218,0.04005672563025398,-0.10679141816853692,True,ok,julia_xfoil,,prestall,seed_reference_pending_full_polar_dae11_rescue
dae11,"root,mid1",250000.0,rough,9.25,1.3240945817376664,0.04128295461854263,-0.10594976632145438,True,ok,julia_xfoil,,prestall,seed_reference_pending_full_polar_dae11_rescue
dae11,"root,mid1",250000.0,rough,9.5,1.3362008437290853,0.04251341264172891,-0.10511803236054766,True,ok,julia_xfoil,,prestall,seed_reference_pending_full_polar_dae11_rescue
dae11,"root,mid1",250000.0,rough,9.75,1.3485320983964193,0.043746764455387936,-0.10432623669281814,True,ok,julia_xfoil,,prestall,seed_reference_pending_full_polar_dae11_rescue
dae11,"root,mid1",250000.0,rough,10.0,1.3608995313014571,0.04500553707068656,-0.10357191057358218,True,ok,julia_xfoil,,prestall,seed_reference_pending_full_polar_dae11_rescue
dae11,"root,mid1",250000.0,rough,10.25,1.3728462451966341,0.04632472935406974,-0.10283100576358448,True,ok,julia_xfoil,,prestall,seed_reference_pending_full_polar_dae11_rescue
dae11,"root,mid1",250000.0,rough,10.5,1.3838426814003866,0.047748696614813194,-0.10207986807460248,True,ok,julia_xfoil,,prestall,seed_reference_pending_full_polar_dae11_rescue
dae11,"root,mid1",250000.0,rough,10.75,1.3951221553415953,0.04916648098877653,-0.10136521039007398,True,ok,julia_xfoil,,prestall,seed_reference_pending_full_polar_dae11_rescue
dae11,"root,mid1",250000.0,rough,11.0,1.406520496404953,0.05057337452081285,-0.10066232204601055,True,ok,julia_xfoil,,prestall,seed_reference_pending_full_polar_dae11_rescue
dae11,"root,mid1",250000.0,rough,11.25,1.41791674831221,0.052005237011307937,-0.09999137227065279,True,ok,julia_xfoil,,prestall,seed_reference_pending_full_polar_dae11_rescue
dae11,"root,mid1",250000.0,rough,11.5,1.4287861645581605,0.05350728672301705,-0.0993316472070104,True,ok,julia_xfoil,,prestall,seed_reference_pending_full_polar_dae11_rescue
dae11,"root,mid1",250000.0,rough,11.75,1.438661878446045,0.05514124634112305,-0.09868515714706864,True,ok,julia_xfoil,,prestall,seed_reference_pending_full_polar_dae11_rescue
dae11,"root,mid1",250000.0,rough,12.0,1.448738728092381,0.05677092472133788,-0.09806823061119879,True,ok,julia_xfoil,,prestall,seed_reference_pending_full_polar_dae11_rescue
dae11,"root,mid1",250000.0,rough,12.25,1.4587761847827863,0.05839997617110739,-0.0974568269313307,True,ok,julia_xfoil,,prestall,seed_reference_pending_full_polar_dae11_rescue
dae11,"root,mid1",250000.0,rough,12.5,1.4684237996795162,0.06005455644452906,-0.09683479402779967,True,ok,julia_xfoil,,prestall,seed_reference_pending_full_polar_dae11_rescue
dae11,"root,mid1",250000.0,rough,12.75,1.4773905804394838,0.06181376200059157,-0.09623654072178542,True,ok,julia_xfoil,,prestall,seed_reference_pending_full_polar_dae11_rescue
dae11,"root,mid1",250000.0,rough,13.0,1.4856397673342652,0.06368225670056933,-0.09566195414570557,True,ok,julia_xfoil,,prestall,seed_reference_pending_full_polar_dae11_rescue
dae11,"root,mid1",250000.0,rough,13.25,1.4940574581639028,0.06553030918863918,-0.09510129112854168,True,ok,julia_xfoil,,prestall,seed_reference_pending_full_polar_dae11_rescue
dae11,"root,mid1",250000.0,rough,13.5,1.502485143194405,0.06738569189603502,-0.09456336681767422,True,ok,julia_xfoil,,prestall,seed_reference_pending_full_polar_dae11_rescue
dae11,"root,mid1",250000.0,rough,13.75,1.5107057213561685,0.06928967141052246,-0.09405998926372094,True,ok,julia_xfoil,,prestall,seed_reference_pending_full_polar_dae11_rescue
dae11,"root,mid1",250000.0,rough,14.0,1.517375623175657,0.0714114579752005,-0.0935917658467755,True,ok,julia_xfoil,,prestall,seed_reference_pending_full_polar_dae11_rescue
dae11,"root,mid1",250000.0,rough,14.25,1.5240596494602499,0.07353369164461536,-0.0931484551466905,True,ok,julia_xfoil,,prestall,seed_reference_pending_full_polar_dae11_rescue
dae11,"root,mid1",250000.0,rough,14.5,1.530883789165126,0.07563868860766068,-0.09272108080341807,True,ok,julia_xfoil,,prestall,seed_reference_pending_full_polar_dae11_rescue
dae11,"root,mid1",250000.0,rough,14.75,1.5374305929519134,0.0777879394724015,-0.09232189943866173,True,ok,julia_xfoil,,prestall,seed_reference_pending_full_polar_dae11_rescue
dae11,"root,mid1",250000.0,rough,15.0,1.5423934964634214,0.08014383222958925,-0.09195495465697519,True,ok,julia_xfoil,,prestall,seed_reference_pending_full_polar_dae11_rescue
dae11,"root,mid1",250000.0,rough,15.25,1.5472059318429845,0.08251311149407554,-0.09160608021977813,True,ok,julia_xfoil,,prestall,seed_reference_pending_full_polar_dae11_rescue
dae11,"root,mid1",250000.0,rough,15.5,1.5523379393478078,0.08486484488917898,-0.0912938431540077,True,ok,julia_xfoil,,prestall,seed_reference_pending_full_polar_dae11_rescue
dae11,"root,mid1",250000.0,rough,15.75,1.5569491822174752,0.08730743840295416,-0.09102767137321456,True,ok,julia_xfoil,,prestall,seed_reference_pending_full_polar_dae11_rescue
dae11,"root,mid1",250000.0,rough,16.0,1.5597426734528326,0.09003405929461859,-0.09084316740475906,True,ok,julia_xfoil,,prestall,seed_reference_pending_full_polar_dae11_rescue
dae11,"root,mid1",250000.0,rough,16.25,1.5627761036882968,0.09272318325310784,-0.09067845278863666,True,ok,julia_xfoil,,prestall,seed_reference_pending_full_polar_dae11_rescue
dae11,"root,mid1",250000.0,rough,16.5,1.565567691628581,0.09546578194516511,-0.09055602285846372,True,ok,julia_xfoil,,prestall,seed_reference_pending_full_polar_dae11_rescue
dae11,"root,mid1",250000.0,rough,16.75,1.5614604669647376,0.09918220008249697,-0.09063077704986902,True,ok,julia_xfoil,,poststall,seed_reference_pending_full_polar_dae11_rescue
dae11,"root,mid1",250000.0,rough,17.0,1.5581514286593259,0.10279866694074764,-0.09076554373047556,True,ok,julia_xfoil,,poststall,seed_reference_pending_full_polar_dae11_rescue
dae11,"root,mid1",250000.0,rough,17.25,1.5574216088244568,0.10606313037396273,-0.0909279671829106,True,ok,julia_xfoil,,poststall,seed_reference_pending_full_polar_dae11_rescue
dae11,"root,mid1",250000.0,rough,17.5,1.5533137839157083,0.1098382162588586,-0.09127497258590682,True,ok,julia_xfoil,,poststall,seed_reference_pending_full_polar_dae11_rescue
dae11,"root,mid1",250000.0,rough,17.75,1.5485315667440014,0.11373544084816824,-0.09172771564625497,True,ok,julia_xfoil,,poststall,seed_reference_pending_full_polar_dae11_rescue
dae11,"root,mid1",250000.0,rough,18.0,1.5413436254154411,0.11810706581627235,-0.09242699092112865,True,ok,julia_xfoil,,poststall,seed_reference_pending_full_polar_dae11_rescue
dae11,"root,mid1",300000.0,rough,-6.0,-0.05038888761220649,0.06010856344434691,-0.0844554178216451,True,ok,julia_xfoil,,prestall,seed_reference_pending_full_polar_dae11_rescue
dae11,"root,mid1",300000.0,rough,-5.75,-0.02560736256889441,0.053647417022002666,-0.09390413885317996,True,ok,julia_xfoil,,prestall,seed_reference_pending_full_polar_dae11_rescue
dae11,"root,mid1",300000.0,rough,-5.5,0.005616400725376647,0.04474597105215525,-0.10509990719383736,True,ok,julia_xfoil,,prestall,seed_reference_pending_full_polar_dae11_rescue
dae11,"root,mid1",300000.0,rough,-5.25,0.036089539800573646,0.03541816804538633,-0.11326243093136987,True,ok,julia_xfoil,,prestall,seed_reference_pending_full_polar_dae11_rescue
dae11,"root,mid1",300000.0,rough,-5.0,0.06242412684274394,0.03028244056493797,-0.11694705372110248,True,ok,julia_xfoil,,prestall,seed_reference_pending_full_polar_dae11_rescue
dae11,"root,mid1",300000.0,rough,-4.75,0.08978048674102038,0.026580546088143878,-0.11905004977606835,True,ok,julia_xfoil,,prestall,seed_reference_pending_full_polar_dae11_rescue
dae11,"root,mid1",300000.0,rough,-4.5,0.11751020057722687,0.02405856630241306,-0.12020603540989704,True,ok,julia_xfoil,,prestall,seed_reference_pending_full_polar_dae11_rescue
dae11,"root,mid1",300000.0,rough,-4.25,0.1454044623273565,0.022310788103205883,-0.120874046686164,True,ok,julia_xfoil,,prestall,seed_reference_pending_full_polar_dae11_rescue
dae11,"root,mid1",300000.0,rough,-4.0,0.17335867630529914,0.021073889562986697,-0.12128566266793452,True,ok,julia_xfoil,,prestall,seed_reference_pending_full_polar_dae11_rescue
dae11,"root,mid1",300000.0,rough,-3.75,0.20118497494192636,0.019758037108166076,-0.12166212049677257,True,ok,julia_xfoil,,prestall,seed_reference_pending_full_polar_dae11_rescue
dae11,"root,mid1",300000.0,rough,-3.5,0.22885213029443432,0.018881569911853358,-0.12195233552756743,True,ok,julia_xfoil,,prestall,seed_reference_pending_full_polar_dae11_rescue
dae11,"root,mid1",300000.0,rough,-3.25,0.2565693949434238,0.01840775453608822,-0.12215611649171268,True,ok,julia_xfoil,,prestall,seed_reference_pending_full_polar_dae11_rescue
dae11,"root,mid1",300000.0,rough,-3.0,0.2843227248568097,0.0180169619372372,-0.12231980951388864,True,ok,julia_xfoil,,prestall,seed_reference_pending_full_polar_dae11_rescue
dae11,"root,mid1",300000.0,rough,-2.75,0.31208830324513936,0.017648665756490683,-0.12245896057241408,True,ok,julia_xfoil,,prestall,seed_reference_pending_full_polar_dae11_rescue
dae11,"root,mid1",300000.0,rough,-2.5,0.3398608199525439,0.01732475057731091,-0.12258579015544234,True,ok,julia_xfoil,,prestall,seed_reference_pending_full_polar_dae11_rescue
dae11,"root,mid1",300000.0,rough,-2.25,0.36760702994575856,0.01707759892312589,-0.12270601833514115,True,ok,julia_xfoil,,prestall,seed_reference_pending_full_polar_dae11_rescue
dae11,"root,mid1",300000.0,rough,-2.0,0.3952477838959864,0.016805413870381442,-0.12290007158754587,True,ok,julia_xfoil,,prestall,seed_reference_pending_full_polar_dae11_rescue
dae11,"root,mid1",300000.0,rough,-1.75,0.422825338106359,0.01667692492432366,-0.12307041119792189,True,ok,julia_xfoil,,prestall,seed_reference_pending_full_polar_dae11_rescue
dae11,"root,mid1",300000.0,rough,-1.5,0.4505191043700807,0.016538539904143022,-0.12320550941227967,True,ok,julia_xfoil,,prestall,seed_reference_pending_full_polar_dae11_rescue
dae11,"root,mid1",300000.0,rough,-1.25,0.4781803132032525,0.01645244968353431,-0.12332243210472524,True,ok,julia_xfoil,,prestall,seed_reference_pending_full_polar_dae11_rescue
dae11,"root,mid1",300000.0,rough,-1.0,0.5058741439769229,0.0163097227937124,-0.12350266634496532,True,ok,julia_xfoil,,prestall,seed_reference_pending_full_polar_dae11_rescue
dae11,"root,mid1",300000.0,rough,-0.75,0.5333020402728444,0.016297844763423535,-0.12361679796526154,True,ok,julia_xfoil,,prestall,seed_reference_pending_full_polar_dae11_rescue
dae11,"root,mid1",300000.0,rough,-0.5,0.56066819141349,0.016318382656348863,-0.12369082532327577,True,ok,julia_xfoil,,prestall,seed_reference_pending_full_polar_dae11_rescue
dae11,"root,mid1",300000.0,rough,-0.25,0.5877189238388728,0.016426948549103315,-0.12372379642965226,True,ok,julia_xfoil,,prestall,seed_reference_pending_full_polar_dae11_rescue
dae11,"root,mid1",300000.0,rough,0.0,0.6145850878606881,0.016556404178039743,-0.12374928929920344,True,ok,julia_xfoil,,prestall,seed_reference_pending_full_polar_dae11_rescue
dae11,"root,mid1",300000.0,rough,0.25,0.6412669423116986,0.016701389575170856,-0.123764764199556,True,ok,julia_xfoil,,prestall,seed_reference_pending_full_polar_dae11_rescue
dae11,"root,mid1",300000.0,rough,0.5,0.6677443448425509,0.016862581448922307,-0.12376485398888527,True,ok,julia_xfoil,,prestall,seed_reference_pending_full_polar_dae11_rescue
dae11,"root,mid1",300000.0,rough,0.75,0.6940051807465909,0.01703914019987108,-0.12374793541106567,True,ok,julia_xfoil,,prestall,seed_reference_pending_full_polar_dae11_rescue
dae11,"root,mid1",300000.0,rough,1.0,0.7200451463816866,0.01722940727235651,-0.12371390920430672,True,ok,julia_xfoil,,prestall,seed_reference_pending_full_polar_dae11_rescue
dae11,"root,mid1",300000.0,rough,1.25,0.7458744487876852,0.017431644237933402,-0.12366089057923756,True,ok,julia_xfoil,,prestall,seed_reference_pending_full_polar_dae11_rescue
dae11,"root,mid1",300000.0,rough,1.5,0.7714462676360933,0.01764824876477757,-0.12358611129382945,True,ok,julia_xfoil,,prestall,seed_reference_pending_full_polar_dae11_rescue
dae11,"root,mid1",300000.0,rough,1.75,0.7967312963271012,0.01787998283037981,-0.12348725920787683,True,ok,julia_xfoil,,prestall,seed_reference_pending_full_polar_dae11_rescue
dae11,"root,mid1",300000.0,rough,2.0,0.8216705026476104,0.01813111221883783,-0.12335769804792947,True,ok,julia_xfoil,,prestall,seed_reference_pending_full_polar_dae11_rescue
dae11,"root,mid1",300000.0,rough,2.25,0.8462529545072576,0.018400227963584127,-0.12319804165202028,True,ok,julia_xfoil,,prestall,seed_reference_pending_full_polar_dae11_rescue
dae11,"root,mid1",300000.0,rough,2.5,0.8704456061094547,0.01868815199695634,-0.12300572887010118,True,ok,julia_xfoil,,prestall,seed_reference_pending_full_polar_dae11_rescue
dae11,"root,mid1",300000.0,rough,2.75,0.8942269462196655,0.018995577804649874,-0.12277798899572977,True,ok,julia_xfoil,,prestall,seed_reference_pending_full_polar_dae11_rescue
dae11,"root,mid1",300000.0,rough,3.0,0.9175025109295255,0.019327852788455665,-0.12250961675171149,True,ok,julia_xfoil,,prestall,seed_reference_pending_full_polar_dae11_rescue
dae11,"root,mid1",300000.0,rough,3.25,0.9401951606280403,0.019689355397768518,-0.12219713582564451,True,ok,julia_xfoil,,prestall,seed_reference_pending_full_polar_dae11_rescue
dae11,"root,mid1",300000.0,rough,3.5,0.9621553987703723,0.02009145026100581,-0.12183857182835646,True,ok,julia_xfoil,,prestall,seed_reference_pending_full_polar_dae11_rescue
dae11,"root,mid1",300000.0,rough,3.75,0.9816302768481416,0.020567419352624263,-0.12122070649084388,True,ok,julia_xfoil,,prestall,seed_reference_pending_full_polar_dae11_rescue
dae11,"root,mid1",300000.0,rough,4.0,1.0005151334094848,0.02111811937520111,-0.12063939724414706,True,ok,julia_xfoil,,prestall,seed_reference_pending_full_polar_dae11_rescue
dae11,"root,mid1",300000.0,rough,4.25,1.0208762396267046,0.021709812753489235,-0.1203560200818702,True,ok,julia_xfoil,,prestall,seed_reference_pending_full_polar_dae11_rescue
dae11,"root,mid1",300000.0,rough,4.5,1.041017663211456,0.022336152723384666,-0.12006857344174708,True,ok,julia_xfoil,,prestall,seed_reference_pending_full_polar_dae11_rescue
dae11,"root,mid1",300000.0,rough,4.75,1.0607337658329552,0.02298880122503987,-0.11973279718751369,True,ok,julia_xfoil,,prestall,seed_reference_pending_full_polar_dae11_rescue
dae11,"root,mid1",300000.0,rough,5.0,1.0798380132919456,0.02368146780390753,-0.11934287319089744,True,ok,julia_xfoil,,prestall,seed_reference_pending_full_polar_dae11_rescue
dae11,"root,mid1",300000.0,rough,5.25,1.0985530445204712,0.024396363821504303,-0.11890509834628267,True,ok,julia_xfoil,,prestall,seed_reference_pending_full_polar_dae11_rescue
dae11,"root,mid1",300000.0,rough,5.5,1.1166718073322732,0.02514996711494227,-0.11841651580999013,True,ok,julia_xfoil,,prestall,seed_reference_pending_full_polar_dae11_rescue
dae11,"root,mid1",300000.0,rough,5.75,1.1343161926830254,0.025931581065014142,-0.11788109474671885,True,ok,julia_xfoil,,prestall,seed_reference_pending_full_polar_dae11_rescue
dae11,"root,mid1",300000.0,rough,6.0,1.1517810676136389,0.026718683651953196,-0.1173136625234239,True,ok,julia_xfoil,,prestall,seed_reference_pending_full_polar_dae11_rescue
dae11,"root,mid1",300000.0,rough,6.25,1.1686602730780813,0.027557692978172576,-0.11672064428326012,True,ok,julia_xfoil,,prestall,seed_reference_pending_full_polar_dae11_rescue
dae11,"root,mid1",300000.0,rough,6.5,1.1850886082092036,0.028417113595957007,-0.11607715908406709,True,ok,julia_xfoil,,prestall,seed_reference_pending_full_polar_dae11_rescue
dae11,"root,mid1",300000.0,rough,6.75,1.2013199874880949,0.02928295083776346,-0.11540376032046919,True,ok,julia_xfoil,,prestall,seed_reference_pending_full_polar_dae11_rescue
dae11,"root,mid1",300000.0,rough,7.0,1.2171044929423107,0.030188274308034734,-0.11470940855968242,True,ok,julia_xfoil,,prestall,seed_reference_pending_full_polar_dae11_rescue
dae11,"root,mid1",300000.0,rough,7.25,1.2322440925569673,0.031156211588047093,-0.11399574256190934,True,ok,julia_xfoil,,prestall,seed_reference_pending_full_polar_dae11_rescue
dae11,"root,mid1",300000.0,rough,7.5,1.2471916169956077,0.03212609040760196,-0.11325216430284621,True,ok,julia_xfoil,,prestall,seed_reference_pending_full_polar_dae11_rescue
dae11,"root,mid1",300000.0,rough,7.75,1.2618612360648975,0.03310296892152243,-0.11247252047039386,True,ok,julia_xfoil,,prestall,seed_reference_pending_full_polar_dae11_rescue
dae11,"root,mid1",300000.0,rough,8.0,1.2762139604967457,0.03410768925356944,-0.11167892572699485,True,ok,julia_xfoil,,prestall,seed_reference_pending_full_polar_dae11_rescue
dae11,"root,mid1",300000.0,rough,8.25,1.2898088453308405,0.03519292732417862,-0.11087259406037168,True,ok,julia_xfoil,,prestall,seed_reference_pending_full_polar_dae11_rescue
dae11,"root,mid1",300000.0,rough,8.5,1.3033860600367462,0.03627802521421556,-0.11006457600557633,True,ok,julia_xfoil,,prestall,seed_reference_pending_full_polar_dae11_rescue
dae11,"root,mid1",300000.0,rough,8.75,1.3169029303671953,0.03736238126894288,-0.10924943040771666,True,ok,julia_xfoil,,prestall,seed_reference_pending_full_polar_dae11_rescue
dae11,"root,mid1",300000.0,rough,9.0,1.3300466347348021,0.03846258951384475,-0.10840319741572176,True,ok,julia_xfoil,,prestall,seed_reference_pending_full_polar_dae11_rescue
dae11,"root,mid1",300000.0,rough,9.25,1.3423461519525792,0.039645206905406495,-0.1075332500223318,True,ok,julia_xfoil,,prestall,seed_reference_pending_full_polar_dae11_rescue
dae11,"root,mid1",300000.0,rough,9.5,1.3541118770406875,0.04089603458018638,-0.10667040854788207,True,ok,julia_xfoil,,prestall,seed_reference_pending_full_polar_dae11_rescue
dae11,"root,mid1",300000.0,rough,9.75,1.3660932659485252,0.042133032280167675,-0.10582893162192704,True,ok,julia_xfoil,,prestall,seed_reference_pending_full_polar_dae11_rescue
dae11,"root,mid1",300000.0,rough,10.0,1.3784198688762688,0.0433759812767085,-0.10504832288577491,True,ok,julia_xfoil,,prestall,seed_reference_pending_full_polar_dae11_rescue
dae11,"root,mid1",300000.0,rough,10.25,1.3908296112744878,0.044630371593207346,-0.10429799172827257,True,ok,julia_xfoil,,prestall,seed_reference_pending_full_polar_dae11_rescue
dae11,"root,mid1",300000.0,rough,10.5,1.4024826754464512,0.045988948560221024,-0.10356141453781158,True,ok,julia_xfoil,,prestall,seed_reference_pending_full_polar_dae11_rescue
dae11,"root,mid1",300000.0,rough,10.75,1.4135581117303369,0.04741019238152661,-0.10281988630131264,True,ok,julia_xfoil,,prestall,seed_reference_pending_full_polar_dae11_rescue
dae11,"root,mid1",300000.0,rough,11.0,1.4248321627997438,0.04881256288120684,-0.10209103618386753,True,ok,julia_xfoil,,prestall,seed_reference_pending_full_polar_dae11_rescue
dae11,"root,mid1",300000.0,rough,11.25,1.4361696172468736,0.0502224728948174,-0.1013842720315658,True,ok,julia_xfoil,,prestall,seed_reference_pending_full_polar_dae11_rescue
dae11,"root,mid1",300000.0,rough,11.5,1.447334467440203,0.05166735644372429,-0.10069750287021004,True,ok,julia_xfoil,,prestall,seed_reference_pending_full_polar_dae11_rescue
dae11,"root,mid1",300000.0,rough,11.75,1.4575088696081602,0.053239993696664004,-0.10001876423419175,True,ok,julia_xfoil,,prestall,seed_reference_pending_full_polar_dae11_rescue
dae11,"root,mid1",300000.0,rough,12.0,1.4672678733176863,0.05489086841069813,-0.09937193042039599,True,ok,julia_xfoil,,prestall,seed_reference_pending_full_polar_dae11_rescue
dae11,"root,mid1",300000.0,rough,12.25,1.4772367345117887,0.056513763736525675,-0.09873659884780146,True,ok,julia_xfoil,,prestall,seed_reference_pending_full_polar_dae11_rescue
dae11,"root,mid1",300000.0,rough,12.5,1.4872695997504346,0.05812443028430323,-0.09811011132905134,True,ok,julia_xfoil,,prestall,seed_reference_pending_full_polar_dae11_rescue
dae11,"root,mid1",300000.0,rough,12.75,1.4970440353546828,0.05976726355632909,-0.09749430502813546,True,ok,julia_xfoil,,prestall,seed_reference_pending_full_polar_dae11_rescue
dae11,"root,mid1",300000.0,rough,13.0,1.5054578405958168,0.06158556684870108,-0.09688843153083901,True,ok,julia_xfoil,,prestall,seed_reference_pending_full_polar_dae11_rescue
dae11,"root,mid1",300000.0,rough,13.25,1.5135720569829687,0.06344957962827587,-0.09630098323369893,True,ok,julia_xfoil,,prestall,seed_reference_pending_full_polar_dae11_rescue
dae11,"root,mid1",300000.0,rough,13.5,1.5219155460165787,0.06528764513102585,-0.09573201449679408,True,ok,julia_xfoil,,prestall,seed_reference_pending_full_polar_dae11_rescue
dae11,"root,mid1",300000.0,rough,13.75,1.5303272341099563,0.06714851764093788,-0.09520389036465353,True,ok,julia_xfoil,,prestall,seed_reference_pending_full_polar_dae11_rescue
dae11,"root,mid1",300000.0,rough,14.0,1.537918285932345,0.06912302716211803,-0.0946994166804146,True,ok,julia_xfoil,,prestall,seed_reference_pending_full_polar_dae11_rescue
dae11,"root,mid1",300000.0,rough,14.25,1.5441874999579268,0.0712859869116148,-0.09423026717417848,True,ok,julia_xfoil,,prestall,seed_reference_pending_full_polar_dae11_rescue
dae11,"root,mid1",300000.0,rough,14.5,1.5508924304901384,0.07339559764760273,-0.09378476708367382,True,ok,julia_xfoil,,prestall,seed_reference_pending_full_polar_dae11_rescue
dae11,"root,mid1",300000.0,rough,14.75,1.557849180830036,0.07548180945790027,-0.09336235742878772,True,ok,julia_xfoil,,prestall,seed_reference_pending_full_polar_dae11_rescue
dae11,"root,mid1",300000.0,rough,15.0,1.5640790494694181,0.0776641695024027,-0.09296446762920811,True,ok,julia_xfoil,,prestall,seed_reference_pending_full_polar_dae11_rescue
dae11,"root,mid1",300000.0,rough,15.25,1.5685227081370896,0.08008210389694576,-0.09260087029052243,True,ok,julia_xfoil,,prestall,seed_reference_pending_full_polar_dae11_rescue
dae11,"root,mid1",300000.0,rough,15.5,1.5734042713681105,0.08243304844808581,-0.09224690156954138,True,ok,julia_xfoil,,prestall,seed_reference_pending_full_polar_dae11_rescue
dae11,"root,mid1",300000.0,rough,15.75,1.5783005904475729,0.08480196348112569,-0.09192650559715568,True,ok,julia_xfoil,,prestall,seed_reference_pending_full_polar_dae11_rescue
dae11,"root,mid1",300000.0,rough,16.0,1.5817283655833327,0.08739932913546455,-0.09166696822880156,True,ok,julia_xfoil,,prestall,seed_reference_pending_full_polar_dae11_rescue
dae11,"root,mid1",300000.0,rough,16.25,1.5801173250189182,0.09067448674913696,-0.09148618077931803,True,ok,julia_xfoil,,poststall,seed_reference_pending_full_polar_dae11_rescue
dae11,"root,mid1",300000.0,rough,16.5,1.577849134350827,0.0940573687105491,-0.09136792250007532,True,ok,julia_xfoil,,poststall,seed_reference_pending_full_polar_dae11_rescue
dae11,"root,mid1",300000.0,rough,16.75,1.5772734448316261,0.09725825585974837,-0.09135024084619968,True,ok,julia_xfoil,,poststall,seed_reference_pending_full_polar_dae11_rescue
dae11,"root,mid1",300000.0,rough,17.0,1.5747382462058703,0.10073950539007606,-0.09142842345455188,True,ok,julia_xfoil,,poststall,seed_reference_pending_full_polar_dae11_rescue
dae11,"root,mid1",300000.0,rough,17.25,1.570905456188441,0.10442094342983496,-0.09160051926939816,True,ok,julia_xfoil,,poststall,seed_reference_pending_full_polar_dae11_rescue
dae11,"root,mid1",300000.0,rough,17.5,1.5649545618287986,0.10846685475827982,-0.09194955136158935,True,ok,julia_xfoil,,poststall,seed_reference_pending_full_polar_dae11_rescue
dae11,"root,mid1",300000.0,rough,17.75,1.5645266283218322,0.11169129222548932,-0.0922193952552578,True,ok,julia_xfoil,,poststall,seed_reference_pending_full_polar_dae11_rescue
dae11,"root,mid1",300000.0,rough,18.0,1.5622681699752194,0.11523538000317679,-0.09264606761362981,True,ok,julia_xfoil,,poststall,seed_reference_pending_full_polar_dae11_rescue
dae11,"root,mid1",324519.88092595,rough,-6.0,-0.051154042765350044,0.06030297475249785,-0.08374544527868077,True,ok,julia_xfoil,,prestall,seed_reference_pending_full_polar_dae11_rescue
dae11,"root,mid1",324519.88092595,rough,-5.75,-0.026626429690817462,0.05411668407975123,-0.09293428039117564,True,ok,julia_xfoil,,prestall,seed_reference_pending_full_polar_dae11_rescue
dae11,"root,mid1",324519.88092595,rough,-5.5,0.002410473281114255,0.04667727125574315,-0.10288543128611685,True,ok,julia_xfoil,,prestall,seed_reference_pending_full_polar_dae11_rescue
dae11,"root,mid1",324519.88092595,rough,-5.25,0.03484829143586744,0.036556912924692306,-0.1125482430664157,True,ok,julia_xfoil,,prestall,seed_reference_pending_full_polar_dae11_rescue
dae11,"root,mid1",324519.88092595,rough,-5.0,0.06247913074252163,0.03010440697744708,-0.11706336103944716,True,ok,julia_xfoil,,prestall,seed_reference_pending_full_polar_dae11_rescue
dae11,"root,mid1",324519.88092595,rough,-4.75,0.09013374836566777,0.025966426308892347,-0.11931819069949941,True,ok,julia_xfoil,,prestall,seed_reference_pending_full_polar_dae11_rescue
dae11,"root,mid1",324519.88092595,rough,-4.5,0.11800864199702793,0.02333209937762152,-0.12045486372879996,True,ok,julia_xfoil,,prestall,seed_reference_pending_full_polar_dae11_rescue
dae11,"root,mid1",324519.88092595,rough,-4.25,0.1459884420634127,0.021569547350245268,-0.12108669455155578,True,ok,julia_xfoil,,prestall,seed_reference_pending_full_polar_dae11_rescue
dae11,"root,mid1",324519.88092595,rough,-4.0,0.1739945453353801,0.02033300169257087,-0.12147218252012207,True,ok,julia_xfoil,,prestall,seed_reference_pending_full_polar_dae11_rescue
dae11,"root,mid1",324519.88092595,rough,-3.75,0.20199157348455593,0.01944629652361937,-0.1217266282898681,True,ok,julia_xfoil,,prestall,seed_reference_pending_full_polar_dae11_rescue
dae11,"root,mid1",324519.88092595,rough,-3.5,0.22987153453805984,0.018527112120614975,-0.12197109786599128,True,ok,julia_xfoil,,prestall,seed_reference_pending_full_polar_dae11_rescue
dae11,"root,mid1",324519.88092595,rough,-3.25,0.25757602261373824,0.01782033908872622,-0.12222185397030973,True,ok,julia_xfoil,,prestall,seed_reference_pending_full_polar_dae11_rescue
dae11,"root,mid1",324519.88092595,rough,-3.0,0.2853471617724904,0.017473825824457126,-0.12240587664277137,True,ok,julia_xfoil,,prestall,seed_reference_pending_full_polar_dae11_rescue
dae11,"root,mid1",324519.88092595,rough,-2.75,0.313141141039257,0.01717338165964374,-0.12256227397535653,True,ok,julia_xfoil,,prestall,seed_reference_pending_full_polar_dae11_rescue
dae11,"root,mid1",324519.88092595,rough,-2.5,0.3409542426185475,0.01689417475098997,-0.12270517328374857,True,ok,julia_xfoil,,prestall,seed_reference_pending_full_polar_dae11_rescue
dae11,"root,mid1",324519.88092595,rough,-2.25,0.3687732008790163,0.016653858341150546,-0.12284250388494253,True,ok,julia_xfoil,,prestall,seed_reference_pending_full_polar_dae11_rescue
dae11,"root,mid1",324519.88092595,rough,-2.0,0.3964924684233186,0.01656728789056486,-0.12295686926811815,True,ok,julia_xfoil,,prestall,seed_reference_pending_full_polar_dae11_rescue
dae11,"root,mid1",324519.88092595,rough,-1.75,0.4242147943369211,0.016288363109789716,-0.12319657783351994,True,ok,julia_xfoil,,prestall,seed_reference_pending_full_polar_dae11_rescue
dae11,"root,mid1",324519.88092595,rough,-1.5,0.45192698135998405,0.016180558276075403,-0.12334681817814507,True,ok,julia_xfoil,,prestall,seed_reference_pending_full_polar_dae11_rescue
dae11,"root,mid1",324519.88092595,rough,-1.25,0.4796468846024895,0.0161003198423331,-0.12347547898942636,True,ok,julia_xfoil,,prestall,seed_reference_pending_full_polar_dae11_rescue
dae11,"root,mid1",324519.88092595,rough,-1.0,0.5073815662244024,0.015993334266104928,-0.12363643382099891,True,ok,julia_xfoil,,prestall,seed_reference_pending_full_polar_dae11_rescue
dae11,"root,mid1",324519.88092595,rough,-0.75,0.5348805515079246,0.015982748376849272,-0.12376308653196154,True,ok,julia_xfoil,,prestall,seed_reference_pending_full_polar_dae11_rescue
dae11,"root,mid1",324519.88092595,rough,-0.5,0.5623185661981103,0.01599716611671332,-0.12385813166015283,True,ok,julia_xfoil,,prestall,seed_reference_pending_full_polar_dae11_rescue
dae11,"root,mid1",324519.88092595,rough,-0.25,0.5894580710366362,0.01610499789706286,-0.12389967079119543,True,ok,julia_xfoil,,prestall,seed_reference_pending_full_polar_dae11_rescue
dae11,"root,mid1",324519.88092595,rough,0.0,0.6164072014103374,0.01623317571840034,-0.12393651248320299,True,ok,julia_xfoil,,prestall,seed_reference_pending_full_polar_dae11_rescue
dae11,"root,mid1",324519.88092595,rough,0.25,0.6431958974105193,0.01637529246627126,-0.12396307564197902,True,ok,julia_xfoil,,prestall,seed_reference_pending_full_polar_dae11_rescue
dae11,"root,mid1",324519.88092595,rough,0.5,0.6698017329858892,0.01653137604003482,-0.1239765740860413,True,ok,julia_xfoil,,prestall,seed_reference_pending_full_polar_dae11_rescue
dae11,"root,mid1",324519.88092595,rough,0.75,0.6962080416480956,0.01670119935663455,-0.12397561530006522,True,ok,julia_xfoil,,prestall,seed_reference_pending_full_polar_dae11_rescue
dae11,"root,mid1",324519.88092595,rough,1.0,0.7223873094612002,0.016886408745275795,-0.12395566687390583,True,ok,julia_xfoil,,prestall,seed_reference_pending_full_polar_dae11_rescue
dae11,"root,mid1",324519.88092595,rough,1.25,0.748339186732578,0.017085300202472748,-0.12391681923632583,True,ok,julia_xfoil,,prestall,seed_reference_pending_full_polar_dae11_rescue
dae11,"root,mid1",324519.88092595,rough,1.5,0.7740572833368652,0.017296449878913926,-0.12385863583309713,True,ok,julia_xfoil,,prestall,seed_reference_pending_full_polar_dae11_rescue
dae11,"root,mid1",324519.88092595,rough,1.75,0.79951716208126,0.017521102843334243,-0.12377749915660083,True,ok,julia_xfoil,,prestall,seed_reference_pending_full_polar_dae11_rescue
dae11,"root,mid1",324519.88092595,rough,2.0,0.8246783087982974,0.017761535105583016,-0.12366992345191455,True,ok,julia_xfoil,,prestall,seed_reference_pending_full_polar_dae11_rescue
dae11,"root,mid1",324519.88092595,rough,2.25,0.8494937053195118,0.01801959977299824,-0.12353330601566173,True,ok,julia_xfoil,,prestall,seed_reference_pending_full_polar_dae11_rescue
dae11,"root,mid1",324519.88092595,rough,2.5,0.8739202868298374,0.01829744644947556,-0.12336337038392127,True,ok,julia_xfoil,,prestall,seed_reference_pending_full_polar_dae11_rescue
dae11,"root,mid1",324519.88092595,rough,2.75,0.8979224854364276,0.01859635019180106,-0.12315727748622989,True,ok,julia_xfoil,,prestall,seed_reference_pending_full_polar_dae11_rescue
dae11,"root,mid1",324519.88092595,rough,3.0,0.9214607339875578,0.018917174523796338,-0.12291327176339076,True,ok,julia_xfoil,,prestall,seed_reference_pending_full_polar_dae11_rescue
dae11,"root,mid1",324519.88092595,rough,3.25,0.9444810512336889,0.019262649953025665,-0.12262857051727122,True,ok,julia_xfoil,,prestall,seed_reference_pending_full_polar_dae11_rescue
dae11,"root,mid1",324519.88092595,rough,3.5,0.9668532311969439,0.01964186828024011,-0.12229507111897583,True,ok,julia_xfoil,,prestall,seed_reference_pending_full_polar_dae11_rescue
dae11,"root,mid1",324519.88092595,rough,3.75,0.9877843289593269,0.020075529980499378,-0.12183842778408861,True,ok,julia_xfoil,,prestall,seed_reference_pending_full_polar_dae11_rescue
dae11,"root,mid1",324519.88092595,rough,4.0,1.006283836384898,0.020599675015091943,-0.12114978946649356,True,ok,julia_xfoil,,prestall,seed_reference_pending_full_polar_dae11_rescue
dae11,"root,mid1",324519.88092595,rough,4.25,1.0262809222984157,0.02117915375887968,-0.12079708619385103,True,ok,julia_xfoil,,prestall,seed_reference_pending_full_polar_dae11_rescue
dae11,"root,mid1",324519.88092595,rough,4.5,1.0465527514265238,0.021794909198052045,-0.1205247987383395,True,ok,julia_xfoil,,prestall,seed_reference_pending_full_polar_dae11_rescue
dae11,"root,mid1",324519.88092595,rough,4.75,1.0664331289583826,0.022444524890442998,-0.12022317348567142,True,ok,julia_xfoil,,prestall,seed_reference_pending_full_polar_dae11_rescue
dae11,"root,mid1",324519.88092595,rough,5.0,1.0858092370456836,0.023118858638438267,-0.11985709899079128,True,ok,julia_xfoil,,prestall,seed_reference_pending_full_polar_dae11_rescue
dae11,"root,mid1",324519.88092595,rough,5.25,1.104697495306019,0.023825926816371485,-0.11944626256079156,True,ok,julia_xfoil,,prestall,seed_reference_pending_full_polar_dae11_rescue
dae11,"root,mid1",324519.88092595,rough,5.5,1.1232097353932349,0.024552651340165422,-0.11898863369506049,True,ok,julia_xfoil,,prestall,seed_reference_pending_full_polar_dae11_rescue
dae11,"root,mid1",324519.88092595,rough,5.75,1.1410150256683085,0.025327121053747934,-0.11847633540995693,True,ok,julia_xfoil,,prestall,seed_reference_pending_full_polar_dae11_rescue
dae11,"root,mid1",324519.88092595,rough,6.0,1.1585355828332278,0.026113603153681685,-0.11792188232261724,True,ok,julia_xfoil,,prestall,seed_reference_pending_full_polar_dae11_rescue
dae11,"root,mid1",324519.88092595,rough,6.25,1.1756317590455911,0.026934021091639965,-0.1173394910405291,True,ok,julia_xfoil,,prestall,seed_reference_pending_full_polar_dae11_rescue
dae11,"root,mid1",324519.88092595,rough,6.5,1.192090593053001,0.02780153767106047,-0.11671566342824985,True,ok,julia_xfoil,,prestall,seed_reference_pending_full_polar_dae11_rescue
dae11,"root,mid1",324519.88092595,rough,6.75,1.208334310802866,0.02866833168030625,-0.11604836378570517,True,ok,julia_xfoil,,prestall,seed_reference_pending_full_polar_dae11_rescue
dae11,"root,mid1",324519.88092595,rough,7.0,1.224379804584942,0.029547013692022058,-0.11536163157274863,True,ok,julia_xfoil,,prestall,seed_reference_pending_full_polar_dae11_rescue
dae11,"root,mid1",324519.88092595,rough,7.25,1.2397013215198636,0.030498523214182924,-0.11465704736053811,True,ok,julia_xfoil,,prestall,seed_reference_pending_full_polar_dae11_rescue
dae11,"root,mid1",324519.88092595,rough,7.5,1.2547935628629638,0.031464716696584204,-0.11393410008688844,True,ok,julia_xfoil,,prestall,seed_reference_pending_full_polar_dae11_rescue
dae11,"root,mid1",324519.88092595,rough,7.75,1.2696122696742436,0.03243159011272632,-0.113166990942084,True,ok,julia_xfoil,,prestall,seed_reference_pending_full_polar_dae11_rescue
dae11,"root,mid1",324519.88092595,rough,8.0,1.284128739829191,0.033418057720064266,-0.11237635815873481,True,ok,julia_xfoil,,prestall,seed_reference_pending_full_polar_dae11_rescue
dae11,"root,mid1",324519.88092595,rough,8.25,1.2978300635343711,0.034491902465876856,-0.11157262506137139,True,ok,julia_xfoil,,prestall,seed_reference_pending_full_polar_dae11_rescue
dae11,"root,mid1",324519.88092595,rough,8.5,1.3112622240952367,0.03559398748047168,-0.1107646606702208,True,ok,julia_xfoil,,prestall,seed_reference_pending_full_polar_dae11_rescue
dae11,"root,mid1",324519.88092595,rough,8.75,1.3247140989535475,0.03668787579246102,-0.10995180080950379,True,ok,julia_xfoil,,prestall,seed_reference_pending_full_polar_dae11_rescue
dae11,"root,mid1",324519.88092595,rough,9.0,1.3380174446298208,0.03778114034360784,-0.10911929326418245,True,ok,julia_xfoil,,prestall,seed_reference_pending_full_polar_dae11_rescue
dae11,"root,mid1",324519.88092595,rough,9.25,1.3507653062475442,0.038912629314877246,-0.10825517212297528,True,ok,julia_xfoil,,prestall,seed_reference_pending_full_polar_dae11_rescue
dae11,"root,mid1",324519.88092595,rough,9.5,1.3625141653598059,0.04015568826525245,-0.10737940936880795,True,ok,julia_xfoil,,prestall,seed_reference_pending_full_polar_dae11_rescue
dae11,"root,mid1",324519.88092595,rough,9.75,1.374405614218529,0.0413897705944684,-0.10651898698979248,True,ok,julia_xfoil,,prestall,seed_reference_pending_full_polar_dae11_rescue
dae11,"root,mid1",324519.88092595,rough,10.0,1.3866892546676475,0.04261781629834586,-0.10571303516922298,True,ok,julia_xfoil,,prestall,seed_reference_pending_full_polar_dae11_rescue
dae11,"root,mid1",324519.88092595,rough,10.25,1.3990115882945255,0.043869181679884316,-0.10494361808689072,True,ok,julia_xfoil,,prestall,seed_reference_pending_full_polar_dae11_rescue
dae11,"root,mid1",324519.88092595,rough,10.5,1.410961579740199,0.04518364608257785,-0.10419633498357186,True,ok,julia_xfoil,,prestall,seed_reference_pending_full_polar_dae11_rescue
dae11,"root,mid1",324519.88092595,rough,10.75,1.4218547534587385,0.046624571773474316,-0.10344695814729349,True,ok,julia_xfoil,,prestall,seed_reference_pending_full_polar_dae11_rescue
dae11,"root,mid1",324519.88092595,rough,11.0,1.43291139140894,0.04804435871421736,-0.10270446646362398,True,ok,julia_xfoil,,prestall,seed_reference_pending_full_polar_dae11_rescue
dae11,"root,mid1",324519.88092595,rough,11.25,1.444160671794016,0.0494501854382278,-0.10198011324368575,True,ok,julia_xfoil,,prestall,seed_reference_pending_full_polar_dae11_rescue
dae11,"root,mid1",324519.88092595,rough,11.5,1.4554929287550777,0.050869099404488645,-0.1012869338954004,True,ok,julia_xfoil,,prestall,seed_reference_pending_full_polar_dae11_rescue
dae11,"root,mid1",324519.88092595,rough,11.75,1.466232398598129,0.05236416359467612,-0.10060201739314703,True,ok,julia_xfoil,,prestall,seed_reference_pending_full_polar_dae11_rescue
dae11,"root,mid1",324519.88092595,rough,12.0,1.47594144423965,0.05401138458613057,-0.09994297904893062,True,ok,julia_xfoil,,prestall,seed_reference_pending_full_polar_dae11_rescue
dae11,"root,mid1",324519.88092595,rough,12.25,1.4859487289941986,0.055628359188099726,-0.09930350327312588,True,ok,julia_xfoil,,prestall,seed_reference_pending_full_polar_dae11_rescue
dae11,"root,mid1",324519.88092595,rough,12.5,1.4959524358700134,0.05723891963215687,-0.09866894509373698,True,ok,julia_xfoil,,prestall,seed_reference_pending_full_polar_dae11_rescue
dae11,"root,mid1",324519.88092595,rough,12.75,1.5057369342897111,0.05887897369717077,-0.09804701291662898,True,ok,julia_xfoil,,prestall,seed_reference_pending_full_polar_dae11_rescue
dae11,"root,mid1",324519.88092595,rough,13.0,1.514592499528822,0.06063464821330918,-0.09743143200236748,True,ok,julia_xfoil,,prestall,seed_reference_pending_full_polar_dae11_rescue
dae11,"root,mid1",324519.88092595,rough,13.25,1.522341833036897,0.0625327101299446,-0.09682598629104194,True,ok,julia_xfoil,,prestall,seed_reference_pending_full_polar_dae11_rescue
dae11,"root,mid1",324519.88092595,rough,13.5,1.5304739916640906,0.06438598831419746,-0.09623967197433586,True,ok,julia_xfoil,,prestall,seed_reference_pending_full_polar_dae11_rescue
dae11,"root,mid1",324519.88092595,rough,13.75,1.5389697022974294,0.06621968330520842,-0.09569103498725147,True,ok,julia_xfoil,,prestall,seed_reference_pending_full_polar_dae11_rescue
dae11,"root,mid1",324519.88092595,rough,14.0,1.5471221187108837,0.06810501544839168,-0.09516442614890154,True,ok,julia_xfoil,,prestall,seed_reference_pending_full_polar_dae11_rescue
dae11,"root,mid1",324519.88092595,rough,14.25,1.553541871989571,0.0702358705997133,-0.09467441205322108,True,ok,julia_xfoil,,prestall,seed_reference_pending_full_polar_dae11_rescue
dae11,"root,mid1",324519.88092595,rough,14.5,1.5601192704996758,0.07234527218492742,-0.09420456537895061,True,ok,julia_xfoil,,prestall,seed_reference_pending_full_polar_dae11_rescue
dae11,"root,mid1",324519.88092595,rough,14.75,1.567115843236265,0.07441920548493987,-0.09376717812770503,True,ok,julia_xfoil,,prestall,seed_reference_pending_full_polar_dae11_rescue
dae11,"root,mid1",324519.88092595,rough,15.0,1.5736304333520514,0.07655019235906602,-0.09334585223970537,True,ok,julia_xfoil,,prestall,seed_reference_pending_full_polar_dae11_rescue
dae11,"root,mid1",324519.88092595,rough,15.25,1.5781534646555275,0.07896109387718613,-0.09297134708154668,True,ok,julia_xfoil,,prestall,seed_reference_pending_full_polar_dae11_rescue
dae11,"root,mid1",324519.88092595,rough,15.5,1.5825715466753747,0.0813597025945127,-0.09259851517959107,True,ok,julia_xfoil,,prestall,seed_reference_pending_full_polar_dae11_rescue
dae11,"root,mid1",324519.88092595,rough,15.75,1.5872816171779096,0.0837352543541431,-0.09225259285337999,True,ok,julia_xfoil,,prestall,seed_reference_pending_full_polar_dae11_rescue
dae11,"root,mid1",324519.88092595,rough,16.0,1.5889602174465434,0.08651712226156352,-0.09194814175980144,True,ok,julia_xfoil,,prestall,seed_reference_pending_full_polar_dae11_rescue
dae11,"root,mid1",324519.88092595,rough,16.25,1.5848073285021298,0.09010738917128604,-0.09174759736341398,True,ok,julia_xfoil,,poststall,seed_reference_pending_full_polar_dae11_rescue
dae11,"root,mid1",324519.88092595,rough,16.5,1.5857885612082883,0.09304510685507149,-0.09160136687949981,True,ok,julia_xfoil,,poststall,seed_reference_pending_full_polar_dae11_rescue
dae11,"root,mid1",324519.88092595,rough,16.75,1.583906258502658,0.09639967351119119,-0.09156489732901532,True,ok,julia_xfoil,,poststall,seed_reference_pending_full_polar_dae11_rescue
dae11,"root,mid1",324519.88092595,rough,17.0,1.5793694617714076,0.10016017771375225,-0.0916645719923947,True,ok,julia_xfoil,,poststall,seed_reference_pending_full_polar_dae11_rescue
dae11,"root,mid1",324519.88092595,rough,17.25,1.5760376288402622,0.10377293851287434,-0.09180613533932945,True,ok,julia_xfoil,,poststall,seed_reference_pending_full_polar_dae11_rescue
dae11,"root,mid1",324519.88092595,rough,17.5,1.5746729393453458,0.10715819329082296,-0.09205291856245443,True,ok,julia_xfoil,,poststall,seed_reference_pending_full_polar_dae11_rescue
dae11,"root,mid1",324519.88092595,rough,17.75,1.5725509741480677,0.11061654310892086,-0.09234778323689535,True,ok,julia_xfoil,,poststall,seed_reference_pending_full_polar_dae11_rescue
dae11,"root,mid1",324519.88092595,rough,18.0,1.569317947021179,0.11427680982109112,-0.09276595140321542,True,ok,julia_xfoil,,poststall,seed_reference_pending_full_polar_dae11_rescue
dae11,"root,mid1",350000.0,rough,-6.0,-0.0514383575624639,0.05971501640777791,-0.0842412627920681,True,ok,julia_xfoil,,prestall,seed_reference_pending_full_polar_dae11_rescue
dae11,"root,mid1",350000.0,rough,-5.75,-0.02671283530360453,0.05374207051946901,-0.09317467202777341,True,ok,julia_xfoil,,prestall,seed_reference_pending_full_polar_dae11_rescue
dae11,"root,mid1",350000.0,rough,-5.5,0.0022972954296965505,0.04651098260732362,-0.10290973940058565,True,ok,julia_xfoil,,prestall,seed_reference_pending_full_polar_dae11_rescue
dae11,"root,mid1",350000.0,rough,-5.25,0.033695364731388934,0.03788189573408807,-0.11170968723038825,True,ok,julia_xfoil,,prestall,seed_reference_pending_full_polar_dae11_rescue
dae11,"root,mid1",350000.0,rough,-5.0,0.06273443307473556,0.029983298837822452,-0.11716491940674512,True,ok,julia_xfoil,,prestall,seed_reference_pending_full_polar_dae11_rescue
dae11,"root,mid1",350000.0,rough,-4.75,0.09061643381525697,0.025338129417057216,-0.1195773569878588,True,ok,julia_xfoil,,prestall,seed_reference_pending_full_polar_dae11_rescue
dae11,"root,mid1",350000.0,rough,-4.5,0.11857928045179324,0.022644201645699195,-0.12067184943136375,True,ok,julia_xfoil,,prestall,seed_reference_pending_full_polar_dae11_rescue
dae11,"root,mid1",350000.0,rough,-4.25,0.1466094475748059,0.020915811016997476,-0.12125906328684698,True,ok,julia_xfoil,,prestall,seed_reference_pending_full_polar_dae11_rescue
dae11,"root,mid1",350000.0,rough,-4.0,0.17464493170655215,0.019712246248923006,-0.12161885153643008,True,ok,julia_xfoil,,prestall,seed_reference_pending_full_polar_dae11_rescue
dae11,"root,mid1",350000.0,rough,-3.75,0.20266136429488976,0.018837382944689014,-0.12186265960679503,True,ok,julia_xfoil,,prestall,seed_reference_pending_full_polar_dae11_rescue
dae11,"root,mid1",350000.0,rough,-3.5,0.23066185046076385,0.018209488919817697,-0.12204307749898903,True,ok,julia_xfoil,,prestall,seed_reference_pending_full_polar_dae11_rescue
dae11,"root,mid1",350000.0,rough,-3.25,0.25850517960532426,0.01743502232516986,-0.12226468678418494,True,ok,julia_xfoil,,prestall,seed_reference_pending_full_polar_dae11_rescue
dae11,"root,mid1",350000.0,rough,-3.0,0.2863044430394809,0.01698274718190736,-0.12248155256515007,True,ok,julia_xfoil,,prestall,seed_reference_pending_full_polar_dae11_rescue
dae11,"root,mid1",350000.0,rough,-2.75,0.31414065790746504,0.01672313702245553,-0.12265547940636005,True,ok,julia_xfoil,,prestall,seed_reference_pending_full_polar_dae11_rescue
dae11,"root,mid1",350000.0,rough,-2.5,0.3419913889812346,0.01648973325004776,-0.12281281717841182,True,ok,julia_xfoil,,prestall,seed_reference_pending_full_polar_dae11_rescue
dae11,"root,mid1",350000.0,rough,-2.25,0.3698595949451915,0.016278639312061027,-0.12296274480167133,True,ok,julia_xfoil,,prestall,seed_reference_pending_full_polar_dae11_rescue
dae11,"root,mid1",350000.0,rough,-2.0,0.3976793748445795,0.016153336851919258,-0.12310030418029205,True,ok,julia_xfoil,,prestall,seed_reference_pending_full_polar_dae11_rescue
dae11,"root,mid1",350000.0,rough,-1.75,0.425494948232993,0.015950939282164355,-0.12330279543410336,True,ok,julia_xfoil,,prestall,seed_reference_pending_full_polar_dae11_rescue
dae11,"root,mid1",350000.0,rough,-1.5,0.45325203775711337,0.015847660795758615,-0.12347391462679143,True,ok,julia_xfoil,,prestall,seed_reference_pending_full_polar_dae11_rescue
dae11,"root,mid1",350000.0,rough,-1.25,0.4810141978451464,0.01577799147876876,-0.12361175309918535,True,ok,julia_xfoil,,prestall,seed_reference_pending_full_polar_dae11_rescue
dae11,"root,mid1",350000.0,rough,-1.0,0.5087655590430716,0.015705643478286815,-0.1237571494751676,True,ok,julia_xfoil,,prestall,seed_reference_pending_full_polar_dae11_rescue
dae11,"root,mid1",350000.0,rough,-0.75,0.5363479826355394,0.015681131484041908,-0.12390298347949288,True,ok,julia_xfoil,,prestall,seed_reference_pending_full_polar_dae11_rescue
dae11,"root,mid1",350000.0,rough,-0.5,0.5638433183260259,0.015699019804698854,-0.12401061360825813,True,ok,julia_xfoil,,prestall,seed_reference_pending_full_polar_dae11_rescue
dae11,"root,mid1",350000.0,rough,-0.25,0.5910860043034243,0.01580231211214361,-0.12406392420200796,True,ok,julia_xfoil,,prestall,seed_reference_pending_full_polar_dae11_rescue
dae11,"root,mid1",350000.0,rough,0.0,0.6181258631793888,0.015928854281875474,-0.12410974270102144,True,ok,julia_xfoil,,prestall,seed_reference_pending_full_polar_dae11_rescue
dae11,"root,mid1",350000.0,rough,0.25,0.6449955261168714,0.016069956441005923,-0.12414622819341348,True,ok,julia_xfoil,,prestall,seed_reference_pending_full_polar_dae11_rescue
dae11,"root,mid1",350000.0,rough,0.5,0.6717003265767346,0.016222880949437447,-0.12417189694000179,True,ok,julia_xfoil,,prestall,seed_reference_pending_full_polar_dae11_rescue
dae11,"root,mid1",350000.0,rough,0.75,0.6982276968492875,0.016388270703070494,-0.12418315551196428,True,ok,julia_xfoil,,prestall,seed_reference_pending_full_polar_dae11_rescue
dae11,"root,mid1",350000.0,rough,1.0,0.7245562789575222,0.016566418137467377,-0.12417830920028507,True,ok,julia_xfoil,,prestall,seed_reference_pending_full_polar_dae11_rescue
dae11,"root,mid1",350000.0,rough,1.25,0.7506596584646065,0.016758102883627855,-0.12415579703186433,True,ok,julia_xfoil,,prestall,seed_reference_pending_full_polar_dae11_rescue
dae11,"root,mid1",350000.0,rough,1.5,0.7765158416480457,0.0169644157595424,-0.12411213495906204,True,ok,julia_xfoil,,prestall,seed_reference_pending_full_polar_dae11_rescue
dae11,"root,mid1",350000.0,rough,1.75,0.802112266140015,0.01718496841814169,-0.12404587167997182,True,ok,julia_xfoil,,prestall,seed_reference_pending_full_polar_dae11_rescue
dae11,"root,mid1",350000.0,rough,2.0,0.8274379530613842,0.01741879149288774,-0.12395609881115076,True,ok,julia_xfoil,,prestall,seed_reference_pending_full_polar_dae11_rescue
dae11,"root,mid1",350000.0,rough,2.25,0.8524618450106356,0.017667104846610302,-0.12384018123016786,True,ok,julia_xfoil,,prestall,seed_reference_pending_full_polar_dae11_rescue
dae11,"root,mid1",350000.0,rough,2.5,0.8771340739557142,0.017933130861932857,-0.12369319852718354,True,ok,julia_xfoil,,prestall,seed_reference_pending_full_polar_dae11_rescue
dae11,"root,mid1",350000.0,rough,2.75,0.901402265821992,0.018219026785609552,-0.12351181271385744,True,ok,julia_xfoil,,prestall,seed_reference_pending_full_polar_dae11_rescue
dae11,"root,mid1",350000.0,rough,3.0,0.9251940259164404,0.018528789500303223,-0.1232909271248336,True,ok,julia_xfoil,,prestall,seed_reference_pending_full_polar_dae11_rescue
dae11,"root,mid1",350000.0,rough,3.25,0.9484657301539589,0.01886409332985588,-0.12302780315861225,True,ok,julia_xfoil,,prestall,seed_reference_pending_full_polar_dae11_rescue
dae11,"root,mid1",350000.0,rough,3.5,0.9711351962823073,0.019229526690896948,-0.12271861841510162,True,ok,julia_xfoil,,prestall,seed_reference_pending_full_polar_dae11_rescue
dae11,"root,mid1",350000.0,rough,3.75,0.9930723997678106,0.019631735612266794,-0.12236322118306656,True,ok,julia_xfoil,,prestall,seed_reference_pending_full_polar_dae11_rescue
dae11,"root,mid1",350000.0,rough,4.0,1.0122595071732865,0.020114716746454632,-0.12171720220458278,True,ok,julia_xfoil,,prestall,seed_reference_pending_full_polar_dae11_rescue
dae11,"root,mid1",350000.0,rough,4.25,1.0314866857616862,0.02067130998265485,-0.12120709241434674,True,ok,julia_xfoil,,prestall,seed_reference_pending_full_polar_dae11_rescue
dae11,"root,mid1",350000.0,rough,4.5,1.0519434027956172,0.021268638322512808,-0.12095183351827822,True,ok,julia_xfoil,,prestall,seed_reference_pending_full_polar_dae11_rescue
dae11,"root,mid1",350000.0,rough,4.75,1.0720196357347074,0.02190659565467347,-0.12067513753191704,True,ok,julia_xfoil,,prestall,seed_reference_pending_full_polar_dae11_rescue
dae11,"root,mid1",350000.0,rough,5.0,1.0916207524221757,0.02257013217990411,-0.12033820362340723,True,ok,julia_xfoil,,prestall,seed_reference_pending_full_polar_dae11_rescue
dae11,"root,mid1",350000.0,rough,5.25,1.1106096496208189,0.023275392192581304,-0.1199492634717735,True,ok,julia_xfoil,,prestall,seed_reference_pending_full_polar_dae11_rescue
dae11,"root,mid1",350000.0,rough,5.5,1.1292860364852004,0.02399465255256282,-0.11951397870914489,True,ok,julia_xfoil,,prestall,seed_reference_pending_full_polar_dae11_rescue
dae11,"root,mid1",350000.0,rough,5.75,1.1473470856139707,0.024754056819748252,-0.11902770139270748,True,ok,julia_xfoil,,prestall,seed_reference_pending_full_polar_dae11_rescue
dae11,"root,mid1",350000.0,rough,6.0,1.164992807449868,0.025535172315349658,-0.11849332406371386,True,ok,julia_xfoil,,prestall,seed_reference_pending_full_polar_dae11_rescue
dae11,"root,mid1",350000.0,rough,6.25,1.182401671784235,0.026327324007517288,-0.11792590271111231,True,ok,julia_xfoil,,prestall,seed_reference_pending_full_polar_dae11_rescue
dae11,"root,mid1",350000.0,rough,6.5,1.1991409310017158,0.027179761440016353,-0.11733158283717306,True,ok,julia_xfoil,,prestall,seed_reference_pending_full_polar_dae11_rescue
dae11,"root,mid1",350000.0,rough,6.75,1.2154165415175098,0.028049676179939222,-0.11667760180662855,True,ok,julia_xfoil,,prestall,seed_reference_pending_full_polar_dae11_rescue
dae11,"root,mid1",350000.0,rough,7.0,1.2314835299255715,0.028926201696169374,-0.11599299437290751,True,ok,julia_xfoil,,prestall,seed_reference_pending_full_polar_dae11_rescue
dae11,"root,mid1",350000.0,rough,7.25,1.2470248040565757,0.02985307557969305,-0.1152904218305116,True,ok,julia_xfoil,,prestall,seed_reference_pending_full_polar_dae11_rescue
dae11,"root,mid1",350000.0,rough,7.5,1.2620135417841432,0.03083232361860072,-0.11456934872198041,True,ok,julia_xfoil,,prestall,seed_reference_pending_full_polar_dae11_rescue
dae11,"root,mid1",350000.0,rough,7.75,1.276896801366077,0.031802697396992104,-0.11381814970579451,True,ok,julia_xfoil,,prestall,seed_reference_pending_full_polar_dae11_rescue
dae11,"root,mid1",350000.0,rough,8.0,1.2915346521544258,0.032776507308543125,-0.11303202180281975,True,ok,julia_xfoil,,prestall,seed_reference_pending_full_polar_dae11_rescue
dae11,"root,mid1",350000.0,rough,8.25,1.3056674410103677,0.03380182572564564,-0.11223420685506012,True,ok,julia_xfoil,,prestall,seed_reference_pending_full_polar_dae11_rescue
dae11,"root,mid1",350000.0,rough,8.5,1.3190965478526904,0.034903244883260014,-0.11142583928985976,True,ok,julia_xfoil,,prestall,seed_reference_pending_full_polar_dae11_rescue
dae11,"root,mid1",350000.0,rough,8.75,1.3326014280598968,0.03599271168670716,-0.1106165678278799,True,ok,julia_xfoil,,prestall,seed_reference_pending_full_polar_dae11_rescue
dae11,"root,mid1",350000.0,rough,9.0,1.3459939472487925,0.03708543413666658,-0.10979645809779505,True,ok,julia_xfoil,,prestall,seed_reference_pending_full_polar_dae11_rescue
dae11,"root,mid1",350000.0,rough,9.25,1.3589601503243365,0.03819814018105887,-0.10894190614958811,True,ok,julia_xfoil,,prestall,seed_reference_pending_full_polar_dae11_rescue
dae11,"root,mid1",350000.0,rough,9.5,1.3708228877068325,0.039422769793310636,-0.10806090043389031,True,ok,julia_xfoil,,prestall,seed_reference_pending_full_polar_dae11_rescue
dae11,"root,mid1",350000.0,rough,9.75,1.382455098390165,0.04068015466951865,-0.10718881679683956,True,ok,julia_xfoil,,prestall,seed_reference_pending_full_polar_dae11_rescue
dae11,"root,mid1",350000.0,rough,10.0,1.394468917666192,0.04191840579393408,-0.10635431442820237,True,ok,julia_xfoil,,prestall,seed_reference_pending_full_polar_dae11_rescue
dae11,"root,mid1",350000.0,rough,10.25,1.40686084414684,0.04315445316618064,-0.10557656994783339,True,ok,julia_xfoil,,prestall,seed_reference_pending_full_polar_dae11_rescue
dae11,"root,mid1",350000.0,rough,10.5,1.4191600813846412,0.04441982465894523,-0.10482441932902062,True,ok,julia_xfoil,,prestall,seed_reference_pending_full_polar_dae11_rescue
dae11,"root,mid1",350000.0,rough,10.75,1.4303100018075805,0.04582843663882425,-0.10407303515293406,True,ok,julia_xfoil,,prestall,seed_reference_pending_full_polar_dae11_rescue
dae11,"root,mid1",350000.0,rough,11.0,1.4413305119922484,0.04725086601826515,-0.10332539071607674,True,ok,julia_xfoil,,prestall,seed_reference_pending_full_polar_dae11_rescue
dae11,"root,mid1",350000.0,rough,11.25,1.4524957982663436,0.048649666639266585,-0.10258031826399001,True,ok,julia_xfoil,,prestall,seed_reference_pending_full_polar_dae11_rescue
dae11,"root,mid1",350000.0,rough,11.5,1.4637771895087257,0.050062956233597584,-0.10187069454049491,True,ok,julia_xfoil,,prestall,seed_reference_pending_full_polar_dae11_rescue
dae11,"root,mid1",350000.0,rough,11.75,1.4747207190697778,0.051518821111536994,-0.1011679724896588,True,ok,julia_xfoil,,prestall,seed_reference_pending_full_polar_dae11_rescue
dae11,"root,mid1",350000.0,rough,12.0,1.4843907325805612,0.053153846166543596,-0.10048710576342314,True,ok,julia_xfoil,,prestall,seed_reference_pending_full_polar_dae11_rescue
dae11,"root,mid1",350000.0,rough,12.25,1.4941166231218268,0.05480143508269501,-0.09983609783621711,True,ok,julia_xfoil,,prestall,seed_reference_pending_full_polar_dae11_rescue
dae11,"root,mid1",350000.0,rough,12.5,1.50403813592791,0.056417657604328604,-0.09919257241356025,True,ok,julia_xfoil,,prestall,seed_reference_pending_full_polar_dae11_rescue
dae11,"root,mid1",350000.0,rough,12.75,1.513951995607118,0.05803316255089511,-0.0985601125553238,True,ok,julia_xfoil,,prestall,seed_reference_pending_full_polar_dae11_rescue
dae11,"root,mid1",350000.0,rough,13.0,1.5235491820443936,0.05970093089502245,-0.0979491215414722,True,ok,julia_xfoil,,prestall,seed_reference_pending_full_polar_dae11_rescue
dae11,"root,mid1",350000.0,rough,13.25,1.5313783865348858,0.06158052914889982,-0.09733295912853202,True,ok,julia_xfoil,,prestall,seed_reference_pending_full_polar_dae11_rescue
dae11,"root,mid1",350000.0,rough,13.5,1.5394508610946527,0.06343294046796848,-0.09673483610993519,True,ok,julia_xfoil,,prestall,seed_reference_pending_full_polar_dae11_rescue
dae11,"root,mid1",350000.0,rough,13.75,1.5478816761821161,0.06525924540582782,-0.09616775180464898,True,ok,julia_xfoil,,prestall,seed_reference_pending_full_polar_dae11_rescue
dae11,"root,mid1",350000.0,rough,14.0,1.5561234886678499,0.0671232066113013,-0.09562641712105978,True,ok,julia_xfoil,,prestall,seed_reference_pending_full_polar_dae11_rescue
dae11,"root,mid1",350000.0,rough,14.25,1.562950733489203,0.06918429806238001,-0.09511304036763847,True,ok,julia_xfoil,,prestall,seed_reference_pending_full_polar_dae11_rescue
dae11,"root,mid1",350000.0,rough,14.5,1.5690547463323081,0.07134754016641608,-0.09462660339137473,True,ok,julia_xfoil,,prestall,seed_reference_pending_full_polar_dae11_rescue
dae11,"root,mid1",350000.0,rough,14.75,1.5758414620634345,0.07343967063566734,-0.09417338643229758,True,ok,julia_xfoil,,prestall,seed_reference_pending_full_polar_dae11_rescue
dae11,"root,mid1",350000.0,rough,15.0,1.5824014478959114,0.0755565194121073,-0.09373510992681498,True,ok,julia_xfoil,,prestall,seed_reference_pending_full_polar_dae11_rescue
dae11,"root,mid1",350000.0,rough,15.25,1.5876181558593025,0.07786260700775692,-0.09333371156056387,True,ok,julia_xfoil,,prestall,seed_reference_pending_full_polar_dae11_rescue
dae11,"root,mid1",350000.0,rough,15.5,1.5918256160497528,0.08028867512389158,-0.09295020529674405,True,ok,julia_xfoil,,prestall,seed_reference_pending_full_polar_dae11_rescue
dae11,"root,mid1",350000.0,rough,15.75,1.5963177626396996,0.08267301703879054,-0.09257574581259062,True,ok,julia_xfoil,,prestall,seed_reference_pending_full_polar_dae11_rescue
dae11,"root,mid1",350000.0,rough,16.0,1.5937014541958776,0.08595089161736202,-0.09220742015049503,True,ok,julia_xfoil,,poststall,seed_reference_pending_full_polar_dae11_rescue
dae11,"root,mid1",350000.0,rough,16.25,1.5925054002220902,0.08915021142296778,-0.09199579322757423,True,ok,julia_xfoil,,poststall,seed_reference_pending_full_polar_dae11_rescue
dae11,"root,mid1",350000.0,rough,16.5,1.5919390535230555,0.09227837369839462,-0.09183454357872535,True,ok,julia_xfoil,,poststall,seed_reference_pending_full_polar_dae11_rescue
dae11,"root,mid1",350000.0,rough,16.75,1.5890828144670328,0.09574017033827813,-0.0917697584530158,True,ok,julia_xfoil,,poststall,seed_reference_pending_full_polar_dae11_rescue
dae11,"root,mid1",350000.0,rough,17.0,1.5843998886658466,0.09951810912461295,-0.09184357525255912,True,ok,julia_xfoil,,poststall,seed_reference_pending_full_polar_dae11_rescue
dae11,"root,mid1",350000.0,rough,17.25,1.5847591694453158,0.10260726393197368,-0.09192284360955376,True,ok,julia_xfoil,,poststall,seed_reference_pending_full_polar_dae11_rescue
dae11,"root,mid1",350000.0,rough,17.5,1.5824926587565045,0.10610487384296033,-0.09215109208226052,True,ok,julia_xfoil,,poststall,seed_reference_pending_full_polar_dae11_rescue
dae11,"root,mid1",350000.0,rough,17.75,1.5787964038161575,0.10978472820840354,-0.0924648830388149,True,ok,julia_xfoil,,poststall,seed_reference_pending_full_polar_dae11_rescue
dae11,"root,mid1",350000.0,rough,18.0,1.5750192576813045,0.11350125303172626,-0.09285694518016863,True,ok,julia_xfoil,,poststall,seed_reference_pending_full_polar_dae11_rescue
dae11,"root,mid1",373368.002421,rough,-6.0,-0.051329340070222614,0.058504017261995236,-0.08571906747449035,True,ok,julia_xfoil,,prestall,seed_reference_pending_full_polar_dae11_rescue
dae11,"root,mid1",373368.002421,rough,-5.75,-0.026149216285317054,0.052752712118499724,-0.0943172536309147,True,ok,julia_xfoil,,prestall,seed_reference_pending_full_polar_dae11_rescue
dae11,"root,mid1",373368.002421,rough,-5.5,0.0031653554152266273,0.045493434821397685,-0.10394197182098766,True,ok,julia_xfoil,,prestall,seed_reference_pending_full_polar_dae11_rescue
dae11,"root,mid1",373368.002421,rough,-5.25,0.03368583354340301,0.03776039943193045,-0.11182015756280429,True,ok,julia_xfoil,,prestall,seed_reference_pending_full_polar_dae11_rescue
dae11,"root,mid1",373368.002421,rough,-5.0,0.06308633518999028,0.029682241828083825,-0.11734723580325193,True,ok,julia_xfoil,,prestall,seed_reference_pending_full_polar_dae11_rescue
dae11,"root,mid1",373368.002421,rough,-4.75,0.09112063278369495,0.024617881920357593,-0.1198455409292099,True,ok,julia_xfoil,,prestall,seed_reference_pending_full_polar_dae11_rescue
dae11,"root,mid1",373368.002421,rough,-4.5,0.11911418709269357,0.02198144150379255,-0.12085823563394439,True,ok,julia_xfoil,,prestall,seed_reference_pending_full_polar_dae11_rescue
dae11,"root,mid1",373368.002421,rough,-4.25,0.14715755442378534,0.020345518809444702,-0.1213923223469142,True,ok,julia_xfoil,,prestall,seed_reference_pending_full_polar_dae11_rescue
dae11,"root,mid1",373368.002421,rough,-4.0,0.17521025879538554,0.01920495166712498,-0.12172715885793915,True,ok,julia_xfoil,,prestall,seed_reference_pending_full_polar_dae11_rescue
dae11,"root,mid1",373368.002421,rough,-3.75,0.20324877014996295,0.018363322028265853,-0.12196250266831696,True,ok,julia_xfoil,,prestall,seed_reference_pending_full_polar_dae11_rescue
dae11,"root,mid1",373368.002421,rough,-3.5,0.23126459155884255,0.017743282852666038,-0.12214301650516772,True,ok,julia_xfoil,,prestall,seed_reference_pending_full_polar_dae11_rescue
dae11,"root,mid1",373368.002421,rough,-3.25,0.25926048375514144,0.01731607611369798,-0.1222931232437905,True,ok,julia_xfoil,,prestall,seed_reference_pending_full_polar_dae11_rescue
dae11,"root,mid1",373368.002421,rough,-3.0,0.2870820359996376,0.01662885095554634,-0.1225371599034533,True,ok,julia_xfoil,,prestall,seed_reference_pending_full_polar_dae11_rescue
dae11,"root,mid1",373368.002421,rough,-2.75,0.3149704851499751,0.016352835095158714,-0.12273056208637992,True,ok,julia_xfoil,,prestall,seed_reference_pending_full_polar_dae11_rescue
dae11,"root,mid1",373368.002421,rough,-2.5,0.3428729483513869,0.01615004347824453,-0.12290035884356346,True,ok,julia_xfoil,,prestall,seed_reference_pending_full_polar_dae11_rescue
dae11,"root,mid1",373368.002421,rough,-2.25,0.37077938476907807,0.015966035513684685,-0.12305997952109564,True,ok,julia_xfoil,,prestall,seed_reference_pending_full_polar_dae11_rescue
dae11,"root,mid1",373368.002421,rough,-2.0,0.39865954753124966,0.015832071932496087,-0.12321081242246675,True,ok,julia_xfoil,,prestall,seed_reference_pending_full_polar_dae11_rescue
dae11,"root,mid1",373368.002421,rough,-1.75,0.42647266720604066,0.015737462532088173,-0.12336649016456427,True,ok,julia_xfoil,,prestall,seed_reference_pending_full_polar_dae11_rescue
dae11,"root,mid1",373368.002421,rough,-1.5,0.45434093984979196,0.015574499467537528,-0.12357416456334906,True,ok,julia_xfoil,,prestall,seed_reference_pending_full_polar_dae11_rescue
dae11,"root,mid1",373368.002421,rough,-1.25,0.48215083042138834,0.0155115911119892,-0.12372202636989262,True,ok,julia_xfoil,,prestall,seed_reference_pending_full_polar_dae11_rescue
dae11,"root,mid1",373368.002421,rough,-1.0,0.509910682133709,0.015471669674733684,-0.12385621907141958,True,ok,julia_xfoil,,prestall,seed_reference_pending_full_polar_dae11_rescue
dae11,"root,mid1",373368.002421,rough,-0.75,0.5375642994981013,0.015431691669392202,-0.1240173825807613,True,ok,julia_xfoil,,prestall,seed_reference_pending_full_polar_dae11_rescue
dae11,"root,mid1",373368.002421,rough,-0.5,0.5650883803066726,0.015452115791919588,-0.12413631221671516,True,ok,julia_xfoil,,prestall,seed_reference_pending_full_polar_dae11_rescue
dae11,"root,mid1",373368.002421,rough,-0.25,0.5924032396823926,0.015554497514758738,-0.12419578497889575,True,ok,julia_xfoil,,prestall,seed_reference_pending_full_polar_dae11_rescue
dae11,"root,mid1",373368.002421,rough,0.0,0.6195380950989252,0.01567620739674243,-0.12425205778953857,True,ok,julia_xfoil,,prestall,seed_reference_pending_full_polar_dae11_rescue
dae11,"root,mid1",373368.002421,rough,0.25,0.6465090243270708,0.01581246725267921,-0.12429906439850474,True,ok,julia_xfoil,,prestall,seed_reference_pending_full_polar_dae11_rescue
dae11,"root,mid1",373368.002421,rough,0.5,0.6732944093024532,0.01596372049248333,-0.1243328645015666,True,ok,julia_xfoil,,prestall,seed_reference_pending_full_polar_dae11_rescue
dae11,"root,mid1",373368.002421,rough,0.75,0.6999007395125931,0.016127190140615706,-0.12435398713461804,True,ok,julia_xfoil,,prestall,seed_reference_pending_full_polar_dae11_rescue
dae11,"root,mid1",373368.002421,rough,1.0,0.726314576872533,0.01630295717252177,-0.12435994253096375,True,ok,julia_xfoil,,prestall,seed_reference_pending_full_polar_dae11_rescue
dae11,"root,mid1",373368.002421,rough,1.25,0.7525370013357925,0.01648981309996162,-0.12434901205296527,True,ok,julia_xfoil,,prestall,seed_reference_pending_full_polar_dae11_rescue
dae11,"root,mid1",373368.002421,rough,1.5,0.7785370265574465,0.01668899873809395,-0.12431958920368431,True,ok,julia_xfoil,,prestall,seed_reference_pending_full_polar_dae11_rescue
dae11,"root,mid1",373368.002421,rough,1.75,0.8042931860350427,0.016901070969220913,-0.12426997758992094,True,ok,julia_xfoil,,prestall,seed_reference_pending_full_polar_dae11_rescue
dae11,"root,mid1",373368.002421,rough,2.0,0.8297641840031997,0.017128818490787748,-0.12419502541175056,True,ok,julia_xfoil,,prestall,seed_reference_pending_full_polar_dae11_rescue
dae11,"root,mid1",373368.002421,rough,2.25,0.8549185016827454,0.017373346585353753,-0.12409225585037864,True,ok,julia_xfoil,,prestall,seed_reference_pending_full_polar_dae11_rescue
dae11,"root,mid1",373368.002421,rough,2.5,0.87973200178533,0.017634592061857957,-0.12396028433816524,True,ok,julia_xfoil,,prestall,seed_reference_pending_full_polar_dae11_rescue
dae11,"root,mid1",373368.002421,rough,2.75,0.90417855107744,0.017912948376915653,-0.12379668502291565,True,ok,julia_xfoil,,prestall,seed_reference_pending_full_polar_dae11_rescue
dae11,"root,mid1",373368.002421,rough,3.0,0.9282140031308225,0.018210695802666824,-0.12359730816062492,True,ok,julia_xfoil,,prestall,seed_reference_pending_full_polar_dae11_rescue
dae11,"root,mid1",373368.002421,rough,3.25,0.9517654321220975,0.018531694751408905,-0.12335800240118482,True,ok,julia_xfoil,,prestall,seed_reference_pending_full_polar_dae11_rescue
dae11,"root,mid1",373368.002421,rough,3.5,0.9747652130959544,0.018879328824812268,-0.12307612687099617,True,ok,julia_xfoil,,prestall,seed_reference_pending_full_polar_dae11_rescue
dae11,"root,mid1",373368.002421,rough,3.75,0.9970848606704361,0.019262318599288317,-0.1227443921717137,True,ok,julia_xfoil,,prestall,seed_reference_pending_full_polar_dae11_rescue
dae11,"root,mid1",373368.002421,rough,4.0,1.0175071761944856,0.019710279182657574,-0.12223399784316223,True,ok,julia_xfoil,,prestall,seed_reference_pending_full_polar_dae11_rescue
dae11,"root,mid1",373368.002421,rough,4.25,1.0360249516194264,0.020248945013170896,-0.12157730418816937,True,ok,julia_xfoil,,prestall,seed_reference_pending_full_polar_dae11_rescue
dae11,"root,mid1",373368.002421,rough,4.5,1.0563563228582478,0.0208377106685783,-0.1212987952686707,True,ok,julia_xfoil,,prestall,seed_reference_pending_full_polar_dae11_rescue
dae11,"root,mid1",373368.002421,rough,4.75,1.0766469938226026,0.0214569926430204,-0.12103804939339727,True,ok,julia_xfoil,,prestall,seed_reference_pending_full_polar_dae11_rescue
dae11,"root,mid1",373368.002421,rough,5.0,1.0964804983548315,0.02211075039304397,-0.12073599190390659,True,ok,julia_xfoil,,prestall,seed_reference_pending_full_polar_dae11_rescue
dae11,"root,mid1",373368.002421,rough,5.25,1.1157490149914522,0.022795047936659395,-0.12036918205730969,True,ok,julia_xfoil,,prestall,seed_reference_pending_full_polar_dae11_rescue
dae11,"root,mid1",373368.002421,rough,5.5,1.1345823101835864,0.02350728911941359,-0.11995919279124709,True,ok,julia_xfoil,,prestall,seed_reference_pending_full_polar_dae11_rescue
dae11,"root,mid1",373368.002421,rough,5.75,1.1529279398136205,0.02424781576095474,-0.11949550344072594,True,ok,julia_xfoil,,prestall,seed_reference_pending_full_polar_dae11_rescue
dae11,"root,mid1",373368.002421,rough,6.0,1.1705912753531142,0.025033334684413752,-0.11897543667054139,True,ok,julia_xfoil,,prestall,seed_reference_pending_full_polar_dae11_rescue
dae11,"root,mid1",373368.002421,rough,6.25,1.1880353951396185,0.025824911609742655,-0.11841653506245432,True,ok,julia_xfoil,,prestall,seed_reference_pending_full_polar_dae11_rescue
dae11,"root,mid1",373368.002421,rough,6.5,1.204967517718491,0.026661128351746635,-0.11783231425933426,True,ok,julia_xfoil,,prestall,seed_reference_pending_full_polar_dae11_rescue
dae11,"root,mid1",373368.002421,rough,6.75,1.2213257855435145,0.027533321938519702,-0.1171992169121655,True,ok,julia_xfoil,,prestall,seed_reference_pending_full_polar_dae11_rescue
dae11,"root,mid1",373368.002421,rough,7.0,1.2374879782652,0.0284032431398903,-0.11652454291014683,True,ok,julia_xfoil,,prestall,seed_reference_pending_full_polar_dae11_rescue
dae11,"root,mid1",373368.002421,rough,7.25,1.2533762207381092,0.029294383864800468,-0.11583171373821083,True,ok,julia_xfoil,,prestall,seed_reference_pending_full_polar_dae11_rescue
dae11,"root,mid1",373368.002421,rough,7.5,1.2684917632387482,0.03026347629066132,-0.11512010792443564,True,ok,julia_xfoil,,prestall,seed_reference_pending_full_polar_dae11_rescue
dae11,"root,mid1",373368.002421,rough,7.75,1.2834686886716054,0.031234734863297614,-0.11438682803920397,True,ok,julia_xfoil,,prestall,seed_reference_pending_full_polar_dae11_rescue
dae11,"root,mid1",373368.002421,rough,8.0,1.2981318579193069,0.032208292560872466,-0.11360494645047144,True,ok,julia_xfoil,,prestall,seed_reference_pending_full_polar_dae11_rescue
dae11,"root,mid1",373368.002421,rough,8.25,1.3124596294695154,0.033207636010500634,-0.11280373476448137,True,ok,julia_xfoil,,prestall,seed_reference_pending_full_polar_dae11_rescue
dae11,"root,mid1",373368.002421,rough,8.5,1.3258442262845154,0.03430897688591456,-0.11198763321993317,True,ok,julia_xfoil,,prestall,seed_reference_pending_full_polar_dae11_rescue
dae11,"root,mid1",373368.002421,rough,8.75,1.339170506353571,0.03541475596501898,-0.11116982302163633,True,ok,julia_xfoil,,prestall,seed_reference_pending_full_polar_dae11_rescue
dae11,"root,mid1",373368.002421,rough,9.0,1.3525244565980148,0.03651096613108372,-0.1103473247813683,True,ok,julia_xfoil,,prestall,seed_reference_pending_full_polar_dae11_rescue
dae11,"root,mid1",373368.002421,rough,9.25,1.3656943089954376,0.037611528882097206,-0.10950839647584115,True,ok,julia_xfoil,,prestall,seed_reference_pending_full_polar_dae11_rescue
dae11,"root,mid1",373368.002421,rough,9.5,1.3780466208087983,0.038780048565299936,-0.10863397723408734,True,ok,julia_xfoil,,prestall,seed_reference_pending_full_polar_dae11_rescue
dae11,"root,mid1",373368.002421,rough,9.75,1.3895908807975677,0.04004091493460875,-0.10775245562017874,True,ok,julia_xfoil,,prestall,seed_reference_pending_full_polar_dae11_rescue
dae11,"root,mid1",373368.002421,rough,10.0,1.4015222580487354,0.041275477925541496,-0.10690270780038214,True,ok,julia_xfoil,,prestall,seed_reference_pending_full_polar_dae11_rescue
dae11,"root,mid1",373368.002421,rough,10.25,1.4138906190171516,0.04250681746307117,-0.1061172695433595,True,ok,julia_xfoil,,prestall,seed_reference_pending_full_polar_dae11_rescue
dae11,"root,mid1",373368.002421,rough,10.5,1.4262196285879254,0.043762811479324606,-0.10535932981480049,True,ok,julia_xfoil,,prestall,seed_reference_pending_full_polar_dae11_rescue
dae11,"root,mid1",373368.002421,rough,10.75,1.4377409380809119,0.04512532751159587,-0.10460886778582869,True,ok,julia_xfoil,,prestall,seed_reference_pending_full_polar_dae11_rescue
dae11,"root,mid1",373368.002421,rough,11.0,1.4485409345264209,0.046576267816526386,-0.10385805876038347,True,ok,julia_xfoil,,prestall,seed_reference_pending_full_polar_dae11_rescue
dae11,"root,mid1",373368.002421,rough,11.25,1.4595126103767797,0.0479902479897996,-0.10310014953777132,True,ok,julia_xfoil,,prestall,seed_reference_pending_full_polar_dae11_rescue
dae11,"root,mid1",373368.002421,rough,11.5,1.4707156612521752,0.049400662143610774,-0.10237557655970228,True,ok,julia_xfoil,,prestall,seed_reference_pending_full_polar_dae11_rescue
dae11,"root,mid1",373368.002421,rough,11.75,1.481778918247162,0.05083630208299355,-0.10166647922971499,True,ok,julia_xfoil,,prestall,seed_reference_pending_full_polar_dae11_rescue
dae11,"root,mid1",373368.002421,rough,12.0,1.4919219726320483,0.05239577020354452,-0.10096961588734976,True,ok,julia_xfoil,,prestall,seed_reference_pending_full_polar_dae11_rescue
dae11,"root,mid1",373368.002421,rough,12.25,1.5015516226106485,0.05405081221963651,-0.1003087061506882,True,ok,julia_xfoil,,prestall,seed_reference_pending_full_polar_dae11_rescue
dae11,"root,mid1",373368.002421,rough,12.5,1.5114983217674456,0.055659015515369,-0.09965617382848961,True,ok,julia_xfoil,,prestall,seed_reference_pending_full_polar_dae11_rescue
dae11,"root,mid1",373368.002421,rough,12.75,1.5214130152294298,0.05726490365428029,-0.09901037692639293,True,ok,julia_xfoil,,prestall,seed_reference_pending_full_polar_dae11_rescue
dae11,"root,mid1",373368.002421,rough,13.0,1.5312401161510947,0.058902368933624334,-0.09839451937942396,True,ok,julia_xfoil,,prestall,seed_reference_pending_full_polar_dae11_rescue
dae11,"root,mid1",373368.002421,rough,13.25,1.539414588061697,0.0607343793365842,-0.09777122146258554,True,ok,julia_xfoil,,prestall,seed_reference_pending_full_polar_dae11_rescue
dae11,"root,mid1",373368.002421,rough,13.5,1.547088064494549,0.0626260396035975,-0.09715569122516005,True,ok,julia_xfoil,,prestall,seed_reference_pending_full_polar_dae11_rescue
dae11,"root,mid1",373368.002421,rough,13.75,1.5552772591790807,0.0644664707213902,-0.09656804037053987,True,ok,julia_xfoil,,prestall,seed_reference_pending_full_polar_dae11_rescue
dae11,"root,mid1",373368.002421,rough,14.0,1.5635310617185074,0.06632024755796298,-0.09601314411204843,True,ok,julia_xfoil,,prestall,seed_reference_pending_full_polar_dae11_rescue
dae11,"root,mid1",373368.002421,rough,14.25,1.5709472438123813,0.06829028000085832,-0.09548134292136454,True,ok,julia_xfoil,,prestall,seed_reference_pending_full_polar_dae11_rescue
dae11,"root,mid1",373368.002421,rough,14.5,1.5768581747600057,0.07047410072397485,-0.09498416520912352,True,ok,julia_xfoil,,prestall,seed_reference_pending_full_polar_dae11_rescue
dae11,"root,mid1",373368.002421,rough,14.75,1.5835987253643817,0.07256210865573567,-0.09451579800642224,True,ok,julia_xfoil,,prestall,seed_reference_pending_full_polar_dae11_rescue
dae11,"root,mid1",373368.002421,rough,15.0,1.5904044395389982,0.07464330912143152,-0.09406746700709294,True,ok,julia_xfoil,,prestall,seed_reference_pending_full_polar_dae11_rescue
dae11,"root,mid1",373368.002421,rough,15.25,1.5963969960473368,0.07683058204596852,-0.09364064774609375,True,ok,julia_xfoil,,prestall,seed_reference_pending_full_polar_dae11_rescue
dae11,"root,mid1",373368.002421,rough,15.5,1.6003149814398279,0.07930711300798264,-0.09325780532537242,True,ok,julia_xfoil,,prestall,seed_reference_pending_full_polar_dae11_rescue
dae11,"root,mid1",373368.002421,rough,15.75,1.6002177127355413,0.08223247734163035,-0.0928242031127024,True,ok,julia_xfoil,,poststall,seed_reference_pending_full_polar_dae11_rescue
dae11,"root,mid1",373368.002421,rough,16.0,1.5996639974199047,0.08524040925660169,-0.09244874459616399,True,ok,julia_xfoil,,poststall,seed_reference_pending_full_polar_dae11_rescue
dae11,"root,mid1",373368.002421,rough,16.25,1.598462570039159,0.08842654834491975,-0.09222130405490651,True,ok,julia_xfoil,,poststall,seed_reference_pending_full_polar_dae11_rescue
dae11,"root,mid1",373368.002421,rough,16.5,1.5967957530990329,0.09168169629455766,-0.09203801712726968,True,ok,julia_xfoil,,poststall,seed_reference_pending_full_polar_dae11_rescue
dae11,"root,mid1",373368.002421,rough,16.75,1.5935912393222733,0.09517433784204651,-0.09194179442285738,True,ok,julia_xfoil,,poststall,seed_reference_pending_full_polar_dae11_rescue
dae11,"root,mid1",373368.002421,rough,17.0,1.5915725810945986,0.09858688456274081,-0.09198256029671334,True,ok,julia_xfoil,,poststall,seed_reference_pending_full_polar_dae11_rescue
dae11,"root,mid1",373368.002421,rough,17.25,1.5910777827683529,0.10178447409918379,-0.09205244141769904,True,ok,julia_xfoil,,poststall,seed_reference_pending_full_polar_dae11_rescue
dae11,"root,mid1",373368.002421,rough,17.5,1.588437226486397,0.10531443380120786,-0.09225252100501342,True,ok,julia_xfoil,,poststall,seed_reference_pending_full_polar_dae11_rescue
dae11,"root,mid1",373368.002421,rough,17.75,1.5840708540904163,0.10908876749928417,-0.09256177517689174,True,ok,julia_xfoil,,poststall,seed_reference_pending_full_polar_dae11_rescue
dae11,"root,mid1",373368.002421,rough,18.0,1.5801115476924572,0.11281631970741915,-0.0929183273418588,True,ok,julia_xfoil,,poststall,seed_reference_pending_full_polar_dae11_rescue
dae11,"root,mid1",381788.09520700003,rough,-6.0,-0.05117711081226004,0.05789610617891923,-0.08650599753957582,True,ok,julia_xfoil,,prestall,seed_reference_pending_full_polar_dae11_rescue
dae11,"root,mid1",381788.09520700003,rough,-5.75,-0.025786368027880497,0.05222764399308701,-0.09496231246272863,True,ok,julia_xfoil,,prestall,seed_reference_pending_full_polar_dae11_rescue
dae11,"root,mid1",381788.09520700003,rough,-5.5,0.0036833234066054486,0.04490717660563121,-0.10455506914090774,True,ok,julia_xfoil,,prestall,seed_reference_pending_full_polar_dae11_rescue
dae11,"root,mid1",381788.09520700003,rough,-5.25,0.03391806879410399,0.03740793852943683,-0.11208750246755105,True,ok,julia_xfoil,,prestall,seed_reference_pending_full_polar_dae11_rescue
dae11,"root,mid1",381788.09520700003,rough,-5.0,0.06323223421840489,0.029491097874709642,-0.11745161433119249,True,ok,julia_xfoil,,prestall,seed_reference_pending_full_polar_dae11_rescue
dae11,"root,mid1",381788.09520700003,rough,-4.75,0.09131184301690079,0.02430884454722223,-0.11995262109041281,True,ok,julia_xfoil,,prestall,seed_reference_pending_full_polar_dae11_rescue
dae11,"root,mid1",381788.09520700003,rough,-4.5,0.11931365641807058,0.021727548648531297,-0.12092376074653455,True,ok,julia_xfoil,,prestall,seed_reference_pending_full_polar_dae11_rescue
dae11,"root,mid1",381788.09520700003,rough,-4.25,0.14735590455282666,0.02013964993434819,-0.12143633076897144,True,ok,julia_xfoil,,prestall,seed_reference_pending_full_polar_dae11_rescue
dae11,"root,mid1",381788.09520700003,rough,-4.0,0.1754035255430688,0.019030378660516,-0.12176163136146281,True,ok,julia_xfoil,,prestall,seed_reference_pending_full_polar_dae11_rescue
dae11,"root,mid1",381788.09520700003,rough,-3.75,0.20344184007223853,0.018206847895085792,-0.12199379161748919,True,ok,julia_xfoil,,prestall,seed_reference_pending_full_polar_dae11_rescue
dae11,"root,mid1",381788.09520700003,rough,-3.5,0.2314656086511947,0.017593033885992943,-0.12217473660783615,True,ok,julia_xfoil,,prestall,seed_reference_pending_full_polar_dae11_rescue
dae11,"root,mid1",381788.09520700003,rough,-3.25,0.2594819571497456,0.017163852909749495,-0.1223271194812157,True,ok,julia_xfoil,,prestall,seed_reference_pending_full_polar_dae11_rescue
dae11,"root,mid1",381788.09520700003,rough,-3.0,0.2873545553195861,0.016531343743522834,-0.12255311931219116,True,ok,julia_xfoil,,prestall,seed_reference_pending_full_polar_dae11_rescue
dae11,"root,mid1",381788.09520700003,rough,-2.75,0.3152542046527542,0.016230542547636936,-0.12275565134609524,True,ok,julia_xfoil,,prestall,seed_reference_pending_full_polar_dae11_rescue
dae11,"root,mid1",381788.09520700003,rough,-2.5,0.3431615344470257,0.016036348822470785,-0.12292904272465975,True,ok,julia_xfoil,,prestall,seed_reference_pending_full_polar_dae11_rescue
dae11,"root,mid1",381788.09520700003,rough,-2.25,0.37108250867894027,0.015861340060088193,-0.12309205461457755,True,ok,julia_xfoil,,prestall,seed_reference_pending_full_polar_dae11_rescue
dae11,"root,mid1",381788.09520700003,rough,-2.0,0.3989929107167986,0.01572615846663892,-0.12324684403154529,True,ok,julia_xfoil,,prestall,seed_reference_pending_full_polar_dae11_rescue
dae11,"root,mid1",381788.09520700003,rough,-1.75,0.42678627380168216,0.0156950002046563,-0.1233770713855757,True,ok,julia_xfoil,,prestall,seed_reference_pending_full_polar_dae11_rescue
dae11,"root,mid1",381788.09520700003,rough,-1.5,0.4547171875725902,0.015481730305740578,-0.1236073698319102,True,ok,julia_xfoil,,prestall,seed_reference_pending_full_polar_dae11_rescue
dae11,"root,mid1",381788.09520700003,rough,-1.25,0.48252695945586255,0.015422766275847908,-0.12375833686400588,True,ok,julia_xfoil,,prestall,seed_reference_pending_full_polar_dae11_rescue
dae11,"root,mid1",381788.09520700003,rough,-1.0,0.5102767689919117,0.015396232114664482,-0.12388903794796721,True,ok,julia_xfoil,,prestall,seed_reference_pending_full_polar_dae11_rescue
dae11,"root,mid1",381788.09520700003,rough,-0.75,0.5379675365033589,0.0153482433742976,-0.12405552890128752,True,ok,julia_xfoil,,prestall,seed_reference_pending_full_polar_dae11_rescue
dae11,"root,mid1",381788.09520700003,rough,-0.5,0.5655199790727785,0.015367047081384842,-0.12417892239729976,True,ok,julia_xfoil,,prestall,seed_reference_pending_full_polar_dae11_rescue
dae11,"root,mid1",381788.09520700003,rough,-0.25,0.592861460610521,0.015468524915188872,-0.12424141945049796,True,ok,julia_xfoil,,prestall,seed_reference_pending_full_polar_dae11_rescue
dae11,"root,mid1",381788.09520700003,rough,0.0,0.6200220485590551,0.015589778842949228,-0.1243001455231833,True,ok,julia_xfoil,,prestall,seed_reference_pending_full_polar_dae11_rescue
dae11,"root,mid1",381788.09520700003,rough,0.25,0.6470034388137937,0.015726850651680228,-0.12434932241730826,True,ok,julia_xfoil,,prestall,seed_reference_pending_full_polar_dae11_rescue
dae11,"root,mid1",381788.09520700003,rough,0.5,0.6738185914917515,0.015877219163520532,-0.12438659396387484,True,ok,julia_xfoil,,prestall,seed_reference_pending_full_polar_dae11_rescue
dae11,"root,mid1",381788.09520700003,rough,0.75,0.7004571300457304,0.0160396476858007,-0.12441079731058476,True,ok,julia_xfoil,,prestall,seed_reference_pending_full_polar_dae11_rescue
dae11,"root,mid1",381788.09520700003,rough,1.0,0.7269240311811644,0.01621204694569542,-0.1244216158978322,True,ok,julia_xfoil,,prestall,seed_reference_pending_full_polar_dae11_rescue
dae11,"root,mid1",381788.09520700003,rough,1.25,0.7531876014964087,0.016396808723888764,-0.12441554875209637,True,ok,julia_xfoil,,prestall,seed_reference_pending_full_polar_dae11_rescue
dae11,"root,mid1",381788.09520700003,rough,1.5,0.7792292809250382,0.016594352280434946,-0.12439051206650141,True,ok,julia_xfoil,,prestall,seed_reference_pending_full_polar_dae11_rescue
dae11,"root,mid1",381788.09520700003,rough,1.75,0.8050125222002461,0.016806455660131104,-0.12434375978970189,True,ok,julia_xfoil,,prestall,seed_reference_pending_full_polar_dae11_rescue
dae11,"root,mid1",381788.09520700003,rough,2.0,0.8305224065013469,0.017032967793306975,-0.12427339033346635,True,ok,julia_xfoil,,prestall,seed_reference_pending_full_polar_dae11_rescue
dae11,"root,mid1",381788.09520700003,rough,2.25,0.8557259311728628,0.017275474290088546,-0.12417595055052351,True,ok,julia_xfoil,,prestall,seed_reference_pending_full_polar_dae11_rescue
dae11,"root,mid1",381788.09520700003,rough,2.5,0.8806120033259401,0.01753296998280287,-0.1240503286100372,True,ok,julia_xfoil,,prestall,seed_reference_pending_full_polar_dae11_rescue
dae11,"root,mid1",381788.09520700003,rough,2.75,0.905140438684283,0.017807034973309172,-0.12389416730872972,True,ok,julia_xfoil,,prestall,seed_reference_pending_full_polar_dae11_rescue
dae11,"root,mid1",381788.09520700003,rough,3.0,0.9292529562751252,0.018100912135381376,-0.12370259137512374,True,ok,julia_xfoil,,prestall,seed_reference_pending_full_polar_dae11_rescue
dae11,"root,mid1",381788.09520700003,rough,3.25,0.9528941428691056,0.018417610611310923,-0.1234713426465942,True,ok,julia_xfoil,,prestall,seed_reference_pending_full_polar_dae11_rescue
dae11,"root,mid1",381788.09520700003,rough,3.5,0.9759523734599033,0.0187636781384922,-0.12319354903464604,True,ok,julia_xfoil,,prestall,seed_reference_pending_full_polar_dae11_rescue
dae11,"root,mid1",381788.09520700003,rough,3.75,0.998368831675621,0.019141776683187388,-0.12286892067363413,True,ok,julia_xfoil,,prestall,seed_reference_pending_full_polar_dae11_rescue
dae11,"root,mid1",381788.09520700003,rough,4.0,1.0192370237489488,0.019576767550060374,-0.12240721174188254,True,ok,julia_xfoil,,prestall,seed_reference_pending_full_polar_dae11_rescue
dae11,"root,mid1",381788.09520700003,rough,4.25,1.0376713200350853,0.020105281434853822,-0.12171980345627996,True,ok,julia_xfoil,,prestall,seed_reference_pending_full_polar_dae11_rescue
dae11,"root,mid1",381788.09520700003,rough,4.5,1.0579244915861288,0.020684902394497967,-0.12141682695256248,True,ok,julia_xfoil,,prestall,seed_reference_pending_full_polar_dae11_rescue
dae11,"root,mid1",381788.09520700003,rough,4.75,1.0782660463190317,0.021299385420303137,-0.121161319945803,True,ok,julia_xfoil,,prestall,seed_reference_pending_full_polar_dae11_rescue
dae11,"root,mid1",381788.09520700003,rough,5.0,1.0981820242371207,0.021949598698101595,-0.1208722766848325,True,ok,julia_xfoil,,prestall,seed_reference_pending_full_polar_dae11_rescue
dae11,"root,mid1",381788.09520700003,rough,5.25,1.1175414409001165,0.022627395995368678,-0.12051266309722188,True,ok,julia_xfoil,,prestall,seed_reference_pending_full_polar_dae11_rescue
dae11,"root,mid1",381788.09520700003,rough,5.5,1.1363481817785743,0.023344032167130057,-0.12010603673211742,True,ok,julia_xfoil,,prestall,seed_reference_pending_full_polar_dae11_rescue
dae11,"root,mid1",381788.09520700003,rough,5.75,1.1547719461060162,0.024079596090729672,-0.11964973501318223,True,ok,julia_xfoil,,prestall,seed_reference_pending_full_polar_dae11_rescue
dae11,"root,mid1",381788.09520700003,rough,6.0,1.1724779024887595,0.024863768296393345,-0.11913732074402614,True,ok,julia_xfoil,,prestall,seed_reference_pending_full_polar_dae11_rescue
dae11,"root,mid1",381788.09520700003,rough,6.25,1.189939392987295,0.025655395569199147,-0.11858299851513301,True,ok,julia_xfoil,,prestall,seed_reference_pending_full_polar_dae11_rescue
dae11,"root,mid1",381788.09520700003,rough,6.5,1.2070137250138495,0.0264781338928515,-0.11800385097346516,True,ok,julia_xfoil,,prestall,seed_reference_pending_full_polar_dae11_rescue
dae11,"root,mid1",381788.09520700003,rough,6.75,1.22344808936057,0.02734765698750701,-0.1173817354194858,True,ok,julia_xfoil,,prestall,seed_reference_pending_full_polar_dae11_rescue
dae11,"root,mid1",381788.09520700003,rough,7.0,1.239638988757617,0.02821634704834601,-0.11671181709318278,True,ok,julia_xfoil,,prestall,seed_reference_pending_full_polar_dae11_rescue
dae11,"root,mid1",381788.09520700003,rough,7.25,1.2555941898482244,0.02910022493623708,-0.11602031135949652,True,ok,julia_xfoil,,prestall,seed_reference_pending_full_polar_dae11_rescue
dae11,"root,mid1",381788.09520700003,rough,7.5,1.2707619036474924,0.030064184425760757,-0.11531042334828723,True,ok,julia_xfoil,,prestall,seed_reference_pending_full_polar_dae11_rescue
dae11,"root,mid1",381788.09520700003,rough,7.75,1.2856764573323818,0.031042980434521774,-0.11457694015580216,True,ok,julia_xfoil,,prestall,seed_reference_pending_full_polar_dae11_rescue
dae11,"root,mid1",381788.09520700003,rough,8.0,1.3003354947159866,0.03201876885173769,-0.11379752287589506,True,ok,julia_xfoil,,prestall,seed_reference_pending_full_polar_dae11_rescue
dae11,"root,mid1",381788.09520700003,rough,8.25,1.3147134998634884,0.033011718293882074,-0.11299596681613368,True,ok,julia_xfoil,,prestall,seed_reference_pending_full_polar_dae11_rescue
dae11,"root,mid1",381788.09520700003,rough,8.5,1.3281566483703318,0.03410552362233908,-0.1121791676908079,True,ok,julia_xfoil,,prestall,seed_reference_pending_full_polar_dae11_rescue
dae11,"root,mid1",381788.09520700003,rough,8.75,1.3414471462313364,0.035214770109803374,-0.11136062878340897,True,ok,julia_xfoil,,prestall,seed_reference_pending_full_polar_dae11_rescue
dae11,"root,mid1",381788.09520700003,rough,9.0,1.3548865194293445,0.03630316006518737,-0.1105424753748473,True,ok,julia_xfoil,,prestall,seed_reference_pending_full_polar_dae11_rescue
dae11,"root,mid1",381788.09520700003,rough,9.25,1.3681233893079052,0.03739985933463738,-0.10970848306297185,True,ok,julia_xfoil,,prestall,seed_reference_pending_full_polar_dae11_rescue
dae11,"root,mid1",381788.09520700003,rough,9.5,1.3806346423995925,0.03855060780473696,-0.10883623017333321,True,ok,julia_xfoil,,prestall,seed_reference_pending_full_polar_dae11_rescue
dae11,"root,mid1",381788.09520700003,rough,9.75,1.3921315097278137,0.039813748331855185,-0.10795040700708623,True,ok,julia_xfoil,,prestall,seed_reference_pending_full_polar_dae11_rescue
dae11,"root,mid1",381788.09520700003,rough,10.0,1.4039746263613184,0.04105214989133844,-0.10709245953444678,True,ok,julia_xfoil,,prestall,seed_reference_pending_full_polar_dae11_rescue
dae11,"root,mid1",381788.09520700003,rough,10.25,1.4162571789163574,0.04228803887037151,-0.10629823803200597,True,ok,julia_xfoil,,prestall,seed_reference_pending_full_polar_dae11_rescue
dae11,"root,mid1",381788.09520700003,rough,10.5,1.4285398994322647,0.04354474845262689,-0.10553309027085124,True,ok,julia_xfoil,,prestall,seed_reference_pending_full_polar_dae11_rescue
dae11,"root,mid1",381788.09520700003,rough,10.75,1.4402263180951118,0.0448869039142127,-0.10478364920095,True,ok,julia_xfoil,,prestall,seed_reference_pending_full_polar_dae11_rescue
dae11,"root,mid1",381788.09520700003,rough,11.0,1.451000829818253,0.046344465862160344,-0.10403727037687788,True,ok,julia_xfoil,,prestall,seed_reference_pending_full_polar_dae11_rescue
dae11,"root,mid1",381788.09520700003,rough,11.25,1.461950533183837,0.04776209710280292,-0.1032803696475422,True,ok,julia_xfoil,,prestall,seed_reference_pending_full_polar_dae11_rescue
dae11,"root,mid1",381788.09520700003,rough,11.5,1.4731967202587046,0.049163383377374484,-0.10255184562959474,True,ok,julia_xfoil,,prestall,seed_reference_pending_full_polar_dae11_rescue
dae11,"root,mid1",381788.09520700003,rough,11.75,1.4843391424939456,0.050587832353583634,-0.10184169534421543,True,ok,julia_xfoil,,prestall,seed_reference_pending_full_polar_dae11_rescue
dae11,"root,mid1",381788.09520700003,rough,12.0,1.4946516708798967,0.05212028402144019,-0.10114005921961959,True,ok,julia_xfoil,,prestall,seed_reference_pending_full_polar_dae11_rescue
dae11,"root,mid1",381788.09520700003,rough,12.25,1.5042094486555484,0.05378314694288457,-0.10047606405818198,True,ok,julia_xfoil,,prestall,seed_reference_pending_full_polar_dae11_rescue
dae11,"root,mid1",381788.09520700003,rough,12.5,1.514106086086634,0.05539656407265979,-0.09982055294096408,True,ok,julia_xfoil,,prestall,seed_reference_pending_full_polar_dae11_rescue
dae11,"root,mid1",381788.09520700003,rough,12.75,1.5240264109717356,0.05700100974674236,-0.09917305271089395,True,ok,julia_xfoil,,prestall,seed_reference_pending_full_polar_dae11_rescue
dae11,"root,mid1",381788.09520700003,rough,13.0,1.5337791489480892,0.058642194759724695,-0.09854896227342407,True,ok,julia_xfoil,,prestall,seed_reference_pending_full_polar_dae11_rescue
dae11,"root,mid1",381788.09520700003,rough,13.25,1.5421475525267354,0.06044760547293083,-0.09792135968166842,True,ok,julia_xfoil,,prestall,seed_reference_pending_full_polar_dae11_rescue
dae11,"root,mid1",381788.09520700003,rough,13.5,1.5496975489535145,0.062350998734112754,-0.09729940300728082,True,ok,julia_xfoil,,prestall,seed_reference_pending_full_polar_dae11_rescue
dae11,"root,mid1",381788.09520700003,rough,13.75,1.5578362966521666,0.0641931205489416,-0.09670652936949596,True,ok,julia_xfoil,,prestall,seed_reference_pending_full_polar_dae11_rescue
dae11,"root,mid1",381788.09520700003,rough,14.0,1.5661053291802278,0.06604255376392569,-0.09614827184712765,True,ok,julia_xfoil,,prestall,seed_reference_pending_full_polar_dae11_rescue
dae11,"root,mid1",381788.09520700003,rough,14.25,1.573816412123733,0.06796957499338221,-0.09561065270490843,True,ok,julia_xfoil,,prestall,seed_reference_pending_full_polar_dae11_rescue
dae11,"root,mid1",381788.09520700003,rough,14.5,1.5797499988075174,0.0701478939291823,-0.09510827119916375,True,ok,julia_xfoil,,prestall,seed_reference_pending_full_polar_dae11_rescue
dae11,"root,mid1",381788.09520700003,rough,14.75,1.586377861926132,0.0722462045737213,-0.09463395083955484,True,ok,julia_xfoil,,prestall,seed_reference_pending_full_polar_dae11_rescue
dae11,"root,mid1",381788.09520700003,rough,15.0,1.5931937422556814,0.07432467559856121,-0.0941819546228101,True,ok,julia_xfoil,,prestall,seed_reference_pending_full_polar_dae11_rescue
dae11,"root,mid1",381788.09520700003,rough,15.25,1.5993681906851596,0.07648322615108707,-0.09374718045195807,True,ok,julia_xfoil,,prestall,seed_reference_pending_full_polar_dae11_rescue
dae11,"root,mid1",381788.09520700003,rough,15.5,1.6032871695146587,0.07896139578112628,-0.09336151368850704,True,ok,julia_xfoil,,prestall,seed_reference_pending_full_polar_dae11_rescue
dae11,"root,mid1",381788.09520700003,rough,15.75,1.6014525733364422,0.08209396191516163,-0.09290531927965187,True,ok,julia_xfoil,,poststall,seed_reference_pending_full_polar_dae11_rescue
dae11,"root,mid1",381788.09520700003,rough,16.0,1.6018865432374076,0.08497548328285878,-0.0925348284928635,True,ok,julia_xfoil,,poststall,seed_reference_pending_full_polar_dae11_rescue
dae11,"root,mid1",381788.09520700003,rough,16.25,1.6004883531350511,0.08817699648320107,-0.09229417931780534,True,ok,julia_xfoil,,poststall,seed_reference_pending_full_polar_dae11_rescue
dae11,"root,mid1",381788.09520700003,rough,16.5,1.5982979372462989,0.09149790519942541,-0.09210596418582587,True,ok,julia_xfoil,,poststall,seed_reference_pending_full_polar_dae11_rescue
dae11,"root,mid1",381788.09520700003,rough,16.75,1.5952284115759021,0.09497119093067703,-0.09199922225503808,True,ok,julia_xfoil,,poststall,seed_reference_pending_full_polar_dae11_rescue
dae11,"root,mid1",381788.09520700003,rough,17.0,1.5939745531797689,0.0982782294289392,-0.09203368204102808,True,ok,julia_xfoil,,poststall,seed_reference_pending_full_polar_dae11_rescue
dae11,"root,mid1",381788.09520700003,rough,17.25,1.5931271926662967,0.10152228638932831,-0.09210284151864104,True,ok,julia_xfoil,,poststall,seed_reference_pending_full_polar_dae11_rescue
dae11,"root,mid1",381788.09520700003,rough,17.5,1.5906089700611385,0.10502265058724128,-0.09228245006418977,True,ok,julia_xfoil,,poststall,seed_reference_pending_full_polar_dae11_rescue
dae11,"root,mid1",381788.09520700003,rough,17.75,1.5859109400129139,0.10884938442477042,-0.09259660556373764,True,ok,julia_xfoil,,poststall,seed_reference_pending_full_polar_dae11_rescue
dae11,"root,mid1",381788.09520700003,rough,18.0,1.5819669816088187,0.1125741021894868,-0.09294325357929954,True,ok,julia_xfoil,,poststall,seed_reference_pending_full_polar_dae11_rescue
dae11,"root,mid1",390208.187993,rough,-6.0,-0.05096923035570958,0.0572020122803556,-0.0874155041316058,True,ok,julia_xfoil,,prestall,seed_reference_pending_full_polar_dae11_rescue
dae11,"root,mid1",390208.187993,rough,-5.75,-0.025314467080716222,0.05159277889588615,-0.09575539084208942,True,ok,julia_xfoil,,prestall,seed_reference_pending_full_polar_dae11_rescue
dae11,"root,mid1",390208.187993,rough,-5.5,0.004267333142670453,0.044226746656414226,-0.10525649821116395,True,ok,julia_xfoil,,prestall,seed_reference_pending_full_polar_dae11_rescue
dae11,"root,mid1",390208.187993,rough,-5.25,0.03424172837558782,0.0369219120964311,-0.11244753007460423,True,ok,julia_xfoil,,prestall,seed_reference_pending_full_polar_dae11_rescue
dae11,"root,mid1",390208.187993,rough,-5.0,0.06340297750941726,0.029230877979553045,-0.11758676953973414,True,ok,julia_xfoil,,prestall,seed_reference_pending_full_polar_dae11_rescue
dae11,"root,mid1",390208.187993,rough,-4.75,0.09151041140915671,0.023969702547868087,-0.1200651458676029,True,ok,julia_xfoil,,prestall,seed_reference_pending_full_polar_dae11_rescue
dae11,"root,mid1",390208.187993,rough,-4.5,0.11951094796139508,0.021466650464917532,-0.12098819571612239,True,ok,julia_xfoil,,prestall,seed_reference_pending_full_polar_dae11_rescue
dae11,"root,mid1",390208.187993,rough,-4.25,0.1475427622505088,0.019935426768133615,-0.12147793736643148,True,ok,julia_xfoil,,prestall,seed_reference_pending_full_polar_dae11_rescue
dae11,"root,mid1",390208.187993,rough,-4.0,0.17558692723850772,0.018859935639691183,-0.12179390212658904,True,ok,julia_xfoil,,prestall,seed_reference_pending_full_polar_dae11_rescue
dae11,"root,mid1",390208.187993,rough,-3.75,0.20363224886951412,0.018054954952395355,-0.12202336410816658,True,ok,julia_xfoil,,prestall,seed_reference_pending_full_polar_dae11_rescue
dae11,"root,mid1",390208.187993,rough,-3.5,0.23167162298702446,0.01744812095877541,-0.12220476927495952,True,ok,julia_xfoil,,prestall,seed_reference_pending_full_polar_dae11_rescue
dae11,"root,mid1",390208.187993,rough,-3.25,0.2596987195308263,0.017019475673197386,-0.12235941835172007,True,ok,julia_xfoil,,prestall,seed_reference_pending_full_polar_dae11_rescue
dae11,"root,mid1",390208.187993,rough,-3.0,0.28761454060662806,0.01645787596904115,-0.12256573116502059,True,ok,julia_xfoil,,prestall,seed_reference_pending_full_polar_dae11_rescue
dae11,"root,mid1",390208.187993,rough,-2.75,0.31551920550243356,0.016116156922615046,-0.12277908095582189,True,ok,julia_xfoil,,prestall,seed_reference_pending_full_polar_dae11_rescue
dae11,"root,mid1",390208.187993,rough,-2.5,0.34344233596810697,0.01592619985237861,-0.12295686566852415,True,ok,julia_xfoil,,prestall,seed_reference_pending_full_polar_dae11_rescue
dae11,"root,mid1",390208.187993,rough,-2.25,0.3713853251496197,0.015758465964842424,-0.1231232469509826,True,ok,julia_xfoil,,prestall,seed_reference_pending_full_polar_dae11_rescue
dae11,"root,mid1",390208.187993,rough,-2.0,0.39932036134245796,0.015623935390886527,-0.12328133064829712,True,ok,julia_xfoil,,prestall,seed_reference_pending_full_polar_dae11_rescue
dae11,"root,mid1",390208.187993,rough,-1.75,0.42713711733804804,0.015589424402596284,-0.12341628067681869,True,ok,julia_xfoil,,prestall,seed_reference_pending_full_polar_dae11_rescue
dae11,"root,mid1",390208.187993,rough,-1.5,0.4550683466739786,0.015394408225384302,-0.12363805963485244,True,ok,julia_xfoil,,prestall,seed_reference_pending_full_polar_dae11_rescue
dae11,"root,mid1",390208.187993,rough,-1.25,0.48288645332249724,0.01533740994109027,-0.12379300803730088,True,ok,julia_xfoil,,prestall,seed_reference_pending_full_polar_dae11_rescue
dae11,"root,mid1",390208.187993,rough,-1.0,0.5106297732173706,0.015324335180014761,-0.12392068575483381,True,ok,julia_xfoil,,prestall,seed_reference_pending_full_polar_dae11_rescue
dae11,"root,mid1",390208.187993,rough,-0.75,0.5383707697929966,0.015265890429687696,-0.1240925667375553,True,ok,julia_xfoil,,prestall,seed_reference_pending_full_polar_dae11_rescue
dae11,"root,mid1",390208.187993,rough,-0.5,0.5659384739379518,0.015284654279740403,-0.12421992452075972,True,ok,julia_xfoil,,prestall,seed_reference_pending_full_polar_dae11_rescue
dae11,"root,mid1",390208.187993,rough,-0.25,0.5933025405994521,0.015385303083114607,-0.12428545198578399,True,ok,julia_xfoil,,prestall,seed_reference_pending_full_polar_dae11_rescue
dae11,"root,mid1",390208.187993,rough,0.0,0.6204709583786404,0.015508201436986608,-0.12434515721065863,True,ok,julia_xfoil,,prestall,seed_reference_pending_full_polar_dae11_rescue
dae11,"root,mid1",390208.187993,rough,0.25,0.647480892997373,0.015644311108551304,-0.12439757197779784,True,ok,julia_xfoil,,prestall,seed_reference_pending_full_polar_dae11_rescue
dae11,"root,mid1",390208.187993,rough,0.5,0.6743281867157641,0.015792910844322328,-0.12443873824588841,True,ok,julia_xfoil,,prestall,seed_reference_pending_full_polar_dae11_rescue
dae11,"root,mid1",390208.187993,rough,0.75,0.701013374979957,0.01595253201300667,-0.12446708713546806,True,ok,julia_xfoil,,prestall,seed_reference_pending_full_polar_dae11_rescue
dae11,"root,mid1",390208.187993,rough,1.0,0.7275142305647492,0.016123755857623916,-0.12448130689652703,True,ok,julia_xfoil,,prestall,seed_reference_pending_full_polar_dae11_rescue
dae11,"root,mid1",390208.187993,rough,1.25,0.7538158074893684,0.016306705945826644,-0.12447974395754868,True,ok,julia_xfoil,,prestall,seed_reference_pending_full_polar_dae11_rescue
dae11,"root,mid1",390208.187993,rough,1.5,0.7798790657248604,0.01650448097386917,-0.12445755858463013,True,ok,julia_xfoil,,prestall,seed_reference_pending_full_polar_dae11_rescue
dae11,"root,mid1",390208.187993,rough,1.75,0.8056995368553833,0.01671551590794102,-0.12441448311157466,True,ok,julia_xfoil,,prestall,seed_reference_pending_full_polar_dae11_rescue
dae11,"root,mid1",390208.187993,rough,2.0,0.8312502122710578,0.016940637243291767,-0.12434843130829033,True,ok,julia_xfoil,,prestall,seed_reference_pending_full_polar_dae11_rescue
dae11,"root,mid1",390208.187993,rough,2.25,0.8565235879698827,0.01717890443499176,-0.12425800556446424,True,ok,julia_xfoil,,prestall,seed_reference_pending_full_polar_dae11_rescue
dae11,"root,mid1",390208.187993,rough,2.5,0.8814770732827142,0.017432975596986356,-0.12413886716262901,True,ok,julia_xfoil,,prestall,seed_reference_pending_full_polar_dae11_rescue
dae11,"root,mid1",390208.187993,rough,2.75,0.9060690336307942,0.01770435138743268,-0.12398845005082265,True,ok,julia_xfoil,,prestall,seed_reference_pending_full_polar_dae11_rescue
dae11,"root,mid1",390208.187993,rough,3.0,0.9302539114640658,0.017994999591864288,-0.1238037587058225,True,ok,julia_xfoil,,prestall,seed_reference_pending_full_polar_dae11_rescue
dae11,"root,mid1",390208.187993,rough,3.25,0.9539432701233507,0.01831036430311668,-0.12357725710456366,True,ok,julia_xfoil,,prestall,seed_reference_pending_full_polar_dae11_rescue
dae11,"root,mid1",390208.187993,rough,3.5,0.9770897474585345,0.018652241692635584,-0.12330689603091916,True,ok,julia_xfoil,,prestall,seed_reference_pending_full_polar_dae11_rescue
dae11,"root,mid1",390208.187993,rough,3.75,0.9996058745849072,0.019025454723296205,-0.1229896316481351,True,ok,julia_xfoil,,prestall,seed_reference_pending_full_polar_dae11_rescue
dae11,"root,mid1",390208.187993,rough,4.0,1.0208922127447788,0.01944702812473758,-0.1225713629876208,True,ok,julia_xfoil,,prestall,seed_reference_pending_full_polar_dae11_rescue
dae11,"root,mid1",390208.187993,rough,4.25,1.0394100428957036,0.019962009305856364,-0.12187588461637415,True,ok,julia_xfoil,,prestall,seed_reference_pending_full_polar_dae11_rescue
dae11,"root,mid1",390208.187993,rough,4.5,1.059454207926187,0.020535820266350355,-0.12153146534166981,True,ok,julia_xfoil,,prestall,seed_reference_pending_full_polar_dae11_rescue
dae11,"root,mid1",390208.187993,rough,4.75,1.0798535488741203,0.021145154362325686,-0.12128117729011341,True,ok,julia_xfoil,,prestall,seed_reference_pending_full_polar_dae11_rescue
dae11,"root,mid1",390208.187993,rough,5.0,1.0998223623582144,0.021793556220130458,-0.12100176871792791,True,ok,julia_xfoil,,prestall,seed_reference_pending_full_polar_dae11_rescue
dae11,"root,mid1",390208.187993,rough,5.25,1.119214158512434,0.022469983864877065,-0.12064713977905069,True,ok,julia_xfoil,,prestall,seed_reference_pending_full_polar_dae11_rescue
dae11,"root,mid1",390208.187993,rough,5.5,1.1380578968510087,0.023185672260549958,-0.12024787125926815,True,ok,julia_xfoil,,prestall,seed_reference_pending_full_polar_dae11_rescue
dae11,"root,mid1",390208.187993,rough,5.75,1.1565584227580004,0.023916469108934812,-0.11979879624593198,True,ok,julia_xfoil,,prestall,seed_reference_pending_full_polar_dae11_rescue
dae11,"root,mid1",390208.187993,rough,6.0,1.1743263129498593,0.024697533407925604,-0.11929452530027299,True,ok,julia_xfoil,,prestall,seed_reference_pending_full_polar_dae11_rescue
dae11,"root,mid1",390208.187993,rough,6.25,1.191862844367001,0.025484136610673717,-0.11874841271681462,True,ok,julia_xfoil,,prestall,seed_reference_pending_full_polar_dae11_rescue
dae11,"root,mid1",390208.187993,rough,6.5,1.2090503464943492,0.026296152621528103,-0.11817284426558668,True,ok,julia_xfoil,,prestall,seed_reference_pending_full_polar_dae11_rescue
dae11,"root,mid1",390208.187993,rough,6.75,1.2255381138597141,0.02716469747197909,-0.11755979485930408,True,ok,julia_xfoil,,prestall,seed_reference_pending_full_polar_dae11_rescue
dae11,"root,mid1",390208.187993,rough,7.0,1.241742128066233,0.028033798479839354,-0.11689431625893969,True,ok,julia_xfoil,,prestall,seed_reference_pending_full_polar_dae11_rescue
dae11,"root,mid1",390208.187993,rough,7.25,1.2577329333027856,0.028913699900907253,-0.11620398052599058,True,ok,julia_xfoil,,prestall,seed_reference_pending_full_polar_dae11_rescue
dae11,"root,mid1",390208.187993,rough,7.5,1.2729087045173122,0.02987526851906763,-0.11549097593463593,True,ok,julia_xfoil,,prestall,seed_reference_pending_full_polar_dae11_rescue
dae11,"root,mid1",390208.187993,rough,7.75,1.2878006627902074,0.030857700686181565,-0.11475885779522144,True,ok,julia_xfoil,,prestall,seed_reference_pending_full_polar_dae11_rescue
dae11,"root,mid1",390208.187993,rough,8.0,1.3024886020202304,0.03183385475688426,-0.11398526764483341,True,ok,julia_xfoil,,prestall,seed_reference_pending_full_polar_dae11_rescue
dae11,"root,mid1",390208.187993,rough,8.25,1.31689730635351,0.03282292607260963,-0.1131842789133444,True,ok,julia_xfoil,,prestall,seed_reference_pending_full_polar_dae11_rescue
dae11,"root,mid1",390208.187993,rough,8.5,1.3304681692888414,0.03390222399261651,-0.11236912830237006,True,ok,julia_xfoil,,prestall,seed_reference_pending_full_polar_dae11_rescue
dae11,"root,mid1",390208.187993,rough,8.75,1.343789775842089,0.03500863746044904,-0.11155202167441504,True,ok,julia_xfoil,,prestall,seed_reference_pending_full_polar_dae11_rescue
dae11,"root,mid1",390208.187993,rough,9.0,1.357220103007349,0.03609802389160493,-0.11073396904899055,True,ok,julia_xfoil,,prestall,seed_reference_pending_full_polar_dae11_rescue
dae11,"root,mid1",390208.187993,rough,9.25,1.3704979184700312,0.03719293114566418,-0.10990412156281101,True,ok,julia_xfoil,,prestall,seed_reference_pending_full_polar_dae11_rescue
dae11,"root,mid1",390208.187993,rough,9.5,1.3831462652174193,0.038328949477046834,-0.10903462594970281,True,ok,julia_xfoil,,prestall,seed_reference_pending_full_polar_dae11_rescue
dae11,"root,mid1",390208.187993,rough,9.75,1.394634629002169,0.03959028620854161,-0.10814471603569592,True,ok,julia_xfoil,,prestall,seed_reference_pending_full_polar_dae11_rescue
dae11,"root,mid1",390208.187993,rough,10.0,1.4063082295151221,0.04084009010383898,-0.10727357371536883,True,ok,julia_xfoil,,prestall,seed_reference_pending_full_polar_dae11_rescue
dae11,"root,mid1",390208.187993,rough,10.25,1.418534724694686,0.04207768257666661,-0.10647315489910039,True,ok,julia_xfoil,,prestall,seed_reference_pending_full_polar_dae11_rescue
dae11,"root,mid1",390208.187993,rough,10.5,1.4308124763041283,0.04333179998533972,-0.10570407776926992,True,ok,julia_xfoil,,prestall,seed_reference_pending_full_polar_dae11_rescue
dae11,"root,mid1",390208.187993,rough,10.75,1.442644125422304,0.04465535506355626,-0.10495403036901371,True,ok,julia_xfoil,,prestall,seed_reference_pending_full_polar_dae11_rescue
dae11,"root,mid1",390208.187993,rough,11.0,1.4534099105403702,0.04611467282997423,-0.10420779784633438,True,ok,julia_xfoil,,prestall,seed_reference_pending_full_polar_dae11_rescue
dae11,"root,mid1",390208.187993,rough,11.25,1.4644205053932766,0.047527558102622,-0.10345535989048925,True,ok,julia_xfoil,,prestall,seed_reference_pending_full_polar_dae11_rescue
dae11,"root,mid1",390208.187993,rough,11.5,1.4756851091088166,0.04892502935689611,-0.10272663787382337,True,ok,julia_xfoil,,prestall,seed_reference_pending_full_polar_dae11_rescue
dae11,"root,mid1",390208.187993,rough,11.75,1.486843356919574,0.0503452564906931,-0.10201319476876686,True,ok,julia_xfoil,,prestall,seed_reference_pending_full_polar_dae11_rescue
dae11,"root,mid1",390208.187993,rough,12.0,1.497342820575034,0.05185163075107833,-0.10130935267879435,True,ok,julia_xfoil,,prestall,seed_reference_pending_full_polar_dae11_rescue
dae11,"root,mid1",390208.187993,rough,12.25,1.5068270214435648,0.053519353014582695,-0.1006400673318601,True,ok,julia_xfoil,,prestall,seed_reference_pending_full_polar_dae11_rescue
dae11,"root,mid1",390208.187993,rough,12.5,1.5166525038529532,0.05514039358711961,-0.0999815015817692,True,ok,julia_xfoil,,prestall,seed_reference_pending_full_polar_dae11_rescue
dae11,"root,mid1",390208.187993,rough,12.75,1.5264834882737193,0.05675315563400051,-0.09932756743544456,True,ok,julia_xfoil,,prestall,seed_reference_pending_full_polar_dae11_rescue
dae11,"root,mid1",390208.187993,rough,13.0,1.5362457092260187,0.05838994888873917,-0.09869946649414046,True,ok,julia_xfoil,,prestall,seed_reference_pending_full_polar_dae11_rescue
dae11,"root,mid1",390208.187993,rough,13.25,1.5448531950005175,0.06016680148380848,-0.0980735970989983,True,ok,julia_xfoil,,prestall,seed_reference_pending_full_polar_dae11_rescue
dae11,"root,mid1",390208.187993,rough,13.5,1.552306796388501,0.06207894191173823,-0.09744596353377255,True,ok,julia_xfoil,,prestall,seed_reference_pending_full_polar_dae11_rescue
dae11,"root,mid1",390208.187993,rough,13.75,1.56035065663613,0.06392513940175788,-0.09684264017844685,True,ok,julia_xfoil,,prestall,seed_reference_pending_full_polar_dae11_rescue
dae11,"root,mid1",390208.187993,rough,14.0,1.568731168855456,0.06575729870186783,-0.09628046752104745,True,ok,julia_xfoil,,prestall,seed_reference_pending_full_polar_dae11_rescue
dae11,"root,mid1",390208.187993,rough,14.25,1.5766508932552137,0.06765320675378798,-0.09573815805832661,True,ok,julia_xfoil,,prestall,seed_reference_pending_full_polar_dae11_rescue
dae11,"root,mid1",390208.187993,rough,14.5,1.582610758024158,0.06982511381624744,-0.09523067843416388,True,ok,julia_xfoil,,prestall,seed_reference_pending_full_polar_dae11_rescue
dae11,"root,mid1",390208.187993,rough,14.75,1.5891089880890743,0.07193626102947269,-0.09475022536748517,True,ok,julia_xfoil,,prestall,seed_reference_pending_full_polar_dae11_rescue
dae11,"root,mid1",390208.187993,rough,15.0,1.5959260438742995,0.07401356709440186,-0.0942948237441185,True,ok,julia_xfoil,,prestall,seed_reference_pending_full_polar_dae11_rescue
dae11,"root,mid1",390208.187993,rough,15.25,1.6022280684649333,0.07615147936307944,-0.0938536255266119,True,ok,julia_xfoil,,prestall,seed_reference_pending_full_polar_dae11_rescue
dae11,"root,mid1",390208.187993,rough,15.5,1.6056388573591038,0.07868780958688742,-0.09345489956871976,True,ok,julia_xfoil,,prestall,seed_reference_pending_full_polar_dae11_rescue
dae11,"root,mid1",390208.187993,rough,15.75,1.6027944402587138,0.08194243820638425,-0.09298446797924495,True,ok,julia_xfoil,,poststall,seed_reference_pending_full_polar_dae11_rescue
dae11,"root,mid1",390208.187993,rough,16.0,1.6041009784276878,0.08470816350214118,-0.09261428931625314,True,ok,julia_xfoil,,poststall,seed_reference_pending_full_polar_dae11_rescue
dae11,"root,mid1",390208.187993,rough,16.25,1.6023566251451016,0.08794642155740526,-0.09236332935924832,True,ok,julia_xfoil,,poststall,seed_reference_pending_full_polar_dae11_rescue
dae11,"root,mid1",390208.187993,rough,16.5,1.5996854986204012,0.0913288086736736,-0.09217123702213147,True,ok,julia_xfoil,,poststall,seed_reference_pending_full_polar_dae11_rescue
dae11,"root,mid1",390208.187993,rough,16.75,1.5976737423003542,0.09465780436549673,-0.09205263996231429,True,ok,julia_xfoil,,poststall,seed_reference_pending_full_polar_dae11_rescue
dae11,"root,mid1",390208.187993,rough,17.0,1.5962464299626293,0.09798683705706639,-0.09208404800527353,True,ok,julia_xfoil,,poststall,seed_reference_pending_full_polar_dae11_rescue
dae11,"root,mid1",390208.187993,rough,17.25,1.5952271733482972,0.10124911558934856,-0.09214573650066565,True,ok,julia_xfoil,,poststall,seed_reference_pending_full_polar_dae11_rescue
dae11,"root,mid1",390208.187993,rough,17.5,1.592663674073136,0.10474706932608437,-0.09231238482735625,True,ok,julia_xfoil,,poststall,seed_reference_pending_full_polar_dae11_rescue
dae11,"root,mid1",390208.187993,rough,17.75,1.5877187961532016,0.10861502302296716,-0.09263005708976292,True,ok,julia_xfoil,,poststall,seed_reference_pending_full_polar_dae11_rescue
dae11,"root,mid1",390208.187993,rough,18.0,1.5848276933655636,0.11218390331365569,-0.09294714511390313,True,ok,julia_xfoil,,poststall,seed_reference_pending_full_polar_dae11_rescue
dae11,"root,mid1",399086.979554,rough,-6.0,-0.050643402890306013,0.056347974309585484,-0.0885537820617216,True,ok,julia_xfoil,,prestall,seed_reference_pending_full_polar_dae11_rescue
dae11,"root,mid1",399086.979554,rough,-5.75,-0.02468087571082981,0.05078026911515395,-0.09677413815022744,True,ok,julia_xfoil,,prestall,seed_reference_pending_full_polar_dae11_rescue
dae11,"root,mid1",399086.979554,rough,-5.5,0.004988007819936389,0.04336633284048831,-0.10612375772724675,True,ok,julia_xfoil,,prestall,seed_reference_pending_full_polar_dae11_rescue
dae11,"root,mid1",399086.979554,rough,-5.25,0.034659479283002635,0.0362767925783169,-0.11291513721581573,True,ok,julia_xfoil,,prestall,seed_reference_pending_full_polar_dae11_rescue
dae11,"root,mid1",399086.979554,rough,-5.0,0.06360490785694625,0.028866980104436057,-0.11776831660382568,True,ok,julia_xfoil,,prestall,seed_reference_pending_full_polar_dae11_rescue
dae11,"root,mid1",399086.979554,rough,-4.75,0.09171940955135326,0.02358149786416282,-0.1201883718330292,True,ok,julia_xfoil,,prestall,seed_reference_pending_full_polar_dae11_rescue
dae11,"root,mid1",399086.979554,rough,-4.5,0.11970688897017187,0.02118744820771713,-0.12105393267367133,True,ok,julia_xfoil,,prestall,seed_reference_pending_full_polar_dae11_rescue
dae11,"root,mid1",399086.979554,rough,-4.25,0.14773216079769935,0.019720301178408284,-0.12151970472020523,True,ok,julia_xfoil,,prestall,seed_reference_pending_full_polar_dae11_rescue
dae11,"root,mid1",399086.979554,rough,-4.0,0.1757788901197256,0.018682004286479283,-0.12182619634793328,True,ok,julia_xfoil,,prestall,seed_reference_pending_full_polar_dae11_rescue
dae11,"root,mid1",399086.979554,rough,-3.75,0.2038355719093149,0.01789825341068347,-0.12205276804395465,True,ok,julia_xfoil,,prestall,seed_reference_pending_full_polar_dae11_rescue
dae11,"root,mid1",399086.979554,rough,-3.5,0.2318829448121318,0.01730198154409764,-0.1222347318297122,True,ok,julia_xfoil,,prestall,seed_reference_pending_full_polar_dae11_rescue
dae11,"root,mid1",399086.979554,rough,-3.25,0.25991581886904097,0.016875954164784664,-0.12239147655200766,True,ok,julia_xfoil,,prestall,seed_reference_pending_full_polar_dae11_rescue
dae11,"root,mid1",399086.979554,rough,-3.0,0.2878749955371967,0.016416800470823004,-0.12257326558573815,True,ok,julia_xfoil,,prestall,seed_reference_pending_full_polar_dae11_rescue
dae11,"root,mid1",399086.979554,rough,-2.75,0.3157902216920317,0.016003093477639507,-0.12280266701968688,True,ok,julia_xfoil,,prestall,seed_reference_pending_full_polar_dae11_rescue
dae11,"root,mid1",399086.979554,rough,-2.5,0.34373891473608953,0.015812472197697842,-0.12298538933212927,True,ok,julia_xfoil,,prestall,seed_reference_pending_full_polar_dae11_rescue
dae11,"root,mid1",399086.979554,rough,-2.25,0.3716987149168385,0.015652846669934974,-0.12315493437169309,True,ok,julia_xfoil,,prestall,seed_reference_pending_full_polar_dae11_rescue
dae11,"root,mid1",399086.979554,rough,-2.0,0.39965362292972856,0.015520629458040811,-0.12331610699020987,True,ok,julia_xfoil,,prestall,seed_reference_pending_full_polar_dae11_rescue
dae11,"root,mid1",399086.979554,rough,-1.75,0.42748339558677406,0.015482419710535558,-0.12345575827554732,True,ok,julia_xfoil,,prestall,seed_reference_pending_full_polar_dae11_rescue
dae11,"root,mid1",399086.979554,rough,-1.5,0.45542202560964173,0.015307501199402468,-0.12366859888325588,True,ok,julia_xfoil,,prestall,seed_reference_pending_full_polar_dae11_rescue
dae11,"root,mid1",399086.979554,rough,-1.25,0.48325732146997763,0.015249736964409974,-0.12382840493553376,True,ok,julia_xfoil,,prestall,seed_reference_pending_full_polar_dae11_rescue
dae11,"root,mid1",399086.979554,rough,-1.0,0.5110224768885905,0.015238471032366436,-0.12395797044742506,True,ok,julia_xfoil,,prestall,seed_reference_pending_full_polar_dae11_rescue
dae11,"root,mid1",399086.979554,rough,-0.75,0.5387811562997546,0.015182369384405398,-0.12412979804519196,True,ok,julia_xfoil,,prestall,seed_reference_pending_full_polar_dae11_rescue
dae11,"root,mid1",399086.979554,rough,-0.5,0.5663611718870684,0.015200880301440949,-0.12426145764681412,True,ok,julia_xfoil,,prestall,seed_reference_pending_full_polar_dae11_rescue
dae11,"root,mid1",399086.979554,rough,-0.25,0.5937358119168786,0.015302214043825922,-0.12432908977910977,True,ok,julia_xfoil,,prestall,seed_reference_pending_full_polar_dae11_rescue
dae11,"root,mid1",399086.979554,rough,0.0,0.6209312263023037,0.015424379800863013,-0.12439183675324703,True,ok,julia_xfoil,,prestall,seed_reference_pending_full_polar_dae11_rescue
dae11,"root,mid1",399086.979554,rough,0.25,0.647972308747965,0.015559314725662281,-0.12444700539986003,True,ok,julia_xfoil,,prestall,seed_reference_pending_full_polar_dae11_rescue
dae11,"root,mid1",399086.979554,rough,0.5,0.6748621973906048,0.01570506872261877,-0.12449248182483531,True,ok,julia_xfoil,,prestall,seed_reference_pending_full_polar_dae11_rescue
dae11,"root,mid1",399086.979554,rough,0.75,0.7015804062666607,0.015863364364948413,-0.12452465233891837,True,ok,julia_xfoil,,prestall,seed_reference_pending_full_polar_dae11_rescue
dae11,"root,mid1",399086.979554,rough,1.0,0.728113998863869,0.016033616723723332,-0.12454209687230515,True,ok,julia_xfoil,,prestall,seed_reference_pending_full_polar_dae11_rescue
dae11,"root,mid1",399086.979554,rough,1.25,0.7544339356890102,0.016217139414713456,-0.12454293906151347,True,ok,julia_xfoil,,prestall,seed_reference_pending_full_polar_dae11_rescue
dae11,"root,mid1",399086.979554,rough,1.5,0.7805373890390068,0.01641297616735695,-0.1245256160282879,True,ok,julia_xfoil,,prestall,seed_reference_pending_full_polar_dae11_rescue
dae11,"root,mid1",399086.979554,rough,1.75,0.8063949690537513,0.0166228629028046,-0.12448661941847457,True,ok,julia_xfoil,,prestall,seed_reference_pending_full_polar_dae11_rescue
dae11,"root,mid1",399086.979554,rough,2.0,0.8320111970802332,0.016844306316161805,-0.1244261572553504,True,ok,julia_xfoil,,prestall,seed_reference_pending_full_polar_dae11_rescue
dae11,"root,mid1",399086.979554,rough,2.25,0.8573435763953259,0.017079686447381316,-0.12434171210324126,True,ok,julia_xfoil,,prestall,seed_reference_pending_full_polar_dae11_rescue
dae11,"root,mid1",399086.979554,rough,2.5,0.8823578029092174,0.01733076762888273,-0.1242291604339071,True,ok,julia_xfoil,,prestall,seed_reference_pending_full_polar_dae11_rescue
dae11,"root,mid1",399086.979554,rough,2.75,0.9070097946462654,0.017599806712572028,-0.12408453758739946,True,ok,julia_xfoil,,prestall,seed_reference_pending_full_polar_dae11_rescue
dae11,"root,mid1",399086.979554,rough,3.0,0.931239026383892,0.017889621526356723,-0.12390372873412346,True,ok,julia_xfoil,,prestall,seed_reference_pending_full_polar_dae11_rescue
dae11,"root,mid1",399086.979554,rough,3.25,0.9550085924316183,0.018201159843158184,-0.12368480141989767,True,ok,julia_xfoil,,prestall,seed_reference_pending_full_polar_dae11_rescue
dae11,"root,mid1",399086.979554,rough,3.5,0.9782461739647446,0.018538513935853304,-0.12342263106092612,True,ok,julia_xfoil,,prestall,seed_reference_pending_full_polar_dae11_rescue
dae11,"root,mid1",399086.979554,rough,3.75,1.0008936861783648,0.018904357000973458,-0.12311520019687468,True,ok,julia_xfoil,,prestall,seed_reference_pending_full_polar_dae11_rescue
dae11,"root,mid1",399086.979554,rough,4.0,1.02255004111157,0.019314087513917028,-0.1227340833882142,True,ok,julia_xfoil,,prestall,seed_reference_pending_full_polar_dae11_rescue
dae11,"root,mid1",399086.979554,rough,4.25,1.0412626231643567,0.019815152122587505,-0.12204690398467666,True,ok,julia_xfoil,,prestall,seed_reference_pending_full_polar_dae11_rescue
dae11,"root,mid1",399086.979554,rough,4.5,1.061033991305502,0.020382036412388112,-0.12164894061609312,True,ok,julia_xfoil,,prestall,seed_reference_pending_full_polar_dae11_rescue
dae11,"root,mid1",399086.979554,rough,4.75,1.0814533810412368,0.02098968932396228,-0.1214028118732599,True,ok,julia_xfoil,,prestall,seed_reference_pending_full_polar_dae11_rescue
dae11,"root,mid1",399086.979554,rough,5.0,1.1014506063981373,0.02163746506784262,-0.12112911391988072,True,ok,julia_xfoil,,prestall,seed_reference_pending_full_polar_dae11_rescue
dae11,"root,mid1",399086.979554,rough,5.25,1.1209229803463772,0.022309041032486435,-0.12078397406020323,True,ok,julia_xfoil,,prestall,seed_reference_pending_full_polar_dae11_rescue
dae11,"root,mid1",399086.979554,rough,5.5,1.1398167128649657,0.023022523758044436,-0.12039297756418928,True,ok,julia_xfoil,,prestall,seed_reference_pending_full_polar_dae11_rescue
dae11,"root,mid1",399086.979554,rough,5.75,1.1584085051086752,0.023747500583317843,-0.11995272566011611,True,ok,julia_xfoil,,prestall,seed_reference_pending_full_polar_dae11_rescue
dae11,"root,mid1",399086.979554,rough,6.0,1.176294457467509,0.024520391399101865,-0.11945818621293998,True,ok,julia_xfoil,,prestall,seed_reference_pending_full_polar_dae11_rescue
dae11,"root,mid1",399086.979554,rough,6.25,1.1938656437923492,0.02530587099063496,-0.11891888163463576,True,ok,julia_xfoil,,prestall,seed_reference_pending_full_polar_dae11_rescue
dae11,"root,mid1",399086.979554,rough,6.5,1.2111425812356307,0.026109300792110303,-0.1183473170729542,True,ok,julia_xfoil,,prestall,seed_reference_pending_full_polar_dae11_rescue
dae11,"root,mid1",399086.979554,rough,6.75,1.2276969213443856,0.02697544640838355,-0.11774303203616111,True,ok,julia_xfoil,,prestall,seed_reference_pending_full_polar_dae11_rescue
dae11,"root,mid1",399086.979554,rough,7.0,1.243874292182186,0.027848628830699405,-0.11707910658103625,True,ok,julia_xfoil,,prestall,seed_reference_pending_full_polar_dae11_rescue
dae11,"root,mid1",399086.979554,rough,7.25,1.2598418207386672,0.028730115021792565,-0.11638717869074595,True,ok,julia_xfoil,,prestall,seed_reference_pending_full_polar_dae11_rescue
dae11,"root,mid1",399086.979554,rough,7.5,1.275123014641663,0.02968046790018781,-0.11567687256201252,True,ok,julia_xfoil,,prestall,seed_reference_pending_full_polar_dae11_rescue
dae11,"root,mid1",399086.979554,rough,7.75,1.2899924868942094,0.030666214812194253,-0.11494614067715474,True,ok,julia_xfoil,,prestall,seed_reference_pending_full_polar_dae11_rescue
dae11,"root,mid1",399086.979554,rough,8.0,1.3047070137184333,0.031643504790373686,-0.11417830965397409,True,ok,julia_xfoil,,prestall,seed_reference_pending_full_polar_dae11_rescue
dae11,"root,mid1",399086.979554,rough,8.25,1.3191912959134697,0.032625246174052644,-0.11338081655491516,True,ok,julia_xfoil,,prestall,seed_reference_pending_full_polar_dae11_rescue
dae11,"root,mid1",399086.979554,rough,8.5,1.3329514979990207,0.03368380209534181,-0.11256981985028262,True,ok,julia_xfoil,,prestall,seed_reference_pending_full_polar_dae11_rescue
dae11,"root,mid1",399086.979554,rough,8.75,1.346222007894101,0.03479486641446485,-0.11175067991542392,True,ok,julia_xfoil,,prestall,seed_reference_pending_full_polar_dae11_rescue
dae11,"root,mid1",399086.979554,rough,9.0,1.3596301643304758,0.03588640722532153,-0.11093140114742518,True,ok,julia_xfoil,,prestall,seed_reference_pending_full_polar_dae11_rescue
dae11,"root,mid1",399086.979554,rough,9.25,1.3729383326815665,0.036979965409318985,-0.11010432825884131,True,ok,julia_xfoil,,prestall,seed_reference_pending_full_polar_dae11_rescue
dae11,"root,mid1",399086.979554,rough,9.5,1.3856943697754174,0.03810497563854982,-0.10923780273063341,True,ok,julia_xfoil,,prestall,seed_reference_pending_full_polar_dae11_rescue
dae11,"root,mid1",399086.979554,rough,9.75,1.3971369029230258,0.039366860214539584,-0.10834012253237209,True,ok,julia_xfoil,,prestall,seed_reference_pending_full_polar_dae11_rescue
dae11,"root,mid1",399086.979554,rough,10.0,1.4087173449008852,0.04062287120920486,-0.10746162321037098,True,ok,julia_xfoil,,prestall,seed_reference_pending_full_polar_dae11_rescue
dae11,"root,mid1",399086.979554,rough,10.25,1.4208812412116423,0.04186119596377833,-0.10665278374868586,True,ok,julia_xfoil,,prestall,seed_reference_pending_full_polar_dae11_rescue
dae11,"root,mid1",399086.979554,rough,10.5,1.4331555672108927,0.04311256400809192,-0.10588042101212944,True,ok,julia_xfoil,,prestall,seed_reference_pending_full_polar_dae11_rescue
dae11,"root,mid1",399086.979554,rough,10.75,1.4451586548135664,0.04441517209996746,-0.10513166514229336,True,ok,julia_xfoil,,prestall,seed_reference_pending_full_polar_dae11_rescue
dae11,"root,mid1",399086.979554,rough,11.0,1.456025953790736,0.04586304704135239,-0.10438677460064347,True,ok,julia_xfoil,,prestall,seed_reference_pending_full_polar_dae11_rescue
dae11,"root,mid1",399086.979554,rough,11.25,1.4669960889321028,0.04728150376582994,-0.1036339469917896,True,ok,julia_xfoil,,prestall,seed_reference_pending_full_polar_dae11_rescue
dae11,"root,mid1",399086.979554,rough,11.5,1.4782253514198422,0.048678706866205956,-0.10290060839244862,True,ok,julia_xfoil,,prestall,seed_reference_pending_full_polar_dae11_rescue
dae11,"root,mid1",399086.979554,rough,11.75,1.4894228929543751,0.050095140080444765,-0.10218952324076466,True,ok,julia_xfoil,,prestall,seed_reference_pending_full_polar_dae11_rescue
dae11,"root,mid1",399086.979554,rough,12.0,1.5000918982390834,0.05157845834352254,-0.10148439838312533,True,ok,julia_xfoil,,prestall,seed_reference_pending_full_polar_dae11_rescue
dae11,"root,mid1",399086.979554,rough,12.25,1.5095106540783663,0.05324863030001548,-0.10080729489242092,True,ok,julia_xfoil,,prestall,seed_reference_pending_full_polar_dae11_rescue
dae11,"root,mid1",399086.979554,rough,12.5,1.5191944105370012,0.05488481760263925,-0.10014305097425415,True,ok,julia_xfoil,,prestall,seed_reference_pending_full_polar_dae11_rescue
dae11,"root,mid1",399086.979554,rough,12.75,1.529020056464371,0.0564975834235362,-0.09948750585019665,True,ok,julia_xfoil,,prestall,seed_reference_pending_full_polar_dae11_rescue
dae11,"root,mid1",399086.979554,rough,13.0,1.5387890378698144,0.05813019255093581,-0.09885505607773341,True,ok,julia_xfoil,,prestall,seed_reference_pending_full_polar_dae11_rescue
dae11,"root,mid1",399086.979554,rough,13.25,1.5476704594910287,0.059873884913456805,-0.09823018038452985,True,ok,julia_xfoil,,prestall,seed_reference_pending_full_polar_dae11_rescue
dae11,"root,mid1",399086.979554,rough,13.5,1.5550288925171867,0.06179650403097706,-0.09759952140384387,True,ok,julia_xfoil,,prestall,seed_reference_pending_full_polar_dae11_rescue
dae11,"root,mid1",399086.979554,rough,13.75,1.5630963023147204,0.06363461829245239,-0.0969912487253107,True,ok,julia_xfoil,,prestall,seed_reference_pending_full_polar_dae11_rescue
dae11,"root,mid1",399086.979554,rough,14.0,1.571496768099579,0.06545891533139274,-0.09642134233625124,True,ok,julia_xfoil,,prestall,seed_reference_pending_full_polar_dae11_rescue
dae11,"root,mid1",399086.979554,rough,14.25,1.579518267471279,0.06733528544771719,-0.09587006458429269,True,ok,julia_xfoil,,prestall,seed_reference_pending_full_polar_dae11_rescue
dae11,"root,mid1",399086.979554,rough,14.5,1.5855913929358738,0.0694883131776242,-0.09535666605507023,True,ok,julia_xfoil,,prestall,seed_reference_pending_full_polar_dae11_rescue
dae11,"root,mid1",399086.979554,rough,14.75,1.5919404587266177,0.07161510200539235,-0.09487090849160622,True,ok,julia_xfoil,,prestall,seed_reference_pending_full_polar_dae11_rescue
dae11,"root,mid1",399086.979554,rough,15.0,1.5987471597067018,0.07369259601296867,-0.09441163019715737,True,ok,julia_xfoil,,prestall,seed_reference_pending_full_polar_dae11_rescue
dae11,"root,mid1",399086.979554,rough,15.25,1.6050409965725305,0.07582796626348498,-0.09396315591442626,True,ok,julia_xfoil,,prestall,seed_reference_pending_full_polar_dae11_rescue
dae11,"root,mid1",399086.979554,rough,15.5,1.6069704819468744,0.07853560804416813,-0.09353722927734685,True,ok,julia_xfoil,,prestall,seed_reference_pending_full_polar_dae11_rescue
dae11,"root,mid1",399086.979554,rough,15.75,1.6045689844908038,0.0817383783032223,-0.09306914377843695,True,ok,julia_xfoil,,poststall,seed_reference_pending_full_polar_dae11_rescue
dae11,"root,mid1",399086.979554,rough,16.0,1.6062876603499383,0.0844451810113836,-0.09269635193128797,True,ok,julia_xfoil,,poststall,seed_reference_pending_full_polar_dae11_rescue
dae11,"root,mid1",399086.979554,rough,16.25,1.6041632640315588,0.08772347102690219,-0.09243309905292665,True,ok,julia_xfoil,,poststall,seed_reference_pending_full_polar_dae11_rescue
dae11,"root,mid1",399086.979554,rough,16.5,1.6010254861581013,0.09116553579996593,-0.0922349503676818,True,ok,julia_xfoil,,poststall,seed_reference_pending_full_polar_dae11_rescue
dae11,"root,mid1",399086.979554,rough,16.75,1.6002915099356496,0.09432153256909437,-0.09210753307431851,True,ok,julia_xfoil,,poststall,seed_reference_pending_full_polar_dae11_rescue
dae11,"root,mid1",399086.979554,rough,17.0,1.5985682818407263,0.09768793046200829,-0.09213442090931748,True,ok,julia_xfoil,,poststall,seed_reference_pending_full_polar_dae11_rescue
dae11,"root,mid1",399086.979554,rough,17.25,1.5973841506465638,0.1009679831112429,-0.0921891396679249,True,ok,julia_xfoil,,poststall,seed_reference_pending_full_polar_dae11_rescue
dae11,"root,mid1",399086.979554,rough,17.5,1.5947209862727587,0.1044719270786515,-0.09234400349635812,True,ok,julia_xfoil,,poststall,seed_reference_pending_full_polar_dae11_rescue
dae11,"root,mid1",399086.979554,rough,17.75,1.589546582663241,0.10837900382156214,-0.09266331092162208,True,ok,julia_xfoil,,poststall,seed_reference_pending_full_polar_dae11_rescue
dae11,"root,mid1",399086.979554,rough,18.0,1.5877079966459686,0.11179240289806286,-0.09295340628522543,True,ok,julia_xfoil,,poststall,seed_reference_pending_full_polar_dae11_rescue
dae11,"root,mid1",400000.0,rough,-6.0,-0.05060232452137262,0.05625174557712191,-0.0886826607476702,True,ok,julia_xfoil,,prestall,seed_reference_pending_full_polar_dae11_rescue
dae11,"root,mid1",400000.0,rough,-5.75,-0.024605703823888336,0.050686727842623513,-0.09689148577032579,True,ok,julia_xfoil,,prestall,seed_reference_pending_full_polar_dae11_rescue
dae11,"root,mid1",400000.0,rough,-5.5,0.00507080459964283,0.043265307751572384,-0.10622452874231356,True,ok,julia_xfoil,,prestall,seed_reference_pending_full_polar_dae11_rescue
dae11,"root,mid1",400000.0,rough,-5.25,0.03470571741137805,0.03620333120149277,-0.11296774288030129,True,ok,julia_xfoil,,prestall,seed_reference_pending_full_polar_dae11_rescue
dae11,"root,mid1",400000.0,rough,-5.0,0.06362692945745636,0.028823611300996612,-0.11778948501753261,True,ok,julia_xfoil,,prestall,seed_reference_pending_full_polar_dae11_rescue
dae11,"root,mid1",400000.0,rough,-4.75,0.09174011240229443,0.023540060899505777,-0.1202011972074792,True,ok,julia_xfoil,,prestall,seed_reference_pending_full_polar_dae11_rescue
dae11,"root,mid1",400000.0,rough,-4.5,0.11972671489076055,0.021158412493210228,-0.12106058637016741,True,ok,julia_xfoil,,prestall,seed_reference_pending_full_polar_dae11_rescue
dae11,"root,mid1",400000.0,rough,-4.25,0.1477513319305946,0.019698166815891496,-0.12152388775575115,True,ok,julia_xfoil,,prestall,seed_reference_pending_full_polar_dae11_rescue
dae11,"root,mid1",400000.0,rough,-4.0,0.17579894137692167,0.01866371342867147,-0.12182941518188606,True,ok,julia_xfoil,,prestall,seed_reference_pending_full_polar_dae11_rescue
dae11,"root,mid1",400000.0,rough,-3.75,0.20385617075829782,0.017882372730087397,-0.12205569766182468,True,ok,julia_xfoil,,prestall,seed_reference_pending_full_polar_dae11_rescue
dae11,"root,mid1",400000.0,rough,-3.5,0.23190433400214402,0.01728730286383165,-0.12223772108555934,True,ok,julia_xfoil,,prestall,seed_reference_pending_full_polar_dae11_rescue
dae11,"root,mid1",400000.0,rough,-3.25,0.2599372053673689,0.016861716836668657,-0.12239464666086973,True,ok,julia_xfoil,,prestall,seed_reference_pending_full_polar_dae11_rescue
dae11,"root,mid1",400000.0,rough,-3.0,0.287901553134809,0.016415067979154586,-0.12257368678963104,True,ok,julia_xfoil,,prestall,seed_reference_pending_full_polar_dae11_rescue
dae11,"root,mid1",400000.0,rough,-2.75,0.3158177194164268,0.015991928840452817,-0.12280501731679092,True,ok,julia_xfoil,,prestall,seed_reference_pending_full_polar_dae11_rescue
dae11,"root,mid1",400000.0,rough,-2.5,0.34376912924155784,0.015800966836931263,-0.1229882681778865,True,ok,julia_xfoil,,prestall,seed_reference_pending_full_polar_dae11_rescue
dae11,"root,mid1",400000.0,rough,-2.25,0.37173037758070676,0.015642188826786713,-0.1231581186071184,True,ok,julia_xfoil,,prestall,seed_reference_pending_full_polar_dae11_rescue
dae11,"root,mid1",400000.0,rough,-2.0,0.399685860417826,0.015510451192909318,-0.12331950330469053,True,ok,julia_xfoil,,prestall,seed_reference_pending_full_polar_dae11_rescue
dae11,"root,mid1",400000.0,rough,-1.75,0.4275181239295588,0.015471742533286018,-0.12345968225024788,True,ok,julia_xfoil,,prestall,seed_reference_pending_full_polar_dae11_rescue
dae11,"root,mid1",400000.0,rough,-1.5,0.45545770114650175,0.015298788907568094,-0.1236716758240173,True,ok,julia_xfoil,,prestall,seed_reference_pending_full_polar_dae11_rescue
dae11,"root,mid1",400000.0,rough,-1.25,0.4832957336985555,0.01524074111796541,-0.12383199598203659,True,ok,julia_xfoil,,prestall,seed_reference_pending_full_polar_dae11_rescue
dae11,"root,mid1",400000.0,rough,-1.0,0.5110627494775529,0.015229458799782611,-0.12396187673231371,True,ok,julia_xfoil,,prestall,seed_reference_pending_full_polar_dae11_rescue
dae11,"root,mid1",400000.0,rough,-0.75,0.5388225305121418,0.015173958739655873,-0.12413353221945092,True,ok,julia_xfoil,,prestall,seed_reference_pending_full_polar_dae11_rescue
dae11,"root,mid1",400000.0,rough,-0.5,0.5664023837609123,0.015192593142103882,-0.1242655393830201,True,ok,julia_xfoil,,prestall,seed_reference_pending_full_polar_dae11_rescue
dae11,"root,mid1",400000.0,rough,-0.25,0.5937797232009622,0.015293798458467846,-0.12433351071133876,True,ok,julia_xfoil,,prestall,seed_reference_pending_full_polar_dae11_rescue
dae11,"root,mid1",400000.0,rough,0.0,0.6209776250648298,0.015415904402824426,-0.12439655005031824,True,ok,julia_xfoil,,prestall,seed_reference_pending_full_polar_dae11_rescue
dae11,"root,mid1",400000.0,rough,0.25,0.6480230824480383,0.015550577492598512,-0.12445204926298087,True,ok,julia_xfoil,,prestall,seed_reference_pending_full_polar_dae11_rescue
dae11,"root,mid1",400000.0,rough,0.5,0.6749160223856562,0.015696221995746024,-0.12449787273298728,True,ok,julia_xfoil,,prestall,seed_reference_pending_full_polar_dae11_rescue
dae11,"root,mid1",400000.0,rough,0.75,0.7016375999768343,0.01585434476600095,-0.12453046540044428,True,ok,julia_xfoil,,prestall,seed_reference_pending_full_polar_dae11_rescue
dae11,"root,mid1",400000.0,rough,1.0,0.7281722644528197,0.016024728734777866,-0.12454808685717268,True,ok,julia_xfoil,,prestall,seed_reference_pending_full_polar_dae11_rescue
dae11,"root,mid1",400000.0,rough,1.25,0.7544962131338362,0.016208096871867268,-0.1245493099148944,True,ok,julia_xfoil,,prestall,seed_reference_pending_full_polar_dae11_rescue
dae11,"root,mid1",400000.0,rough,1.5,0.7806036712600619,0.016403734853757162,-0.12453247585117592,True,ok,julia_xfoil,,prestall,seed_reference_pending_full_polar_dae11_rescue
dae11,"root,mid1",400000.0,rough,1.75,0.8064661285318732,0.016613394003960988,-0.12449396139868704,True,ok,julia_xfoil,,prestall,seed_reference_pending_full_polar_dae11_rescue
dae11,"root,mid1",400000.0,rough,2.0,0.8320884521428721,0.016834519820482587,-0.12443403389733779,True,ok,julia_xfoil,,prestall,seed_reference_pending_full_polar_dae11_rescue
dae11,"root,mid1",400000.0,rough,2.25,0.8574262447028212,0.017069662494450414,-0.1243501525510803,True,ok,julia_xfoil,,prestall,seed_reference_pending_full_polar_dae11_rescue
dae11,"root,mid1",400000.0,rough,2.5,0.8824469340854112,0.017320415678146323,-0.12423829857661291,True,ok,julia_xfoil,,prestall,seed_reference_pending_full_polar_dae11_rescue
dae11,"root,mid1",400000.0,rough,2.75,0.907102096191588,0.017589461319906942,-0.12409400779259729,True,ok,julia_xfoil,,prestall,seed_reference_pending_full_polar_dae11_rescue
dae11,"root,mid1",400000.0,rough,3.0,0.9313382957454461,0.01787897862614854,-0.12391381493624408,True,ok,julia_xfoil,,prestall,seed_reference_pending_full_polar_dae11_rescue
dae11,"root,mid1",400000.0,rough,3.25,0.955115835408776,0.018190151386651053,-0.12369562205740077,True,ok,julia_xfoil,,prestall,seed_reference_pending_full_polar_dae11_rescue
dae11,"root,mid1",400000.0,rough,3.5,0.9783626599231928,0.018527033904578837,-0.12343430983231546,True,ok,julia_xfoil,,prestall,seed_reference_pending_full_polar_dae11_rescue
dae11,"root,mid1",400000.0,rough,3.75,1.0010248887405335,0.018892015375182106,-0.12312800498151133,True,ok,julia_xfoil,,prestall,seed_reference_pending_full_polar_dae11_rescue
dae11,"root,mid1",400000.0,rough,4.0,1.0227138156059445,0.01930074003489758,-0.12275013015743647,True,ok,julia_xfoil,,prestall,seed_reference_pending_full_polar_dae11_rescue
dae11,"root,mid1",400000.0,rough,4.25,1.0414535145040302,0.01980024926274279,-0.12206466161740068,True,ok,julia_xfoil,,prestall,seed_reference_pending_full_polar_dae11_rescue
dae11,"root,mid1",400000.0,rough,4.5,1.0611942305094635,0.020366466987213935,-0.12166083798187145,True,ok,julia_xfoil,,prestall,seed_reference_pending_full_polar_dae11_rescue
dae11,"root,mid1",400000.0,rough,4.75,1.0816117549925741,0.020974278621603313,-0.12141494980014841,True,ok,julia_xfoil,,prestall,seed_reference_pending_full_polar_dae11_rescue
dae11,"root,mid1",400000.0,rough,5.0,1.1016153667881259,0.021621630263277833,-0.12114190532269555,True,ok,julia_xfoil,,prestall,seed_reference_pending_full_polar_dae11_rescue
dae11,"root,mid1",400000.0,rough,5.25,1.1210957611757086,0.0222927723646048,-0.12079777118596906,True,ok,julia_xfoil,,prestall,seed_reference_pending_full_polar_dae11_rescue
dae11,"root,mid1",400000.0,rough,5.5,1.1399950856727796,0.023005965517964737,-0.1204076372189874,True,ok,julia_xfoil,,prestall,seed_reference_pending_full_polar_dae11_rescue
dae11,"root,mid1",400000.0,rough,5.75,1.1585998279771967,0.023730030649804616,-0.1199685215254322,True,ok,julia_xfoil,,prestall,seed_reference_pending_full_polar_dae11_rescue
dae11,"root,mid1",400000.0,rough,6.0,1.1764952870812209,0.02450231144403443,-0.11947479207843957,True,ok,julia_xfoil,,prestall,seed_reference_pending_full_polar_dae11_rescue
dae11,"root,mid1",400000.0,rough,6.25,1.1940693174982089,0.025287745252277966,-0.11893613735412462,True,ok,julia_xfoil,,prestall,seed_reference_pending_full_polar_dae11_rescue
dae11,"root,mid1",400000.0,rough,6.5,1.2113544847256528,0.02609039409413001,-0.11836501707861499,True,ok,julia_xfoil,,prestall,seed_reference_pending_full_polar_dae11_rescue
dae11,"root,mid1",400000.0,rough,6.75,1.227916317991971,0.026956192193258968,-0.11776160769103773,True,ok,julia_xfoil,,prestall,seed_reference_pending_full_polar_dae11_rescue
dae11,"root,mid1",400000.0,rough,7.0,1.244085831613042,0.027830228406118613,-0.1170974698278869,True,ok,julia_xfoil,,prestall,seed_reference_pending_full_polar_dae11_rescue
dae11,"root,mid1",400000.0,rough,7.25,1.260055016350406,0.028711590705197784,-0.11640573689242979,True,ok,julia_xfoil,,prestall,seed_reference_pending_full_polar_dae11_rescue
dae11,"root,mid1",400000.0,rough,7.5,1.2753481456971028,0.029660668178019142,-0.11569574253458409,True,ok,julia_xfoil,,prestall,seed_reference_pending_full_polar_dae11_rescue
dae11,"root,mid1",400000.0,rough,7.75,1.2902153784947665,0.030646745386362605,-0.11496516916895497,True,ok,julia_xfoil,,prestall,seed_reference_pending_full_polar_dae11_rescue
dae11,"root,mid1",400000.0,rough,8.0,1.3049322566221975,0.03162418613659354,-0.11419789698763619,True,ok,julia_xfoil,,prestall,seed_reference_pending_full_polar_dae11_rescue
dae11,"root,mid1",400000.0,rough,8.25,1.3194290590049056,0.032604770425074245,-0.11340101145183766,True,ok,julia_xfoil,,prestall,seed_reference_pending_full_polar_dae11_rescue
dae11,"root,mid1",400000.0,rough,8.5,1.3332043216498695,0.0336615866929938,-0.11259023883391321,True,ok,julia_xfoil,,prestall,seed_reference_pending_full_polar_dae11_rescue
dae11,"root,mid1",400000.0,rough,8.75,1.346469792883346,0.034773100014355546,-0.11177089840418539,True,ok,julia_xfoil,,prestall,seed_reference_pending_full_polar_dae11_rescue
dae11,"root,mid1",400000.0,rough,9.0,1.3598755755620153,0.03586488099585885,-0.11095155476059837,True,ok,julia_xfoil,,prestall,seed_reference_pending_full_polar_dae11_rescue
dae11,"root,mid1",400000.0,rough,9.25,1.3731857554898972,0.036958349830482955,-0.11012458856273967,True,ok,julia_xfoil,,prestall,seed_reference_pending_full_polar_dae11_rescue
dae11,"root,mid1",400000.0,rough,9.5,1.3859439304427899,0.038083060052868024,-0.1092578213977457,True,ok,julia_xfoil,,prestall,seed_reference_pending_full_polar_dae11_rescue
dae11,"root,mid1",400000.0,rough,9.75,1.3973921096550068,0.03934409360464615,-0.10836002597388666,True,ok,julia_xfoil,,prestall,seed_reference_pending_full_polar_dae11_rescue
dae11,"root,mid1",400000.0,rough,10.0,1.4089630313775914,0.04060076559945792,-0.10748085295285184,True,ok,julia_xfoil,,prestall,seed_reference_pending_full_polar_dae11_rescue
dae11,"root,mid1",400000.0,rough,10.25,1.4211196551796248,0.041839219436744006,-0.10667103484748552,True,ok,julia_xfoil,,prestall,seed_reference_pending_full_polar_dae11_rescue
dae11,"root,mid1",400000.0,rough,10.5,1.4333954844136414,0.04309011687418604,-0.10589834599710045,True,ok,julia_xfoil,,prestall,seed_reference_pending_full_polar_dae11_rescue
dae11,"root,mid1",400000.0,rough,10.75,1.4454230008141984,0.04438986172938274,-0.10515001367018077,True,ok,julia_xfoil,,prestall,seed_reference_pending_full_polar_dae11_rescue
dae11,"root,mid1",400000.0,rough,11.0,1.456293431526258,0.045837268265589176,-0.10440499862042397,True,ok,julia_xfoil,,prestall,seed_reference_pending_full_polar_dae11_rescue
dae11,"root,mid1",400000.0,rough,11.25,1.4672583303086584,0.04725647071320233,-0.10365211651509043,True,ok,julia_xfoil,,prestall,seed_reference_pending_full_polar_dae11_rescue
dae11,"root,mid1",400000.0,rough,11.5,1.4784830351369438,0.04865371164902603,-0.10291818776840572,True,ok,julia_xfoil,,prestall,seed_reference_pending_full_polar_dae11_rescue
dae11,"root,mid1",400000.0,rough,11.75,1.4896825780234808,0.050069698975550865,-0.10220691820982,True,ok,julia_xfoil,,prestall,seed_reference_pending_full_polar_dae11_rescue
dae11,"root,mid1",400000.0,rough,12.0,1.5003700505378668,0.05155089523350248,-0.10150224164053753,True,ok,julia_xfoil,,prestall,seed_reference_pending_full_polar_dae11_rescue
dae11,"root,mid1",400000.0,rough,12.25,1.5097767311664105,0.05322177421516132,-0.10082393255071696,True,ok,julia_xfoil,,prestall,seed_reference_pending_full_polar_dae11_rescue
dae11,"root,mid1",400000.0,rough,12.5,1.5194528672284464,0.05485884602547852,-0.10015943789610708,True,ok,julia_xfoil,,prestall,seed_reference_pending_full_polar_dae11_rescue
dae11,"root,mid1",400000.0,rough,12.75,1.5292777042637185,0.05647163468519058,-0.09950374912116526,True,ok,julia_xfoil,,prestall,seed_reference_pending_full_polar_dae11_rescue
dae11,"root,mid1",400000.0,rough,13.0,1.5390498030596242,0.05810354698351378,-0.09887093258706454,True,ok,julia_xfoil,,prestall,seed_reference_pending_full_polar_dae11_rescue
dae11,"root,mid1",400000.0,rough,13.25,1.5479564338009053,0.059844153762469876,-0.09824607490590812,True,ok,julia_xfoil,,prestall,seed_reference_pending_full_polar_dae11_rescue
dae11,"root,mid1",400000.0,rough,13.5,1.5553126807147764,0.06176692134304338,-0.09761515557006635,True,ok,julia_xfoil,,prestall,seed_reference_pending_full_polar_dae11_rescue
dae11,"root,mid1",400000.0,rough,13.75,1.5633785209502484,0.06360471304978851,-0.09700637775493982,True,ok,julia_xfoil,,prestall,seed_reference_pending_full_polar_dae11_rescue
dae11,"root,mid1",400000.0,rough,14.0,1.5717792940707946,0.06542868868280007,-0.09643605540278696,True,ok,julia_xfoil,,prestall,seed_reference_pending_full_polar_dae11_rescue
dae11,"root,mid1",400000.0,rough,14.25,1.579807459663081,0.06730360917099991,-0.095883936075204,True,ok,julia_xfoil,,prestall,seed_reference_pending_full_polar_dae11_rescue
dae11,"root,mid1",400000.0,rough,14.5,1.5858959207665093,0.06945387268344548,-0.09536944475452624,True,ok,julia_xfoil,,prestall,seed_reference_pending_full_polar_dae11_rescue
dae11,"root,mid1",400000.0,rough,14.75,1.5922283947408473,0.07158241927784818,-0.09488309020859523,True,ok,julia_xfoil,,prestall,seed_reference_pending_full_polar_dae11_rescue
dae11,"root,mid1",400000.0,rough,15.0,1.5990339047398006,0.07365998188034213,-0.09442352152821687,True,ok,julia_xfoil,,prestall,seed_reference_pending_full_polar_dae11_rescue
dae11,"root,mid1",400000.0,rough,15.25,1.6053207623293828,0.07579592073975444,-0.09397433255289414,True,ok,julia_xfoil,,prestall,seed_reference_pending_full_polar_dae11_rescue
dae11,"root,mid1",400000.0,rough,15.5,1.6071010100723027,0.07852067015359274,-0.09354539684942347,True,ok,julia_xfoil,,prestall,seed_reference_pending_full_polar_dae11_rescue
dae11,"root,mid1",400000.0,rough,15.75,1.6048251215004607,0.08170816116944768,-0.09307856060443344,True,ok,julia_xfoil,,poststall,seed_reference_pending_full_polar_dae11_rescue
dae11,"root,mid1",400000.0,rough,16.0,1.6065043768317264,0.08441923881233192,-0.09270476283170585,True,ok,julia_xfoil,,poststall,seed_reference_pending_full_polar_dae11_rescue
dae11,"root,mid1",400000.0,rough,16.25,1.6043401340674899,0.08770167439781859,-0.09244015279134365,True,ok,julia_xfoil,,poststall,seed_reference_pending_full_polar_dae11_rescue
dae11,"root,mid1",400000.0,rough,16.5,1.6011687578471667,0.09114805331602333,-0.09224136505295377,True,ok,julia_xfoil,,poststall,seed_reference_pending_full_polar_dae11_rescue
dae11,"root,mid1",400000.0,rough,16.75,1.6005483571308168,0.09428867560761761,-0.09211320593112747,True,ok,julia_xfoil,,poststall,seed_reference_pending_full_polar_dae11_rescue
dae11,"root,mid1",400000.0,rough,17.0,1.598818134898641,0.09765523213035869,-0.09213881407472119,True,ok,julia_xfoil,,poststall,seed_reference_pending_full_polar_dae11_rescue
dae11,"root,mid1",400000.0,rough,17.25,1.5975995038283022,0.10093989235883168,-0.0921934974931651,True,ok,julia_xfoil,,poststall,seed_reference_pending_full_polar_dae11_rescue
dae11,"root,mid1",400000.0,rough,17.5,1.594925434367607,0.10444469653347174,-0.09234733792745864,True,ok,julia_xfoil,,poststall,seed_reference_pending_full_polar_dae11_rescue
dae11,"root,mid1",400000.0,rough,17.75,1.5897224485690005,0.10835649522917122,-0.09266683181067019,True,ok,julia_xfoil,,poststall,seed_reference_pending_full_polar_dae11_rescue
dae11,"root,mid1",400000.0,rough,18.0,1.5879969424160074,0.11175320298403278,-0.0929541632858598,True,ok,julia_xfoil,,poststall,seed_reference_pending_full_polar_dae11_rescue
dae11,"root,mid1",435930.330685,rough,-6.0,-0.04797099668247513,0.051348446605056816,-0.09515734497399428,True,ok,julia_xfoil,,prestall,seed_reference_pending_full_polar_dae11_rescue
dae11,"root,mid1",435930.330685,rough,-5.75,-0.020329168744196248,0.045234926997570396,-0.10335715276821635,True,ok,julia_xfoil,,prestall,seed_reference_pending_full_polar_dae11_rescue
dae11,"root,mid1",435930.330685,rough,-5.5,0.009417799346167443,0.03640857267883475,-0.11219102330551867,True,ok,julia_xfoil,,prestall,seed_reference_pending_full_polar_dae11_rescue
dae11,"root,mid1",435930.330685,rough,-5.25,0.036691017425271755,0.03220129379626294,-0.11555166060888747,True,ok,julia_xfoil,,prestall,seed_reference_pending_full_polar_dae11_rescue
dae11,"root,mid1",435930.330685,rough,-5.0,0.06462504407397517,0.02592705873844223,-0.11905589174652867,True,ok,julia_xfoil,,prestall,seed_reference_pending_full_polar_dae11_rescue
dae11,"root,mid1",435930.330685,rough,-4.75,0.09254416422133564,0.021751867117971845,-0.12070005083572827,True,ok,julia_xfoil,,prestall,seed_reference_pending_full_polar_dae11_rescue
dae11,"root,mid1",435930.330685,rough,-4.5,0.12047522185095635,0.01999702855028049,-0.12129944478181355,True,ok,julia_xfoil,,prestall,seed_reference_pending_full_polar_dae11_rescue
dae11,"root,mid1",435930.330685,rough,-4.25,0.14847302547846422,0.018838941655449352,-0.12167129424883144,True,ok,julia_xfoil,,prestall,seed_reference_pending_full_polar_dae11_rescue
dae11,"root,mid1",435930.330685,rough,-4.0,0.1765190330736678,0.017971470428321104,-0.12194267135590238,True,ok,julia_xfoil,,prestall,seed_reference_pending_full_polar_dae11_rescue
dae11,"root,mid1",435930.330685,rough,-3.75,0.20458957192430588,0.017293861246576944,-0.12215849585246591,True,ok,julia_xfoil,,prestall,seed_reference_pending_full_polar_dae11_rescue
dae11,"root,mid1",435930.330685,rough,-3.5,0.23267161600818675,0.016756919326131655,-0.1223423591241228,True,ok,julia_xfoil,,prestall,seed_reference_pending_full_polar_dae11_rescue
dae11,"root,mid1",435930.330685,rough,-3.25,0.2607555525178257,0.01634918552050757,-0.12250838719779254,True,ok,julia_xfoil,,prestall,seed_reference_pending_full_polar_dae11_rescue
dae11,"root,mid1",435930.330685,rough,-3.0,0.2888249202638784,0.016064952887376027,-0.12266385528970526,True,ok,julia_xfoil,,prestall,seed_reference_pending_full_polar_dae11_rescue
dae11,"root,mid1",435930.330685,rough,-2.75,0.3168384327193418,0.015640130317766527,-0.1228795890459735,True,ok,julia_xfoil,,prestall,seed_reference_pending_full_polar_dae11_rescue
dae11,"root,mid1",435930.330685,rough,-2.5,0.3448589742799218,0.015390817299134623,-0.1230909020695269,True,ok,julia_xfoil,,prestall,seed_reference_pending_full_polar_dae11_rescue
dae11,"root,mid1",435930.330685,rough,-2.25,0.3728717050516564,0.015253237720844862,-0.12327256703495755,True,ok,julia_xfoil,,prestall,seed_reference_pending_full_polar_dae11_rescue
dae11,"root,mid1",435930.330685,rough,-2.0,0.40088700599693833,0.015138742941393907,-0.12344346495137483,True,ok,julia_xfoil,,prestall,seed_reference_pending_full_polar_dae11_rescue
dae11,"root,mid1",435930.330685,rough,-1.75,0.4288230170979064,0.0150844423420463,-0.12360045799776363,True,ok,julia_xfoil,,prestall,seed_reference_pending_full_polar_dae11_rescue
dae11,"root,mid1",435930.330685,rough,-1.5,0.45677261918138234,0.014990145441952148,-0.1237796435709105,True,ok,julia_xfoil,,prestall,seed_reference_pending_full_polar_dae11_rescue
dae11,"root,mid1",435930.330685,rough,-1.25,0.4846878315443949,0.014913052171855222,-0.12396073043499604,True,ok,julia_xfoil,,prestall,seed_reference_pending_full_polar_dae11_rescue
dae11,"root,mid1",435930.330685,rough,-1.0,0.5125042141871818,0.014903766427409985,-0.1241017569564501,True,ok,julia_xfoil,,prestall,seed_reference_pending_full_polar_dae11_rescue
dae11,"root,mid1",435930.330685,rough,-0.75,0.5403020844344778,0.014869554867549426,-0.12426701784784022,True,ok,julia_xfoil,,prestall,seed_reference_pending_full_polar_dae11_rescue
dae11,"root,mid1",435930.330685,rough,-0.5,0.5679478106761977,0.014881544176641134,-0.12441914087882462,True,ok,julia_xfoil,,prestall,seed_reference_pending_full_polar_dae11_rescue
dae11,"root,mid1",435930.330685,rough,-0.25,0.5954263275994947,0.014979733209437253,-0.12449611447938333,True,ok,julia_xfoil,,prestall,seed_reference_pending_full_polar_dae11_rescue
dae11,"root,mid1",435930.330685,rough,0.0,0.6227266455837,0.01509723328995559,-0.12457120057395789,True,ok,julia_xfoil,,prestall,seed_reference_pending_full_polar_dae11_rescue
dae11,"root,mid1",435930.330685,rough,0.25,0.6498685614167861,0.015229066696167895,-0.12463766937332742,True,ok,julia_xfoil,,prestall,seed_reference_pending_full_polar_dae11_rescue
dae11,"root,mid1",435930.330685,rough,0.5,0.6768545814520487,0.015373287299906212,-0.12469349498217744,True,ok,julia_xfoil,,prestall,seed_reference_pending_full_polar_dae11_rescue
dae11,"root,mid1",435930.330685,rough,0.75,0.7036826912081601,0.015527935704147762,-0.12473831479858508,True,ok,julia_xfoil,,prestall,seed_reference_pending_full_polar_dae11_rescue
dae11,"root,mid1",435930.330685,rough,1.0,0.7303411681426143,0.015693185246912742,-0.12477001642391616,True,ok,julia_xfoil,,prestall,seed_reference_pending_full_polar_dae11_rescue
dae11,"root,mid1",435930.330685,rough,1.25,0.7568116159221525,0.015870018318057615,-0.12478624826608006,True,ok,julia_xfoil,,prestall,seed_reference_pending_full_polar_dae11_rescue
dae11,"root,mid1",435930.330685,rough,1.5,0.7830795292147464,0.01605851622338487,-0.12478537617360039,True,ok,julia_xfoil,,prestall,seed_reference_pending_full_polar_dae11_rescue
dae11,"root,mid1",435930.330685,rough,1.75,0.8091074208717561,0.01626072290100427,-0.12476434085856283,True,ok,julia_xfoil,,prestall,seed_reference_pending_full_polar_dae11_rescue
dae11,"root,mid1",435930.330685,rough,2.0,0.8348890994012769,0.01647571150609908,-0.1247221528045546,True,ok,julia_xfoil,,prestall,seed_reference_pending_full_polar_dae11_rescue
dae11,"root,mid1",435930.330685,rough,2.25,0.8603980961704851,0.016704676825561805,-0.12465595598150923,True,ok,julia_xfoil,,prestall,seed_reference_pending_full_polar_dae11_rescue
dae11,"root,mid1",435930.330685,rough,2.5,0.8856156254610277,0.016947633676885215,-0.12456364768733602,True,ok,julia_xfoil,,prestall,seed_reference_pending_full_polar_dae11_rescue
dae11,"root,mid1",435930.330685,rough,2.75,0.9105121341236417,0.01720530406831881,-0.12444322169798193,True,ok,julia_xfoil,,prestall,seed_reference_pending_full_polar_dae11_rescue
dae11,"root,mid1",435930.330685,rough,3.0,0.9350384243789219,0.017480248719803467,-0.12429089473828073,True,ok,julia_xfoil,,prestall,seed_reference_pending_full_polar_dae11_rescue
dae11,"root,mid1",435930.330685,rough,3.25,0.9591478669695365,0.017774763828420703,-0.12410247488329772,True,ok,julia_xfoil,,prestall,seed_reference_pending_full_polar_dae11_rescue
dae11,"root,mid1",435930.330685,rough,3.5,0.9827553128382258,0.018093807311416635,-0.12387164601735956,True,ok,julia_xfoil,,prestall,seed_reference_pending_full_polar_dae11_rescue
dae11,"root,mid1",435930.330685,rough,3.75,1.0057824819182524,0.018441299821220586,-0.12359463028147802,True,ok,julia_xfoil,,prestall,seed_reference_pending_full_polar_dae11_rescue
dae11,"root,mid1",435930.330685,rough,4.0,1.0281492247000827,0.018821782448539402,-0.12326976839227308,True,ok,julia_xfoil,,prestall,seed_reference_pending_full_polar_dae11_rescue
dae11,"root,mid1",435930.330685,rough,4.25,1.0484847002881572,0.019268284384933203,-0.12274763057451375,True,ok,julia_xfoil,,prestall,seed_reference_pending_full_polar_dae11_rescue
dae11,"root,mid1",435930.330685,rough,4.5,1.067071702734052,0.019809312686041306,-0.12211233845412084,True,ok,julia_xfoil,,prestall,seed_reference_pending_full_polar_dae11_rescue
dae11,"root,mid1",435930.330685,rough,4.75,1.0875516244964392,0.020397670957028703,-0.1218638342382303,True,ok,julia_xfoil,,prestall,seed_reference_pending_full_polar_dae11_rescue
dae11,"root,mid1",435930.330685,rough,5.0,1.1078499649417977,0.02101906545572716,-0.12161345154020368,True,ok,julia_xfoil,,prestall,seed_reference_pending_full_polar_dae11_rescue
dae11,"root,mid1",435930.330685,rough,5.25,1.1276736820733178,0.021675293685329628,-0.12132023861436474,True,ok,julia_xfoil,,prestall,seed_reference_pending_full_polar_dae11_rescue
dae11,"root,mid1",435930.330685,rough,5.5,1.1469220875130723,0.022361964538761273,-0.12095770049312626,True,ok,julia_xfoil,,prestall,seed_reference_pending_full_polar_dae11_rescue
dae11,"root,mid1",435930.330685,rough,5.75,1.1656728474256786,0.023082824188113443,-0.1205494990708471,True,ok,julia_xfoil,,prestall,seed_reference_pending_full_polar_dae11_rescue
dae11,"root,mid1",435930.330685,rough,6.0,1.1839648242826548,0.023827672530718495,-0.12008654607374768,True,ok,julia_xfoil,,prestall,seed_reference_pending_full_polar_dae11_rescue
dae11,"root,mid1",435930.330685,rough,6.25,1.2015638129077604,0.024619065348399215,-0.11956850281828849,True,ok,julia_xfoil,,prestall,seed_reference_pending_full_polar_dae11_rescue
dae11,"root,mid1",435930.330685,rough,6.5,1.2189578814947675,0.025414322150234602,-0.11900923992929296,True,ok,julia_xfoil,,prestall,seed_reference_pending_full_polar_dae11_rescue
dae11,"root,mid1",435930.330685,rough,6.75,1.235831415225728,0.026255008301635997,-0.11842399339773178,True,ok,julia_xfoil,,prestall,seed_reference_pending_full_polar_dae11_rescue
dae11,"root,mid1",435930.330685,rough,7.0,1.2521125298311733,0.027132550578798167,-0.11778965148828346,True,ok,julia_xfoil,,prestall,seed_reference_pending_full_polar_dae11_rescue
dae11,"root,mid1",435930.330685,rough,7.25,1.268195399651217,0.028006211870669696,-0.11711087962373239,True,ok,julia_xfoil,,prestall,seed_reference_pending_full_polar_dae11_rescue
dae11,"root,mid1",435930.330685,rough,7.5,1.2839834144709057,0.028902693135104154,-0.11641209716518537,True,ok,julia_xfoil,,prestall,seed_reference_pending_full_polar_dae11_rescue
dae11,"root,mid1",435930.330685,rough,7.75,1.2989403274057303,0.029883658834830892,-0.11569275524735934,True,ok,julia_xfoil,,prestall,seed_reference_pending_full_polar_dae11_rescue
dae11,"root,mid1",435930.330685,rough,8.0,1.3138001010368219,0.030861902040646025,-0.1149525730327538,True,ok,julia_xfoil,,prestall,seed_reference_pending_full_polar_dae11_rescue
dae11,"root,mid1",435930.330685,rough,8.25,1.3283571415113526,0.031839356776348963,-0.11416215873405697,True,ok,julia_xfoil,,prestall,seed_reference_pending_full_polar_dae11_rescue
dae11,"root,mid1",435930.330685,rough,8.5,1.342542688624778,0.032844992312332046,-0.11334992744186352,True,ok,julia_xfoil,,prestall,seed_reference_pending_full_polar_dae11_rescue
dae11,"root,mid1",435930.330685,rough,8.75,1.3557062478317965,0.033961725836949265,-0.11252054888317446,True,ok,julia_xfoil,,prestall,seed_reference_pending_full_polar_dae11_rescue
dae11,"root,mid1",435930.330685,rough,9.0,1.368892390995325,0.035074128880355,-0.1116917418071013,True,ok,julia_xfoil,,prestall,seed_reference_pending_full_polar_dae11_rescue
dae11,"root,mid1",435930.330685,rough,9.25,1.3821486902554827,0.03617235737214819,-0.110860342670714,True,ok,julia_xfoil,,prestall,seed_reference_pending_full_polar_dae11_rescue
dae11,"root,mid1",435930.330685,rough,9.5,1.3951810405132097,0.03727932683857396,-0.11001180651326284,True,ok,julia_xfoil,,prestall,seed_reference_pending_full_polar_dae11_rescue
dae11,"root,mid1",435930.330685,rough,9.75,1.407257545636481,0.03846660537789167,-0.10912116524830796,True,ok,julia_xfoil,,prestall,seed_reference_pending_full_polar_dae11_rescue
dae11,"root,mid1",435930.330685,rough,10.0,1.4185600329659642,0.03974243334862989,-0.10822381508898148,True,ok,julia_xfoil,,prestall,seed_reference_pending_full_polar_dae11_rescue
dae11,"root,mid1",435930.330685,rough,10.25,1.4304654557097976,0.040981072174186034,-0.10737780504364493,True,ok,julia_xfoil,,prestall,seed_reference_pending_full_polar_dae11_rescue
dae11,"root,mid1",435930.330685,rough,10.5,1.442799220768952,0.04221501276775044,-0.10659392580552901,True,ok,julia_xfoil,,prestall,seed_reference_pending_full_polar_dae11_rescue
dae11,"root,mid1",435930.330685,rough,10.75,1.4551135305306482,0.04347155081815962,-0.10583859171846667,True,ok,julia_xfoil,,prestall,seed_reference_pending_full_polar_dae11_rescue
dae11,"root,mid1",435930.330685,rough,11.0,1.4664359872593948,0.0448530763374785,-0.10508458231523234,True,ok,julia_xfoil,,prestall,seed_reference_pending_full_polar_dae11_rescue
dae11,"root,mid1",435930.330685,rough,11.25,1.4771273992559077,0.04631538301714527,-0.1043346496862746,True,ok,julia_xfoil,,prestall,seed_reference_pending_full_polar_dae11_rescue
dae11,"root,mid1",435930.330685,rough,11.5,1.4880539726580815,0.047729344175863476,-0.10357552103130586,True,ok,julia_xfoil,,prestall,seed_reference_pending_full_polar_dae11_rescue
dae11,"root,mid1",435930.330685,rough,11.75,1.4991943118196658,0.049141205293576344,-0.10284871534088304,True,ok,julia_xfoil,,prestall,seed_reference_pending_full_polar_dae11_rescue
dae11,"root,mid1",435930.330685,rough,12.0,1.510100828180117,0.05058488651188013,-0.10213228451182783,True,ok,julia_xfoil,,prestall,seed_reference_pending_full_polar_dae11_rescue
dae11,"root,mid1",435930.330685,rough,12.25,1.5199022506327171,0.05218785246365632,-0.10143660533483644,True,ok,julia_xfoil,,prestall,seed_reference_pending_full_polar_dae11_rescue
dae11,"root,mid1",435930.330685,rough,12.5,1.5293015444879792,0.053859972264702946,-0.10076674997515855,True,ok,julia_xfoil,,prestall,seed_reference_pending_full_polar_dae11_rescue
dae11,"root,mid1",435930.330685,rough,12.75,1.5391569106384313,0.05546924085693949,-0.10010883835799035,True,ok,julia_xfoil,,prestall,seed_reference_pending_full_polar_dae11_rescue
dae11,"root,mid1",435930.330685,rough,13.0,1.5490627864098327,0.05707505153639271,-0.09946656531804342,True,ok,julia_xfoil,,prestall,seed_reference_pending_full_polar_dae11_rescue
dae11,"root,mid1",435930.330685,rough,13.25,1.5587744222056703,0.05871795582083934,-0.09884636250492637,True,ok,julia_xfoil,,prestall,seed_reference_pending_full_polar_dae11_rescue
dae11,"root,mid1",435930.330685,rough,13.5,1.5665534572721471,0.06058895928798546,-0.09821350002877824,True,ok,julia_xfoil,,prestall,seed_reference_pending_full_polar_dae11_rescue
dae11,"root,mid1",435930.330685,rough,13.75,1.5741545459876232,0.062470359082864906,-0.09758328121840987,True,ok,julia_xfoil,,prestall,seed_reference_pending_full_polar_dae11_rescue
dae11,"root,mid1",435930.330685,rough,14.0,1.5824352682639264,0.06429205904009262,-0.09699179114606785,True,ok,julia_xfoil,,prestall,seed_reference_pending_full_polar_dae11_rescue
dae11,"root,mid1",435930.330685,rough,14.25,1.5905440047779225,0.06614374347729735,-0.09642043001902349,True,ok,julia_xfoil,,prestall,seed_reference_pending_full_polar_dae11_rescue
dae11,"root,mid1",435930.330685,rough,14.5,1.5975036723850722,0.06815442387607273,-0.0958718913427894,True,ok,julia_xfoil,,prestall,seed_reference_pending_full_polar_dae11_rescue
dae11,"root,mid1",435930.330685,rough,14.75,1.6030192800938625,0.07036928804835171,-0.0953553938897048,True,ok,julia_xfoil,,prestall,seed_reference_pending_full_polar_dae11_rescue
dae11,"root,mid1",435930.330685,rough,15.0,1.6095780768916919,0.07247152008580604,-0.09487643335533923,True,ok,julia_xfoil,,prestall,seed_reference_pending_full_polar_dae11_rescue
dae11,"root,mid1",435930.330685,rough,15.25,1.6150993626896089,0.07468444725859623,-0.09439010941441617,True,ok,julia_xfoil,,prestall,seed_reference_pending_full_polar_dae11_rescue
dae11,"root,mid1",435930.330685,rough,15.5,1.612680553584037,0.07787366209154961,-0.09384993868721232,True,ok,julia_xfoil,,poststall,seed_reference_pending_full_polar_dae11_rescue
dae11,"root,mid1",435930.330685,rough,15.75,1.6137996860637585,0.0806563067793415,-0.09343003697956415,True,ok,julia_xfoil,,poststall,seed_reference_pending_full_polar_dae11_rescue
dae11,"root,mid1",435930.330685,rough,16.0,1.6136789558456772,0.08356580749316783,-0.09300988630046712,True,ok,julia_xfoil,,poststall,seed_reference_pending_full_polar_dae11_rescue
dae11,"root,mid1",435930.330685,rough,16.25,1.6100267508244186,0.08700766174137858,-0.0926946077093509,True,ok,julia_xfoil,,poststall,seed_reference_pending_full_polar_dae11_rescue
dae11,"root,mid1",435930.330685,rough,16.5,1.6088688016956716,0.09019327756910162,-0.0924843144524638,True,ok,julia_xfoil,,poststall,seed_reference_pending_full_polar_dae11_rescue
dae11,"root,mid1",435930.330685,rough,16.75,1.609915252725015,0.09309562991054862,-0.09232951122209215,True,ok,julia_xfoil,,poststall,seed_reference_pending_full_polar_dae11_rescue
dae11,"root,mid1",435930.330685,rough,17.0,1.607885732636354,0.09647029104890734,-0.09230630350245243,True,ok,julia_xfoil,,poststall,seed_reference_pending_full_polar_dae11_rescue
dae11,"root,mid1",435930.330685,rough,17.25,1.605083899816295,0.09996651991610087,-0.0923576148163185,True,ok,julia_xfoil,,poststall,seed_reference_pending_full_polar_dae11_rescue
dae11,"root,mid1",435930.330685,rough,17.5,1.6022199716081345,0.10348059018824927,-0.09246920694747408,True,ok,julia_xfoil,,poststall,seed_reference_pending_full_polar_dae11_rescue
dae11,"root,mid1",435930.330685,rough,17.75,1.5992375466146063,0.10709529340691124,-0.09274600543976862,True,ok,julia_xfoil,,poststall,seed_reference_pending_full_polar_dae11_rescue
dae11,"root,mid1",435930.330685,rough,18.0,1.598243871758582,0.11036977918333016,-0.09299784091882214,True,ok,julia_xfoil,,poststall,seed_reference_pending_full_polar_dae11_rescue
dae11,"root,mid1",439056.30948805,rough,-6.0,-0.047561819958280446,0.05070980702514864,-0.09598331701833607,True,ok,julia_xfoil,,prestall,seed_reference_pending_full_polar_dae11_rescue
dae11,"root,mid1",439056.30948805,rough,-5.75,-0.019685294462740557,0.04434362972525213,-0.10432863308798462,True,ok,julia_xfoil,,prestall,seed_reference_pending_full_polar_dae11_rescue
dae11,"root,mid1",439056.30948805,rough,-5.5,0.00971024946184055,0.035699030517233304,-0.11270494768350761,True,ok,julia_xfoil,,prestall,seed_reference_pending_full_polar_dae11_rescue
dae11,"root,mid1",439056.30948805,rough,-5.25,0.03685419583554266,0.03174070371926939,-0.11581453677600717,True,ok,julia_xfoil,,prestall,seed_reference_pending_full_polar_dae11_rescue
dae11,"root,mid1",439056.30948805,rough,-5.0,0.06471823857904073,0.02552521570027326,-0.11921064513188542,True,ok,julia_xfoil,,prestall,seed_reference_pending_full_polar_dae11_rescue
dae11,"root,mid1",439056.30948805,rough,-4.75,0.09260952957534664,0.02159165743606398,-0.12073938162297952,True,ok,julia_xfoil,,prestall,seed_reference_pending_full_polar_dae11_rescue
dae11,"root,mid1",439056.30948805,rough,-4.5,0.12052943535364051,0.0199043071194042,-0.12131658464065899,True,ok,julia_xfoil,,prestall,seed_reference_pending_full_polar_dae11_rescue
dae11,"root,mid1",439056.30948805,rough,-4.25,0.1485279110207334,0.018767783951688703,-0.12168248492319486,True,ok,julia_xfoil,,prestall,seed_reference_pending_full_polar_dae11_rescue
dae11,"root,mid1",439056.30948805,rough,-4.0,0.17657559547606827,0.017914045699207314,-0.12195145333184589,True,ok,julia_xfoil,,prestall,seed_reference_pending_full_polar_dae11_rescue
dae11,"root,mid1",439056.30948805,rough,-3.75,0.2046502566212536,0.01724521774279202,-0.12216658168755547,True,ok,julia_xfoil,,prestall,seed_reference_pending_full_polar_dae11_rescue
dae11,"root,mid1",439056.30948805,rough,-3.5,0.23273541796565933,0.016713975900562998,-0.1223507164841992,True,ok,julia_xfoil,,prestall,seed_reference_pending_full_polar_dae11_rescue
dae11,"root,mid1",439056.30948805,rough,-3.25,0.26082398971611376,0.016308398339507625,-0.12251737377561549,True,ok,julia_xfoil,,prestall,seed_reference_pending_full_polar_dae11_rescue
dae11,"root,mid1",439056.30948805,rough,-3.0,0.2888947570002931,0.016025160544729286,-0.12267363972842371,True,ok,julia_xfoil,,prestall,seed_reference_pending_full_polar_dae11_rescue
dae11,"root,mid1",439056.30948805,rough,-2.75,0.3169180562457893,0.015619821010400594,-0.12288406752153398,True,ok,julia_xfoil,,prestall,seed_reference_pending_full_polar_dae11_rescue
dae11,"root,mid1",439056.30948805,rough,-2.5,0.34494612472458946,0.015358896031551442,-0.12309901205051121,True,ok,julia_xfoil,,prestall,seed_reference_pending_full_polar_dae11_rescue
dae11,"root,mid1",439056.30948805,rough,-2.25,0.37296672881993925,0.015221464126492536,-0.12328176133367605,True,ok,julia_xfoil,,prestall,seed_reference_pending_full_polar_dae11_rescue
dae11,"root,mid1",439056.30948805,rough,-2.0,0.4009861687259543,0.015108628256978094,-0.12345346728348458,True,ok,julia_xfoil,,prestall,seed_reference_pending_full_polar_dae11_rescue
dae11,"root,mid1",439056.30948805,rough,-1.75,0.42892965150762224,0.015053552340938664,-0.12361153272599461,True,ok,julia_xfoil,,prestall,seed_reference_pending_full_polar_dae11_rescue
dae11,"root,mid1",439056.30948805,rough,-1.5,0.4568724298506176,0.01496780517391162,-0.12378745808645533,True,ok,julia_xfoil,,prestall,seed_reference_pending_full_polar_dae11_rescue
dae11,"root,mid1",439056.30948805,rough,-1.25,0.48479800157291675,0.01488699646601086,-0.1239707824701314,True,ok,julia_xfoil,,prestall,seed_reference_pending_full_polar_dae11_rescue
dae11,"root,mid1",439056.30948805,rough,-1.0,0.5126201847060883,0.01487750368465018,-0.12411302082495398,True,ok,julia_xfoil,,prestall,seed_reference_pending_full_polar_dae11_rescue
dae11,"root,mid1",439056.30948805,rough,-0.75,0.5404245787562542,0.014844443627307963,-0.12427797677025516,True,ok,julia_xfoil,,prestall,seed_reference_pending_full_polar_dae11_rescue
dae11,"root,mid1",439056.30948805,rough,-0.5,0.5680756802441003,0.014855781198570403,-0.12443178519475079,True,ok,julia_xfoil,,prestall,seed_reference_pending_full_polar_dae11_rescue
dae11,"root,mid1",439056.30948805,rough,-0.25,0.5955615254779297,0.014953808975833968,-0.12450956244326948,True,ok,julia_xfoil,,prestall,seed_reference_pending_full_polar_dae11_rescue
dae11,"root,mid1",439056.30948805,rough,0.0,0.6228644719085775,0.015071805320559002,-0.12458493898631995,True,ok,julia_xfoil,,prestall,seed_reference_pending_full_polar_dae11_rescue
dae11,"root,mid1",439056.30948805,rough,0.25,0.6500146461704045,0.015203223766852347,-0.12465249355105187,True,ok,julia_xfoil,,prestall,seed_reference_pending_full_polar_dae11_rescue
dae11,"root,mid1",439056.30948805,rough,0.5,0.6770092908313287,0.01534715543148632,-0.12470930639780814,True,ok,julia_xfoil,,prestall,seed_reference_pending_full_polar_dae11_rescue
dae11,"root,mid1",439056.30948805,rough,0.75,0.703850373339139,0.015501099234791314,-0.1247551572507691,True,ok,julia_xfoil,,prestall,seed_reference_pending_full_polar_dae11_rescue
dae11,"root,mid1",439056.30948805,rough,1.0,0.7305192537240914,0.01566593471074073,-0.12478801268038275,True,ok,julia_xfoil,,prestall,seed_reference_pending_full_polar_dae11_rescue
dae11,"root,mid1",439056.30948805,rough,1.25,0.7570012808274033,0.01584215344096976,-0.12480565991383127,True,ok,julia_xfoil,,prestall,seed_reference_pending_full_polar_dae11_rescue
dae11,"root,mid1",439056.30948805,rough,1.5,0.7832770371199755,0.01603062531905522,-0.12480569031227663,True,ok,julia_xfoil,,prestall,seed_reference_pending_full_polar_dae11_rescue
dae11,"root,mid1",439056.30948805,rough,1.75,0.8093149476229153,0.016232626903859813,-0.1247856311825671,True,ok,julia_xfoil,,prestall,seed_reference_pending_full_polar_dae11_rescue
dae11,"root,mid1",439056.30948805,rough,2.0,0.8351105200968884,0.016447022673657715,-0.12474493780170899,True,ok,julia_xfoil,,prestall,seed_reference_pending_full_polar_dae11_rescue
dae11,"root,mid1",439056.30948805,rough,2.25,0.8606351861287743,0.016675206768007003,-0.1246805303864992,True,ok,julia_xfoil,,prestall,seed_reference_pending_full_polar_dae11_rescue
dae11,"root,mid1",439056.30948805,rough,2.5,0.8858770482759253,0.016916713594501576,-0.12459049697671713,True,ok,julia_xfoil,,prestall,seed_reference_pending_full_polar_dae11_rescue
dae11,"root,mid1",439056.30948805,rough,2.75,0.9107926799298578,0.017173576414487322,-0.12447182318419174,True,ok,julia_xfoil,,prestall,seed_reference_pending_full_polar_dae11_rescue
dae11,"root,mid1",439056.30948805,rough,3.0,0.9353427030751141,0.017447371677792714,-0.12432176360660284,True,ok,julia_xfoil,,prestall,seed_reference_pending_full_polar_dae11_rescue
dae11,"root,mid1",439056.30948805,rough,3.25,0.9594773674124947,0.01774061987648878,-0.12413585540234108,True,ok,julia_xfoil,,prestall,seed_reference_pending_full_polar_dae11_rescue
dae11,"root,mid1",439056.30948805,rough,3.5,0.983098436121026,0.018059468101221585,-0.12390617947869649,True,ok,julia_xfoil,,prestall,seed_reference_pending_full_polar_dae11_rescue
dae11,"root,mid1",439056.30948805,rough,3.75,1.0061556321391076,0.018405530411304976,-0.12363149342124333,True,ok,julia_xfoil,,prestall,seed_reference_pending_full_polar_dae11_rescue
dae11,"root,mid1",439056.30948805,rough,4.0,1.0285575488289436,0.01878412699964243,-0.12330903392057227,True,ok,julia_xfoil,,prestall,seed_reference_pending_full_polar_dae11_rescue
dae11,"root,mid1",439056.30948805,rough,4.25,1.0490542434847006,0.019225913026667093,-0.12280453723511177,True,ok,julia_xfoil,,prestall,seed_reference_pending_full_polar_dae11_rescue
dae11,"root,mid1",439056.30948805,rough,4.5,1.0675912324783128,0.01976275124728251,-0.12215432732813204,True,ok,julia_xfoil,,prestall,seed_reference_pending_full_polar_dae11_rescue
dae11,"root,mid1",439056.30948805,rough,4.75,1.0880551169492703,0.020348858805796344,-0.12190078269534046,True,ok,julia_xfoil,,prestall,seed_reference_pending_full_polar_dae11_rescue
dae11,"root,mid1",439056.30948805,rough,5.0,1.1083710594711023,0.020968595148401558,-0.12165179249535867,True,ok,julia_xfoil,,prestall,seed_reference_pending_full_polar_dae11_rescue
dae11,"root,mid1",439056.30948805,rough,5.25,1.128219166514044,0.0216240436267443,-0.12136284260940151,True,ok,julia_xfoil,,prestall,seed_reference_pending_full_polar_dae11_rescue
dae11,"root,mid1",439056.30948805,rough,5.5,1.1474918438311081,0.022308818737325698,-0.12100228473845202,True,ok,julia_xfoil,,prestall,seed_reference_pending_full_polar_dae11_rescue
dae11,"root,mid1",439056.30948805,rough,5.75,1.1662363708846746,0.0230309254357543,-0.1205955559451912,True,ok,julia_xfoil,,prestall,seed_reference_pending_full_polar_dae11_rescue
dae11,"root,mid1",439056.30948805,rough,6.0,1.1845598285267833,0.023773615113122062,-0.12013500680499144,True,ok,julia_xfoil,,prestall,seed_reference_pending_full_polar_dae11_rescue
dae11,"root,mid1",439056.30948805,rough,6.25,1.2021730078770514,0.024564552536781394,-0.11961936059708607,True,ok,julia_xfoil,,prestall,seed_reference_pending_full_polar_dae11_rescue
dae11,"root,mid1",439056.30948805,rough,6.5,1.2195748454993716,0.02535964803937457,-0.11906204842507837,True,ok,julia_xfoil,,prestall,seed_reference_pending_full_polar_dae11_rescue
dae11,"root,mid1",439056.30948805,rough,6.75,1.2365027542571039,0.026195156956479608,-0.11847893249819971,True,ok,julia_xfoil,,prestall,seed_reference_pending_full_polar_dae11_rescue
dae11,"root,mid1",439056.30948805,rough,7.0,1.2527999411096875,0.02707276163454801,-0.11784768673144058,True,ok,julia_xfoil,,prestall,seed_reference_pending_full_polar_dae11_rescue
dae11,"root,mid1",439056.30948805,rough,7.25,1.268886889992985,0.02794643780638427,-0.11717005486019016,True,ok,julia_xfoil,,prestall,seed_reference_pending_full_polar_dae11_rescue
dae11,"root,mid1",439056.30948805,rough,7.5,1.2847046190720384,0.028839707345521645,-0.11647215628039055,True,ok,julia_xfoil,,prestall,seed_reference_pending_full_polar_dae11_rescue
dae11,"root,mid1",439056.30948805,rough,7.75,1.2996783995804584,0.029819073822856666,-0.1157535927945357,True,ok,julia_xfoil,,prestall,seed_reference_pending_full_polar_dae11_rescue
dae11,"root,mid1",439056.30948805,rough,8.0,1.314536063673259,0.030798387014590155,-0.11501467404421906,True,ok,julia_xfoil,,prestall,seed_reference_pending_full_polar_dae11_rescue
dae11,"root,mid1",439056.30948805,rough,8.25,1.3290724939207397,0.03177812199714401,-0.11422334594171994,True,ok,julia_xfoil,,prestall,seed_reference_pending_full_polar_dae11_rescue
dae11,"root,mid1",439056.30948805,rough,8.5,1.3432852110212414,0.03278051644754925,-0.1134113605731801,True,ok,julia_xfoil,,prestall,seed_reference_pending_full_polar_dae11_rescue
dae11,"root,mid1",439056.30948805,rough,8.75,1.3564681984095326,0.03389481097702848,-0.11258217357964943,True,ok,julia_xfoil,,prestall,seed_reference_pending_full_polar_dae11_rescue
dae11,"root,mid1",439056.30948805,rough,9.0,1.369636416945716,0.035008964191991114,-0.1117527782882348,True,ok,julia_xfoil,,prestall,seed_reference_pending_full_polar_dae11_rescue
dae11,"root,mid1",439056.30948805,rough,9.25,1.3828962023701354,0.03610688769386136,-0.11092136536536329,True,ok,julia_xfoil,,prestall,seed_reference_pending_full_polar_dae11_rescue
dae11,"root,mid1",439056.30948805,rough,9.5,1.395968697774082,0.037210959296566586,-0.11007552678028971,True,ok,julia_xfoil,,prestall,seed_reference_pending_full_polar_dae11_rescue
dae11,"root,mid1",439056.30948805,rough,9.75,1.4081133599137552,0.03839073660505921,-0.10918640604282068,True,ok,julia_xfoil,,prestall,seed_reference_pending_full_polar_dae11_rescue
dae11,"root,mid1",439056.30948805,rough,10.0,1.4193889811080005,0.039668491041712356,-0.1082872164221738,True,ok,julia_xfoil,,prestall,seed_reference_pending_full_polar_dae11_rescue
dae11,"root,mid1",439056.30948805,rough,10.25,1.4312632079563754,0.040908504780108275,-0.10743808587114435,True,ok,julia_xfoil,,prestall,seed_reference_pending_full_polar_dae11_rescue
dae11,"root,mid1",439056.30948805,rough,10.5,1.4435868230228723,0.042142091728708746,-0.10665215877629546,True,ok,julia_xfoil,,prestall,seed_reference_pending_full_polar_dae11_rescue
dae11,"root,mid1",439056.30948805,rough,10.75,1.4559046817046688,0.043397184933687584,-0.10589568751977606,True,ok,julia_xfoil,,prestall,seed_reference_pending_full_polar_dae11_rescue
dae11,"root,mid1",439056.30948805,rough,11.0,1.4672554993423885,0.0447733121354218,-0.10513938100627233,True,ok,julia_xfoil,,prestall,seed_reference_pending_full_polar_dae11_rescue
dae11,"root,mid1",439056.30948805,rough,11.25,1.4779306428068872,0.04623865730981073,-0.10439010574694729,True,ok,julia_xfoil,,prestall,seed_reference_pending_full_polar_dae11_rescue
dae11,"root,mid1",439056.30948805,rough,11.5,1.4888347770927894,0.04765419590319477,-0.10362931861478869,True,ok,julia_xfoil,,prestall,seed_reference_pending_full_polar_dae11_rescue
dae11,"root,mid1",439056.30948805,rough,11.75,1.499974031177707,0.04906541435176827,-0.1029015657485872,True,ok,julia_xfoil,,prestall,seed_reference_pending_full_polar_dae11_rescue
dae11,"root,mid1",439056.30948805,rough,12.0,1.5108969973742334,0.05050644274220532,-0.102184646689247,True,ok,julia_xfoil,,prestall,seed_reference_pending_full_polar_dae11_rescue
dae11,"root,mid1",439056.30948805,rough,12.25,1.5207591336962858,0.05209995352911045,-0.10148741660645062,True,ok,julia_xfoil,,prestall,seed_reference_pending_full_polar_dae11_rescue
dae11,"root,mid1",439056.30948805,rough,12.5,1.5301572083145825,0.05377219528552184,-0.10081719421347389,True,ok,julia_xfoil,,prestall,seed_reference_pending_full_polar_dae11_rescue
dae11,"root,mid1",439056.30948805,rough,12.75,1.5399986164884951,0.05538283495414923,-0.10015834501824887,True,ok,julia_xfoil,,prestall,seed_reference_pending_full_polar_dae11_rescue
dae11,"root,mid1",439056.30948805,rough,13.0,1.5499030312335869,0.05698773238305975,-0.09951474651543554,True,ok,julia_xfoil,,prestall,seed_reference_pending_full_polar_dae11_rescue
dae11,"root,mid1",439056.30948805,rough,13.25,1.5596338369957714,0.05862799513622786,-0.09889419110756499,True,ok,julia_xfoil,,prestall,seed_reference_pending_full_polar_dae11_rescue
dae11,"root,mid1",439056.30948805,rough,13.5,1.5675099467867881,0.06048864175891111,-0.09826375240487142,True,ok,julia_xfoil,,prestall,seed_reference_pending_full_polar_dae11_rescue
dae11,"root,mid1",439056.30948805,rough,13.75,1.5750639959898722,0.062375113996985705,-0.09763180716471534,True,ok,julia_xfoil,,prestall,seed_reference_pending_full_polar_dae11_rescue
dae11,"root,mid1",439056.30948805,rough,14.0,1.5833229895894705,0.0641976748245754,-0.09703814420679015,True,ok,julia_xfoil,,prestall,seed_reference_pending_full_polar_dae11_rescue
dae11,"root,mid1",439056.30948805,rough,14.25,1.5914060365684264,0.06605107413592892,-0.09646437425907747,True,ok,julia_xfoil,,prestall,seed_reference_pending_full_polar_dae11_rescue
dae11,"root,mid1",439056.30948805,rough,14.5,1.5984613658891373,0.06804748700944299,-0.09591370118643516,True,ok,julia_xfoil,,prestall,seed_reference_pending_full_polar_dae11_rescue
dae11,"root,mid1",439056.30948805,rough,14.75,1.6039311532779919,0.07026724182194856,-0.09539533309135416,True,ok,julia_xfoil,,prestall,seed_reference_pending_full_polar_dae11_rescue
dae11,"root,mid1",439056.30948805,rough,15.0,1.6104612288333913,0.07237254163281899,-0.09491482964483516,True,ok,julia_xfoil,,prestall,seed_reference_pending_full_polar_dae11_rescue
dae11,"root,mid1",439056.30948805,rough,15.25,1.6155019770812342,0.07464014668955549,-0.09441782728379325,True,ok,julia_xfoil,,prestall,seed_reference_pending_full_polar_dae11_rescue
dae11,"root,mid1",439056.30948805,rough,15.5,1.6133221180193018,0.07779876974803757,-0.09387740337660329,True,ok,julia_xfoil,,poststall,seed_reference_pending_full_polar_dae11_rescue
dae11,"root,mid1",439056.30948805,rough,15.75,1.6144894328652517,0.08057672162645858,-0.09345991230659972,True,ok,julia_xfoil,,poststall,seed_reference_pending_full_polar_dae11_rescue
dae11,"root,mid1",439056.30948805,rough,16.0,1.614178006040811,0.08350801678573225,-0.09303534660229348,True,ok,julia_xfoil,,poststall,seed_reference_pending_full_polar_dae11_rescue
dae11,"root,mid1",439056.30948805,rough,16.25,1.6105084650683554,0.08695025974389338,-0.09271666557050617,True,ok,julia_xfoil,,poststall,seed_reference_pending_full_polar_dae11_rescue
dae11,"root,mid1",439056.30948805,rough,16.5,1.6096945010535613,0.09008913371171577,-0.09250437653236927,True,ok,julia_xfoil,,poststall,seed_reference_pending_full_polar_dae11_rescue
dae11,"root,mid1",439056.30948805,rough,16.75,1.6106642616353795,0.09300043842191738,-0.09234741083475635,True,ok,julia_xfoil,,poststall,seed_reference_pending_full_polar_dae11_rescue
dae11,"root,mid1",439056.30948805,rough,17.0,1.608604075844967,0.09637642686180502,-0.0923202559990558,True,ok,julia_xfoil,,poststall,seed_reference_pending_full_polar_dae11_rescue
dae11,"root,mid1",439056.30948805,rough,17.25,1.6056395716613658,0.09989478454282454,-0.09237146176470862,True,ok,julia_xfoil,,poststall,seed_reference_pending_full_polar_dae11_rescue
dae11,"root,mid1",439056.30948805,rough,17.5,1.60282716838387,0.1034015377792439,-0.0924794184985999,True,ok,julia_xfoil,,poststall,seed_reference_pending_full_polar_dae11_rescue
dae11,"root,mid1",439056.30948805,rough,17.75,1.600139372873623,0.10697412255733782,-0.09275062770063643,True,ok,julia_xfoil,,poststall,seed_reference_pending_full_polar_dae11_rescue
dae11,"root,mid1",439056.30948805,rough,18.0,1.599087046645576,0.11025546012446225,-0.09300085834190094,True,ok,julia_xfoil,,poststall,seed_reference_pending_full_polar_dae11_rescue
dae11,"root,mid1",469514.093593,rough,-6.0,-0.044131609151731886,0.04512489431756547,-0.10252138243195263,True,ok,julia_xfoil,,prestall,seed_reference_pending_full_polar_dae11_rescue
dae11,"root,mid1",469514.093593,rough,-5.75,-0.015551004802668444,0.03173510728206055,-0.11459412825317715,True,ok,julia_xfoil,,prestall,seed_reference_pending_full_polar_dae11_rescue
dae11,"root,mid1",469514.093593,rough,-5.5,0.011000371332767711,0.02924457868821597,-0.11663930925608841,True,ok,julia_xfoil,,prestall,seed_reference_pending_full_polar_dae11_rescue
dae11,"root,mid1",469514.093593,rough,-5.25,0.03793483573517536,0.0266106007225418,-0.11838323623512584,True,ok,julia_xfoil,,prestall,seed_reference_pending_full_polar_dae11_rescue
dae11,"root,mid1",469514.093593,rough,-5.0,0.06536264947203803,0.022311219357846277,-0.1202822800058761,True,ok,julia_xfoil,,prestall,seed_reference_pending_full_polar_dae11_rescue
dae11,"root,mid1",469514.093593,rough,-4.75,0.09310424490960481,0.02027238704491956,-0.12102900670598428,True,ok,julia_xfoil,,prestall,seed_reference_pending_full_polar_dae11_rescue
dae11,"root,mid1",469514.093593,rough,-4.5,0.12103055663131285,0.019002649390291167,-0.12146798833709344,True,ok,julia_xfoil,,prestall,seed_reference_pending_full_polar_dae11_rescue
dae11,"root,mid1",469514.093593,rough,-4.25,0.1490475329659395,0.01808077526811748,-0.12178168901256016,True,ok,julia_xfoil,,prestall,seed_reference_pending_full_polar_dae11_rescue
dae11,"root,mid1",469514.093593,rough,-4.0,0.17711279101232247,0.017364513352019998,-0.12202950462957009,True,ok,julia_xfoil,,prestall,seed_reference_pending_full_polar_dae11_rescue
dae11,"root,mid1",469514.093593,rough,-3.75,0.20520099038990078,0.016789596921872766,-0.122238975039657,True,ok,julia_xfoil,,prestall,seed_reference_pending_full_polar_dae11_rescue
dae11,"root,mid1",469514.093593,rough,-3.5,0.2333089055405545,0.016319412799385476,-0.12242549861187253,True,ok,julia_xfoil,,prestall,seed_reference_pending_full_polar_dae11_rescue
dae11,"root,mid1",469514.093593,rough,-3.25,0.26143086451579334,0.01594274413036295,-0.12259826163666279,True,ok,julia_xfoil,,prestall,seed_reference_pending_full_polar_dae11_rescue
dae11,"root,mid1",469514.093593,rough,-3.0,0.2895566719044009,0.01566465586664311,-0.12276269374215243,True,ok,julia_xfoil,,prestall,seed_reference_pending_full_polar_dae11_rescue
dae11,"root,mid1",469514.093593,rough,-2.75,0.31765790115888515,0.015472111168265969,-0.12292328352229553,True,ok,julia_xfoil,,prestall,seed_reference_pending_full_polar_dae11_rescue
dae11,"root,mid1",469514.093593,rough,-2.5,0.34576165911779866,0.015081889413797855,-0.12316933416933906,True,ok,julia_xfoil,,prestall,seed_reference_pending_full_polar_dae11_rescue
dae11,"root,mid1",469514.093593,rough,-2.25,0.3738311310901532,0.014932142142932639,-0.12336490242556376,True,ok,julia_xfoil,,prestall,seed_reference_pending_full_polar_dae11_rescue
dae11,"root,mid1",469514.093593,rough,-2.0,0.4018782434891858,0.014834316782899372,-0.12354334204321189,True,ok,julia_xfoil,,prestall,seed_reference_pending_full_polar_dae11_rescue
dae11,"root,mid1",469514.093593,rough,-1.75,0.4298766541901949,0.014777316337244502,-0.12370901445780405,True,ok,julia_xfoil,,prestall,seed_reference_pending_full_polar_dae11_rescue
dae11,"root,mid1",469514.093593,rough,-1.5,0.4577872191875946,0.014771631140894737,-0.12385689988277591,True,ok,julia_xfoil,,prestall,seed_reference_pending_full_polar_dae11_rescue
dae11,"root,mid1",469514.093593,rough,-1.25,0.48583240784607257,0.014644992304169598,-0.12406298390013974,True,ok,julia_xfoil,,prestall,seed_reference_pending_full_polar_dae11_rescue
dae11,"root,mid1",469514.093593,rough,-1.0,0.5137082217326185,0.014632458253167658,-0.12421703842066333,True,ok,julia_xfoil,,prestall,seed_reference_pending_full_polar_dae11_rescue
dae11,"root,mid1",469514.093593,rough,-0.75,0.541537164411229,0.014615135461915701,-0.12437711332999507,True,ok,julia_xfoil,,prestall,seed_reference_pending_full_polar_dae11_rescue
dae11,"root,mid1",469514.093593,rough,-0.5,0.5692226445701022,0.014631959952554414,-0.12453369140958258,True,ok,julia_xfoil,,prestall,seed_reference_pending_full_polar_dae11_rescue
dae11,"root,mid1",469514.093593,rough,-0.25,0.5967636472034092,0.01471931528786293,-0.12463009768932462,True,ok,julia_xfoil,,prestall,seed_reference_pending_full_polar_dae11_rescue
dae11,"root,mid1",469514.093593,rough,0.0,0.6241446960939997,0.014834712953686841,-0.12471279820672249,True,ok,julia_xfoil,,prestall,seed_reference_pending_full_polar_dae11_rescue
dae11,"root,mid1",469514.093593,rough,0.25,0.65137947315347,0.014962546907162748,-0.1247889774780456,True,ok,julia_xfoil,,prestall,seed_reference_pending_full_polar_dae11_rescue
dae11,"root,mid1",469514.093593,rough,0.5,0.6784661817868919,0.015101475364166915,-0.12485629971540375,True,ok,julia_xfoil,,prestall,seed_reference_pending_full_polar_dae11_rescue
dae11,"root,mid1",469514.093593,rough,0.75,0.7053879345714571,0.015252827482125727,-0.12491121239951475,True,ok,julia_xfoil,,prestall,seed_reference_pending_full_polar_dae11_rescue
dae11,"root,mid1",469514.093593,rough,1.0,0.7321332717948575,0.015416330924406689,-0.1249520294297777,True,ok,julia_xfoil,,prestall,seed_reference_pending_full_polar_dae11_rescue
dae11,"root,mid1",469514.093593,rough,1.25,0.7586983854857279,0.01559036897915401,-0.12497901381791278,True,ok,julia_xfoil,,prestall,seed_reference_pending_full_polar_dae11_rescue
dae11,"root,mid1",469514.093593,rough,1.5,0.7850713399306037,0.015774975393635298,-0.12499055995021442,True,ok,julia_xfoil,,prestall,seed_reference_pending_full_polar_dae11_rescue
dae11,"root,mid1",469514.093593,rough,1.75,0.8112431785224339,0.01597012558424032,-0.12498455803833278,True,ok,julia_xfoil,,prestall,seed_reference_pending_full_polar_dae11_rescue
dae11,"root,mid1",469514.093593,rough,2.0,0.8371839204911593,0.01617756897356392,-0.12495804581656732,True,ok,julia_xfoil,,prestall,seed_reference_pending_full_polar_dae11_rescue
dae11,"root,mid1",469514.093593,rough,2.25,0.8628736843465863,0.01639737536822435,-0.1249099177650849,True,ok,julia_xfoil,,prestall,seed_reference_pending_full_polar_dae11_rescue
dae11,"root,mid1",469514.093593,rough,2.5,0.8882762511521861,0.016631340230791877,-0.12483691470917062,True,ok,julia_xfoil,,prestall,seed_reference_pending_full_polar_dae11_rescue
dae11,"root,mid1",469514.093593,rough,2.75,0.9133460562674275,0.01688207972516356,-0.12473421473680187,True,ok,julia_xfoil,,prestall,seed_reference_pending_full_polar_dae11_rescue
dae11,"root,mid1",469514.093593,rough,3.0,0.9380608592760621,0.017149822488374895,-0.12459968227480166,True,ok,julia_xfoil,,prestall,seed_reference_pending_full_polar_dae11_rescue
dae11,"root,mid1",469514.093593,rough,3.25,0.9623767320059662,0.017436109185209325,-0.12443041784113046,True,ok,julia_xfoil,,prestall,seed_reference_pending_full_polar_dae11_rescue
dae11,"root,mid1",469514.093593,rough,3.5,0.9862513941908785,0.017742315597609255,-0.12422408643131208,True,ok,julia_xfoil,,prestall,seed_reference_pending_full_polar_dae11_rescue
dae11,"root,mid1",469514.093593,rough,3.75,1.009616261521,0.01807217816671389,-0.12397594001043329,True,ok,julia_xfoil,,prestall,seed_reference_pending_full_polar_dae11_rescue
dae11,"root,mid1",469514.093593,rough,4.0,1.0323784191707195,0.018431435647791174,-0.12368060655756366,True,ok,julia_xfoil,,prestall,seed_reference_pending_full_polar_dae11_rescue
dae11,"root,mid1",469514.093593,rough,4.25,1.0541916994721852,0.01883319712074329,-0.12331344127072813,True,ok,julia_xfoil,,prestall,seed_reference_pending_full_polar_dae11_rescue
dae11,"root,mid1",469514.093593,rough,4.5,1.0728938066776637,0.019328651420144866,-0.12261839710515421,True,ok,julia_xfoil,,prestall,seed_reference_pending_full_polar_dae11_rescue
dae11,"root,mid1",469514.093593,rough,4.75,1.0926902502495066,0.019898592268784116,-0.12223640167828927,True,ok,julia_xfoil,,prestall,seed_reference_pending_full_polar_dae11_rescue
dae11,"root,mid1",469514.093593,rough,5.0,1.1131203175241555,0.02050897462526069,-0.12200421751450628,True,ok,julia_xfoil,,prestall,seed_reference_pending_full_polar_dae11_rescue
dae11,"root,mid1",469514.093593,rough,5.25,1.1331377139875671,0.021157181805451494,-0.12174095807671405,True,ok,julia_xfoil,,prestall,seed_reference_pending_full_polar_dae11_rescue
dae11,"root,mid1",469514.093593,rough,5.5,1.1526062246369382,0.021829485770931727,-0.12140150138343735,True,ok,julia_xfoil,,prestall,seed_reference_pending_full_polar_dae11_rescue
dae11,"root,mid1",469514.093593,rough,5.75,1.1715070510861756,0.022544340738503112,-0.12101993727829553,True,ok,julia_xfoil,,prestall,seed_reference_pending_full_polar_dae11_rescue
dae11,"root,mid1",469514.093593,rough,6.0,1.1901294409946823,0.023267744511405036,-0.1205890342902484,True,ok,julia_xfoil,,prestall,seed_reference_pending_full_polar_dae11_rescue
dae11,"root,mid1",469514.093593,rough,6.25,1.2080069954410153,0.024041900915125796,-0.12009905601380924,True,ok,julia_xfoil,,prestall,seed_reference_pending_full_polar_dae11_rescue
dae11,"root,mid1",469514.093593,rough,6.5,1.2255142224835818,0.02483358827806829,-0.11956151980559977,True,ok,julia_xfoil,,prestall,seed_reference_pending_full_polar_dae11_rescue
dae11,"root,mid1",469514.093593,rough,6.75,1.242773058090594,0.02563663318839579,-0.11899088636979253,True,ok,julia_xfoil,,prestall,seed_reference_pending_full_polar_dae11_rescue
dae11,"root,mid1",469514.093593,rough,7.0,1.2592704083147233,0.026508485579354323,-0.11838973050762618,True,ok,julia_xfoil,,prestall,seed_reference_pending_full_polar_dae11_rescue
dae11,"root,mid1",469514.093593,rough,7.25,1.2753311973971984,0.02738989903230304,-0.11772164845660406,True,ok,julia_xfoil,,prestall,seed_reference_pending_full_polar_dae11_rescue
dae11,"root,mid1",469514.093593,rough,7.5,1.2912170149466808,0.028274667151159692,-0.11702355594063389,True,ok,julia_xfoil,,prestall,seed_reference_pending_full_polar_dae11_rescue
dae11,"root,mid1",469514.093593,rough,7.75,1.306437620327423,0.029226133441868522,-0.11630734114964068,True,ok,julia_xfoil,,prestall,seed_reference_pending_full_polar_dae11_rescue
dae11,"root,mid1",469514.093593,rough,8.0,1.3211605237756237,0.030222344033093235,-0.11557062752562869,True,ok,julia_xfoil,,prestall,seed_reference_pending_full_polar_dae11_rescue
dae11,"root,mid1",469514.093593,rough,8.25,1.3358044180122621,0.031203144111972805,-0.11479962086670757,True,ok,julia_xfoil,,prestall,seed_reference_pending_full_polar_dae11_rescue
dae11,"root,mid1",469514.093593,rough,8.5,1.3501715163499082,0.032188286397706135,-0.11399097393554085,True,ok,julia_xfoil,,prestall,seed_reference_pending_full_polar_dae11_rescue
dae11,"root,mid1",469514.093593,rough,8.75,1.3638068336779048,0.0332509139606871,-0.11316805100109346,True,ok,julia_xfoil,,prestall,seed_reference_pending_full_polar_dae11_rescue
dae11,"root,mid1",469514.093593,rough,9.0,1.3768566824668227,0.03437671459876665,-0.11233606712113087,True,ok,julia_xfoil,,prestall,seed_reference_pending_full_polar_dae11_rescue
dae11,"root,mid1",469514.093593,rough,9.25,1.3901304863580892,0.035474097314181184,-0.11150718773478276,True,ok,julia_xfoil,,prestall,seed_reference_pending_full_polar_dae11_rescue
dae11,"root,mid1",469514.093593,rough,9.5,1.40333704044684,0.03657039101217889,-0.11067139593502669,True,ok,julia_xfoil,,prestall,seed_reference_pending_full_polar_dae11_rescue
dae11,"root,mid1",469514.093593,rough,9.75,1.4160204254691935,0.037695070916447415,-0.10979717531438737,True,ok,julia_xfoil,,prestall,seed_reference_pending_full_polar_dae11_rescue
dae11,"root,mid1",469514.093593,rough,10.0,1.4272514703273234,0.03896846696582951,-0.10888489478198428,True,ok,julia_xfoil,,prestall,seed_reference_pending_full_polar_dae11_rescue
dae11,"root,mid1",469514.093593,rough,10.25,1.4386870275402737,0.040234255003448634,-0.10799915400066436,True,ok,julia_xfoil,,prestall,seed_reference_pending_full_polar_dae11_rescue
dae11,"root,mid1",469514.093593,rough,10.5,1.4508215554955022,0.04147453848508448,-0.10719141425627009,True,ok,julia_xfoil,,prestall,seed_reference_pending_full_polar_dae11_rescue
dae11,"root,mid1",469514.093593,rough,10.75,1.4630613052292565,0.042725780483429114,-0.10641706547317259,True,ok,julia_xfoil,,prestall,seed_reference_pending_full_polar_dae11_rescue
dae11,"root,mid1",469514.093593,rough,11.0,1.4749374943846674,0.04403212899091008,-0.10565800325020126,True,ok,julia_xfoil,,prestall,seed_reference_pending_full_polar_dae11_rescue
dae11,"root,mid1",469514.093593,rough,11.25,1.485553274029472,0.045506685666574266,-0.10490803596852213,True,ok,julia_xfoil,,prestall,seed_reference_pending_full_polar_dae11_rescue
dae11,"root,mid1",469514.093593,rough,11.5,1.4963125546612777,0.046938639121721956,-0.10414366771986447,True,ok,julia_xfoil,,prestall,seed_reference_pending_full_polar_dae11_rescue
dae11,"root,mid1",469514.093593,rough,11.75,1.5074748349745986,0.048337846271252115,-0.10340665186571533,True,ok,julia_xfoil,,prestall,seed_reference_pending_full_polar_dae11_rescue
dae11,"root,mid1",469514.093593,rough,12.0,1.5185388964305544,0.04975514321233658,-0.1026829523802485,True,ok,julia_xfoil,,prestall,seed_reference_pending_full_polar_dae11_rescue
dae11,"root,mid1",469514.093593,rough,12.25,1.5290799496434488,0.051245996969243604,-0.10197289048894961,True,ok,julia_xfoil,,prestall,seed_reference_pending_full_polar_dae11_rescue
dae11,"root,mid1",469514.093593,rough,12.5,1.5383109802889858,0.05293520537417385,-0.10129385820901136,True,ok,julia_xfoil,,prestall,seed_reference_pending_full_polar_dae11_rescue
dae11,"root,mid1",469514.093593,rough,12.75,1.5479546890092368,0.054567339575060776,-0.10062663205765456,True,ok,julia_xfoil,,prestall,seed_reference_pending_full_polar_dae11_rescue
dae11,"root,mid1",469514.093593,rough,13.0,1.5577964278793053,0.05616931994167733,-0.09996940488332585,True,ok,julia_xfoil,,prestall,seed_reference_pending_full_polar_dae11_rescue
dae11,"root,mid1",469514.093593,rough,13.25,1.5676465769539136,0.05779122503822033,-0.09934194495220532,True,ok,julia_xfoil,,prestall,seed_reference_pending_full_polar_dae11_rescue
dae11,"root,mid1",469514.093593,rough,13.5,1.576370696446612,0.05954675924211541,-0.09871253233369992,True,ok,julia_xfoil,,prestall,seed_reference_pending_full_polar_dae11_rescue
dae11,"root,mid1",469514.093593,rough,13.75,1.583437834152836,0.06149152818697298,-0.09806991561458389,True,ok,julia_xfoil,,prestall,seed_reference_pending_full_polar_dae11_rescue
dae11,"root,mid1",469514.093593,rough,14.0,1.591367480682525,0.06333890728534117,-0.09745591076635339,True,ok,julia_xfoil,,prestall,seed_reference_pending_full_polar_dae11_rescue
dae11,"root,mid1",469514.093593,rough,14.25,1.5995290508258357,0.06517575935392797,-0.09687264907060776,True,ok,julia_xfoil,,prestall,seed_reference_pending_full_polar_dae11_rescue
dae11,"root,mid1",469514.093593,rough,14.5,1.6072468958589152,0.06707381734861262,-0.09630759769995513,True,ok,julia_xfoil,,prestall,seed_reference_pending_full_polar_dae11_rescue
dae11,"root,mid1",469514.093593,rough,14.75,1.6126969991036302,0.06928897536428434,-0.09577520896058436,True,ok,julia_xfoil,,prestall,seed_reference_pending_full_polar_dae11_rescue
dae11,"root,mid1",469514.093593,rough,15.0,1.6188577375997464,0.07142951836256456,-0.0952756880416236,True,ok,julia_xfoil,,prestall,seed_reference_pending_full_polar_dae11_rescue
dae11,"root,mid1",469514.093593,rough,15.25,1.6195419774740052,0.07418434201054161,-0.09466638698958459,True,ok,julia_xfoil,,prestall,seed_reference_pending_full_polar_dae11_rescue
dae11,"root,mid1",469514.093593,rough,15.5,1.6209548212702731,0.07689616237551918,-0.09416172971208246,True,ok,julia_xfoil,,prestall,seed_reference_pending_full_polar_dae11_rescue
dae11,"root,mid1",469514.093593,rough,15.75,1.6201744945916376,0.07992115814998108,-0.09372209297342733,True,ok,julia_xfoil,,poststall,seed_reference_pending_full_polar_dae11_rescue
dae11,"root,mid1",469514.093593,rough,16.0,1.6184514225009636,0.08301539034016818,-0.09326439063604854,True,ok,julia_xfoil,,poststall,seed_reference_pending_full_polar_dae11_rescue
dae11,"root,mid1",469514.093593,rough,16.25,1.6171889598847269,0.08612758172663533,-0.09291960618915379,True,ok,julia_xfoil,,poststall,seed_reference_pending_full_polar_dae11_rescue
dae11,"root,mid1",469514.093593,rough,16.5,1.6172212931844614,0.08915430513897173,-0.09270985970239762,True,ok,julia_xfoil,,poststall,seed_reference_pending_full_polar_dae11_rescue
dae11,"root,mid1",469514.093593,rough,16.75,1.6174109902270766,0.0921566407480875,-0.09253079075560432,True,ok,julia_xfoil,,poststall,seed_reference_pending_full_polar_dae11_rescue
dae11,"root,mid1",469514.093593,rough,17.0,1.6148015541015004,0.09557612418619404,-0.09246124860206396,True,ok,julia_xfoil,,poststall,seed_reference_pending_full_polar_dae11_rescue
dae11,"root,mid1",469514.093593,rough,17.25,1.6110289756858411,0.09920734921311974,-0.09250537987119395,True,ok,julia_xfoil,,poststall,seed_reference_pending_full_polar_dae11_rescue
dae11,"root,mid1",469514.093593,rough,17.5,1.610636040679008,0.1023725184266402,-0.09256649578020375,True,ok,julia_xfoil,,poststall,seed_reference_pending_full_polar_dae11_rescue
dae11,"root,mid1",469514.093593,rough,17.75,1.6088394388611664,0.10579169699617523,-0.09278170652653693,True,ok,julia_xfoil,,poststall,seed_reference_pending_full_polar_dae11_rescue
dae11,"root,mid1",469514.093593,rough,18.0,1.6066577608153372,0.109235750912007,-0.09304343576506731,True,ok,julia_xfoil,,poststall,seed_reference_pending_full_polar_dae11_rescue
dae11,"root,mid1",500000.0,rough,-6.0,-0.04225716123979914,0.042942181370438724,-0.10442287037121048,True,ok,julia_xfoil,,prestall,seed_reference_pending_full_polar_dae11_rescue
dae11,"root,mid1",500000.0,rough,-5.75,-0.015875984145627648,0.026446902608148186,-0.11757508002946764,True,ok,julia_xfoil,,prestall,seed_reference_pending_full_polar_dae11_rescue
dae11,"root,mid1",500000.0,rough,-5.5,0.011026316753479828,0.024962358844842197,-0.11867927713242009,True,ok,julia_xfoil,,prestall,seed_reference_pending_full_polar_dae11_rescue
dae11,"root,mid1",500000.0,rough,-5.25,0.0381904518157079,0.022740075600906868,-0.11984615706565807,True,ok,julia_xfoil,,prestall,seed_reference_pending_full_polar_dae11_rescue
dae11,"root,mid1",500000.0,rough,-5.0,0.0657069565447541,0.020427329981825827,-0.1207440435989069,True,ok,julia_xfoil,,prestall,seed_reference_pending_full_polar_dae11_rescue
dae11,"root,mid1",500000.0,rough,-4.75,0.09351793564029924,0.019110791782135938,-0.1212351883054947,True,ok,julia_xfoil,,prestall,seed_reference_pending_full_polar_dae11_rescue
dae11,"root,mid1",500000.0,rough,-4.5,0.12146547715357689,0.018168828378743025,-0.12158463218658194,True,ok,julia_xfoil,,prestall,seed_reference_pending_full_polar_dae11_rescue
dae11,"root,mid1",500000.0,rough,-4.25,0.14949378207149241,0.01743998237787356,-0.12186110194458587,True,ok,julia_xfoil,,prestall,seed_reference_pending_full_polar_dae11_rescue
dae11,"root,mid1",500000.0,rough,-4.0,0.17757484991326278,0.016850940138665345,-0.12209497263741587,True,ok,julia_xfoil,,prestall,seed_reference_pending_full_polar_dae11_rescue
dae11,"root,mid1",500000.0,rough,-3.75,0.20569523592474287,0.016363619117751863,-0.12230210569963146,True,ok,julia_xfoil,,prestall,seed_reference_pending_full_polar_dae11_rescue
dae11,"root,mid1",500000.0,rough,-3.5,0.2338426671746252,0.01595325857785508,-0.12249171369797357,True,ok,julia_xfoil,,prestall,seed_reference_pending_full_polar_dae11_rescue
dae11,"root,mid1",500000.0,rough,-3.25,0.26200316989155026,0.015611748348171188,-0.12267065906799142,True,ok,julia_xfoil,,prestall,seed_reference_pending_full_polar_dae11_rescue
dae11,"root,mid1",500000.0,rough,-3.0,0.2901644194592696,0.015347845022982554,-0.12284196798453342,True,ok,julia_xfoil,,prestall,seed_reference_pending_full_polar_dae11_rescue
dae11,"root,mid1",500000.0,rough,-2.75,0.3183084737400395,0.015159642741419024,-0.1230092557460061,True,ok,julia_xfoil,,prestall,seed_reference_pending_full_polar_dae11_rescue
dae11,"root,mid1",500000.0,rough,-2.5,0.3464547596676785,0.014883119208376443,-0.12322099197078398,True,ok,julia_xfoil,,prestall,seed_reference_pending_full_polar_dae11_rescue
dae11,"root,mid1",500000.0,rough,-2.25,0.3746057722511167,0.014679287790853156,-0.1234369778860753,True,ok,julia_xfoil,,prestall,seed_reference_pending_full_polar_dae11_rescue
dae11,"root,mid1",500000.0,rough,-2.0,0.40270158883756657,0.014584980690800631,-0.12362301398485506,True,ok,julia_xfoil,,prestall,seed_reference_pending_full_polar_dae11_rescue
dae11,"root,mid1",500000.0,rough,-1.75,0.4307550219119144,0.014526898268360787,-0.12379581261546566,True,ok,julia_xfoil,,prestall,seed_reference_pending_full_polar_dae11_rescue
dae11,"root,mid1",500000.0,rough,-1.5,0.45871002136865846,0.014518470361947236,-0.12395220299919991,True,ok,julia_xfoil,,prestall,seed_reference_pending_full_polar_dae11_rescue
dae11,"root,mid1",500000.0,rough,-1.25,0.4867514174050209,0.014429713403966243,-0.12414394720453885,True,ok,julia_xfoil,,prestall,seed_reference_pending_full_polar_dae11_rescue
dae11,"root,mid1",500000.0,rough,-1.0,0.5146604546529909,0.014414752546925343,-0.12430780141029651,True,ok,julia_xfoil,,prestall,seed_reference_pending_full_polar_dae11_rescue
dae11,"root,mid1",500000.0,rough,-0.75,0.5425284604375844,0.014410485301403134,-0.12446377688402589,True,ok,julia_xfoil,,prestall,seed_reference_pending_full_polar_dae11_rescue
dae11,"root,mid1",500000.0,rough,-0.5,0.5702675308659808,0.014428347434227657,-0.1246252299238061,True,ok,julia_xfoil,,prestall,seed_reference_pending_full_polar_dae11_rescue
dae11,"root,mid1",500000.0,rough,-0.25,0.5978808608519579,0.014501868877096476,-0.12474021116066952,True,ok,julia_xfoil,,prestall,seed_reference_pending_full_polar_dae11_rescue
dae11,"root,mid1",500000.0,rough,0.0,0.6253165670132589,0.014615789012447805,-0.12483009046590511,True,ok,julia_xfoil,,prestall,seed_reference_pending_full_polar_dae11_rescue
dae11,"root,mid1",500000.0,rough,0.25,0.6526030850613287,0.014743661880650625,-0.12491201628829159,True,ok,julia_xfoil,,prestall,seed_reference_pending_full_polar_dae11_rescue
dae11,"root,mid1",500000.0,rough,0.5,0.6797456888885585,0.014882363212394967,-0.12498519129989229,True,ok,julia_xfoil,,prestall,seed_reference_pending_full_polar_dae11_rescue
dae11,"root,mid1",500000.0,rough,0.75,0.7067407435759383,0.015030737447975917,-0.12504891342992835,True,ok,julia_xfoil,,prestall,seed_reference_pending_full_polar_dae11_rescue
dae11,"root,mid1",500000.0,rough,1.0,0.7335836871907515,0.015188660424640928,-0.1251007443258739,True,ok,julia_xfoil,,prestall,seed_reference_pending_full_polar_dae11_rescue
dae11,"root,mid1",500000.0,rough,1.25,0.7602527921542195,0.015357687681178853,-0.1251381964348663,True,ok,julia_xfoil,,prestall,seed_reference_pending_full_polar_dae11_rescue
dae11,"root,mid1",500000.0,rough,1.5,0.7867381922896481,0.015536986196549071,-0.12516067432814054,True,ok,julia_xfoil,,prestall,seed_reference_pending_full_polar_dae11_rescue
dae11,"root,mid1",500000.0,rough,1.75,0.8130125969705564,0.01572790494347043,-0.1251659484702621,True,ok,julia_xfoil,,prestall,seed_reference_pending_full_polar_dae11_rescue
dae11,"root,mid1",500000.0,rough,2.0,0.8390529867060317,0.015931591983744386,-0.1251509513645596,True,ok,julia_xfoil,,prestall,seed_reference_pending_full_polar_dae11_rescue
dae11,"root,mid1",500000.0,rough,2.25,0.8648461072939362,0.016148056139010256,-0.12511408236189495,True,ok,julia_xfoil,,prestall,seed_reference_pending_full_polar_dae11_rescue
dae11,"root,mid1",500000.0,rough,2.5,0.8903677122578016,0.0163779330880112,-0.1250529770445105,True,ok,julia_xfoil,,prestall,seed_reference_pending_full_polar_dae11_rescue
dae11,"root,mid1",500000.0,rough,2.75,0.9156026296788337,0.016620740325422198,-0.12496648016210782,True,ok,julia_xfoil,,prestall,seed_reference_pending_full_polar_dae11_rescue
dae11,"root,mid1",500000.0,rough,3.0,0.9405114613693052,0.016878318475720612,-0.12485144502289333,True,ok,julia_xfoil,,prestall,seed_reference_pending_full_polar_dae11_rescue
dae11,"root,mid1",500000.0,rough,3.25,0.9650500519785308,0.01715292524397008,-0.12470364686012411,True,ok,julia_xfoil,,prestall,seed_reference_pending_full_polar_dae11_rescue
dae11,"root,mid1",500000.0,rough,3.5,0.9891632584745318,0.017447453200550234,-0.124518456824304,True,ok,julia_xfoil,,prestall,seed_reference_pending_full_polar_dae11_rescue
dae11,"root,mid1",500000.0,rough,3.75,1.0127792580378387,0.01776543331943751,-0.12429139153954824,True,ok,julia_xfoil,,prestall,seed_reference_pending_full_polar_dae11_rescue
dae11,"root,mid1",500000.0,rough,4.0,1.035799027514983,0.0181125183098435,-0.12401664036066941,True,ok,julia_xfoil,,prestall,seed_reference_pending_full_polar_dae11_rescue
dae11,"root,mid1",500000.0,rough,4.25,1.0581433687231188,0.01849348392814697,-0.12369333343782275,True,ok,julia_xfoil,,prestall,seed_reference_pending_full_polar_dae11_rescue
dae11,"root,mid1",500000.0,rough,4.5,1.078028714900983,0.018948386334219434,-0.12311612538521831,True,ok,julia_xfoil,,prestall,seed_reference_pending_full_polar_dae11_rescue
dae11,"root,mid1",500000.0,rough,4.75,1.0968700661229946,0.01949871008470755,-0.12254423748658466,True,ok,julia_xfoil,,prestall,seed_reference_pending_full_polar_dae11_rescue
dae11,"root,mid1",500000.0,rough,5.0,1.1174251848173875,0.0200933322871752,-0.12232179115664173,True,ok,julia_xfoil,,prestall,seed_reference_pending_full_polar_dae11_rescue
dae11,"root,mid1",500000.0,rough,5.25,1.137674588155437,0.020720479927778025,-0.12207544737609449,True,ok,julia_xfoil,,prestall,seed_reference_pending_full_polar_dae11_rescue
dae11,"root,mid1",500000.0,rough,5.5,1.1574095555343922,0.021381880462391773,-0.12177780484093541,True,ok,julia_xfoil,,prestall,seed_reference_pending_full_polar_dae11_rescue
dae11,"root,mid1",500000.0,rough,5.75,1.1765716404191613,0.02207533041705939,-0.12141403253489551,True,ok,julia_xfoil,,prestall,seed_reference_pending_full_polar_dae11_rescue
dae11,"root,mid1",500000.0,rough,6.0,1.195300104708829,0.02279766781403478,-0.12100802328780587,True,ok,julia_xfoil,,prestall,seed_reference_pending_full_polar_dae11_rescue
dae11,"root,mid1",500000.0,rough,6.25,1.2135129745027882,0.023546808262112074,-0.12054132553769191,True,ok,julia_xfoil,,prestall,seed_reference_pending_full_polar_dae11_rescue
dae11,"root,mid1",500000.0,rough,6.5,1.2310165508966997,0.024344927782163947,-0.12001879120492916,True,ok,julia_xfoil,,prestall,seed_reference_pending_full_polar_dae11_rescue
dae11,"root,mid1",500000.0,rough,6.75,1.2483440605996476,0.025143686579343908,-0.11945679398216903,True,ok,julia_xfoil,,prestall,seed_reference_pending_full_polar_dae11_rescue
dae11,"root,mid1",500000.0,rough,7.0,1.2650931502660776,0.025994340768143595,-0.1188676792443077,True,ok,julia_xfoil,,prestall,seed_reference_pending_full_polar_dae11_rescue
dae11,"root,mid1",500000.0,rough,7.25,1.2811895106175466,0.026883146367282864,-0.11821986620255258,True,ok,julia_xfoil,,prestall,seed_reference_pending_full_polar_dae11_rescue
dae11,"root,mid1",500000.0,rough,7.5,1.2971376489374253,0.02776409077208283,-0.11753073730551605,True,ok,julia_xfoil,,prestall,seed_reference_pending_full_polar_dae11_rescue
dae11,"root,mid1",500000.0,rough,7.75,1.3127755435396438,0.028671028770428948,-0.11682474081898715,True,ok,julia_xfoil,,prestall,seed_reference_pending_full_polar_dae11_rescue
dae11,"root,mid1",500000.0,rough,8.0,1.3275528625290103,0.02966537188813109,-0.1160970560978981,True,ok,julia_xfoil,,prestall,seed_reference_pending_full_polar_dae11_rescue
dae11,"root,mid1",500000.0,rough,8.25,1.3422921957101093,0.030648663721422564,-0.1153465558401494,True,ok,julia_xfoil,,prestall,seed_reference_pending_full_polar_dae11_rescue
dae11,"root,mid1",500000.0,rough,8.5,1.3567542720355221,0.031627346242286,-0.1145461351919355,True,ok,julia_xfoil,,prestall,seed_reference_pending_full_polar_dae11_rescue
dae11,"root,mid1",500000.0,rough,8.75,1.3708232012813535,0.032639115420788206,-0.11372799229678897,True,ok,julia_xfoil,,prestall,seed_reference_pending_full_polar_dae11_rescue
dae11,"root,mid1",500000.0,rough,9.0,1.383825648659094,0.03376720330729151,-0.11289221866845407,True,ok,julia_xfoil,,prestall,seed_reference_pending_full_polar_dae11_rescue
dae11,"root,mid1",500000.0,rough,9.25,1.3968984620595255,0.03488337769461655,-0.11205374616947045,True,ok,julia_xfoil,,prestall,seed_reference_pending_full_polar_dae11_rescue
dae11,"root,mid1",500000.0,rough,9.5,1.4100447804770482,0.035984292665286265,-0.11121204074863872,True,ok,julia_xfoil,,prestall,seed_reference_pending_full_polar_dae11_rescue
dae11,"root,mid1",500000.0,rough,9.75,1.4229079222556749,0.037098079249182826,-0.11034949835930698,True,ok,julia_xfoil,,prestall,seed_reference_pending_full_polar_dae11_rescue
dae11,"root,mid1",500000.0,rough,10.0,1.4345556204223417,0.03831946911257475,-0.10943786461642184,True,ok,julia_xfoil,,prestall,seed_reference_pending_full_polar_dae11_rescue
dae11,"root,mid1",500000.0,rough,10.25,1.4456324592485268,0.03960952355640723,-0.10852643292796998,True,ok,julia_xfoil,,prestall,seed_reference_pending_full_polar_dae11_rescue
dae11,"root,mid1",500000.0,rough,10.5,1.4575591983558318,0.04085534171197031,-0.10769404941640928,True,ok,julia_xfoil,,prestall,seed_reference_pending_full_polar_dae11_rescue
dae11,"root,mid1",500000.0,rough,10.75,1.4698262261057615,0.042094019747841036,-0.10690937092670434,True,ok,julia_xfoil,,prestall,seed_reference_pending_full_polar_dae11_rescue
dae11,"root,mid1",500000.0,rough,11.0,1.4820474583587575,0.04335780824486064,-0.10615271888458243,True,ok,julia_xfoil,,prestall,seed_reference_pending_full_polar_dae11_rescue
dae11,"root,mid1",500000.0,rough,11.25,1.493043948598443,0.044778173130181495,-0.10539825989037561,True,ok,julia_xfoil,,prestall,seed_reference_pending_full_polar_dae11_rescue
dae11,"root,mid1",500000.0,rough,11.5,1.5036619381760266,0.046238769528077685,-0.10464198973294853,True,ok,julia_xfoil,,prestall,seed_reference_pending_full_polar_dae11_rescue
dae11,"root,mid1",500000.0,rough,11.75,1.5146794795424217,0.04764245332180405,-0.10388942950219009,True,ok,julia_xfoil,,prestall,seed_reference_pending_full_polar_dae11_rescue
dae11,"root,mid1",500000.0,rough,12.0,1.5257953089346075,0.04904684068699757,-0.10315805053124932,True,ok,julia_xfoil,,prestall,seed_reference_pending_full_polar_dae11_rescue
dae11,"root,mid1",500000.0,rough,12.25,1.5366442632115034,0.0504880767748024,-0.10243806012212514,True,ok,julia_xfoil,,prestall,seed_reference_pending_full_polar_dae11_rescue
dae11,"root,mid1",500000.0,rough,12.5,1.5461464190398533,0.05212909205764991,-0.101744317240802,True,ok,julia_xfoil,,prestall,seed_reference_pending_full_polar_dae11_rescue
dae11,"root,mid1",500000.0,rough,12.75,1.555375301125134,0.05380785652172435,-0.10106309027990144,True,ok,julia_xfoil,,prestall,seed_reference_pending_full_polar_dae11_rescue
dae11,"root,mid1",500000.0,rough,13.0,1.5650679602261377,0.05542331308675115,-0.10039439887896635,True,ok,julia_xfoil,,prestall,seed_reference_pending_full_polar_dae11_rescue
dae11,"root,mid1",500000.0,rough,13.25,1.5749001257995836,0.05703634902012529,-0.0997525807395719,True,ok,julia_xfoil,,prestall,seed_reference_pending_full_polar_dae11_rescue
dae11,"root,mid1",500000.0,rough,13.5,1.5843142702266573,0.05870238939813639,-0.09912204570756904,True,ok,julia_xfoil,,prestall,seed_reference_pending_full_polar_dae11_rescue
dae11,"root,mid1",500000.0,rough,13.75,1.5914807218668319,0.06063916512619279,-0.09847922073790119,True,ok,julia_xfoil,,prestall,seed_reference_pending_full_polar_dae11_rescue
dae11,"root,mid1",500000.0,rough,14.0,1.5989927631803524,0.06252316811945374,-0.09784502792447425,True,ok,julia_xfoil,,prestall,seed_reference_pending_full_polar_dae11_rescue
dae11,"root,mid1",500000.0,rough,14.25,1.6071660181439453,0.06435013924149234,-0.09724971715718299,True,ok,julia_xfoil,,prestall,seed_reference_pending_full_polar_dae11_rescue
dae11,"root,mid1",500000.0,rough,14.5,1.6151011211403334,0.06621110025883087,-0.09667207215074476,True,ok,julia_xfoil,,prestall,seed_reference_pending_full_polar_dae11_rescue
dae11,"root,mid1",500000.0,rough,14.75,1.6214171527564727,0.06829742779040451,-0.09612050912926609,True,ok,julia_xfoil,,prestall,seed_reference_pending_full_polar_dae11_rescue
dae11,"root,mid1",500000.0,rough,15.0,1.6242184272223408,0.07081774422943711,-0.0955390103804724,True,ok,julia_xfoil,,prestall,seed_reference_pending_full_polar_dae11_rescue
dae11,"root,mid1",500000.0,rough,15.25,1.6250446486316386,0.07355395420895301,-0.09492439989385242,True,ok,julia_xfoil,,prestall,seed_reference_pending_full_polar_dae11_rescue
dae11,"root,mid1",500000.0,rough,15.5,1.626905315545683,0.07619135999352245,-0.09440231920615043,True,ok,julia_xfoil,,prestall,seed_reference_pending_full_polar_dae11_rescue
dae11,"root,mid1",500000.0,rough,15.75,1.6245389131263157,0.07941414132604485,-0.09393976827899006,True,ok,julia_xfoil,,poststall,seed_reference_pending_full_polar_dae11_rescue
dae11,"root,mid1",500000.0,rough,16.0,1.6233061518565384,0.08244599655412249,-0.09347232263593236,True,ok,julia_xfoil,,poststall,seed_reference_pending_full_polar_dae11_rescue
dae11,"root,mid1",500000.0,rough,16.25,1.6251035986806788,0.08514814645706824,-0.09312578831589716,True,ok,julia_xfoil,,poststall,seed_reference_pending_full_polar_dae11_rescue
dae11,"root,mid1",500000.0,rough,16.5,1.6237810612183412,0.0883406884905613,-0.09289713458441382,True,ok,julia_xfoil,,poststall,seed_reference_pending_full_polar_dae11_rescue
dae11,"root,mid1",500000.0,rough,16.75,1.6228702978044895,0.09147901146277078,-0.09269975270701003,True,ok,julia_xfoil,,poststall,seed_reference_pending_full_polar_dae11_rescue
dae11,"root,mid1",500000.0,rough,17.0,1.6204294055982686,0.09485043973426972,-0.09258842544946241,True,ok,julia_xfoil,,poststall,seed_reference_pending_full_polar_dae11_rescue
dae11,"root,mid1",500000.0,rough,17.25,1.6177699075229872,0.09833368509840713,-0.09261460539283618,True,ok,julia_xfoil,,poststall,seed_reference_pending_full_polar_dae11_rescue
dae11,"root,mid1",500000.0,rough,17.5,1.6183678374273995,0.10135541042889806,-0.09265576949293267,True,ok,julia_xfoil,,poststall,seed_reference_pending_full_polar_dae11_rescue
dae11,"root,mid1",500000.0,rough,17.75,1.6167229879681915,0.10471712976489979,-0.09281833481550082,True,ok,julia_xfoil,,poststall,seed_reference_pending_full_polar_dae11_rescue
dae11,"root,mid1",500000.0,rough,18.0,1.613011425419694,0.10839388097981838,-0.0931100623135705,True,ok,julia_xfoil,,poststall,seed_reference_pending_full_polar_dae11_rescue
dae11,"root,mid1",503097.856502,rough,-6.0,-0.04246714233660998,0.04376721909496757,-0.10350081060185193,True,ok,julia_xfoil,,prestall,seed_reference_pending_full_polar_dae11_rescue
dae11,"root,mid1",503097.856502,rough,-5.75,-0.01589716582312027,0.02613968678497566,-0.11772233277225735,True,ok,julia_xfoil,,prestall,seed_reference_pending_full_polar_dae11_rescue
dae11,"root,mid1",503097.856502,rough,-5.5,0.011018830993043318,0.02463491439942164,-0.11881281578751021,True,ok,julia_xfoil,,prestall,seed_reference_pending_full_polar_dae11_rescue
dae11,"root,mid1",503097.856502,rough,-5.25,0.038197129546308065,0.02240398266417546,-0.11994819619100806,True,ok,julia_xfoil,,prestall,seed_reference_pending_full_polar_dae11_rescue
dae11,"root,mid1",503097.856502,rough,-5.0,0.06573818819875413,0.020272559501511564,-0.12077640661954829,True,ok,julia_xfoil,,prestall,seed_reference_pending_full_polar_dae11_rescue
dae11,"root,mid1",503097.856502,rough,-4.75,0.09355354282322098,0.019007785606194837,-0.12125120880633647,True,ok,julia_xfoil,,prestall,seed_reference_pending_full_polar_dae11_rescue
dae11,"root,mid1",503097.856502,rough,-4.5,0.12150456673185775,0.018091251028206856,-0.12159441338892833,True,ok,julia_xfoil,,prestall,seed_reference_pending_full_polar_dae11_rescue
dae11,"root,mid1",503097.856502,rough,-4.25,0.14953517666001975,0.0173786096902922,-0.12186818728470727,True,ok,julia_xfoil,,prestall,seed_reference_pending_full_polar_dae11_rescue
dae11,"root,mid1",503097.856502,rough,-4.0,0.17762046306491483,0.016800860632014962,-0.12210108470992402,True,ok,julia_xfoil,,prestall,seed_reference_pending_full_polar_dae11_rescue
dae11,"root,mid1",503097.856502,rough,-3.75,0.2057438594688748,0.016321745826806726,-0.12230814033493048,True,ok,julia_xfoil,,prestall,seed_reference_pending_full_polar_dae11_rescue
dae11,"root,mid1",503097.856502,rough,-3.5,0.23389481495305378,0.01591746943592507,-0.12249807016012247,True,ok,julia_xfoil,,prestall,seed_reference_pending_full_polar_dae11_rescue
dae11,"root,mid1",503097.856502,rough,-3.25,0.26205643745787577,0.01558023028675819,-0.12267745118215422,True,ok,julia_xfoil,,prestall,seed_reference_pending_full_polar_dae11_rescue
dae11,"root,mid1",503097.856502,rough,-3.0,0.29022199759542344,0.015317935762963619,-0.12284948631185287,True,ok,julia_xfoil,,prestall,seed_reference_pending_full_polar_dae11_rescue
dae11,"root,mid1",503097.856502,rough,-2.75,0.3183709796205595,0.015130137979739304,-0.12301739857287154,True,ok,julia_xfoil,,prestall,seed_reference_pending_full_polar_dae11_rescue
dae11,"root,mid1",503097.856502,rough,-2.5,0.3465218262956503,0.014867666353322675,-0.12322504822924665,True,ok,julia_xfoil,,prestall,seed_reference_pending_full_polar_dae11_rescue
dae11,"root,mid1",503097.856502,rough,-2.25,0.37468100671245097,0.014655685753234737,-0.12344377669249787,True,ok,julia_xfoil,,prestall,seed_reference_pending_full_polar_dae11_rescue
dae11,"root,mid1",503097.856502,rough,-2.0,0.40278170226220095,0.014560828864826469,-0.12363067853621584,True,ok,julia_xfoil,,prestall,seed_reference_pending_full_polar_dae11_rescue
dae11,"root,mid1",503097.856502,rough,-1.75,0.4308368954451804,0.014503283644031695,-0.12380389021704653,True,ok,julia_xfoil,,prestall,seed_reference_pending_full_polar_dae11_rescue
dae11,"root,mid1",503097.856502,rough,-1.5,0.4587967479033755,0.014494619264500429,-0.12396110234606778,True,ok,julia_xfoil,,prestall,seed_reference_pending_full_polar_dae11_rescue
dae11,"root,mid1",503097.856502,rough,-1.25,0.48683876695141043,0.014409242808836735,-0.12415160677950078,True,ok,julia_xfoil,,prestall,seed_reference_pending_full_polar_dae11_rescue
dae11,"root,mid1",503097.856502,rough,-1.0,0.5147547312167354,0.014393463976641098,-0.1243165726157542,True,ok,julia_xfoil,,prestall,seed_reference_pending_full_polar_dae11_rescue
dae11,"root,mid1",503097.856502,rough,-0.75,0.542625741144094,0.014390448457326175,-0.1244722526699815,True,ok,julia_xfoil,,prestall,seed_reference_pending_full_polar_dae11_rescue
dae11,"root,mid1",503097.856502,rough,-0.5,0.5703692708328362,0.01440823207556963,-0.12463446376183575,True,ok,julia_xfoil,,prestall,seed_reference_pending_full_polar_dae11_rescue
dae11,"root,mid1",503097.856502,rough,-0.25,0.5979886626113112,0.014480834489982726,-0.12475079070284588,True,ok,julia_xfoil,,prestall,seed_reference_pending_full_polar_dae11_rescue
dae11,"root,mid1",503097.856502,rough,0.0,0.6254260610214684,0.014595014599238896,-0.12484111984048239,True,ok,julia_xfoil,,prestall,seed_reference_pending_full_polar_dae11_rescue
dae11,"root,mid1",503097.856502,rough,0.25,0.6527189173214486,0.014722686963355259,-0.12492376906779189,True,ok,julia_xfoil,,prestall,seed_reference_pending_full_polar_dae11_rescue
dae11,"root,mid1",503097.856502,rough,0.5,0.6798682903994917,0.014861198864223806,-0.12499762044352325,True,ok,julia_xfoil,,prestall,seed_reference_pending_full_polar_dae11_rescue
dae11,"root,mid1",503097.856502,rough,0.75,0.7068743313097899,0.015008878902960114,-0.12506237060506803,True,ok,julia_xfoil,,prestall,seed_reference_pending_full_polar_dae11_rescue
dae11,"root,mid1",503097.856502,rough,1.0,0.7337255946466847,0.01516641266616224,-0.12511516891694377,True,ok,julia_xfoil,,prestall,seed_reference_pending_full_polar_dae11_rescue
dae11,"root,mid1",503097.856502,rough,1.25,0.7604044506032052,0.015334914744755635,-0.12515373526829493,True,ok,julia_xfoil,,prestall,seed_reference_pending_full_polar_dae11_rescue
dae11,"root,mid1",503097.856502,rough,1.5,0.7868995645079216,0.015513806340939715,-0.12517725663515147,True,ok,julia_xfoil,,prestall,seed_reference_pending_full_polar_dae11_rescue
dae11,"root,mid1",503097.856502,rough,1.75,0.8131774339473078,0.015705035922055993,-0.1251828971511739,True,ok,julia_xfoil,,prestall,seed_reference_pending_full_polar_dae11_rescue
dae11,"root,mid1",503097.856502,rough,2.0,0.8392287617362557,0.01590824576466782,-0.12516908016112369,True,ok,julia_xfoil,,prestall,seed_reference_pending_full_polar_dae11_rescue
dae11,"root,mid1",503097.856502,rough,2.25,0.8650342363262444,0.016124066083058348,-0.12513364267455218,True,ok,julia_xfoil,,prestall,seed_reference_pending_full_polar_dae11_rescue
dae11,"root,mid1",503097.856502,rough,2.5,0.890569637070342,0.01635331122141395,-0.12507395104239283,True,ok,julia_xfoil,,prestall,seed_reference_pending_full_polar_dae11_rescue
dae11,"root,mid1",503097.856502,rough,2.75,0.9158239473143573,0.016595052408765004,-0.12498921050351543,True,ok,julia_xfoil,,prestall,seed_reference_pending_full_polar_dae11_rescue
dae11,"root,mid1",503097.856502,rough,3.0,0.9407508578270958,0.016851750469077508,-0.12487594728837345,True,ok,julia_xfoil,,prestall,seed_reference_pending_full_polar_dae11_rescue
dae11,"root,mid1",503097.856502,rough,3.25,0.9653087248732115,0.017125418614132366,-0.12473006923187788,True,ok,julia_xfoil,,prestall,seed_reference_pending_full_polar_dae11_rescue
dae11,"root,mid1",503097.856502,rough,3.5,0.9894438084907323,0.017418871311188723,-0.1245469759694545,True,ok,julia_xfoil,,prestall,seed_reference_pending_full_polar_dae11_rescue
dae11,"root,mid1",503097.856502,rough,3.75,1.0130722611994079,0.017736622211578918,-0.12432093069711928,True,ok,julia_xfoil,,prestall,seed_reference_pending_full_polar_dae11_rescue
dae11,"root,mid1",503097.856502,rough,4.0,1.0361186933276525,0.018082417944963163,-0.12404824032651186,True,ok,julia_xfoil,,prestall,seed_reference_pending_full_polar_dae11_rescue
dae11,"root,mid1",503097.856502,rough,4.25,1.0584944746877178,0.018461570628714133,-0.12372670303893103,True,ok,julia_xfoil,,prestall,seed_reference_pending_full_polar_dae11_rescue
dae11,"root,mid1",503097.856502,rough,4.5,1.0785337113075015,0.018911971031671113,-0.12316654500974882,True,ok,julia_xfoil,,prestall,seed_reference_pending_full_polar_dae11_rescue
dae11,"root,mid1",503097.856502,rough,4.75,1.0972915555583642,0.01945964117444681,-0.12257642027116837,True,ok,julia_xfoil,,prestall,seed_reference_pending_full_polar_dae11_rescue
dae11,"root,mid1",503097.856502,rough,5.0,1.1178564535199118,0.020051724154469968,-0.12235289984947892,True,ok,julia_xfoil,,prestall,seed_reference_pending_full_polar_dae11_rescue
dae11,"root,mid1",503097.856502,rough,5.25,1.1381212145953066,0.020677379642489786,-0.12210774040940431,True,ok,julia_xfoil,,prestall,seed_reference_pending_full_polar_dae11_rescue
dae11,"root,mid1",503097.856502,rough,5.5,1.1578782734680266,0.02133820446864381,-0.12181413775456608,True,ok,julia_xfoil,,prestall,seed_reference_pending_full_polar_dae11_rescue
dae11,"root,mid1",503097.856502,rough,5.75,1.177068345826399,0.022029240650308587,-0.12145223761651684,True,ok,julia_xfoil,,prestall,seed_reference_pending_full_polar_dae11_rescue
dae11,"root,mid1",503097.856502,rough,6.0,1.1958047507306682,0.02275160028985785,-0.12104857901386702,True,ok,julia_xfoil,,prestall,seed_reference_pending_full_polar_dae11_rescue
dae11,"root,mid1",503097.856502,rough,6.25,1.214028344352627,0.023500196249470872,-0.12058264752493848,True,ok,julia_xfoil,,prestall,seed_reference_pending_full_polar_dae11_rescue
dae11,"root,mid1",503097.856502,rough,6.5,1.231542602084148,0.024298044569490272,-0.12006212137212005,True,ok,julia_xfoil,,prestall,seed_reference_pending_full_polar_dae11_rescue
dae11,"root,mid1",503097.856502,rough,6.75,1.2488768760104936,0.025096675112714413,-0.11950173413069885,True,ok,julia_xfoil,,prestall,seed_reference_pending_full_polar_dae11_rescue
dae11,"root,mid1",503097.856502,rough,7.0,1.265662337180134,0.025943738852138756,-0.1189138462320737,True,ok,julia_xfoil,,prestall,seed_reference_pending_full_polar_dae11_rescue
dae11,"root,mid1",503097.856502,rough,7.25,1.281770053670065,0.026832896437343167,-0.11826889466159222,True,ok,julia_xfoil,,prestall,seed_reference_pending_full_polar_dae11_rescue
dae11,"root,mid1",503097.856502,rough,7.5,1.2977334487181584,0.02771285360891706,-0.11758135714872814,True,ok,julia_xfoil,,prestall,seed_reference_pending_full_polar_dae11_rescue
dae11,"root,mid1",503097.856502,rough,7.75,1.3134023646015371,0.02861636321296312,-0.11687593084829337,True,ok,julia_xfoil,,prestall,seed_reference_pending_full_polar_dae11_rescue
dae11,"root,mid1",503097.856502,rough,8.0,1.3281919657755872,0.029609650458864156,-0.11614920332434815,True,ok,julia_xfoil,,prestall,seed_reference_pending_full_polar_dae11_rescue
dae11,"root,mid1",503097.856502,rough,8.25,1.342930210517452,0.03059395385616576,-0.11540003589631462,True,ok,julia_xfoil,,prestall,seed_reference_pending_full_polar_dae11_rescue
dae11,"root,mid1",503097.856502,rough,8.5,1.3574015710846623,0.03157238095873815,-0.11460090462657334,True,ok,julia_xfoil,,prestall,seed_reference_pending_full_polar_dae11_rescue
dae11,"root,mid1",503097.856502,rough,8.75,1.3715035150319241,0.03258020452188079,-0.11378287772130966,True,ok,julia_xfoil,,prestall,seed_reference_pending_full_polar_dae11_rescue
dae11,"root,mid1",503097.856502,rough,9.0,1.3844925109605188,0.033708763791445245,-0.11294515908504114,True,ok,julia_xfoil,,prestall,seed_reference_pending_full_polar_dae11_rescue
dae11,"root,mid1",503097.856502,rough,9.25,1.3975462805821632,0.03482680338369879,-0.11210615238818421,True,ok,julia_xfoil,,prestall,seed_reference_pending_full_polar_dae11_rescue
dae11,"root,mid1",503097.856502,rough,9.5,1.410691682770282,0.035927821416063446,-0.11126439633456016,True,ok,julia_xfoil,,prestall,seed_reference_pending_full_polar_dae11_rescue
dae11,"root,mid1",503097.856502,rough,9.75,1.423571023699522,0.0370408161716055,-0.11040315702737523,True,ok,julia_xfoil,,prestall,seed_reference_pending_full_polar_dae11_rescue
dae11,"root,mid1",503097.856502,rough,10.0,1.4352869145590894,0.03825464153263142,-0.10949279743352747,True,ok,julia_xfoil,,prestall,seed_reference_pending_full_polar_dae11_rescue
dae11,"root,mid1",503097.856502,rough,10.25,1.446330664438482,0.03954738805868086,-0.10857946111948776,True,ok,julia_xfoil,,prestall,seed_reference_pending_full_polar_dae11_rescue
dae11,"root,mid1",503097.856502,rough,10.5,1.4582375024830911,0.040793123815726536,-0.10774438904370048,True,ok,julia_xfoil,,prestall,seed_reference_pending_full_polar_dae11_rescue
dae11,"root,mid1",503097.856502,rough,10.75,1.4705035507086488,0.042030908328970815,-0.10695855733041314,True,ok,julia_xfoil,,prestall,seed_reference_pending_full_polar_dae11_rescue
dae11,"root,mid1",503097.856502,rough,11.0,1.4827350633912408,0.043293164543940124,-0.10620143736796465,True,ok,julia_xfoil,,prestall,seed_reference_pending_full_polar_dae11_rescue
dae11,"root,mid1",503097.856502,rough,11.25,1.4937918503699368,0.04470526441073976,-0.10544655852793443,True,ok,julia_xfoil,,prestall,seed_reference_pending_full_polar_dae11_rescue
dae11,"root,mid1",503097.856502,rough,11.5,1.5043896825895373,0.04616937259150111,-0.10469091122325479,True,ok,julia_xfoil,,prestall,seed_reference_pending_full_polar_dae11_rescue
dae11,"root,mid1",503097.856502,rough,11.75,1.5153908150321578,0.0475740400696324,-0.10393725460164664,True,ok,julia_xfoil,,prestall,seed_reference_pending_full_polar_dae11_rescue
dae11,"root,mid1",503097.856502,rough,12.0,1.526508982545686,0.04897748509469312,-0.10320509106795552,True,ok,julia_xfoil,,prestall,seed_reference_pending_full_polar_dae11_rescue
dae11,"root,mid1",503097.856502,rough,12.25,1.5373679112470637,0.0504166874602534,-0.10248405639935688,True,ok,julia_xfoil,,prestall,seed_reference_pending_full_polar_dae11_rescue
dae11,"root,mid1",503097.856502,rough,12.5,1.5469018776923553,0.052051208321804376,-0.10178746901701005,True,ok,julia_xfoil,,prestall,seed_reference_pending_full_polar_dae11_rescue
dae11,"root,mid1",503097.856502,rough,12.75,1.5560945516455276,0.05373425242603432,-0.10110535298163048,True,ok,julia_xfoil,,prestall,seed_reference_pending_full_polar_dae11_rescue
dae11,"root,mid1",503097.856502,rough,13.0,1.5657841368274168,0.055349910856732916,-0.10043624446906767,True,ok,julia_xfoil,,prestall,seed_reference_pending_full_polar_dae11_rescue
dae11,"root,mid1",503097.856502,rough,13.25,1.5756153222650837,0.05696205412927563,-0.09979317956434469,True,ok,julia_xfoil,,prestall,seed_reference_pending_full_polar_dae11_rescue
dae11,"root,mid1",503097.856502,rough,13.5,1.58506587993384,0.058622990998491595,-0.09916192833206748,True,ok,julia_xfoil,,prestall,seed_reference_pending_full_polar_dae11_rescue
dae11,"root,mid1",503097.856502,rough,13.75,1.5922840960495181,0.060553837060438105,-0.09851947737249166,True,ok,julia_xfoil,,prestall,seed_reference_pending_full_polar_dae11_rescue
dae11,"root,mid1",503097.856502,rough,14.0,1.5997461654083773,0.06244271122680028,-0.09788340603192122,True,ok,julia_xfoil,,prestall,seed_reference_pending_full_polar_dae11_rescue
dae11,"root,mid1",503097.856502,rough,14.25,1.6079298768956998,0.06426767218131191,-0.09728727234325893,True,ok,julia_xfoil,,prestall,seed_reference_pending_full_polar_dae11_rescue
dae11,"root,mid1",503097.856502,rough,14.5,1.6158765249760987,0.0661262407454827,-0.0967083342171764,True,ok,julia_xfoil,,prestall,seed_reference_pending_full_polar_dae11_rescue
dae11,"root,mid1",503097.856502,rough,14.75,1.6222916630758295,0.06819777198808914,-0.09615451419232456,True,ok,julia_xfoil,,prestall,seed_reference_pending_full_polar_dae11_rescue
dae11,"root,mid1",503097.856502,rough,15.0,1.6245690621691484,0.07077715303307934,-0.09555982655236361,True,ok,julia_xfoil,,prestall,seed_reference_pending_full_polar_dae11_rescue
dae11,"root,mid1",503097.856502,rough,15.25,1.6256463077478256,0.07348447933326414,-0.09495057364724256,True,ok,julia_xfoil,,prestall,seed_reference_pending_full_polar_dae11_rescue
dae11,"root,mid1",503097.856502,rough,15.5,1.6274280717430039,0.07612921154034195,-0.0944244342912658,True,ok,julia_xfoil,,prestall,seed_reference_pending_full_polar_dae11_rescue
dae11,"root,mid1",503097.856502,rough,15.75,1.6249509574212295,0.07936488808362326,-0.09395882341948855,True,ok,julia_xfoil,,poststall,seed_reference_pending_full_polar_dae11_rescue
dae11,"root,mid1",503097.856502,rough,16.0,1.623872465113526,0.08237884604267613,-0.09349270914954078,True,ok,julia_xfoil,,poststall,seed_reference_pending_full_polar_dae11_rescue
dae11,"root,mid1",503097.856502,rough,16.25,1.6258382536354294,0.08505790413300057,-0.09314613085745072,True,ok,julia_xfoil,,poststall,seed_reference_pending_full_polar_dae11_rescue
dae11,"root,mid1",503097.856502,rough,16.5,1.6243865853157906,0.08826546887342726,-0.09291481405804138,True,ok,julia_xfoil,,poststall,seed_reference_pending_full_polar_dae11_rescue
dae11,"root,mid1",503097.856502,rough,16.75,1.6233758799797853,0.09141639831584646,-0.09271601537975187,True,ok,julia_xfoil,,poststall,seed_reference_pending_full_polar_dae11_rescue
dae11,"root,mid1",503097.856502,rough,17.0,1.6210341805093167,0.09477186101781114,-0.09259977462624927,True,ok,julia_xfoil,,poststall,seed_reference_pending_full_polar_dae11_rescue
dae11,"root,mid1",503097.856502,rough,17.25,1.6185726303236148,0.09822848152083484,-0.09262503542543606,True,ok,julia_xfoil,,poststall,seed_reference_pending_full_polar_dae11_rescue
dae11,"root,mid1",503097.856502,rough,17.5,1.6190948671052752,0.10126005953123784,-0.09266514687509446,True,ok,julia_xfoil,,poststall,seed_reference_pending_full_polar_dae11_rescue
dae11,"root,mid1",503097.856502,rough,17.75,1.6174688094505179,0.10461527201030063,-0.092822179611995,True,ok,julia_xfoil,,poststall,seed_reference_pending_full_polar_dae11_rescue
dae11,"root,mid1",503097.856502,rough,18.0,1.6135749552799374,0.10831926915713955,-0.09311691491368956,True,ok,julia_xfoil,,poststall,seed_reference_pending_full_polar_dae11_rescue
dae11,"root,mid1",539941.207632,rough,-6.0,-0.04356528415165974,0.04527172595690801,-0.10183479745626323,True,ok,julia_xfoil,,prestall,seed_reference_pending_full_polar_dae11_rescue
dae11,"root,mid1",539941.207632,rough,-5.75,-0.015478015173355265,0.024815310633849876,-0.11820420950247378,True,ok,julia_xfoil,,prestall,seed_reference_pending_full_polar_dae11_rescue
dae11,"root,mid1",539941.207632,rough,-5.5,0.011062171991305552,0.022110081794855775,-0.11968878410976365,True,ok,julia_xfoil,,prestall,seed_reference_pending_full_polar_dae11_rescue
dae11,"root,mid1",539941.207632,rough,-5.25,0.0384201600437552,0.02033253314380894,-0.12047237018871124,True,ok,julia_xfoil,,prestall,seed_reference_pending_full_polar_dae11_rescue
dae11,"root,mid1",539941.207632,rough,-5.0,0.06608738601926936,0.01902505679189274,-0.1209971044676604,True,ok,julia_xfoil,,prestall,seed_reference_pending_full_polar_dae11_rescue
dae11,"root,mid1",539941.207632,rough,-4.75,0.09394860843034232,0.01804599663389589,-0.12138156546461454,True,ok,julia_xfoil,,prestall,seed_reference_pending_full_polar_dae11_rescue
dae11,"root,mid1",539941.207632,rough,-4.5,0.12193557058155452,0.01729557296786718,-0.12168540122667579,True,ok,julia_xfoil,,prestall,seed_reference_pending_full_polar_dae11_rescue
dae11,"root,mid1",539941.207632,rough,-4.25,0.15000414486758096,0.01671032232067248,-0.12194107116693037,True,ok,julia_xfoil,,prestall,seed_reference_pending_full_polar_dae11_rescue
dae11,"root,mid1",539941.207632,rough,-4.0,0.17812007028422158,0.016242763303316823,-0.12216716361205998,True,ok,julia_xfoil,,prestall,seed_reference_pending_full_polar_dae11_rescue
dae11,"root,mid1",539941.207632,rough,-3.75,0.2062754559934132,0.01585130392854742,-0.12237447422504828,True,ok,julia_xfoil,,prestall,seed_reference_pending_full_polar_dae11_rescue
dae11,"root,mid1",539941.207632,rough,-3.5,0.2344600384543002,0.015515373649508401,-0.12256823684954157,True,ok,julia_xfoil,,prestall,seed_reference_pending_full_polar_dae11_rescue
dae11,"root,mid1",539941.207632,rough,-3.25,0.2626681466322377,0.015223790897104008,-0.12275365081587451,True,ok,julia_xfoil,,prestall,seed_reference_pending_full_polar_dae11_rescue
dae11,"root,mid1",539941.207632,rough,-3.0,0.290885772109368,0.014983164749295558,-0.12293335897253584,True,ok,julia_xfoil,,prestall,seed_reference_pending_full_polar_dae11_rescue
dae11,"root,mid1",539941.207632,rough,-2.75,0.319095297819192,0.014800903053208605,-0.12310896189952938,True,ok,julia_xfoil,,prestall,seed_reference_pending_full_polar_dae11_rescue
dae11,"root,mid1",539941.207632,rough,-2.5,0.3472688615207422,0.014676295668499225,-0.12328072989330288,True,ok,julia_xfoil,,prestall,seed_reference_pending_full_polar_dae11_rescue
dae11,"root,mid1",539941.207632,rough,-2.25,0.37549712104782734,0.014407795109460745,-0.12351566532690664,True,ok,julia_xfoil,,prestall,seed_reference_pending_full_polar_dae11_rescue
dae11,"root,mid1",539941.207632,rough,-2.0,0.4036533342596124,0.014296254517787177,-0.1237135041825346,True,ok,julia_xfoil,,prestall,seed_reference_pending_full_polar_dae11_rescue
dae11,"root,mid1",539941.207632,rough,-1.75,0.4317574481498154,0.014240386821444032,-0.1238932254215638,True,ok,julia_xfoil,,prestall,seed_reference_pending_full_polar_dae11_rescue
dae11,"root,mid1",539941.207632,rough,-1.5,0.4597792858432476,0.014227944547534434,-0.12405971106509933,True,ok,julia_xfoil,,prestall,seed_reference_pending_full_polar_dae11_rescue
dae11,"root,mid1",539941.207632,rough,-1.25,0.4878331659212593,0.014179794572024012,-0.12423780894733297,True,ok,julia_xfoil,,prestall,seed_reference_pending_full_polar_dae11_rescue
dae11,"root,mid1",539941.207632,rough,-1.0,0.515809518498564,0.014154695945923055,-0.12441433993864107,True,ok,julia_xfoil,,prestall,seed_reference_pending_full_polar_dae11_rescue
dae11,"root,mid1",539941.207632,rough,-0.75,0.5436981703756034,0.014166885762307235,-0.12456777755558375,True,ok,julia_xfoil,,prestall,seed_reference_pending_full_polar_dae11_rescue
dae11,"root,mid1",539941.207632,rough,-0.5,0.5714807006537439,0.01418305381818213,-0.12473801752068184,True,ok,julia_xfoil,,prestall,seed_reference_pending_full_polar_dae11_rescue
dae11,"root,mid1",539941.207632,rough,-0.25,0.599150724395561,0.014249407020466055,-0.12486653328382044,True,ok,julia_xfoil,,prestall,seed_reference_pending_full_polar_dae11_rescue
dae11,"root,mid1",539941.207632,rough,0.0,0.6266621693587078,0.014360964759465172,-0.12496433463178966,True,ok,julia_xfoil,,prestall,seed_reference_pending_full_polar_dae11_rescue
dae11,"root,mid1",539941.207632,rough,0.25,0.6540394548045714,0.014483767862095416,-0.12505687408122748,True,ok,julia_xfoil,,prestall,seed_reference_pending_full_polar_dae11_rescue
dae11,"root,mid1",539941.207632,rough,0.5,0.6812805341686131,0.014617399659749656,-0.12514079615445245,True,ok,julia_xfoil,,prestall,seed_reference_pending_full_polar_dae11_rescue
dae11,"root,mid1",539941.207632,rough,0.75,0.7083750759245916,0.014761721389755454,-0.12521432631609733,True,ok,julia_xfoil,,prestall,seed_reference_pending_full_polar_dae11_rescue
dae11,"root,mid1",539941.207632,rough,1.0,0.7353009110986524,0.014917723506742125,-0.12527512346575848,True,ok,julia_xfoil,,prestall,seed_reference_pending_full_polar_dae11_rescue
dae11,"root,mid1",539941.207632,rough,1.25,0.7620610116447143,0.01508340631865187,-0.12532363227242516,True,ok,julia_xfoil,,prestall,seed_reference_pending_full_polar_dae11_rescue
dae11,"root,mid1",539941.207632,rough,1.5,0.7886413576597193,0.01525938897174424,-0.1253575526894879,True,ok,julia_xfoil,,prestall,seed_reference_pending_full_polar_dae11_rescue
dae11,"root,mid1",539941.207632,rough,1.75,0.8150319980279627,0.015445964837561558,-0.12537486565628073,True,ok,julia_xfoil,,prestall,seed_reference_pending_full_polar_dae11_rescue
dae11,"root,mid1",539941.207632,rough,2.0,0.8412195071856146,0.01564270248036032,-0.12537460643469486,True,ok,julia_xfoil,,prestall,seed_reference_pending_full_polar_dae11_rescue
dae11,"root,mid1",539941.207632,rough,2.25,0.8671793182649342,0.01585053653578913,-0.12535506307981714,True,ok,julia_xfoil,,prestall,seed_reference_pending_full_polar_dae11_rescue
dae11,"root,mid1",539941.207632,rough,2.5,0.8928871306452838,0.01607050286082392,-0.12531352430251647,True,ok,julia_xfoil,,prestall,seed_reference_pending_full_polar_dae11_rescue
dae11,"root,mid1",539941.207632,rough,2.75,0.9183115966182805,0.01630420038364098,-0.12524652721948953,True,ok,julia_xfoil,,prestall,seed_reference_pending_full_polar_dae11_rescue
dae11,"root,mid1",539941.207632,rough,3.0,0.9433976070264877,0.016555039202191566,-0.12514862284741315,True,ok,julia_xfoil,,prestall,seed_reference_pending_full_polar_dae11_rescue
dae11,"root,mid1",539941.207632,rough,3.25,0.9681301720231574,0.016822068168693846,-0.12501925879888218,True,ok,julia_xfoil,,prestall,seed_reference_pending_full_polar_dae11_rescue
dae11,"root,mid1",539941.207632,rough,3.5,0.9924637033637558,0.017107161443732165,-0.12485517808514747,True,ok,julia_xfoil,,prestall,seed_reference_pending_full_polar_dae11_rescue
dae11,"root,mid1",539941.207632,rough,3.75,1.0163400326567822,0.01741321645567372,-0.12465186480450652,True,ok,julia_xfoil,,prestall,seed_reference_pending_full_polar_dae11_rescue
dae11,"root,mid1",539941.207632,rough,4.0,1.039708384614318,0.01774239035740196,-0.12440624050690312,True,ok,julia_xfoil,,prestall,seed_reference_pending_full_polar_dae11_rescue
dae11,"root,mid1",539941.207632,rough,4.25,1.062464190632825,0.01810101856360363,-0.12411254082396452,True,ok,julia_xfoil,,prestall,seed_reference_pending_full_polar_dae11_rescue
dae11,"root,mid1",539941.207632,rough,4.5,1.0840929855041168,0.018504838600981455,-0.1237231163954682,True,ok,julia_xfoil,,prestall,seed_reference_pending_full_polar_dae11_rescue
dae11,"root,mid1",539941.207632,rough,4.75,1.1025184192893804,0.01900954038150407,-0.1230029811107402,True,ok,julia_xfoil,,prestall,seed_reference_pending_full_polar_dae11_rescue
dae11,"root,mid1",539941.207632,rough,5.0,1.122729340135091,0.019580430070018567,-0.12269922444047636,True,ok,julia_xfoil,,prestall,seed_reference_pending_full_polar_dae11_rescue
dae11,"root,mid1",539941.207632,rough,5.25,1.1431496775566112,0.020193467118898068,-0.12247369192511526,True,ok,julia_xfoil,,prestall,seed_reference_pending_full_polar_dae11_rescue
dae11,"root,mid1",539941.207632,rough,5.5,1.1631121814785117,0.020846351359214088,-0.12221221170832058,True,ok,julia_xfoil,,prestall,seed_reference_pending_full_polar_dae11_rescue
dae11,"root,mid1",539941.207632,rough,5.75,1.182503950281949,0.021522528985981282,-0.12186886611697392,True,ok,julia_xfoil,,prestall,seed_reference_pending_full_polar_dae11_rescue
dae11,"root,mid1",539941.207632,rough,6.0,1.201331761721184,0.02224365050030078,-0.12148748999550642,True,ok,julia_xfoil,,prestall,seed_reference_pending_full_polar_dae11_rescue
dae11,"root,mid1",539941.207632,rough,6.25,1.219847958496335,0.022974148704529948,-0.12105147806826935,True,ok,julia_xfoil,,prestall,seed_reference_pending_full_polar_dae11_rescue
dae11,"root,mid1",539941.207632,rough,6.5,1.2376000701813068,0.023757251881229888,-0.12055574291829212,True,ok,julia_xfoil,,prestall,seed_reference_pending_full_polar_dae11_rescue
dae11,"root,mid1",539941.207632,rough,6.75,1.2550262372697598,0.02455417488548473,-0.12001570690439652,True,ok,julia_xfoil,,prestall,seed_reference_pending_full_polar_dae11_rescue
dae11,"root,mid1",539941.207632,rough,7.0,1.2722015734381762,0.025362625092386896,-0.11944154457203984,True,ok,julia_xfoil,,prestall,seed_reference_pending_full_polar_dae11_rescue
dae11,"root,mid1",539941.207632,rough,7.25,1.2885577994076685,0.026244352320051404,-0.11883367446190332,True,ok,julia_xfoil,,prestall,seed_reference_pending_full_polar_dae11_rescue
dae11,"root,mid1",539941.207632,rough,7.5,1.3045653823713808,0.027126346237929085,-0.11816184392369924,True,ok,julia_xfoil,,prestall,seed_reference_pending_full_polar_dae11_rescue
dae11,"root,mid1",539941.207632,rough,7.75,1.320428388042235,0.028009387721561148,-0.11746230083377743,True,ok,julia_xfoil,,prestall,seed_reference_pending_full_polar_dae11_rescue
dae11,"root,mid1",539941.207632,rough,8.0,1.3355407753951745,0.028968146227498368,-0.11674209245894682,True,ok,julia_xfoil,,prestall,seed_reference_pending_full_polar_dae11_rescue
dae11,"root,mid1",539941.207632,rough,8.25,1.350116275514324,0.0299733985956918,-0.11599567376436384,True,ok,julia_xfoil,,prestall,seed_reference_pending_full_polar_dae11_rescue
dae11,"root,mid1",539941.207632,rough,8.5,1.3646349279061223,0.030958508299675645,-0.11521355139500604,True,ok,julia_xfoil,,prestall,seed_reference_pending_full_polar_dae11_rescue
dae11,"root,mid1",539941.207632,rough,8.75,1.3788453771629783,0.031950410189349104,-0.11439207935718167,True,ok,julia_xfoil,,prestall,seed_reference_pending_full_polar_dae11_rescue
dae11,"root,mid1",539941.207632,rough,9.0,1.3921937758189589,0.03303423205613617,-0.11355324206276052,True,ok,julia_xfoil,,prestall,seed_reference_pending_full_polar_dae11_rescue
dae11,"root,mid1",539941.207632,rough,9.25,1.4050198965619989,0.034174449815734774,-0.11270634512194294,True,ok,julia_xfoil,,prestall,seed_reference_pending_full_polar_dae11_rescue
dae11,"root,mid1",539941.207632,rough,9.5,1.4181363906330042,0.03527891981021105,-0.11186458897003762,True,ok,julia_xfoil,,prestall,seed_reference_pending_full_polar_dae11_rescue
dae11,"root,mid1",539941.207632,rough,9.75,1.4312143458044995,0.036379522454708324,-0.11101859918246823,True,ok,julia_xfoil,,prestall,seed_reference_pending_full_polar_dae11_rescue
dae11,"root,mid1",539941.207632,rough,10.0,1.4436752026835713,0.03751675783664576,-0.11013040060697668,True,ok,julia_xfoil,,prestall,seed_reference_pending_full_polar_dae11_rescue
dae11,"root,mid1",539941.207632,rough,10.25,1.4546139544844259,0.038811826243875566,-0.10920339723212659,True,ok,julia_xfoil,,prestall,seed_reference_pending_full_polar_dae11_rescue
dae11,"root,mid1",539941.207632,rough,10.5,1.4661216656416551,0.040074892012369634,-0.10832931672674576,True,ok,julia_xfoil,,prestall,seed_reference_pending_full_polar_dae11_rescue
dae11,"root,mid1",539941.207632,rough,10.75,1.4783090355159365,0.04131015949792171,-0.10752867755613228,True,ok,julia_xfoil,,prestall,seed_reference_pending_full_polar_dae11_rescue
dae11,"root,mid1",539941.207632,rough,11.0,1.4906015527383656,0.04255651414086054,-0.10676238265179272,True,ok,julia_xfoil,,prestall,seed_reference_pending_full_polar_dae11_rescue
dae11,"root,mid1",539941.207632,rough,11.25,1.5023600180513021,0.043872362029621415,-0.10600290150446293,True,ok,julia_xfoil,,prestall,seed_reference_pending_full_polar_dae11_rescue
dae11,"root,mid1",539941.207632,rough,11.5,1.5127607245555978,0.04536671675649641,-0.10524741506627613,True,ok,julia_xfoil,,prestall,seed_reference_pending_full_polar_dae11_rescue
dae11,"root,mid1",539941.207632,rough,11.75,1.5234307237212392,0.04680245977389737,-0.10447798871420784,True,ok,julia_xfoil,,prestall,seed_reference_pending_full_polar_dae11_rescue
dae11,"root,mid1",539941.207632,rough,12.0,1.5344567529389859,0.048207489868686004,-0.10373230078391901,True,ok,julia_xfoil,,prestall,seed_reference_pending_full_polar_dae11_rescue
dae11,"root,mid1",539941.207632,rough,12.25,1.5453465443638197,0.0496323443227737,-0.10299783325570291,True,ok,julia_xfoil,,prestall,seed_reference_pending_full_polar_dae11_rescue
dae11,"root,mid1",539941.207632,rough,12.5,1.555645250413138,0.05115145952329023,-0.10228703760190815,True,ok,julia_xfoil,,prestall,seed_reference_pending_full_polar_dae11_rescue
dae11,"root,mid1",539941.207632,rough,12.75,1.5645125664702555,0.05287119488282933,-0.1015935301654175,True,ok,julia_xfoil,,prestall,seed_reference_pending_full_polar_dae11_rescue
dae11,"root,mid1",539941.207632,rough,13.0,1.5739963392582679,0.05450895018892862,-0.10091493977287962,True,ok,julia_xfoil,,prestall,seed_reference_pending_full_polar_dae11_rescue
dae11,"root,mid1",539941.207632,rough,13.25,1.5837940152547125,0.05611388216956098,-0.10025800883133673,True,ok,julia_xfoil,,prestall,seed_reference_pending_full_polar_dae11_rescue
dae11,"root,mid1",539941.207632,rough,13.5,1.5934902612434398,0.05774143299661398,-0.09962243437625773,True,ok,julia_xfoil,,prestall,seed_reference_pending_full_polar_dae11_rescue
dae11,"root,mid1",539941.207632,rough,13.75,1.6018085545608718,0.05953761442690661,-0.09898612060504207,True,ok,julia_xfoil,,prestall,seed_reference_pending_full_polar_dae11_rescue
dae11,"root,mid1",539941.207632,rough,14.0,1.6087086204817875,0.061488514650053124,-0.09833370574153082,True,ok,julia_xfoil,,prestall,seed_reference_pending_full_polar_dae11_rescue
dae11,"root,mid1",539941.207632,rough,14.25,1.616695748527437,0.0633244789124491,-0.09771970146838466,True,ok,julia_xfoil,,prestall,seed_reference_pending_full_polar_dae11_rescue
dae11,"root,mid1",539941.207632,rough,14.5,1.6247342493954,0.06516079520171492,-0.09712603721907347,True,ok,julia_xfoil,,prestall,seed_reference_pending_full_polar_dae11_rescue
dae11,"root,mid1",539941.207632,rough,14.75,1.6313041056322106,0.06717570283209244,-0.09652651962897177,True,ok,julia_xfoil,,prestall,seed_reference_pending_full_polar_dae11_rescue
dae11,"root,mid1",539941.207632,rough,15.0,1.6291827494538833,0.07024305688820626,-0.09580496417027128,True,ok,julia_xfoil,,prestall,seed_reference_pending_full_polar_dae11_rescue
dae11,"root,mid1",539941.207632,rough,15.25,1.632018232413858,0.07274937974751629,-0.09523917734896013,True,ok,julia_xfoil,,prestall,seed_reference_pending_full_polar_dae11_rescue
dae11,"root,mid1",539941.207632,rough,15.5,1.6327517644098197,0.07549793470419072,-0.09466419515990872,True,ok,julia_xfoil,,prestall,seed_reference_pending_full_polar_dae11_rescue
dae11,"root,mid1",539941.207632,rough,15.75,1.6300262419941534,0.07875449730703697,-0.09417300769720827,True,ok,julia_xfoil,,prestall,seed_reference_pending_full_polar_dae11_rescue
dae11,"root,mid1",539941.207632,rough,16.0,1.631729171060384,0.08144616409626851,-0.09375510809681083,True,ok,julia_xfoil,,prestall,seed_reference_pending_full_polar_dae11_rescue
dae11,"root,mid1",539941.207632,rough,16.25,1.633225721584059,0.0841550563430642,-0.0933683823328388,True,ok,julia_xfoil,,prestall,seed_reference_pending_full_polar_dae11_rescue
dae11,"root,mid1",539941.207632,rough,16.5,1.6309071102538322,0.08744557453202886,-0.09309985489745609,True,ok,julia_xfoil,,poststall,seed_reference_pending_full_polar_dae11_rescue
dae11,"root,mid1",539941.207632,rough,16.75,1.6291891090126933,0.09068498489835647,-0.09288400529883496,True,ok,julia_xfoil,,poststall,seed_reference_pending_full_polar_dae11_rescue
dae11,"root,mid1",539941.207632,rough,17.0,1.6288486509538829,0.09375565217791808,-0.09272582470880761,True,ok,julia_xfoil,,poststall,seed_reference_pending_full_polar_dae11_rescue
dae11,"root,mid1",539941.207632,rough,17.25,1.6274797248418762,0.09705375998907233,-0.09273637157160262,True,ok,julia_xfoil,,poststall,seed_reference_pending_full_polar_dae11_rescue
dae11,"root,mid1",539941.207632,rough,17.5,1.6268943443052009,0.10023520928195397,-0.09277154939238927,True,ok,julia_xfoil,,poststall,seed_reference_pending_full_polar_dae11_rescue
dae11,"root,mid1",539941.207632,rough,17.75,1.6250000747452202,0.10359120726800289,-0.09288010896329371,True,ok,julia_xfoil,,poststall,seed_reference_pending_full_polar_dae11_rescue
dae11,"root,mid1",539941.207632,rough,18.0,1.6196600529371046,0.10751365871766448,-0.09319518715228241,True,ok,julia_xfoil,,poststall,seed_reference_pending_full_polar_dae11_rescue
dae11,"root,mid1",539941.2076325249,rough,-6.0,-0.04356528415166315,0.045271725956902174,-0.10183479745627129,True,ok,julia_xfoil,,prestall,seed_reference_pending_full_polar_dae11_rescue
dae11,"root,mid1",539941.2076325249,rough,-5.75,-0.015478015173331604,0.02481531063387927,-0.11820420950245566,True,ok,julia_xfoil,,prestall,seed_reference_pending_full_polar_dae11_rescue
dae11,"root,mid1",539941.2076325249,rough,-5.5,0.011062171991310283,0.02211008179483893,-0.11968878410976808,True,ok,julia_xfoil,,prestall,seed_reference_pending_full_polar_dae11_rescue
dae11,"root,mid1",539941.2076325249,rough,-5.25,0.03842016004376047,0.02033253314379641,-0.12047237018871355,True,ok,julia_xfoil,,prestall,seed_reference_pending_full_polar_dae11_rescue
dae11,"root,mid1",539941.2076325249,rough,-5.0,0.06608738601927457,0.01902505679188216,-0.12099710446766183,True,ok,julia_xfoil,,prestall,seed_reference_pending_full_polar_dae11_rescue
dae11,"root,mid1",539941.2076325249,rough,-4.75,0.09394860843034801,0.018045996633885834,-0.12138156546461575,True,ok,julia_xfoil,,prestall,seed_reference_pending_full_polar_dae11_rescue
dae11,"root,mid1",539941.2076325249,rough,-4.5,0.12193557058156032,0.017295572967857765,-0.12168540122667673,True,ok,julia_xfoil,,prestall,seed_reference_pending_full_polar_dae11_rescue
dae11,"root,mid1",539941.2076325249,rough,-4.25,0.15000414486758726,0.016710322320663884,-0.12194107116693137,True,ok,julia_xfoil,,prestall,seed_reference_pending_full_polar_dae11_rescue
dae11,"root,mid1",539941.2076325249,rough,-4.0,0.1781200702842276,0.016242763303309444,-0.12216716361206074,True,ok,julia_xfoil,,prestall,seed_reference_pending_full_polar_dae11_rescue
dae11,"root,mid1",539941.2076325249,rough,-3.75,0.20627545599342031,0.01585130392854111,-0.12237447422504923,True,ok,julia_xfoil,,prestall,seed_reference_pending_full_polar_dae11_rescue
dae11,"root,mid1",539941.2076325249,rough,-3.5,0.23446003845430782,0.015515373649502855,-0.1225682368495425,True,ok,julia_xfoil,,prestall,seed_reference_pending_full_polar_dae11_rescue
dae11,"root,mid1",539941.2076325249,rough,-3.25,0.2626681466322463,0.015223790897099125,-0.12275365081587557,True,ok,julia_xfoil,,prestall,seed_reference_pending_full_polar_dae11_rescue
dae11,"root,mid1",539941.2076325249,rough,-3.0,0.2908857721093771,0.014983164749291015,-0.12293335897253692,True,ok,julia_xfoil,,prestall,seed_reference_pending_full_polar_dae11_rescue
dae11,"root,mid1",539941.2076325249,rough,-2.75,0.31909529781920143,0.01480090305320418,-0.12310896189953056,True,ok,julia_xfoil,,prestall,seed_reference_pending_full_polar_dae11_rescue
dae11,"root,mid1",539941.2076325249,rough,-2.5,0.34726886152075226,0.014676295668494923,-0.12328072989330413,True,ok,julia_xfoil,,prestall,seed_reference_pending_full_polar_dae11_rescue
dae11,"root,mid1",539941.2076325249,rough,-2.25,0.3754971210478376,0.014407795109457652,-0.12351566532690748,True,ok,julia_xfoil,,prestall,seed_reference_pending_full_polar_dae11_rescue
dae11,"root,mid1",539941.2076325249,rough,-2.0,0.4036533342596237,0.014296254517783661,-0.12371350418253568,True,ok,julia_xfoil,,prestall,seed_reference_pending_full_polar_dae11_rescue
dae11,"root,mid1",539941.2076325249,rough,-1.75,0.4317574481498283,0.014240386821440446,-0.12389322542156508,True,ok,julia_xfoil,,prestall,seed_reference_pending_full_polar_dae11_rescue
dae11,"root,mid1",539941.2076325249,rough,-1.5,0.4597792858432613,0.014227944547530824,-0.12405971106510068,True,ok,julia_xfoil,,prestall,seed_reference_pending_full_polar_dae11_rescue
dae11,"root,mid1",539941.2076325249,rough,-1.25,0.4878331659212724,0.014179794572020973,-0.12423780894733412,True,ok,julia_xfoil,,prestall,seed_reference_pending_full_polar_dae11_rescue
dae11,"root,mid1",539941.2076325249,rough,-1.0,0.5158095184985777,0.014154695945919902,-0.12441433993864226,True,ok,julia_xfoil,,prestall,seed_reference_pending_full_polar_dae11_rescue
dae11,"root,mid1",539941.2076325249,rough,-0.75,0.5436981703756174,0.014166885762304267,-0.12456777755558492,True,ok,julia_xfoil,,prestall,seed_reference_pending_full_polar_dae11_rescue
dae11,"root,mid1",539941.2076325249,rough,-0.5,0.5714807006537588,0.014183053818179038,-0.12473801752068339,True,ok,julia_xfoil,,prestall,seed_reference_pending_full_polar_dae11_rescue
dae11,"root,mid1",539941.2076325249,rough,-0.25,0.5991507243955763,0.014249407020462932,-0.12486653328382195,True,ok,julia_xfoil,,prestall,seed_reference_pending_full_polar_dae11_rescue
dae11,"root,mid1",539941.2076325249,rough,0.0,0.6266621693587244,0.014360964759461973,-0.12496433463179124,True,ok,julia_xfoil,,prestall,seed_reference_pending_full_polar_dae11_rescue
dae11,"root,mid1",539941.2076325249,rough,0.25,0.6540394548045896,0.014483767862092146,-0.12505687408122929,True,ok,julia_xfoil,,prestall,seed_reference_pending_full_polar_dae11_rescue
dae11,"root,mid1",539941.2076325249,rough,0.5,0.6812805341686329,0.014617399659746339,-0.1251407961544543,True,ok,julia_xfoil,,prestall,seed_reference_pending_full_polar_dae11_rescue
dae11,"root,mid1",539941.2076325249,rough,0.75,0.7083750759246108,0.0147617213897522,-0.12521432631609936,True,ok,julia_xfoil,,prestall,seed_reference_pending_full_polar_dae11_rescue
dae11,"root,mid1",539941.2076325249,rough,1.0,0.7353009110986735,0.01491772350673881,-0.12527512346576067,True,ok,julia_xfoil,,prestall,seed_reference_pending_full_polar_dae11_rescue
dae11,"root,mid1",539941.2076325249,rough,1.25,0.7620610116447355,0.015083406318648506,-0.12532363227242752,True,ok,julia_xfoil,,prestall,seed_reference_pending_full_polar_dae11_rescue
dae11,"root,mid1",539941.2076325249,rough,1.5,0.7886413576597434,0.015259388971740792,-0.1253575526894904,True,ok,julia_xfoil,,prestall,seed_reference_pending_full_polar_dae11_rescue
dae11,"root,mid1",539941.2076325249,rough,1.75,0.8150319980279891,0.015445964837557951,-0.12537486565628353,True,ok,julia_xfoil,,prestall,seed_reference_pending_full_polar_dae11_rescue
dae11,"root,mid1",539941.2076325249,rough,2.0,0.8412195071856424,0.015642702480356662,-0.12537460643469767,True,ok,julia_xfoil,,prestall,seed_reference_pending_full_polar_dae11_rescue
dae11,"root,mid1",539941.2076325249,rough,2.25,0.8671793182649643,0.01585053653578536,-0.12535506307982017,True,ok,julia_xfoil,,prestall,seed_reference_pending_full_polar_dae11_rescue
dae11,"root,mid1",539941.2076325249,rough,2.5,0.892887130645315,0.016070502860820114,-0.12531352430251955,True,ok,julia_xfoil,,prestall,seed_reference_pending_full_polar_dae11_rescue
dae11,"root,mid1",539941.2076325249,rough,2.75,0.9183115966183124,0.01630420038363718,-0.12524652721949278,True,ok,julia_xfoil,,prestall,seed_reference_pending_full_polar_dae11_rescue
dae11,"root,mid1",539941.2076325249,rough,3.0,0.9433976070265226,0.01655503920218764,-0.1251486228474169,True,ok,julia_xfoil,,prestall,seed_reference_pending_full_polar_dae11_rescue
dae11,"root,mid1",539941.2076325249,rough,3.25,0.9681301720231945,0.016822068168689808,-0.1250192587988861,True,ok,julia_xfoil,,prestall,seed_reference_pending_full_polar_dae11_rescue
dae11,"root,mid1",539941.2076325249,rough,3.5,0.992463703363796,0.01710716144372801,-0.1248551780851517,True,ok,julia_xfoil,,prestall,seed_reference_pending_full_polar_dae11_rescue
dae11,"root,mid1",539941.2076325249,rough,3.75,1.016340032656826,0.01741321645566936,-0.12465186480451103,True,ok,julia_xfoil,,prestall,seed_reference_pending_full_polar_dae11_rescue
dae11,"root,mid1",539941.2076325249,rough,4.0,1.039708384614366,0.017742390357397293,-0.12440624050690785,True,ok,julia_xfoil,,prestall,seed_reference_pending_full_polar_dae11_rescue
dae11,"root,mid1",539941.2076325249,rough,4.25,1.0624641906328784,0.018101018563598706,-0.12411254082396987,True,ok,julia_xfoil,,prestall,seed_reference_pending_full_polar_dae11_rescue
dae11,"root,mid1",539941.2076325249,rough,4.5,1.0840929855041883,0.018504838600976035,-0.12372311639547537,True,ok,julia_xfoil,,prestall,seed_reference_pending_full_polar_dae11_rescue
dae11,"root,mid1",539941.2076325249,rough,4.75,1.1025184192894606,0.019009540381497846,-0.1230029811107475,True,ok,julia_xfoil,,prestall,seed_reference_pending_full_polar_dae11_rescue
dae11,"root,mid1",539941.2076325249,rough,5.0,1.1227293401351583,0.019580430070012103,-0.1226992244404811,True,ok,julia_xfoil,,prestall,seed_reference_pending_full_polar_dae11_rescue
dae11,"root,mid1",539941.2076325249,rough,5.25,1.1431496775566772,0.020193467118891723,-0.12247369192512018,True,ok,julia_xfoil,,prestall,seed_reference_pending_full_polar_dae11_rescue
dae11,"root,mid1",539941.2076325249,rough,5.5,1.1631121814785805,0.02084635135920749,-0.12221221170832569,True,ok,julia_xfoil,,prestall,seed_reference_pending_full_polar_dae11_rescue
dae11,"root,mid1",539941.2076325249,rough,5.75,1.1825039502820232,0.021522528985974405,-0.1218688661169796,True,ok,julia_xfoil,,prestall,seed_reference_pending_full_polar_dae11_rescue
dae11,"root,mid1",539941.2076325249,rough,6.0,1.2013317617212596,0.022243650500293744,-0.1214874899955123,True,ok,julia_xfoil,,prestall,seed_reference_pending_full_polar_dae11_rescue
dae11,"root,mid1",539941.2076325249,rough,6.25,1.2198479584964126,0.02297414870452288,-0.1210514780682757,True,ok,julia_xfoil,,prestall,seed_reference_pending_full_polar_dae11_rescue
dae11,"root,mid1",539941.2076325249,rough,6.5,1.237600070181391,0.02375725188122229,-0.12055574291829907,True,ok,julia_xfoil,,prestall,seed_reference_pending_full_polar_dae11_rescue
dae11,"root,mid1",539941.2076325249,rough,6.75,1.2550262372698455,0.024554174885477172,-0.1200157069044036,True,ok,julia_xfoil,,prestall,seed_reference_pending_full_polar_dae11_rescue
dae11,"root,mid1",539941.2076325249,rough,7.0,1.2722015734382663,0.025362625092378986,-0.11944154457204705,True,ok,julia_xfoil,,prestall,seed_reference_pending_full_polar_dae11_rescue
dae11,"root,mid1",539941.2076325249,rough,7.25,1.2885577994077622,0.02624435232004321,-0.11883367446191101,True,ok,julia_xfoil,,prestall,seed_reference_pending_full_polar_dae11_rescue
dae11,"root,mid1",539941.2076325249,rough,7.5,1.3045653823714736,0.027126346237921074,-0.1181618439237072,True,ok,julia_xfoil,,prestall,seed_reference_pending_full_polar_dae11_rescue
dae11,"root,mid1",539941.2076325249,rough,7.75,1.320428388042331,0.028009387721552967,-0.1174623008337855,True,ok,julia_xfoil,,prestall,seed_reference_pending_full_polar_dae11_rescue
dae11,"root,mid1",539941.2076325249,rough,8.0,1.3355407753952728,0.028968146227489795,-0.11674209245895488,True,ok,julia_xfoil,,prestall,seed_reference_pending_full_polar_dae11_rescue
dae11,"root,mid1",539941.2076325249,rough,8.25,1.3501162755144207,0.029973398595683445,-0.1159956737643717,True,ok,julia_xfoil,,prestall,seed_reference_pending_full_polar_dae11_rescue
dae11,"root,mid1",539941.2076325249,rough,8.5,1.36463492790622,0.03095850829966735,-0.11521355139501425,True,ok,julia_xfoil,,prestall,seed_reference_pending_full_polar_dae11_rescue
dae11,"root,mid1",539941.2076325249,rough,8.75,1.3788453771630778,0.03195041018934074,-0.11439207935718985,True,ok,julia_xfoil,,prestall,seed_reference_pending_full_polar_dae11_rescue
dae11,"root,mid1",539941.2076325249,rough,9.0,1.3921937758190654,0.03303423205612691,-0.11355324206276893,True,ok,julia_xfoil,,prestall,seed_reference_pending_full_polar_dae11_rescue
dae11,"root,mid1",539941.2076325249,rough,9.25,1.4050198965621028,0.03417444981572568,-0.11270634512195132,True,ok,julia_xfoil,,prestall,seed_reference_pending_full_polar_dae11_rescue
dae11,"root,mid1",539941.2076325249,rough,9.5,1.4181363906331097,0.035278919810201814,-0.11186458897004613,True,ok,julia_xfoil,,prestall,seed_reference_pending_full_polar_dae11_rescue
dae11,"root,mid1",539941.2076325249,rough,9.75,1.4312143458046067,0.03637952245469906,-0.11101859918247674,True,ok,julia_xfoil,,prestall,seed_reference_pending_full_polar_dae11_rescue
dae11,"root,mid1",539941.2076325249,rough,10.0,1.4436752026836839,0.03751675783663594,-0.1101304006069856,True,ok,julia_xfoil,,prestall,seed_reference_pending_full_polar_dae11_rescue
dae11,"root,mid1",539941.2076325249,rough,10.25,1.4546139544845422,0.03881182624386532,-0.1092033972321353,True,ok,julia_xfoil,,prestall,seed_reference_pending_full_polar_dae11_rescue
dae11,"root,mid1",539941.2076325249,rough,10.5,1.4661216656417642,0.04007489201235979,-0.10832931672675396,True,ok,julia_xfoil,,prestall,seed_reference_pending_full_polar_dae11_rescue
dae11,"root,mid1",539941.2076325249,rough,10.75,1.4783090355160449,0.04131015949791175,-0.10752867755614026,True,ok,julia_xfoil,,prestall,seed_reference_pending_full_polar_dae11_rescue
dae11,"root,mid1",539941.2076325249,rough,11.0,1.4906015527384744,0.042556514140850585,-0.10676238265180052,True,ok,julia_xfoil,,prestall,seed_reference_pending_full_polar_dae11_rescue
dae11,"root,mid1",539941.2076325249,rough,11.25,1.502360018051421,0.04387236202960999,-0.10600290150447067,True,ok,julia_xfoil,,prestall,seed_reference_pending_full_polar_dae11_rescue
dae11,"root,mid1",539941.2076325249,rough,11.5,1.5127607245557109,0.04536671675648544,-0.1052474150662835,True,ok,julia_xfoil,,prestall,seed_reference_pending_full_polar_dae11_rescue
dae11,"root,mid1",539941.2076325249,rough,11.75,1.523430723721348,0.04680245977388691,-0.10447798871421525,True,ok,julia_xfoil,,prestall,seed_reference_pending_full_polar_dae11_rescue
dae11,"root,mid1",539941.2076325249,rough,12.0,1.534456752939097,0.04820748986867531,-0.10373230078392637,True,ok,julia_xfoil,,prestall,seed_reference_pending_full_polar_dae11_rescue
dae11,"root,mid1",539941.2076325249,rough,12.25,1.5453465443639292,0.04963234432276286,-0.10299783325570994,True,ok,julia_xfoil,,prestall,seed_reference_pending_full_polar_dae11_rescue
dae11,"root,mid1",539941.2076325249,rough,12.5,1.5556452504132587,0.051151459523277897,-0.10228703760191502,True,ok,julia_xfoil,,prestall,seed_reference_pending_full_polar_dae11_rescue
dae11,"root,mid1",539941.2076325249,rough,12.75,1.5645125664703732,0.05287119488281734,-0.10159353016542429,True,ok,julia_xfoil,,prestall,seed_reference_pending_full_polar_dae11_rescue
dae11,"root,mid1",539941.2076325249,rough,13.0,1.5739963392583807,0.05450895018891713,-0.10091493977288624,True,ok,julia_xfoil,,prestall,seed_reference_pending_full_polar_dae11_rescue
dae11,"root,mid1",539941.2076325249,rough,13.25,1.583794015254826,0.05611388216954922,-0.10025800883134295,True,ok,julia_xfoil,,prestall,seed_reference_pending_full_polar_dae11_rescue
dae11,"root,mid1",539941.2076325249,rough,13.5,1.5934902612435562,0.05774143299660186,-0.09962243437626384,True,ok,julia_xfoil,,prestall,seed_reference_pending_full_polar_dae11_rescue
dae11,"root,mid1",539941.2076325249,rough,13.75,1.6018085545610035,0.05953761442689244,-0.09898612060504827,True,ok,julia_xfoil,,prestall,seed_reference_pending_full_polar_dae11_rescue
dae11,"root,mid1",539941.2076325249,rough,14.0,1.6087086204819125,0.061488514650039724,-0.09833370574153702,True,ok,julia_xfoil,,prestall,seed_reference_pending_full_polar_dae11_rescue
dae11,"root,mid1",539941.2076325249,rough,14.25,1.616695748527557,0.06332447891243616,-0.09771970146839057,True,ok,julia_xfoil,,prestall,seed_reference_pending_full_polar_dae11_rescue
dae11,"root,mid1",539941.2076325249,rough,14.5,1.624734249395523,0.06516079520170161,-0.09712603721907934,True,ok,julia_xfoil,,prestall,seed_reference_pending_full_polar_dae11_rescue
dae11,"root,mid1",539941.2076325249,rough,14.75,1.6313041056322726,0.06717570283208535,-0.09652651962897528,True,ok,julia_xfoil,,prestall,seed_reference_pending_full_polar_dae11_rescue
dae11,"root,mid1",539941.2076325249,rough,15.0,1.6291827494539621,0.07024305688819706,-0.09580496417027504,True,ok,julia_xfoil,,prestall,seed_reference_pending_full_polar_dae11_rescue
dae11,"root,mid1",539941.2076325249,rough,15.25,1.632018232413938,0.07274937974750723,-0.09523917734896391,True,ok,julia_xfoil,,prestall,seed_reference_pending_full_polar_dae11_rescue
dae11,"root,mid1",539941.2076325249,rough,15.5,1.6327517644098877,0.07549793470418271,-0.09466419515991188,True,ok,julia_xfoil,,prestall,seed_reference_pending_full_polar_dae11_rescue
dae11,"root,mid1",539941.2076325249,rough,15.75,1.6300262419942366,0.07875449730702704,-0.09417300769721132,True,ok,julia_xfoil,,prestall,seed_reference_pending_full_polar_dae11_rescue
dae11,"root,mid1",539941.2076325249,rough,16.0,1.6317291710604873,0.08144616409625628,-0.0937551080968144,True,ok,julia_xfoil,,prestall,seed_reference_pending_full_polar_dae11_rescue
dae11,"root,mid1",539941.2076325249,rough,16.25,1.633225721584154,0.0841550563430528,-0.09336838233284178,True,ok,julia_xfoil,,prestall,seed_reference_pending_full_polar_dae11_rescue
dae11,"root,mid1",539941.2076325249,rough,16.5,1.630907110253916,0.08744557453201826,-0.09309985489745858,True,ok,julia_xfoil,,poststall,seed_reference_pending_full_polar_dae11_rescue
dae11,"root,mid1",539941.2076325249,rough,16.75,1.6291891090127748,0.09068498489834603,-0.09288400529883696,True,ok,julia_xfoil,,poststall,seed_reference_pending_full_polar_dae11_rescue
dae11,"root,mid1",539941.2076325249,rough,17.0,1.6288486509540132,0.09375565217790155,-0.09272582470881013,True,ok,julia_xfoil,,poststall,seed_reference_pending_full_polar_dae11_rescue
dae11,"root,mid1",539941.2076325249,rough,17.25,1.6274797248419945,0.09705375998905665,-0.09273637157160401,True,ok,julia_xfoil,,poststall,seed_reference_pending_full_polar_dae11_rescue
dae11,"root,mid1",539941.2076325249,rough,17.5,1.626894344305298,0.10023520928194096,-0.09277154939239043,True,ok,julia_xfoil,,poststall,seed_reference_pending_full_polar_dae11_rescue
dae11,"root,mid1",539941.2076325249,rough,17.75,1.625000074745313,0.1035912072679902,-0.09288010896329461,True,ok,julia_xfoil,,poststall,seed_reference_pending_full_polar_dae11_rescue
dae11,"root,mid1",539941.2076325249,rough,18.0,1.619660052937185,0.10751365871765378,-0.09319518715228339,True,ok,julia_xfoil,,poststall,seed_reference_pending_full_polar_dae11_rescue
dae11,"root,mid1",600000.0,rough,-6.0,-0.04382829688948287,0.04501547188742693,-0.10222555751051426,True,ok,julia_xfoil,,prestall,seed_reference_pending_full_polar_dae11_rescue
dae11,"root,mid1",600000.0,rough,-5.75,-0.015033972768163336,0.02452181169587558,-0.11822342135243546,True,ok,julia_xfoil,,prestall,seed_reference_pending_full_polar_dae11_rescue
dae11,"root,mid1",600000.0,rough,-5.5,0.012336547872744177,0.022968689079627267,-0.11915767885653582,True,ok,julia_xfoil,,prestall,seed_reference_pending_full_polar_dae11_rescue
dae11,"root,mid1",600000.0,rough,-5.25,0.03944459379934052,0.020658730935033436,-0.12024919947118033,True,ok,julia_xfoil,,prestall,seed_reference_pending_full_polar_dae11_rescue
dae11,"root,mid1",600000.0,rough,-5.0,0.0669621479711387,0.01900802890638653,-0.12091284277616861,True,ok,julia_xfoil,,prestall,seed_reference_pending_full_polar_dae11_rescue
dae11,"root,mid1",600000.0,rough,-4.75,0.09469077410117965,0.01766071548740914,-0.1213932468080517,True,ok,julia_xfoil,,prestall,seed_reference_pending_full_polar_dae11_rescue
dae11,"root,mid1",600000.0,rough,-4.5,0.12259690674619926,0.01665530882613675,-0.12174381515778997,True,ok,julia_xfoil,,prestall,seed_reference_pending_full_polar_dae11_rescue
dae11,"root,mid1",600000.0,rough,-4.25,0.1506549743872971,0.01596422615380206,-0.12201883373572146,True,ok,julia_xfoil,,prestall,seed_reference_pending_full_polar_dae11_rescue
dae11,"root,mid1",600000.0,rough,-4.0,0.17881948908648757,0.015507215043630642,-0.12225442281748503,True,ok,julia_xfoil,,prestall,seed_reference_pending_full_polar_dae11_rescue
dae11,"root,mid1",600000.0,rough,-3.75,0.20704215718951532,0.015187351278650488,-0.12246842593965553,True,ok,julia_xfoil,,prestall,seed_reference_pending_full_polar_dae11_rescue
dae11,"root,mid1",600000.0,rough,-3.5,0.23529239761756188,0.014932258512340625,-0.12266937798934548,True,ok,julia_xfoil,,prestall,seed_reference_pending_full_polar_dae11_rescue
dae11,"root,mid1",600000.0,rough,-3.25,0.2635585849230577,0.014709231296889618,-0.12286222153787703,True,ok,julia_xfoil,,prestall,seed_reference_pending_full_polar_dae11_rescue
dae11,"root,mid1",600000.0,rough,-3.0,0.2918365143220214,0.014511999939543758,-0.12305013238421056,True,ok,julia_xfoil,,prestall,seed_reference_pending_full_polar_dae11_rescue
dae11,"root,mid1",600000.0,rough,-2.75,0.3201147145503988,0.014349147022915135,-0.12323483456774775,True,ok,julia_xfoil,,prestall,seed_reference_pending_full_polar_dae11_rescue
dae11,"root,mid1",600000.0,rough,-2.5,0.34837098237610553,0.014229028486204512,-0.12341607324462646,True,ok,julia_xfoil,,prestall,seed_reference_pending_full_polar_dae11_rescue
dae11,"root,mid1",600000.0,rough,-2.25,0.3765987480518215,0.014136669716967006,-0.12359744697533452,True,ok,julia_xfoil,,prestall,seed_reference_pending_full_polar_dae11_rescue
dae11,"root,mid1",600000.0,rough,-2.0,0.4048946465332773,0.013935219115672247,-0.12382627203782592,True,ok,julia_xfoil,,prestall,seed_reference_pending_full_polar_dae11_rescue
dae11,"root,mid1",600000.0,rough,-1.75,0.43306856928905474,0.013871708977415529,-0.12401721932860324,True,ok,julia_xfoil,,prestall,seed_reference_pending_full_polar_dae11_rescue
dae11,"root,mid1",600000.0,rough,-1.5,0.4611571426871969,0.013856615362228647,-0.124193624403935,True,ok,julia_xfoil,,prestall,seed_reference_pending_full_polar_dae11_rescue
dae11,"root,mid1",600000.0,rough,-1.25,0.489174888097196,0.013875312031039552,-0.12435492781275428,True,ok,julia_xfoil,,prestall,seed_reference_pending_full_polar_dae11_rescue
dae11,"root,mid1",600000.0,rough,-1.0,0.5172691417492705,0.013819729264137758,-0.12454941417257427,True,ok,julia_xfoil,,prestall,seed_reference_pending_full_polar_dae11_rescue
dae11,"root,mid1",600000.0,rough,-0.75,0.5452035291596868,0.01384691796265475,-0.12470702031558577,True,ok,julia_xfoil,,prestall,seed_reference_pending_full_polar_dae11_rescue
dae11,"root,mid1",600000.0,rough,-0.5,0.5730959301438482,0.013850226391563917,-0.12488990350837915,True,ok,julia_xfoil,,prestall,seed_reference_pending_full_polar_dae11_rescue
dae11,"root,mid1",600000.0,rough,-0.25,0.6008462319003477,0.013909847692914654,-0.1250354825556593,True,ok,julia_xfoil,,prestall,seed_reference_pending_full_polar_dae11_rescue
dae11,"root,mid1",600000.0,rough,0.0,0.6284415206372443,0.014020007338955757,-0.12514292646455927,True,ok,julia_xfoil,,prestall,seed_reference_pending_full_polar_dae11_rescue
dae11,"root,mid1",600000.0,rough,0.25,0.6559065410914241,0.01414170087284415,-0.1252447717366357,True,ok,julia_xfoil,,prestall,seed_reference_pending_full_polar_dae11_rescue
dae11,"root,mid1",600000.0,rough,0.5,0.6832460304013621,0.014272496064772093,-0.1253398271412961,True,ok,julia_xfoil,,prestall,seed_reference_pending_full_polar_dae11_rescue
dae11,"root,mid1",600000.0,rough,0.75,0.7104551116539799,0.014411752515926052,-0.12542689914577032,True,ok,julia_xfoil,,prestall,seed_reference_pending_full_polar_dae11_rescue
dae11,"root,mid1",600000.0,rough,1.0,0.7375213588852021,0.01456040042605037,-0.1255033291947434,True,ok,julia_xfoil,,prestall,seed_reference_pending_full_polar_dae11_rescue
dae11,"root,mid1",600000.0,rough,1.25,0.7644313649795704,0.014719197559993364,-0.125567173862131,True,ok,julia_xfoil,,prestall,seed_reference_pending_full_polar_dae11_rescue
dae11,"root,mid1",600000.0,rough,1.5,0.791170596795852,0.014887948792348706,-0.12561743044397908,True,ok,julia_xfoil,,prestall,seed_reference_pending_full_polar_dae11_rescue
dae11,"root,mid1",600000.0,rough,1.75,0.8177139158725157,0.015068006306261343,-0.1256516941642495,True,ok,julia_xfoil,,prestall,seed_reference_pending_full_polar_dae11_rescue
dae11,"root,mid1",600000.0,rough,2.0,0.8440600077777995,0.015258205101501755,-0.12566939959695733,True,ok,julia_xfoil,,prestall,seed_reference_pending_full_polar_dae11_rescue
dae11,"root,mid1",600000.0,rough,2.25,0.870188698677508,0.015459412526342928,-0.12566837091039837,True,ok,julia_xfoil,,prestall,seed_reference_pending_full_polar_dae11_rescue
dae11,"root,mid1",600000.0,rough,2.5,0.8960793057342376,0.015672689127282865,-0.12564568494197226,True,ok,julia_xfoil,,prestall,seed_reference_pending_full_polar_dae11_rescue
dae11,"root,mid1",600000.0,rough,2.75,0.9217245186193891,0.015896803383912434,-0.1256010731957613,True,ok,julia_xfoil,,prestall,seed_reference_pending_full_polar_dae11_rescue
dae11,"root,mid1",600000.0,rough,3.0,0.9470839911038059,0.016133958532020952,-0.1255310019965549,True,ok,julia_xfoil,,prestall,seed_reference_pending_full_polar_dae11_rescue
dae11,"root,mid1",600000.0,rough,3.25,0.9721238131060304,0.0163855063232369,-0.12543249950825108,True,ok,julia_xfoil,,prestall,seed_reference_pending_full_polar_dae11_rescue
dae11,"root,mid1",600000.0,rough,3.5,0.9968031158340459,0.016653356575252798,-0.1253016597889931,True,ok,julia_xfoil,,prestall,seed_reference_pending_full_polar_dae11_rescue
dae11,"root,mid1",600000.0,rough,3.75,1.0210669601724158,0.016940422474488518,-0.12513351711563275,True,ok,julia_xfoil,,prestall,seed_reference_pending_full_polar_dae11_rescue
dae11,"root,mid1",600000.0,rough,4.0,1.0448265076686711,0.017251555027232385,-0.12492153626930787,True,ok,julia_xfoil,,prestall,seed_reference_pending_full_polar_dae11_rescue
dae11,"root,mid1",600000.0,rough,4.25,1.068032068704691,0.017588395800070083,-0.1246639321575596,True,ok,julia_xfoil,,prestall,seed_reference_pending_full_polar_dae11_rescue
dae11,"root,mid1",600000.0,rough,4.5,1.0905833913919534,0.017956715987616362,-0.12435631374965225,True,ok,julia_xfoil,,prestall,seed_reference_pending_full_polar_dae11_rescue
dae11,"root,mid1",600000.0,rough,4.75,1.1111767712755423,0.018385905359353815,-0.12384875826925562,True,ok,julia_xfoil,,prestall,seed_reference_pending_full_polar_dae11_rescue
dae11,"root,mid1",600000.0,rough,5.0,1.1296648607738733,0.018923368350955407,-0.12320211347421142,True,ok,julia_xfoil,,prestall,seed_reference_pending_full_polar_dae11_rescue
dae11,"root,mid1",600000.0,rough,5.25,1.1502631099361051,0.019509071595168122,-0.12298516067864024,True,ok,julia_xfoil,,prestall,seed_reference_pending_full_polar_dae11_rescue
dae11,"root,mid1",600000.0,rough,5.5,1.1705871089180162,0.020129853981111657,-0.12275248488303492,True,ok,julia_xfoil,,prestall,seed_reference_pending_full_polar_dae11_rescue
dae11,"root,mid1",600000.0,rough,5.75,1.1903985349141162,0.020790579246732624,-0.12247856782957463,True,ok,julia_xfoil,,prestall,seed_reference_pending_full_polar_dae11_rescue
dae11,"root,mid1",600000.0,rough,6.0,1.2096569350511523,0.021474022507089015,-0.12212462783066971,True,ok,julia_xfoil,,prestall,seed_reference_pending_full_polar_dae11_rescue
dae11,"root,mid1",600000.0,rough,6.25,1.228401668720841,0.02219958460944095,-0.12173633033836172,True,ok,julia_xfoil,,prestall,seed_reference_pending_full_polar_dae11_rescue
dae11,"root,mid1",600000.0,rough,6.5,1.2467682685327037,0.02293605861115343,-0.12128364587377578,True,ok,julia_xfoil,,prestall,seed_reference_pending_full_polar_dae11_rescue
dae11,"root,mid1",600000.0,rough,6.75,1.2642669900752341,0.023737067281063003,-0.120771818555005,True,ok,julia_xfoil,,prestall,seed_reference_pending_full_polar_dae11_rescue
dae11,"root,mid1",600000.0,rough,7.0,1.281559041974041,0.024540245410460272,-0.12021747161122606,True,ok,julia_xfoil,,prestall,seed_reference_pending_full_polar_dae11_rescue
dae11,"root,mid1",600000.0,rough,7.25,1.2984545671371586,0.02537260324697127,-0.11963194965577686,True,ok,julia_xfoil,,prestall,seed_reference_pending_full_polar_dae11_rescue
dae11,"root,mid1",600000.0,rough,7.5,1.314505433778595,0.02627123002229983,-0.11899679949487306,True,ok,julia_xfoil,,prestall,seed_reference_pending_full_polar_dae11_rescue
dae11,"root,mid1",600000.0,rough,7.75,1.3303531536565856,0.0271587768390658,-0.11830527968430514,True,ok,julia_xfoil,,prestall,seed_reference_pending_full_polar_dae11_rescue
dae11,"root,mid1",600000.0,rough,8.0,1.3460261202410158,0.028054318022039046,-0.11759242801912836,True,ok,julia_xfoil,,prestall,seed_reference_pending_full_polar_dae11_rescue
dae11,"root,mid1",600000.0,rough,8.25,1.360752476080295,0.029048916213772577,-0.11686067354473653,True,ok,julia_xfoil,,prestall,seed_reference_pending_full_polar_dae11_rescue
dae11,"root,mid1",600000.0,rough,8.5,1.3753235461680713,0.030047577551615533,-0.11610857491402851,True,ok,julia_xfoil,,prestall,seed_reference_pending_full_polar_dae11_rescue
dae11,"root,mid1",600000.0,rough,8.75,1.389727380650062,0.03102954538149199,-0.11530818850095981,True,ok,julia_xfoil,,prestall,seed_reference_pending_full_polar_dae11_rescue
dae11,"root,mid1",600000.0,rough,9.0,1.4038310718216938,0.03202624936652947,-0.11447995240568691,True,ok,julia_xfoil,,prestall,seed_reference_pending_full_polar_dae11_rescue
dae11,"root,mid1",600000.0,rough,9.25,1.4167370825604415,0.03315320879087901,-0.1136302472588914,True,ok,julia_xfoil,,prestall,seed_reference_pending_full_polar_dae11_rescue
dae11,"root,mid1",600000.0,rough,9.5,1.4295978162212117,0.034284065079988636,-0.11278180335259179,True,ok,julia_xfoil,,prestall,seed_reference_pending_full_polar_dae11_rescue
dae11,"root,mid1",600000.0,rough,9.75,1.4426955266225743,0.03538316674261753,-0.11193642512733928,True,ok,julia_xfoil,,prestall,seed_reference_pending_full_polar_dae11_rescue
dae11,"root,mid1",600000.0,rough,10.0,1.455603551037551,0.036489933569035966,-0.11107721032108833,True,ok,julia_xfoil,,prestall,seed_reference_pending_full_polar_dae11_rescue
dae11,"root,mid1",600000.0,rough,10.25,1.4674437020576103,0.03767816420829153,-0.11015899072249545,True,ok,julia_xfoil,,prestall,seed_reference_pending_full_polar_dae11_rescue
dae11,"root,mid1",600000.0,rough,10.5,1.4780972621055144,0.03899758311116811,-0.10922061971043018,True,ok,julia_xfoil,,prestall,seed_reference_pending_full_polar_dae11_rescue
dae11,"root,mid1",600000.0,rough,10.75,1.4898366773830816,0.040255547503046996,-0.10837778107187791,True,ok,julia_xfoil,,prestall,seed_reference_pending_full_polar_dae11_rescue
dae11,"root,mid1",600000.0,rough,11.0,1.5019968027097665,0.04149637869208979,-0.10758368294958066,True,ok,julia_xfoil,,prestall,seed_reference_pending_full_polar_dae11_rescue
dae11,"root,mid1",600000.0,rough,11.25,1.5141210124686053,0.042758374468136684,-0.10681482039384407,True,ok,julia_xfoil,,prestall,seed_reference_pending_full_polar_dae11_rescue
dae11,"root,mid1",600000.0,rough,11.5,1.5252775075941118,0.04414828021047783,-0.10605249149716714,True,ok,julia_xfoil,,prestall,seed_reference_pending_full_polar_dae11_rescue
dae11,"root,mid1",600000.0,rough,11.75,1.5354916081650838,0.0456501319289317,-0.10528472913219351,True,ok,julia_xfoil,,prestall,seed_reference_pending_full_polar_dae11_rescue
dae11,"root,mid1",600000.0,rough,12.0,1.546335695906069,0.04706583384633559,-0.10452438672656225,True,ok,julia_xfoil,,prestall,seed_reference_pending_full_polar_dae11_rescue
dae11,"root,mid1",600000.0,rough,12.25,1.5573133152278267,0.04846834495234799,-0.10377685942238503,True,ok,julia_xfoil,,prestall,seed_reference_pending_full_polar_dae11_rescue
dae11,"root,mid1",600000.0,rough,12.5,1.5680736410258436,0.04990270385731567,-0.10304201756224249,True,ok,julia_xfoil,,prestall,seed_reference_pending_full_polar_dae11_rescue
dae11,"root,mid1",600000.0,rough,12.75,1.5777907963071494,0.05150361402022883,-0.10233993722093974,True,ok,julia_xfoil,,prestall,seed_reference_pending_full_polar_dae11_rescue
dae11,"root,mid1",600000.0,rough,13.0,1.5866282874650175,0.05321642264782637,-0.10164310590193107,True,ok,julia_xfoil,,prestall,seed_reference_pending_full_polar_dae11_rescue
dae11,"root,mid1",600000.0,rough,13.25,1.5961945463143965,0.054834103024716654,-0.10096426283475297,True,ok,julia_xfoil,,prestall,seed_reference_pending_full_polar_dae11_rescue
dae11,"root,mid1",600000.0,rough,13.5,1.6060573737518777,0.05643500112435229,-0.10031812571072812,True,ok,julia_xfoil,,prestall,seed_reference_pending_full_polar_dae11_rescue
dae11,"root,mid1",600000.0,rough,13.75,1.6155298628163406,0.05807836216622436,-0.09967720344405356,True,ok,julia_xfoil,,prestall,seed_reference_pending_full_polar_dae11_rescue
dae11,"root,mid1",600000.0,rough,14.0,1.6228474492573413,0.059988169319136656,-0.09902897447101139,True,ok,julia_xfoil,,prestall,seed_reference_pending_full_polar_dae11_rescue
dae11,"root,mid1",600000.0,rough,14.25,1.6300340403161118,0.061898920179750065,-0.09838076006798391,True,ok,julia_xfoil,,prestall,seed_reference_pending_full_polar_dae11_rescue
dae11,"root,mid1",600000.0,rough,14.5,1.637608629698268,0.06376931258294294,-0.09774970907136589,True,ok,julia_xfoil,,prestall,seed_reference_pending_full_polar_dae11_rescue
dae11,"root,mid1",600000.0,rough,14.75,1.6378956128174478,0.06642741797947717,-0.09689861093381588,True,ok,julia_xfoil,,prestall,seed_reference_pending_full_polar_dae11_rescue
dae11,"root,mid1",600000.0,rough,15.0,1.6393136004262558,0.0690718818496045,-0.09625049175957626,True,ok,julia_xfoil,,prestall,seed_reference_pending_full_polar_dae11_rescue
dae11,"root,mid1",600000.0,rough,15.25,1.6398981558430663,0.07183573899833845,-0.09562100089895118,True,ok,julia_xfoil,,prestall,seed_reference_pending_full_polar_dae11_rescue
dae11,"root,mid1",600000.0,rough,15.5,1.6400658224422016,0.07463659639051635,-0.09500115490450034,True,ok,julia_xfoil,,prestall,seed_reference_pending_full_polar_dae11_rescue
dae11,"root,mid1",600000.0,rough,15.75,1.6415510694091848,0.07736006317213326,-0.09454071742024435,True,ok,julia_xfoil,,prestall,seed_reference_pending_full_polar_dae11_rescue
dae11,"root,mid1",600000.0,rough,16.0,1.6424291667450293,0.08017922465389128,-0.0941283770680392,True,ok,julia_xfoil,,prestall,seed_reference_pending_full_polar_dae11_rescue
dae11,"root,mid1",600000.0,rough,16.25,1.642754053121814,0.08300605801491451,-0.093693097751964,True,ok,julia_xfoil,,prestall,seed_reference_pending_full_polar_dae11_rescue
dae11,"root,mid1",600000.0,rough,16.5,1.6406278248962016,0.08621681796560994,-0.09335180594589773,True,ok,julia_xfoil,,poststall,seed_reference_pending_full_polar_dae11_rescue
dae11,"root,mid1",600000.0,rough,16.75,1.6399290571659106,0.08932743987213813,-0.09313021485060848,True,ok,julia_xfoil,,poststall,seed_reference_pending_full_polar_dae11_rescue
dae11,"root,mid1",600000.0,rough,17.0,1.6412250066294947,0.09216814231096407,-0.09295287995082571,True,ok,julia_xfoil,,poststall,seed_reference_pending_full_polar_dae11_rescue
dae11,"root,mid1",600000.0,rough,17.25,1.6396245350791134,0.09544211255348395,-0.09288670659990607,True,ok,julia_xfoil,,poststall,seed_reference_pending_full_polar_dae11_rescue
dae11,"root,mid1",600000.0,rough,17.5,1.6365618756525573,0.09895790716858881,-0.09292418335239473,True,ok,julia_xfoil,,poststall,seed_reference_pending_full_polar_dae11_rescue
dae11,"root,mid1",600000.0,rough,17.75,1.6343361977940987,0.10233859813214193,-0.09298725815376642,True,ok,julia_xfoil,,poststall,seed_reference_pending_full_polar_dae11_rescue
dae11,"root,mid1",600000.0,rough,18.0,1.630976477839085,0.10596725038972835,-0.09322576276982945,True,ok,julia_xfoil,,poststall,seed_reference_pending_full_polar_dae11_rescue
dae11,"root,mid1",700000.0,rough,-6.0,-0.04254834002421232,0.02354562758364712,-0.1184312052617738,True,ok,julia_xfoil,,prestall,seed_reference_pending_full_polar_dae11_rescue
dae11,"root,mid1",700000.0,rough,-5.75,-0.01554375712635484,0.021501631933113448,-0.11950690946311504,True,ok,julia_xfoil,,prestall,seed_reference_pending_full_polar_dae11_rescue
dae11,"root,mid1",700000.0,rough,-5.5,0.011970658375058814,0.02023150526298368,-0.12015599050339883,True,ok,julia_xfoil,,prestall,seed_reference_pending_full_polar_dae11_rescue
dae11,"root,mid1",700000.0,rough,-5.25,0.03963060217148991,0.018999474336508393,-0.12071343312435141,True,ok,julia_xfoil,,prestall,seed_reference_pending_full_polar_dae11_rescue
dae11,"root,mid1",700000.0,rough,-5.0,0.06743717837540697,0.017836084974210322,-0.12117747327155477,True,ok,julia_xfoil,,prestall,seed_reference_pending_full_polar_dae11_rescue
dae11,"root,mid1",700000.0,rough,-4.75,0.09543371861067353,0.016954680606777135,-0.12152624193039022,True,ok,julia_xfoil,,prestall,seed_reference_pending_full_polar_dae11_rescue
dae11,"root,mid1",700000.0,rough,-4.5,0.12355046225887552,0.01627093168040939,-0.12180921789239774,True,ok,julia_xfoil,,prestall,seed_reference_pending_full_polar_dae11_rescue
dae11,"root,mid1",700000.0,rough,-4.25,0.15174586373999427,0.015732024288048027,-0.12205366833242519,True,ok,julia_xfoil,,prestall,seed_reference_pending_full_polar_dae11_rescue
dae11,"root,mid1",700000.0,rough,-4.0,0.17989957513616606,0.015046563742206446,-0.122316562488646,True,ok,julia_xfoil,,prestall,seed_reference_pending_full_polar_dae11_rescue
dae11,"root,mid1",700000.0,rough,-3.75,0.20811178222841634,0.014422640228460022,-0.12258817236043666,True,ok,julia_xfoil,,prestall,seed_reference_pending_full_polar_dae11_rescue
dae11,"root,mid1",700000.0,rough,-3.5,0.2364522712158863,0.01416110100713327,-0.12280930423034217,True,ok,julia_xfoil,,prestall,seed_reference_pending_full_polar_dae11_rescue
dae11,"root,mid1",700000.0,rough,-3.25,0.2648073219135901,0.014003540060262337,-0.12301172451490272,True,ok,julia_xfoil,,prestall,seed_reference_pending_full_polar_dae11_rescue
dae11,"root,mid1",700000.0,rough,-3.0,0.2931667381457125,0.013866089966037777,-0.12320854916049534,True,ok,julia_xfoil,,prestall,seed_reference_pending_full_polar_dae11_rescue
dae11,"root,mid1",700000.0,rough,-2.75,0.3215284877176184,0.013742750815501728,-0.12340183306677302,True,ok,julia_xfoil,,prestall,seed_reference_pending_full_polar_dae11_rescue
dae11,"root,mid1",700000.0,rough,-2.5,0.349877075290299,0.013641701288261282,-0.12359229524848878,True,ok,julia_xfoil,,prestall,seed_reference_pending_full_polar_dae11_rescue
dae11,"root,mid1",700000.0,rough,-2.25,0.3781987100712636,0.013567568254580702,-0.12377954379672015,True,ok,julia_xfoil,,prestall,seed_reference_pending_full_polar_dae11_rescue
dae11,"root,mid1",700000.0,rough,-2.0,0.4064694639839654,0.01352392397905256,-0.12396211640943945,True,ok,julia_xfoil,,prestall,seed_reference_pending_full_polar_dae11_rescue
dae11,"root,mid1",700000.0,rough,-1.75,0.4348197175194075,0.013389199491869563,-0.12417787849895076,True,ok,julia_xfoil,,prestall,seed_reference_pending_full_polar_dae11_rescue
dae11,"root,mid1",700000.0,rough,-1.5,0.4630258436931277,0.013359087896904284,-0.1243684454217414,True,ok,julia_xfoil,,prestall,seed_reference_pending_full_polar_dae11_rescue
dae11,"root,mid1",700000.0,rough,-1.25,0.49114172322075317,0.013370687781514446,-0.12454698454814334,True,ok,julia_xfoil,,prestall,seed_reference_pending_full_polar_dae11_rescue
dae11,"root,mid1",700000.0,rough,-1.0,0.5192637082805533,0.013364904329502993,-0.12472804941739517,True,ok,julia_xfoil,,prestall,seed_reference_pending_full_polar_dae11_rescue
dae11,"root,mid1",700000.0,rough,-0.75,0.5472983586964297,0.01337854642191722,-0.12490946656850441,True,ok,julia_xfoil,,prestall,seed_reference_pending_full_polar_dae11_rescue
dae11,"root,mid1",700000.0,rough,-0.5,0.575275371631951,0.013394825297398827,-0.12509437942594123,True,ok,julia_xfoil,,prestall,seed_reference_pending_full_polar_dae11_rescue
dae11,"root,mid1",700000.0,rough,-0.25,0.6031450150117564,0.013441738411562975,-0.12526462958583828,True,ok,julia_xfoil,,prestall,seed_reference_pending_full_polar_dae11_rescue
dae11,"root,mid1",700000.0,rough,0.0,0.6308672568683507,0.013548073089272385,-0.1253861169530471,True,ok,julia_xfoil,,prestall,seed_reference_pending_full_polar_dae11_rescue
dae11,"root,mid1",700000.0,rough,0.25,0.6584694312605145,0.01366414286157347,-0.12550415529529144,True,ok,julia_xfoil,,prestall,seed_reference_pending_full_polar_dae11_rescue
dae11,"root,mid1",700000.0,rough,0.5,0.6859505516773012,0.013789442959793506,-0.12561573087986264,True,ok,julia_xfoil,,prestall,seed_reference_pending_full_polar_dae11_rescue
dae11,"root,mid1",700000.0,rough,0.75,0.7133062648022404,0.013923988850475749,-0.1257189094579288,True,ok,julia_xfoil,,prestall,seed_reference_pending_full_polar_dae11_rescue
dae11,"root,mid1",700000.0,rough,1.0,0.7405366248424897,0.014066592308368826,-0.12581298748154027,True,ok,julia_xfoil,,prestall,seed_reference_pending_full_polar_dae11_rescue
dae11,"root,mid1",700000.0,rough,1.25,0.7676249421859803,0.014217815109493017,-0.12589661766961582,True,ok,julia_xfoil,,prestall,seed_reference_pending_full_polar_dae11_rescue
dae11,"root,mid1",700000.0,rough,1.5,0.7945610661529168,0.014377471429768697,-0.12596898072200874,True,ok,julia_xfoil,,prestall,seed_reference_pending_full_polar_dae11_rescue
dae11,"root,mid1",700000.0,rough,1.75,0.8213329923055998,0.014546006092024485,-0.126028334061012,True,ok,julia_xfoil,,prestall,seed_reference_pending_full_polar_dae11_rescue
dae11,"root,mid1",700000.0,rough,2.0,0.847919266887902,0.014724818473918927,-0.12607192818431653,True,ok,julia_xfoil,,prestall,seed_reference_pending_full_polar_dae11_rescue
dae11,"root,mid1",700000.0,rough,2.25,0.8742957775996045,0.014915442355282436,-0.1260969844952532,True,ok,julia_xfoil,,prestall,seed_reference_pending_full_polar_dae11_rescue
dae11,"root,mid1",700000.0,rough,2.5,0.9004578551324677,0.015116538362026019,-0.12610326150031467,True,ok,julia_xfoil,,prestall,seed_reference_pending_full_polar_dae11_rescue
dae11,"root,mid1",700000.0,rough,2.75,0.9263848418756271,0.015328766391787619,-0.1260886259661689,True,ok,julia_xfoil,,prestall,seed_reference_pending_full_polar_dae11_rescue
dae11,"root,mid1",700000.0,rough,3.0,0.9520549515246995,0.015552529925341807,-0.12605134186561207,True,ok,julia_xfoil,,prestall,seed_reference_pending_full_polar_dae11_rescue
dae11,"root,mid1",700000.0,rough,3.25,0.9774522456741414,0.015788071712495095,-0.1259892091002919,True,ok,julia_xfoil,,prestall,seed_reference_pending_full_polar_dae11_rescue
dae11,"root,mid1",700000.0,rough,3.5,1.0025351987572437,0.0160376085155681,-0.12589821921635344,True,ok,julia_xfoil,,prestall,seed_reference_pending_full_polar_dae11_rescue
dae11,"root,mid1",700000.0,rough,3.75,1.0272589071679596,0.016303304243867115,-0.12577424240759003,True,ok,julia_xfoil,,prestall,seed_reference_pending_full_polar_dae11_rescue
dae11,"root,mid1",700000.0,rough,4.0,1.0515771482145735,0.016586886871242813,-0.12561396367736075,True,ok,julia_xfoil,,prestall,seed_reference_pending_full_polar_dae11_rescue
dae11,"root,mid1",700000.0,rough,4.25,1.0754291794283186,0.016891187856860314,-0.12541314169823692,True,ok,julia_xfoil,,prestall,seed_reference_pending_full_polar_dae11_rescue
dae11,"root,mid1",700000.0,rough,4.5,1.0987361338680504,0.017220331250293625,-0.1251667980880207,True,ok,julia_xfoil,,prestall,seed_reference_pending_full_polar_dae11_rescue
dae11,"root,mid1",700000.0,rough,4.75,1.121355681306547,0.017583308612871655,-0.12486540427332919,True,ok,julia_xfoil,,prestall,seed_reference_pending_full_polar_dae11_rescue
dae11,"root,mid1",700000.0,rough,5.0,1.1420127063954641,0.018005349161385343,-0.12435616083249182,True,ok,julia_xfoil,,prestall,seed_reference_pending_full_polar_dae11_rescue
dae11,"root,mid1",700000.0,rough,5.25,1.1604564500373389,0.01854152830575646,-0.12370448732907773,True,ok,julia_xfoil,,prestall,seed_reference_pending_full_polar_dae11_rescue
dae11,"root,mid1",700000.0,rough,5.5,1.1810557331939797,0.019129144285112278,-0.12349718830257793,True,ok,julia_xfoil,,prestall,seed_reference_pending_full_polar_dae11_rescue
dae11,"root,mid1",700000.0,rough,5.75,1.2013405807656938,0.019753054328204282,-0.12326947290766307,True,ok,julia_xfoil,,prestall,seed_reference_pending_full_polar_dae11_rescue
dae11,"root,mid1",700000.0,rough,6.0,1.2210992973637786,0.020417533205289957,-0.12299809327214742,True,ok,julia_xfoil,,prestall,seed_reference_pending_full_polar_dae11_rescue
dae11,"root,mid1",700000.0,rough,6.25,1.2403400901181008,0.0211001788800297,-0.12264511289688738,True,ok,julia_xfoil,,prestall,seed_reference_pending_full_polar_dae11_rescue
dae11,"root,mid1",700000.0,rough,6.5,1.2590462982010446,0.0218301073161566,-0.12226263366072955,True,ok,julia_xfoil,,prestall,seed_reference_pending_full_polar_dae11_rescue
dae11,"root,mid1",700000.0,rough,6.75,1.2773999379556324,0.0225655278171259,-0.12181193681471841,True,ok,julia_xfoil,,prestall,seed_reference_pending_full_polar_dae11_rescue
dae11,"root,mid1",700000.0,rough,7.0,1.2949065664166275,0.023365040236497943,-0.12130557269201808,True,ok,julia_xfoil,,prestall,seed_reference_pending_full_polar_dae11_rescue
dae11,"root,mid1",700000.0,rough,7.25,1.3121916073704227,0.024168540210606746,-0.12075736635029881,True,ok,julia_xfoil,,prestall,seed_reference_pending_full_polar_dae11_rescue
dae11,"root,mid1",700000.0,rough,7.5,1.3291580574583832,0.02499077649014152,-0.12017497324736982,True,ok,julia_xfoil,,prestall,seed_reference_pending_full_polar_dae11_rescue
dae11,"root,mid1",700000.0,rough,7.75,1.3451763226022502,0.02589262748653188,-0.11954477422371858,True,ok,julia_xfoil,,prestall,seed_reference_pending_full_polar_dae11_rescue
dae11,"root,mid1",700000.0,rough,8.0,1.360923000838779,0.026786052004479095,-0.11884926539595621,True,ok,julia_xfoil,,prestall,seed_reference_pending_full_polar_dae11_rescue
dae11,"root,mid1",700000.0,rough,8.25,1.3765284177274941,0.027681937463274353,-0.11812982065751089,True,ok,julia_xfoil,,prestall,seed_reference_pending_full_polar_dae11_rescue
dae11,"root,mid1",700000.0,rough,8.5,1.3911391054923183,0.02868097435077984,-0.1173877254779572,True,ok,julia_xfoil,,prestall,seed_reference_pending_full_polar_dae11_rescue
dae11,"root,mid1",700000.0,rough,8.75,1.4054929362174098,0.02969548342645094,-0.11662466062174454,True,ok,julia_xfoil,,prestall,seed_reference_pending_full_polar_dae11_rescue
dae11,"root,mid1",700000.0,rough,9.0,1.4197592411372009,0.03068458571274672,-0.11581500367494858,True,ok,julia_xfoil,,prestall,seed_reference_pending_full_polar_dae11_rescue
dae11,"root,mid1",700000.0,rough,9.25,1.4337373322636062,0.031683751481820545,-0.11497371311307605,True,ok,julia_xfoil,,prestall,seed_reference_pending_full_polar_dae11_rescue
dae11,"root,mid1",700000.0,rough,9.5,1.4464823987353246,0.03281666717326168,-0.11410885573878365,True,ok,julia_xfoil,,prestall,seed_reference_pending_full_polar_dae11_rescue
dae11,"root,mid1",700000.0,rough,9.75,1.4590709341653485,0.03396612389109497,-0.11324393118636114,True,ok,julia_xfoil,,prestall,seed_reference_pending_full_polar_dae11_rescue
dae11,"root,mid1",700000.0,rough,10.0,1.4720258081938011,0.03507107798766753,-0.11238753936478409,True,ok,julia_xfoil,,prestall,seed_reference_pending_full_polar_dae11_rescue
dae11,"root,mid1",700000.0,rough,10.25,1.484853006470926,0.03617834718932653,-0.11152135845655195,True,ok,julia_xfoil,,prestall,seed_reference_pending_full_polar_dae11_rescue
dae11,"root,mid1",700000.0,rough,10.5,1.4966974698204676,0.0373565808035877,-0.11059807785457298,True,ok,julia_xfoil,,prestall,seed_reference_pending_full_polar_dae11_rescue
dae11,"root,mid1",700000.0,rough,10.75,1.5071456120674116,0.03869166320386859,-0.10965152282790751,True,ok,julia_xfoil,,prestall,seed_reference_pending_full_polar_dae11_rescue
dae11,"root,mid1",700000.0,rough,11.0,1.5188357323906019,0.03995490288644299,-0.10881202585257418,True,ok,julia_xfoil,,prestall,seed_reference_pending_full_polar_dae11_rescue
dae11,"root,mid1",700000.0,rough,11.25,1.5309839175087132,0.041193667148118694,-0.10801881615668808,True,ok,julia_xfoil,,prestall,seed_reference_pending_full_polar_dae11_rescue
dae11,"root,mid1",700000.0,rough,11.5,1.5430727183349462,0.04245060708701581,-0.10724537223930576,True,ok,julia_xfoil,,prestall,seed_reference_pending_full_polar_dae11_rescue
dae11,"root,mid1",700000.0,rough,11.75,1.5542816058815503,0.04382975761413869,-0.10648443403276475,True,ok,julia_xfoil,,prestall,seed_reference_pending_full_polar_dae11_rescue
dae11,"root,mid1",700000.0,rough,12.0,1.5642598368858855,0.045350888402987045,-0.10570893706322936,True,ok,julia_xfoil,,prestall,seed_reference_pending_full_polar_dae11_rescue
dae11,"root,mid1",700000.0,rough,12.25,1.5750703842452716,0.046768002444048176,-0.10495054589471176,True,ok,julia_xfoil,,prestall,seed_reference_pending_full_polar_dae11_rescue
dae11,"root,mid1",700000.0,rough,12.5,1.5859810232419975,0.04816418305359024,-0.1041936475964286,True,ok,julia_xfoil,,prestall,seed_reference_pending_full_polar_dae11_rescue
dae11,"root,mid1",700000.0,rough,12.75,1.596722377071598,0.04959284658686123,-0.10345493935813586,True,ok,julia_xfoil,,prestall,seed_reference_pending_full_polar_dae11_rescue
dae11,"root,mid1",700000.0,rough,13.0,1.6063511520153348,0.05118836641909873,-0.10273958960072532,True,ok,julia_xfoil,,prestall,seed_reference_pending_full_polar_dae11_rescue
dae11,"root,mid1",700000.0,rough,13.25,1.6148001858014545,0.05293356493707098,-0.10202640117989668,True,ok,julia_xfoil,,prestall,seed_reference_pending_full_polar_dae11_rescue
dae11,"root,mid1",700000.0,rough,13.5,1.624221285808295,0.05455938286613482,-0.10133968041002521,True,ok,julia_xfoil,,prestall,seed_reference_pending_full_polar_dae11_rescue
dae11,"root,mid1",700000.0,rough,13.75,1.6339687482594967,0.05616188153364905,-0.10068364286302964,True,ok,julia_xfoil,,prestall,seed_reference_pending_full_polar_dae11_rescue
dae11,"root,mid1",700000.0,rough,14.0,1.6432924717009365,0.05780776598989618,-0.10002933741084982,True,ok,julia_xfoil,,prestall,seed_reference_pending_full_polar_dae11_rescue
dae11,"root,mid1",700000.0,rough,14.25,1.6460710482861984,0.06018140203107914,-0.099204752420079,True,ok,julia_xfoil,,prestall,seed_reference_pending_full_polar_dae11_rescue
dae11,"root,mid1",700000.0,rough,14.5,1.6480086789394335,0.06263144053420285,-0.09835493804401813,True,ok,julia_xfoil,,prestall,seed_reference_pending_full_polar_dae11_rescue
dae11,"root,mid1",700000.0,rough,14.75,1.6513296151553243,0.06494208771992041,-0.09758548723642178,True,ok,julia_xfoil,,prestall,seed_reference_pending_full_polar_dae11_rescue
dae11,"root,mid1",700000.0,rough,15.0,1.651160933975331,0.06768957025185958,-0.09679107696468976,True,ok,julia_xfoil,,prestall,seed_reference_pending_full_polar_dae11_rescue
dae11,"root,mid1",700000.0,rough,15.25,1.6518627385337343,0.0704463900971391,-0.09615990884210537,True,ok,julia_xfoil,,prestall,seed_reference_pending_full_polar_dae11_rescue
dae11,"root,mid1",700000.0,rough,15.5,1.6556216511113895,0.07283175888901196,-0.0956145387406626,True,ok,julia_xfoil,,prestall,seed_reference_pending_full_polar_dae11_rescue
dae11,"root,mid1",700000.0,rough,15.75,1.6578874741694036,0.0753895264479381,-0.09507164518275582,True,ok,julia_xfoil,,prestall,seed_reference_pending_full_polar_dae11_rescue
dae11,"root,mid1",700000.0,rough,16.0,1.6560083380005053,0.07854495413203859,-0.09460338666411225,True,ok,julia_xfoil,,prestall,seed_reference_pending_full_polar_dae11_rescue
dae11,"root,mid1",700000.0,rough,16.25,1.6561452350757877,0.08140555871413163,-0.09414789878598717,True,ok,julia_xfoil,,prestall,seed_reference_pending_full_polar_dae11_rescue
dae11,"root,mid1",700000.0,rough,16.5,1.6585310917395397,0.0839840586573519,-0.09376875692234263,True,ok,julia_xfoil,,prestall,seed_reference_pending_full_polar_dae11_rescue
dae11,"root,mid1",700000.0,rough,16.75,1.656965383785649,0.08716696472098963,-0.09350442934763496,True,ok,julia_xfoil,,poststall,seed_reference_pending_full_polar_dae11_rescue
dae11,"root,mid1",700000.0,rough,17.0,1.6558439633828226,0.09030638495192232,-0.09328400564395448,True,ok,julia_xfoil,,poststall,seed_reference_pending_full_polar_dae11_rescue
dae11,"root,mid1",700000.0,rough,17.25,1.6546717486621172,0.09345043685209863,-0.09310855039373857,True,ok,julia_xfoil,,poststall,seed_reference_pending_full_polar_dae11_rescue
dae11,"root,mid1",700000.0,rough,17.5,1.6519377215552713,0.09691795783930342,-0.09311137352187802,True,ok,julia_xfoil,,poststall,seed_reference_pending_full_polar_dae11_rescue
dae11,"root,mid1",700000.0,rough,17.75,1.652323152655182,0.09994720164012741,-0.09313141465880471,True,ok,julia_xfoil,,poststall,seed_reference_pending_full_polar_dae11_rescue
dae11,"root,mid1",700000.0,rough,18.0,1.6522586106281436,0.103023934794051,-0.09320006396108842,True,ok,julia_xfoil,,poststall,seed_reference_pending_full_polar_dae11_rescue
