{
  "status": "captured",
  "requested_surface_tags": [],
  "selected_surface_tags": [
    5,
    6,
    2,
    9
  ],
  "hotspot_surface_counts": {
    "2": 3,
    "4": 4,
    "5": 6,
    "6": 5,
    "9": 1,
    "11": 1
  },
  "surface_reports": [
    {
      "surface_id": 5,
      "surface_area": 0.24,
      "surface_bbox": {
        "x_min": -1e-07,
        "y_min": -1e-07,
        "z_min": -1e-07,
        "x_max": 1.0000001,
        "y_max": 0.2400001,
        "z_max": 1e-07
      },
      "surface_role": "aircraft",
      "surface_triangle_count": 8,
      "surface_triangle_quality": {
        "triangle_count": 8,
        "min_area": 0.03,
        "gamma": {
          "count": 8,
          "min": 0.5147253514320587,
          "p01": 0.5147253514320587,
          "p05": 0.5147253514320587,
          "p50": 0.7489570392644334,
          "p95": 0.9831887270968082,
          "p99": 0.9831887270968082,
          "max": 0.9831887270968082
        },
        "aspect_ratio": {
          "count": 8,
          "min": 1.1554520519885039,
          "p01": 1.1554520519885039,
          "p05": 1.1554520519885036,
          "p50": 1.4792490834625256,
          "p95": 1.803046114936547,
          "p99": 1.8030461149365473,
          "max": 1.8030461149365473
        },
        "min_edge_length": 0.24,
        "max_edge_length": 0.5
      },
      "boundary_curves": [
        {
          "curve_id": 2,
          "curve_length": 0.24,
          "owner_surface_tags": [
            1,
            5
          ],
          "node_count": 2,
          "min_edge_length": 0.24,
          "max_edge_length": 0.24,
          "max_min_edge_ratio": 1.0
        },
        {
          "curve_id": 5,
          "curve_length": 1.0,
          "owner_surface_tags": [
            2,
            5
          ],
          "node_count": 3,
          "min_edge_length": 0.5,
          "max_edge_length": 0.5,
          "max_min_edge_ratio": 1.0
        },
        {
          "curve_id": 8,
          "curve_length": 0.24,
          "owner_surface_tags": [
            3,
            5
          ],
          "node_count": 2,
          "min_edge_length": 0.24,
          "max_edge_length": 0.24,
          "max_min_edge_ratio": 1.0
        },
        {
          "curve_id": 11,
          "curve_length": 1.0,
          "owner_surface_tags": [
            4,
            5
          ],
          "node_count": 3,
          "min_edge_length": 0.5,
          "max_edge_length": 0.5,
          "max_min_edge_ratio": 1.0
        }
      ],
      "adjacent_surfaces": [
        1,
        2,
        3,
        4
      ],
      "local_target_size_hint": 0.5,
      "family_hints": [
        "tiny_face_candidate",
        "high_aspect_strip_candidate",
        "span_extreme_candidate",
        "span_extreme_strip_candidate"
      ],
      "worst_tets_near_this_surface": {
        "count": 6,
        "min_gamma": 0.2850840238434144,
        "min_sicn": 0.2789022290464825,
        "min_sige": 0.30815806861870537,
        "min_volume": 0.002158728553921888,
        "entries": [
          {
            "element_id": 10233,
            "barycenter": [
              -0.17575666511651156,
              -0.2317384324269537,
              0.04274196817439735
            ],
            "distance_to_surface": 0.04274196817439735,
            "nearest_surface_id": 5,
            "nearest_curve_id": 2,
            "local_tetra_edge_length_min": 0.18,
            "local_tetra_edge_length_max": 0.7221322176446122,
            "min_sicn": 0.2789022290464825,
            "min_sige": 0.42152290523955543,
            "gamma": 0.30428911066900727,
            "volume": 0.005385727828953303
          },
          {
            "element_id": 11922,
            "barycenter": [
              -0.1941725556928179,
              0.12,
              0.013749999999999997
            ],
            "distance_to_surface": 0.013749999999999997,
            "nearest_surface_id": 5,
            "nearest_curve_id": 2,
            "local_tetra_edge_length_min": 0.15,
            "local_tetra_edge_length_max": 0.7866846268667563,
            "min_sicn": 0.2867834110730392,
            "min_sige": 0.614464339396345,
            "gamma": 0.2850840238434144,
            "volume": 0.002796084801976577
          },
          {
            "element_id": 6981,
            "barycenter": [
              1.1499117051334644,
              0.07275550483967133,
              -0.031200854571985688
            ],
            "distance_to_surface": 0.031200854571985688,
            "nearest_surface_id": 5,
            "nearest_curve_id": 8,
            "local_tetra_edge_length_min": 0.15,
            "local_tetra_edge_length_max": 0.7079436491739538,
            "min_sicn": 0.30479064359397756,
            "min_sige": 0.5644111244511064,
            "gamma": 0.2863353527263421,
            "volume": 0.002158728553921888
          },
          {
            "element_id": 7597,
            "barycenter": [
              8.364903044305283,
              -1.0309080781747995,
              -0.2821878032900856
            ],
            "distance_to_surface": 0.2821878032900856,
            "nearest_surface_id": 5,
            "nearest_curve_id": 8,
            "local_tetra_edge_length_min": 0.5304679816290262,
            "local_tetra_edge_length_max": 0.813844444047029,
            "min_sicn": 0.3099178905698035,
            "min_sige": 0.30815806861870537,
            "gamma": 0.30777164063896995,
            "volume": 0.00907428589457033
          },
          {
            "element_id": 11956,
            "barycenter": [
              0.4996832446417992,
              0.4416366798605863,
              0.08438260422721204
            ],
            "distance_to_surface": 0.08438260422721204,
            "nearest_surface_id": 5,
            "nearest_curve_id": 11,
            "local_tetra_edge_length_min": 0.18,
            "local_tetra_edge_length_max": 0.8377213469498664,
            "min_sicn": 0.31662433751843216,
            "min_sige": 0.47724566844181565,
            "gamma": 0.3197743239515612,
            "volume": 0.006374549195174603
          },
          {
            "element_id": 6453,
            "barycenter": [
              -3.1356328404271965,
              -0.8822854208069066,
              -0.08006763545545315
            ],
            "distance_to_surface": 0.08006763545545315,
            "nearest_surface_id": 5,
            "nearest_curve_id": 5,
            "local_tetra_edge_length_min": 0.5005557179142665,
            "local_tetra_edge_length_max": 0.8065204264542984,
            "min_sicn": 0.3206324139776627,
            "min_sige": 0.32807516661906133,
            "gamma": 0.3189239642672071,
            "volume": 0.009842992799533053
          }
        ]
      }
    },
    {
      "surface_id": 6,
      "surface_area": 0.24,
      "surface_bbox": {
        "x_min": -1e-07,
        "y_min": -1e-07,
        "z_min": 0.1799999,
        "x_max": 1.0000001,
        "y_max": 0.2400001,
        "z_max": 0.1800001
      },
      "surface_role": "aircraft",
      "surface_triangle_count": 8,
      "surface_triangle_quality": {
        "triangle_count": 8,
        "min_area": 0.029999999999999995,
        "gamma": {
          "count": 8,
          "min": 0.5147253514320586,
          "p01": 0.5147253514320586,
          "p05": 0.5147253514320586,
          "p50": 0.7489570392644335,
          "p95": 0.9831887270968083,
          "p99": 0.9831887270968083,
          "max": 0.9831887270968083
        },
        "aspect_ratio": {
          "count": 8,
          "min": 1.1554520519885039,
          "p01": 1.1554520519885039,
          "p05": 1.1554520519885036,
          "p50": 1.4792490834625256,
          "p95": 1.803046114936547,
          "p99": 1.8030461149365473,
          "max": 1.8030461149365473
        },
        "min_edge_length": 0.24,
        "max_edge_length": 0.5
      },