target_main_tip_z_m,case_label,sequence_index,source_stage,source,recipe_id,recipe_signature,rib_design_key,rib_design_label,z_main_plateau_scale,z_main_taper_fill,z_rear_radius_scale,z_rear_outboard_fraction,z_wall_thickness_fraction,main_plateau_scale,main_taper_fill,rear_radius_scale,rear_outboard_fraction,wall_thickness_fraction,main_tube_od_mm,main_tube_id_mm,main_tube_wall_mm,rear_tube_od_mm,rear_tube_id_mm,rear_tube_wall_mm,main_root_od_mm,main_root_id_mm,main_root_wall_mm,rear_root_od_mm,rear_root_id_mm,rear_root_wall_mm,tube_mass_kg,total_structural_mass_kg,main_ei_nm2,rear_ei_nm2,main_gj_nm2,rear_gj_nm2,ei_min_nm2,ei_root_nm2,gj_min_nm2,gj_root_nm2,equivalent_tip_deflection_m,jig_ground_clearance_min_m,jig_ground_clearance_margin_m,max_jig_vertical_prebend_m,max_jig_vertical_curvature_per_m,loaded_shape_main_z_error_max_m,loaded_shape_main_z_error_rms_m,loaded_shape_twist_error_max_deg,loaded_shape_normalized_error,target_shape_error_max_m,target_shape_error_rms_m,wire_tension_max_n,wire_tension_min_n,wire_tension_values_n,moment_closure_status,moment_closure_residual_nm,moment_closure_passed,production_overall_hard_feasible,production_hard_failures,production_numerical_consistency_passed,production_wire_support_validity_passed,eligible_if_production_hard_failures_counted,geometry_validity_status,analysis_succeeded,safety_passed,manufacturing_passed,overall_feasible,pass_fail,eligible_for_reported_selection,is_reported_selected,is_best_after_active_wall_probes,exact_reject_reason,failures,dominant_constraint,dominant_constraint_margin,hard_margins_json,hard_violation_score,target_violation_score,clearance_risk_score,clearance_hotspot_count,clearance_hotspot_mean_m,clearance_penalty_kg,active_wall_risk_score,active_wall_tight_count,active_wall_penalty_kg,loaded_shape_penalty_kg,score_objective_value_kg,selection_key_json,message
2.0,target_main_tip_z_2p000m,0,baseline_or_coarse,baseline,23948fb7bf67,"baseline_uniform|0.000000,0.000000,0.000000,0.000000,0.000000",baseline_uniform,Uniform baseline rib family,0.0,0.0,0.0,0.0,0.0,1.0,0.0,1.0,0.0,0.0,"[61.27,61.27,61.27,61.27,45.95,30.0]","[59.67,59.67,59.67,59.67,44.35,28.4]","[0.8,0.8,0.8,0.8,0.8,0.8]","[20.0,20.0,20.0,20.0,20.0,20.0]","[18.4,18.4,18.4,18.4,18.4,18.4]","[0.8,0.8,0.8,0.8,0.8,0.8]",61.27,59.67000000000001,0.8,20.0,18.4,0.8,9.68940044080386,12.18940044080386,"[15979.884,15979.884,15979.884,15979.884,6652.537,1800.33]","[512.312,512.312,512.312,512.312,512.312,512.312]","[2084.333,2084.333,2084.333,2084.333,867.722,234.826]","[66.823,66.823,66.823,66.823,66.823,66.823]",2312.6422645099947,16492.196152832916,301.64899102304275,2151.156019934728,2.9093759852802408,-1.6718352822209614,-1.6718352822209614,3.6605444948404773,0.12322830013677977,0.0,0.0,0.0,0.0,1.7763568394002505e-15,1.6217824537788153e-16,3260.2739339276477,3260.2739339276477,[3260.274],fail,1823.962860713726,False,False,moment_closure,False,True,False,pass,True,True,True,False,fail,False,False,False,ground_clearance; negative_margins:equivalent_tip_margin=-0.359375985|ground_clearance_margin_m=-1.67183528,ground_clearance,ground_clearance_margin_m,-1.6718352822209614,"{""ei_dominance_margin_min_nm2"":775.7055709461465,""ei_ratio_margin_min"":1.5141265886770667,""equivalent_buckling_margin"":0.8112896127797583,""equivalent_failure_margin"":0.4761176682798001,""equivalent_tip_margin"":-0.35937598528024095,""equivalent_twist_margin"":1.8545274152149012,""ground_clearance_margin_m"":-1.6718352822209614,""jig_curvature_margin_per_m"":0.012322830013677982,""jig_prebend_margin_m"":0.36605444948404786,""loaded_shape_main_z_margin_m"":0.025,""loaded_shape_twist_margin_deg"":0.15,""main_hollow_margin_min_m"":0.014199999999999999,""main_radius_taper_margin_min_m"":0.0,""main_thickness_ratio_margin_min_m"":0.0112,""main_thickness_step_margin_min_m"":0.003,""radius_dominance_margin_min_m"":-8.673617379884035e-19,""rear_hollow_margin_min_m"":0.0091,""rear_inboard_ei_margin_min_nm2"":2683.664553141044,""rear_main_radius_ratio_margin_min_m"":0.01,""rear_radius_taper_margin_min_m"":0.0,""rear_thickness_ratio_margin_min_m"":0.0072,""rear_thickness_step_margin_min_m"":0.003}",2.9241843096749855,2.9241843096749855,25720.991194798164,5,-1.5927731974871056,6430.247798699541,0.6666666666666666,2,0.03333333333333333,0.0,6442.470532473679,"[6442.470532473679,12.18940044080386,25720.991194798164,0.6666666666666666,3.6605444948404773]",analysis complete
2.0,target_main_tip_z_2p000m,1,baseline_or_coarse,coarse_grid,1a57ea037849,"inboard_reinforced_mix|0.000000,0.000000,0.000000,0.000000,0.000000",inboard_reinforced_mix,Inboard reinforced two-family mix,0.0,0.0,0.0,0.0,0.0,1.0,0.0,1.0,0.0,0.0,"[61.27,61.27,61.27,61.27,45.95,30.0]","[59.67,59.67,59.67,59.67,44.35,28.4]","[0.8,0.8,0.8,0.8,0.8,0.8]","[20.0,20.0,20.0,20.0,20.0,20.0]","[18.4,18.4,18.4,18.4,18.4,18.4]","[0.8,0.8,0.8,0.8,0.8,0.8]",61.27,59.67000000000001,0.8,20.0,18.4,0.8,9.68940044080386,12.18940044080386,"[15979.884,15979.884,15979.884,15979.884,6652.537,1800.33]","[512.312,512.312,512.312,512.312,512.312,512.312]","[2084.333,2084.333,2084.333,2084.333,867.722,234.826]","[66.823,66.823,66.823,66.823,66.823,66.823]",2312.6422645099947,16492.196152832916,301.64899102304275,2151.156019934728,2.909358242231116,-1.6718352822209614,-1.6718352822209614,3.6605444948404773,0.12322830013677977,0.0,0.0,0.0,0.0,1.7763568394002505e-15,1.6217824537788153e-16,3260.2739339276477,3260.2739339276477,[3260.274],fail,1823.962860713726,False,False,moment_closure,False,True,False,pass,True,True,True,False,fail,False,False,False,ground_clearance; negative_margins:equivalent_tip_margin=-0.359358242|ground_clearance_margin_m=-1.67183528,ground_clearance,ground_clearance_margin_m,-1.6718352822209614,"{""ei_dominance_margin_min_nm2"":775.7055709461465,""ei_ratio_margin_min"":1.5141265886770667,""equivalent_buckling_margin"":0.8112899022942633,""equivalent_failure_margin"":0.4761183406923705,""equivalent_tip_margin"":-0.35935824223111634,""equivalent_twist_margin"":1.8937731899758166,""ground_clearance_margin_m"":-1.6718352822209614,""jig_curvature_margin_per_m"":0.012322830013677982,""jig_prebend_margin_m"":0.36605444948404786,""loaded_shape_main_z_margin_m"":0.025,""loaded_shape_twist_margin_deg"":0.15,""main_hollow_margin_min_m"":0.014199999999999999,""main_radius_taper_margin_min_m"":0.0,""main_thickness_ratio_margin_min_m"":0.0112,""main_thickness_step_margin_min_m"":0.003,""radius_dominance_margin_min_m"":-8.673617379884035e-19,""rear_hollow_margin_min_m"":0.0091,""rear_inboard_ei_margin_min_nm2"":2683.664553141044,""rear_main_radius_ratio_margin_min_m"":0.01,""rear_radius_taper_margin_min_m"":0.0,""rear_thickness_ratio_margin_min_m"":0.0072,""rear_thickness_step_margin_min_m"":0.003}",2.9241715571382794,2.9241715571382794,25720.991194798164,5,-1.5927731974871056,6430.247798699541,0.6666666666666666,2,0.03333333333333333,0.0,6442.620532473678,"[6442.620532473678,12.18940044080386,25720.991194798164,0.6666666666666666,3.6605444948404773]",analysis complete
2.0,target_main_tip_z_2p000m,2,baseline_or_coarse,coarse_grid,a4976b526056,"outboard_relaxed_mix|0.000000,0.000000,0.000000,0.000000,0.000000",outboard_relaxed_mix,Outboard relaxed two-family mix,0.0,0.0,0.0,0.0,0.0,1.0,0.0,1.0,0.0,0.0,"[61.27,61.27,61.27,61.27,45.95,30.0]","[59.67,59.67,59.67,59.67,44.35,28.4]","[0.8,0.8,0.8,0.8,0.8,0.8]","[20.0,20.0,20.0,20.0,20.0,20.0]","[18.4,18.4,18.4,18.4,18.4,18.4]","[0.8,0.8,0.8,0.8,0.8,0.8]",61.27,59.67000000000001,0.8,20.0,18.4,0.8,9.68940044080386,12.18940044080386,"[15979.884,15979.884,15979.884,15979.884,6652.537,1800.33]","[512.312,512.312,512.312,512.312,512.312,512.312]","[2084.333,2084.333,2084.333,2084.333,867.722,234.826]","[66.823,66.823,66.823,66.823,66.823,66.823]",2312.6422645099947,16492.196152832916,301.64899102304275,2151.156019934728,2.9094063434395436,-1.6718352822209614,-1.6718352822209614,3.6605444948404773,0.12322830013677977,0.0,0.0,0.0,0.0,1.7763568394002505e-15,1.6217824537788153e-16,3260.2739339276477,3260.2739339276477,[3260.274],fail,1823.962860713726,False,False,moment_closure,False,True,False,pass,True,True,True,False,fail,False,False,False,ground_clearance; negative_margins:equivalent_tip_margin=-0.359406343|ground_clearance_margin_m=-1.67183528,ground_clearance,ground_clearance_margin_m,-1.6718352822209614,"{""ei_dominance_margin_min_nm2"":775.7055709461465,""ei_ratio_margin_min"":1.5141265886770667,""equivalent_buckling_margin"":0.8112890743108951,""equivalent_failure_margin"":0.4761165101712446,""equivalent_tip_margin"":-0.3594063434395438,""equivalent_twist_margin"":1.7858501046078965,""ground_clearance_margin_m"":-1.6718352822209614,""jig_curvature_margin_per_m"":0.012322830013677982,""jig_prebend_margin_m"":0.36605444948404786,""loaded_shape_main_z_margin_m"":0.025,""loaded_shape_twist_margin_deg"":0.15,""main_hollow_margin_min_m"":0.014199999999999999,""main_radius_taper_margin_min_m"":0.0,""main_thickness_ratio_margin_min_m"":0.0112,""main_thickness_step_margin_min_m"":0.003,""radius_dominance_margin_min_m"":-8.673617379884035e-19,""rear_hollow_margin_min_m"":0.0091,""rear_inboard_ei_margin_min_nm2"":2683.664553141044,""rear_main_radius_ratio_margin_min_m"":0.01,""rear_radius_taper_margin_min_m"":0.0,""rear_thickness_ratio_margin_min_m"":0.0072,""rear_thickness_step_margin_min_m"":0.003}",2.924206130583425,2.924206130583425,25720.991194798164,5,-1.5927731974871056,6430.247798699541,0.6666666666666666,2,0.03333333333333333,0.0,6442.620532473678,"[6442.620532473678,12.18940044080386,25720.991194798164,0.6666666666666666,3.6605444948404773]",analysis complete
2.0,target_main_tip_z_2p000m,3,baseline_or_coarse,coarse_grid,98560dca0ec4,"baseline_uniform|0.000000,0.000000,0.000000,0.000000,1.000000",baseline_uniform,Uniform baseline rib family,0.0,0.0,0.0,0.0,1.0,1.0,0.0,1.0,0.0,1.0,"[61.27,61.27,61.27,61.27,45.95,30.0]","[45.27,45.27,45.27,45.27,29.95,14.0]","[8.0,8.0,8.0,8.0,8.0,8.0]","[20.0,20.0,20.0,20.0,20.0,20.0]","[4.0,4.0,4.0,4.0,4.0,4.0]","[8.0,8.0,8.0,8.0,8.0,8.0]",61.27,45.27,8.0,20.0,4.0,8.0,77.01360725359352,79.51360725359352,"[111689.373,111689.373,111689.373,111689.373,41247.326,8711.259]","[1803.526,1803.526,1803.526,1803.526,1803.526,1803.526]","[14568.179,14568.179,14568.179,14568.179,5380.086,1136.251]","[235.242,235.242,235.242,235.242,235.242,235.242]",10514.784947858892,113492.89842424521,1371.4936888511597,14803.421533597202,-0.1020850822386167,0.0651858601168413,0.0651858601168413,0.11885153327799136,0.03218914970120035,0.0,0.0,4.39648317751562e-14,1.6922071640175364e-13,2.220446049250313e-16,3.90062130444102e-17,256.1675026408399,256.1675026408399,[256.168],fail,1365.735662229106,False,False,moment_closure,False,True,False,pass,True,True,True,True,pass,True,True,False,selected_by_reported_outcome,,radius_dominance_margin_min_m,-8.673617379884035e-19,"{""ei_dominance_margin_min_nm2"":5104.208416140407,""ei_ratio_margin_min"":2.8301282051282044,""equivalent_buckling_margin"":0.9144456101805281,""equivalent_failure_margin"":0.9531038100186565,""equivalent_tip_margin"":2.6520850822386164,""equivalent_twist_margin"":2.0003969715599164,""ground_clearance_margin_m"":0.0651858601168413,""jig_curvature_margin_per_m"":0.1033619804492574,""jig_prebend_margin_m"":3.907747411046534,""loaded_shape_main_z_margin_m"":0.025,""loaded_shape_twist_margin_deg"":0.14999999999995603,""main_hollow_margin_min_m"":0.006999999999999999,""main_radius_taper_margin_min_m"":0.0,""main_thickness_ratio_margin_min_m"":0.004,""main_thickness_step_margin_min_m"":0.003,""radius_dominance_margin_min_m"":-8.673617379884035e-19,""rear_hollow_margin_min_m"":0.0019,""rear_inboard_ei_margin_min_nm2"":20534.34907216165,""rear_main_radius_ratio_margin_min_m"":0.01,""rear_radius_taper_margin_min_m"":0.0,""rear_thickness_ratio_margin_min_m"":0.0,""rear_thickness_step_margin_min_m"":0.003}",7.52316384526264e-37,7.52316384526264e-37,0.0,0,0.07244715069027045,0.0,0.6666666666666666,2,0.03333333333333333,8.461035820087683e-15,79.54694058692687,"[79.54694058692687,79.51360725359352,0.0,0.6666666666666666,0.11885153327799136]",analysis complete
2.0,target_main_tip_z_2p000m,4,baseline_or_coarse,coarse_grid,450a6333e8c1,"inboard_reinforced_mix|0.000000,0.000000,0.000000,0.000000,1.000000",inboard_reinforced_mix,Inboard reinforced two-family mix,0.0,0.0,0.0,0.0,1.0,1.0,0.0,1.0,0.0,1.0,"[61.27,61.27,61.27,61.27,45.95,30.0]","[45.27,45.27,45.27,45.27,29.95,14.0]","[8.0,8.0,8.0,8.0,8.0,8.0]","[20.0,20.0,20.0,20.0,20.0,20.0]","[4.0,4.0,4.0,4.0,4.0,4.0]","[8.0,8.0,8.0,8.0,8.0,8.0]",61.27,45.27,8.0,20.0,4.0,8.0,77.01360725359352,79.51360725359352,"[111689.373,111689.373,111689.373,111689.373,41247.326,8711.259]","[1803.526,1803.526,1803.526,1803.526,1803.526,1803.526]","[14568.179,14568.179,14568.179,14568.179,5380.086,1136.251]","[235.242,235.242,235.242,235.242,235.242,235.242]",10514.784947858892,113492.89842424521,1371.4936888511597,14803.421533597202,-0.10208821181505184,0.0651858601168413,0.0651858601168413,0.11885153327799136,0.03218914970120035,0.0,0.0,4.39648317751562e-14,1.6922071640175364e-13,2.220446049250313e-16,3.90062130444102e-17,256.1675026408399,256.1675026408399,[256.168],fail,1365.735662229106,False,False,moment_closure,False,True,False,pass,True,True,True,True,pass,True,False,False,eligible_but_higher_objective_than_reported_selected,,radius_dominance_margin_min_m,-8.673617379884035e-19,"{""ei_dominance_margin_min_nm2"":5104.208416140407,""ei_ratio_margin_min"":2.8301282051282044,""equivalent_buckling_margin"":0.9144456120392823,""equivalent_failure_margin"":0.9531036947475826,""equivalent_tip_margin"":2.6520882118150517,""equivalent_twist_margin"":2.007295398643756,""ground_clearance_margin_m"":0.0651858601168413,""jig_curvature_margin_per_m"":0.1033619804492574,""jig_prebend_margin_m"":3.907747411046534,""loaded_shape_main_z_margin_m"":0.025,""loaded_shape_twist_margin_deg"":0.14999999999995603,""main_hollow_margin_min_m"":0.006999999999999999,""main_radius_taper_margin_min_m"":0.0,""main_thickness_ratio_margin_min_m"":0.004,""main_thickness_step_margin_min_m"":0.003,""radius_dominance_margin_min_m"":-8.673617379884035e-19,""rear_hollow_margin_min_m"":0.0019,""rear_inboard_ei_margin_min_nm2"":20534.34907216165,""rear_main_radius_ratio_margin_min_m"":0.01,""rear_radius_taper_margin_min_m"":0.0,""rear_thickness_ratio_margin_min_m"":0.0,""rear_thickness_step_margin_min_m"":0.003}",7.52316384526264e-37,7.52316384526264e-37,0.0,0,0.07244715069027045,0.0,0.6666666666666666,2,0.03333333333333333,8.461035820087683e-15,79.69694058692687,"[79.69694058692687,79.51360725359352,0.0,0.6666666666666666,0.11885153327799136]",analysis complete
2.0,target_main_tip_z_2p000m,5,baseline_or_coarse,coarse_grid,c225b0548769,"outboard_relaxed_mix|0.000000,0.000000,0.000000,0.000000,1.000000",outboard_relaxed_mix,Outboard relaxed two-family mix,0.0,0.0,0.0,0.0,1.0,1.0,0.0,1.0,0.0,1.0,"[61.27,61.27,61.27,61.27,45.95,30.0]","[45.27,45.27,45.27,45.27,29.95,14.0]","[8.0,8.0,8.0,8.0,8.0,8.0]","[20.0,20.0,20.0,20.0,20.0,20.0]","[4.0,4.0,4.0,4.0,4.0,4.0]","[8.0,8.0,8.0,8.0,8.0,8.0]",61.27,45.27,8.0,20.0,4.0,8.0,77.01360725359352,79.51360725359352,"[111689.373,111689.373,111689.373,111689.373,41247.326,8711.259]","[1803.526,1803.526,1803.526,1803.526,1803.526,1803.526]","[14568.179,14568.179,14568.179,14568.179,5380.086,1136.251]","[235.242,235.242,235.242,235.242,235.242,235.242]",10514.784947858892,113492.89842424521,1371.4936888511597,14803.421533597202,-0.10207972841572462,0.0651858601168413,0.0651858601168413,0.11885153327799136,0.03218914970120035,0.0,0.0,4.39648317751562e-14,1.6922071640175364e-13,2.220446049250313e-16,3.90062130444102e-17,256.1675026408399,256.1675026408399,[256.168],fail,1365.735662229106,False,False,moment_closure,False,True,False,pass,True,True,True,True,pass,True,False,False,eligible_but_higher_objective_than_reported_selected,,radius_dominance_margin_min_m,-8.673617379884035e-19,"{""ei_dominance_margin_min_nm2"":5104.208416140407,""ei_ratio_margin_min"":2.8301282051282044,""equivalent_buckling_margin"":0.9144456052138148,""equivalent_failure_margin"":0.9531039983778912,""equivalent_tip_margin"":2.6520797284157243,""equivalent_twist_margin"":1.9885949439730406,""ground_clearance_margin_m"":0.0651858601168413,""jig_curvature_margin_per_m"":0.1033619804492574,""jig_prebend_margin_m"":3.907747411046534,""loaded_shape_main_z_margin_m"":0.025,""loaded_shape_twist_margin_deg"":0.14999999999995603,""main_hollow_margin_min_m"":0.006999999999999999,""main_radius_taper_margin_min_m"":0.0,""main_thickness_ratio_margin_min_m"":0.004,""main_thickness_step_margin_min_m"":0.003,""radius_dominance_margin_min_m"":-8.673617379884035e-19,""rear_hollow_margin_min_m"":0.0019,""rear_inboard_ei_margin_min_nm2"":20534.34907216165,""rear_main_radius_ratio_margin_min_m"":0.01,""rear_radius_taper_margin_min_m"":0.0,""rear_thickness_ratio_margin_min_m"":0.0,""rear_thickness_step_margin_min_m"":0.003}",7.52316384526264e-37,7.52316384526264e-37,0.0,0,0.07244715069027045,0.0,0.6666666666666666,2,0.03333333333333333,8.461035820087683e-15,79.69694058692687,"[79.69694058692687,79.51360725359352,0.0,0.6666666666666666,0.11885153327799136]",analysis complete
2.0,target_main_tip_z_2p000m,6,baseline_or_coarse,coarse_grid,bdca20beac83,"baseline_uniform|0.000000,0.000000,0.000000,1.000000,0.000000",baseline_uniform,Uniform baseline rib family,0.0,0.0,0.0,1.0,0.0,1.0,0.0,1.0,1.0,0.0,"[61.27,61.27,61.27,61.27,45.95,30.0]","[59.67,59.67,59.67,59.67,44.35,28.4]","[0.8,0.8,0.8,0.8,0.8,0.8]","[20.0,20.0,20.0,20.0,20.0,20.0]","[18.4,18.4,18.4,18.4,12.4,12.4]","[0.8,0.8,0.8,0.8,3.8,3.8]",61.27,59.67000000000001,0.8,20.0,18.4,0.8,12.797467474748284,15.297467474748284,"[15979.884,15979.884,15979.884,15979.884,6652.537,1800.33]","[512.312,512.312,512.312,512.312,1539.494,1539.494]","[2084.333,2084.333,2084.333,2084.333,867.722,234.826]","[66.823,66.823,66.823,66.823,200.804,200.804]",3339.8237445448735,16492.196152832916,435.6291840710704,2151.156019934728,2.2295258124871635,-0.9066469408471178,-0.9066469408471178,2.8953561534666337,0.12235910864612556,0.0,0.0,0.0,0.0,5.551115123125783e-17,5.665583147960493e-18,2996.466290906634,2996.466290906634,[2996.466],fail,1815.4349732303403,False,False,geometry_validity|moment_closure,False,True,False,fail,True,False,True,False,fail,False,False,False,geometry_validity|ground_clearance; negative_margins:ei_dominance_margin_min_nm2=-1278.65739|ei_ratio_margin_min=-0.830570063|ground_clearance_margin_m=-0.906646941,geometry_validity|ground_clearance,ei_dominance_margin_min_nm2,-1278.6573891236114,"{""ei_dominance_margin_min_nm2"":-1278.6573891236114,""ei_ratio_margin_min"":-0.8305700632631794,""equivalent_buckling_margin"":0.8356090506797693,""equivalent_failure_margin"":0.5562657168895411,""equivalent_tip_margin"":0.3204741875128363,""equivalent_twist_margin"":1.8517173968691139,""ground_clearance_margin_m"":-0.9066469408471178,""jig_curvature_margin_per_m"":0.013192021504332185,""jig_prebend_margin_m"":1.1312427908578915,""loaded_shape_main_z_margin_m"":0.025,""loaded_shape_twist_margin_deg"":0.15,""main_hollow_margin_min_m"":0.014199999999999999,""main_radius_taper_margin_min_m"":0.0,""main_thickness_ratio_margin_min_m"":0.0112,""main_thickness_step_margin_min_m"":0.003,""radius_dominance_margin_min_m"":-8.673617379884035e-19,""rear_hollow_margin_min_m"":0.0061,""rear_inboard_ei_margin_min_nm2"":2683.664553141044,""rear_main_radius_ratio_margin_min_m"":0.01,""rear_radius_taper_margin_min_m"":0.0,""rear_thickness_ratio_margin_min_m"":0.004200000000000001,""rear_thickness_step_margin_min_m"":0.0}",1634966.2306157162,1634966.2306157162,8033.8984174907255,5,-0.8861886070982699,2008.4746043726814,1.0,3,0.05,0.0,2023.8220718474297,"[2023.8220718474297,15.297467474748284,8033.8984174907255,1.0,2.8953561534666337]",analysis complete
2.0,target_main_tip_z_2p000m,7,baseline_or_coarse,coarse_grid,cf8a776a1c57,"inboard_reinforced_mix|0.000000,0.000000,0.000000,1.000000,0.000000",inboard_reinforced_mix,Inboard reinforced two-family mix,0.0,0.0,0.0,1.0,0.0,1.0,0.0,1.0,1.0,0.0,"[61.27,61.27,61.27,61.27,45.95,30.0]","[59.67,59.67,59.67,59.67,44.35,28.4]","[0.8,0.8,0.8,0.8,0.8,0.8]","[20.0,20.0,20.0,20.0,20.0,20.0]","[18.4,18.4,18.4,18.4,12.4,12.4]","[0.8,0.8,0.8,0.8,3.8,3.8]",61.27,59.67000000000001,0.8,20.0,18.4,0.8,12.797467474748284,15.297467474748284,"[15979.884,15979.884,15979.884,15979.884,6652.537,1800.33]","[512.312,512.312,512.312,512.312,1539.494,1539.494]","[2084.333,2084.333,2084.333,2084.333,867.722,234.826]","[66.823,66.823,66.823,66.823,200.804,200.804]",3339.8237445448735,16492.196152832916,435.6291840710704,2151.156019934728,2.229503145381468,-0.9066469408471178,-0.9066469408471178,2.8953561534666337,0.12235910864612556,0.0,0.0,0.0,0.0,5.551115123125783e-17,5.665583147960493e-18,2996.466290906634,2996.466290906634,[2996.466],fail,1815.4349732303403,False,False,geometry_validity|moment_closure,False,True,False,fail,True,False,True,False,fail,False,False,False,geometry_validity|ground_clearance; negative_margins:ei_dominance_margin_min_nm2=-1278.65739|ei_ratio_margin_min=-0.830570063|ground_clearance_margin_m=-0.906646941,geometry_validity|ground_clearance,ei_dominance_margin_min_nm2,-1278.6573891236114,"{""ei_dominance_margin_min_nm2"":-1278.6573891236114,""ei_ratio_margin_min"":-0.8305700632631794,""equivalent_buckling_margin"":0.8356095247009406,""equivalent_failure_margin"":0.5562668907189171,""equivalent_tip_margin"":0.32049685461853183,""equivalent_twist_margin"":1.890688240118924,""ground_clearance_margin_m"":-0.9066469408471178,""jig_curvature_margin_per_m"":0.013192021504332185,""jig_prebend_margin_m"":1.1312427908578915,""loaded_shape_main_z_margin_m"":0.025,""loaded_shape_twist_margin_deg"":0.15,""main_hollow_margin_min_m"":0.014199999999999999,""main_radius_taper_margin_min_m"":0.0,""main_thickness_ratio_margin_min_m"":0.0112,""main_thickness_step_margin_min_m"":0.003,""radius_dominance_margin_min_m"":-8.673617379884035e-19,""rear_hollow_margin_min_m"":0.0061,""rear_inboard_ei_margin_min_nm2"":2683.664553141044,""rear_main_radius_ratio_margin_min_m"":0.01,""rear_radius_taper_margin_min_m"":0.0,""rear_thickness_ratio_margin_min_m"":0.004200000000000001,""rear_thickness_step_margin_min_m"":0.0}",1634966.2306157162,1634966.2306157162,8033.8984174907255,5,-0.8861886070982699,2008.4746043726814,1.0,3,0.05,0.0,2023.9720718474298,"[2023.9720718474298,15.297467474748284,8033.8984174907255,1.0,2.8953561534666337]",analysis complete
2.0,target_main_tip_z_2p000m,8,baseline_or_coarse,coarse_grid,9cf089913601,"outboard_relaxed_mix|0.000000,0.000000,0.000000,1.000000,0.000000",outboard_relaxed_mix,Outboard relaxed two-family mix,0.0,0.0,0.0,1.0,0.0,1.0,0.0,1.0,1.0,0.0,"[61.27,61.27,61.27,61.27,45.95,30.0]","[59.67,59.67,59.67,59.67,44.35,28.4]","[0.8,0.8,0.8,0.8,0.8,0.8]","[20.0,20.0,20.0,20.0,20.0,20.0]","[18.4,18.4,18.4,18.4,12.4,12.4]","[0.8,0.8,0.8,0.8,3.8,3.8]",61.27,59.67000000000001,0.8,20.0,18.4,0.8,12.797467474748284,15.297467474748284,"[15979.884,15979.884,15979.884,15979.884,6652.537,1800.33]","[512.312,512.312,512.312,512.312,1539.494,1539.494]","[2084.333,2084.333,2084.333,2084.333,867.722,234.826]","[66.823,66.823,66.823,66.823,200.804,200.804]",3339.8237445448735,16492.196152832916,435.6291840710704,2151.156019934728,2.2295645580162837,-0.9066469408471178,-0.9066469408471178,2.8953561534666337,0.12235910864612556,0.0,0.0,0.0,0.0,5.551115123125783e-17,5.665583147960493e-18,2996.466290906634,2996.466290906634,[2996.466],fail,1815.4349732303403,False,False,geometry_validity|moment_closure,False,True,False,fail,True,False,True,False,fail,False,False,False,geometry_validity|ground_clearance; negative_margins:ei_dominance_margin_min_nm2=-1278.65739|ei_ratio_margin_min=-0.830570063|ground_clearance_margin_m=-0.906646941,geometry_validity|ground_clearance,ei_dominance_margin_min_nm2,-1278.6573891236114,"{""ei_dominance_margin_min_nm2"":-1278.6573891236114,""ei_ratio_margin_min"":-0.8305700632631794,""equivalent_buckling_margin"":0.8356081797706374,""equivalent_failure_margin"":0.5562637006687566,""equivalent_tip_margin"":0.3204354419837161,""equivalent_twist_margin"":1.7843400623811794,""ground_clearance_margin_m"":-0.9066469408471178,""jig_curvature_margin_per_m"":0.013192021504332185,""jig_prebend_margin_m"":1.1312427908578915,""loaded_shape_main_z_margin_m"":0.025,""loaded_shape_twist_margin_deg"":0.15,""main_hollow_margin_min_m"":0.014199999999999999,""main_radius_taper_margin_min_m"":0.0,""main_thickness_ratio_margin_min_m"":0.0112,""main_thickness_step_margin_min_m"":0.003,""radius_dominance_margin_min_m"":-8.673617379884035e-19,""rear_hollow_margin_min_m"":0.0061,""rear_inboard_ei_margin_min_nm2"":2683.664553141044,""rear_main_radius_ratio_margin_min_m"":0.01,""rear_radius_taper_margin_min_m"":0.0,""rear_thickness_ratio_margin_min_m"":0.004200000000000001,""rear_thickness_step_margin_min_m"":0.0}",1634966.2306157162,1634966.2306157162,8033.8984174907255,5,-0.8861886070982699,2008.4746043726814,1.0,3,0.05,0.0,2023.9720718474298,"[2023.9720718474298,15.297467474748284,8033.8984174907255,1.0,2.8953561534666337]",analysis complete
2.0,target_main_tip_z_2p000m,9,baseline_or_coarse,coarse_grid,b02e5bfcfe83,"baseline_uniform|0.000000,0.000000,0.000000,1.000000,1.000000",baseline_uniform,Uniform baseline rib family,0.0,0.0,0.0,1.0,1.0,1.0,0.0,1.0,1.0,1.0,"[61.27,61.27,61.27,61.27,45.95,30.0]","[45.27,45.27,45.27,45.27,29.95,14.0]","[8.0,8.0,8.0,8.0,8.0,8.0]","[20.0,20.0,20.0,20.0,20.0,20.0]","[4.0,4.0,4.0,4.0,0.0,0.0]","[8.0,8.0,8.0,8.0,11.0,11.0]",61.27,45.27,8.0,20.0,4.0,8.0,77.21542978826525,79.71542978826525,"[111689.373,111689.373,111689.373,111689.373,41247.326,8711.259]","[1803.526,1803.526,1803.526,1803.526,1806.416,1806.416]","[14568.179,14568.179,14568.179,14568.179,5380.086,1136.251]","[235.242,235.242,235.242,235.242,235.619,235.619]",10517.675213100196,113492.89842424521,1371.8706799695906,14803.421533597202,-0.10818402171878931,0.0651858601168413,0.0651858601168413,0.13222165293242094,0.03314544974458733,0.0,0.0,0.0,0.0,2.220446049250313e-16,2.9329996735304376e-17,239.4185303483219,239.4185303483219,[239.419],fail,1362.3736450932574,False,False,geometry_validity|moment_closure,False,True,False,fail,True,False,True,False,fail,False,False,False,geometry_validity; negative_margins:rear_hollow_margin_min_m=-0.0011|rear_thickness_ratio_margin_min_m=-0.003,geometry_validity,rear_thickness_ratio_margin_min_m,-0.002999999999999999,"{""ei_dominance_margin_min_nm2"":5098.789168812964,""ei_ratio_margin_min"":2.822882288228821,""equivalent_buckling_margin"":0.9144440771678889,""equivalent_failure_margin"":0.95278937107266,""equivalent_tip_margin"":2.6581840217187893,""equivalent_twist_margin"":2.000164418142004,""ground_clearance_margin_m"":0.0651858601168413,""jig_curvature_margin_per_m"":0.10240568040587042,""jig_prebend_margin_m"":3.894377291392104,""loaded_shape_main_z_margin_m"":0.025,""loaded_shape_twist_margin_deg"":0.15,""main_hollow_margin_min_m"":0.006999999999999999,""main_radius_taper_margin_min_m"":0.0,""main_thickness_ratio_margin_min_m"":0.004,""main_thickness_step_margin_min_m"":0.003,""radius_dominance_margin_min_m"":-8.673617379884035e-19,""rear_hollow_margin_min_m"":-0.0010999999999999992,""rear_inboard_ei_margin_min_nm2"":20534.34907216165,""rear_main_radius_ratio_margin_min_m"":0.01,""rear_radius_taper_margin_min_m"":0.0,""rear_thickness_ratio_margin_min_m"":-0.002999999999999999,""rear_thickness_step_margin_min_m"":8.673617379884035e-19}",1.0209999999999994e-05,1.0209999999999994e-05,0.0,0,0.07244875774184537,0.0,0.9999999999999977,3,0.049999999999999885,0.0,79.76542978826525,"[79.76542978826525,79.71542978826525,0.0,0.9999999999999977,0.13222165293242094]",analysis complete
2.0,target_main_tip_z_2p000m,10,baseline_or_coarse,coarse_grid,c0c9313cfe18,"inboard_reinforced_mix|0.000000,0.000000,0.000000,1.000000,1.000000",inboard_reinforced_mix,Inboard reinforced two-family mix,0.0,0.0,0.0,1.0,1.0,1.0,0.0,1.0,1.0,1.0,"[61.27,61.27,61.27,61.27,45.95,30.0]","[45.27,45.27,45.27,45.27,29.95,14.0]","[8.0,8.0,8.0,8.0,8.0,8.0]","[20.0,20.0,20.0,20.0,20.0,20.0]","[4.0,4.0,4.0,4.0,0.0,0.0]","[8.0,8.0,8.0,8.0,11.0,11.0]",61.27,45.27,8.0,20.0,4.0,8.0,77.21542978826525,79.71542978826525,"[111689.373,111689.373,111689.373,111689.373,41247.326,8711.259]","[1803.526,1803.526,1803.526,1803.526,1806.416,1806.416]","[14568.179,14568.179,14568.179,14568.179,5380.086,1136.251]","[235.242,235.242,235.242,235.242,235.619,235.619]",10517.675213100196,113492.89842424521,1371.8706799695906,14803.421533597202,-0.10818717800588702,0.0651858601168413,0.0651858601168413,0.13222165293242094,0.03314544974458733,0.0,0.0,0.0,0.0,2.220446049250313e-16,2.9329996735304376e-17,239.4185303483219,239.4185303483219,[239.419],fail,1362.3736450932574,False,False,geometry_validity|moment_closure,False,True,False,fail,True,False,True,False,fail,False,False,False,geometry_validity; negative_margins:rear_hollow_margin_min_m=-0.0011|rear_thickness_ratio_margin_min_m=-0.003,geometry_validity,rear_thickness_ratio_margin_min_m,-0.002999999999999999,"{""ei_dominance_margin_min_nm2"":5098.789168812964,""ei_ratio_margin_min"":2.822882288228821,""equivalent_buckling_margin"":0.9144440788893359,""equivalent_failure_margin"":0.9527892513863853,""equivalent_tip_margin"":2.6581871780058868,""equivalent_twist_margin"":2.007059444224187,""ground_clearance_margin_m"":0.0651858601168413,""jig_curvature_margin_per_m"":0.10240568040587042,""jig_prebend_margin_m"":3.894377291392104,""loaded_shape_main_z_margin_m"":0.025,""loaded_shape_twist_margin_deg"":0.15,""main_hollow_margin_min_m"":0.006999999999999999,""main_radius_taper_margin_min_m"":0.0,""main_thickness_ratio_margin_min_m"":0.004,""main_thickness_step_margin_min_m"":0.003,""radius_dominance_margin_min_m"":-8.673617379884035e-19,""rear_hollow_margin_min_m"":-0.0010999999999999992,""rear_inboard_ei_margin_min_nm2"":20534.34907216165,""rear_main_radius_ratio_margin_min_m"":0.01,""rear_radius_taper_margin_min_m"":0.0,""rear_thickness_ratio_margin_min_m"":-0.002999999999999999,""rear_thickness_step_margin_min_m"":8.673617379884035e-19}",1.0209999999999994e-05,1.0209999999999994e-05,0.0,0,0.07244875774184537,0.0,0.9999999999999977,3,0.049999999999999885,0.0,79.91542978826526,"[79.91542978826526,79.71542978826525,0.0,0.9999999999999977,0.13222165293242094]",analysis complete
2.0,target_main_tip_z_2p000m,11,baseline_or_coarse,coarse_grid,21b0b0fb76ff,"outboard_relaxed_mix|0.000000,0.000000,0.000000,1.000000,1.000000",outboard_relaxed_mix,Outboard relaxed two-family mix,0.0,0.0,0.0,1.0,1.0,1.0,0.0,1.0,1.0,1.0,"[61.27,61.27,61.27,61.27,45.95,30.0]","[45.27,45.27,45.27,45.27,29.95,14.0]","[8.0,8.0,8.0,8.0,8.0,8.0]","[20.0,20.0,20.0,20.0,20.0,20.0]","[4.0,4.0,4.0,4.0,0.0,0.0]","[8.0,8.0,8.0,8.0,11.0,11.0]",61.27,45.27,8.0,20.0,4.0,8.0,77.21542978826525,79.71542978826525,"[111689.373,111689.373,111689.373,111689.373,41247.326,8711.259]","[1803.526,1803.526,1803.526,1803.526,1806.416,1806.416]","[14568.179,14568.179,14568.179,14568.179,5380.086,1136.251]","[235.242,235.242,235.242,235.242,235.619,235.619]",10517.675213100196,113492.89842424521,1371.8706799695906,14803.421533597202,-0.1081786222884346,0.0651858601168413,0.0651858601168413,0.13222165293242094,0.03314544974458733,0.0,0.0,0.0,0.0,2.220446049250313e-16,2.9329996735304376e-17,239.4185303483219,239.4185303483219,[239.419],fail,1362.3736450932574,False,False,geometry_validity|moment_closure,False,True,False,fail,True,False,True,False,fail,False,False,False,geometry_validity; negative_margins:rear_hollow_margin_min_m=-0.0011|rear_thickness_ratio_margin_min_m=-0.003,geometry_validity,rear_thickness_ratio_margin_min_m,-0.002999999999999999,"{""ei_dominance_margin_min_nm2"":5098.789168812964,""ei_ratio_margin_min"":2.822882288228821,""equivalent_buckling_margin"":0.9144440725289152,""equivalent_failure_margin"":0.9527895674796781,""equivalent_tip_margin"":2.6581786222884345,""equivalent_twist_margin"":1.9883684921440188,""ground_clearance_margin_m"":0.0651858601168413,""jig_curvature_margin_per_m"":0.10240568040587042,""jig_prebend_margin_m"":3.894377291392104,""loaded_shape_main_z_margin_m"":0.025,""loaded_shape_twist_margin_deg"":0.15,""main_hollow_margin_min_m"":0.006999999999999999,""main_radius_taper_margin_min_m"":0.0,""main_thickness_ratio_margin_min_m"":0.004,""main_thickness_step_margin_min_m"":0.003,""radius_dominance_margin_min_m"":-8.673617379884035e-19,""rear_hollow_margin_min_m"":-0.0010999999999999992,""rear_inboard_ei_margin_min_nm2"":20534.34907216165,""rear_main_radius_ratio_margin_min_m"":0.01,""rear_radius_taper_margin_min_m"":0.0,""rear_thickness_ratio_margin_min_m"":-0.002999999999999999,""rear_thickness_step_margin_min_m"":8.673617379884035e-19}",1.0209999999999994e-05,1.0209999999999994e-05,0.0,0,0.07244875774184537,0.0,0.9999999999999977,3,0.049999999999999885,0.0,79.91542978826526,"[79.91542978826526,79.71542978826525,0.0,0.9999999999999977,0.13222165293242094]",analysis complete
2.0,target_main_tip_z_2p000m,12,baseline_or_coarse,coarse_grid,c3b2120a434d,"baseline_uniform|0.000000,0.000000,1.000000,0.000000,0.000000",baseline_uniform,Uniform baseline rib family,0.0,0.0,1.0,0.0,0.0,1.0,0.0,1.12,0.0,0.0,"[61.27,61.27,61.27,61.27,45.95,30.0]","[59.67,59.67,59.67,59.67,44.35,28.4]","[0.8,0.8,0.8,0.8,0.8,0.8]","[22.4,22.4,22.4,22.4,22.4,22.4]","[20.8,20.8,20.8,20.8,20.8,20.8]","[0.8,0.8,0.8,0.8,0.8,0.8]",61.27,59.67000000000001,0.8,22.400000000000002,20.800000000000004,0.8,10.02074039337795,12.52074039337795,"[15979.884,15979.884,15979.884,15979.884,6652.537,1800.33]","[729.179,729.179,729.179,729.179,729.179,729.179]","[2084.333,2084.333,2084.333,2084.333,867.722,234.826]","[95.11,95.11,95.11,95.11,95.11,95.11]",2529.5092705197985,16709.06315884272,329.93599180693025,2179.4430207186156,2.83065475633082,-1.5907403874497894,-1.5907403874497894,3.5794496000693052,0.10628973735020736,0.0,0.0,0.0,0.0,1.3877787807814457e-17,1.266862905101691e-18,3242.181943799443,3242.181943799443,[3242.182],fail,1861.5755309151114,False,False,geometry_validity|moment_closure,False,True,False,fail,True,False,True,False,fail,False,False,False,geometry_validity|ground_clearance; negative_margins:equivalent_tip_margin=-0.280654756|ground_clearance_margin_m=-1.59074039|radius_dominance_margin_min_m=-0.0012,geometry_validity|ground_clearance,ground_clearance_margin_m,-1.5907403874497894,"{""ei_dominance_margin_min_nm2"":341.97155892653814,""ei_ratio_margin_min"":0.46898148148148033,""equivalent_buckling_margin"":0.8141854440016427,""equivalent_failure_margin"":0.4858532726688036,""equivalent_tip_margin"":-0.2806547563308204,""equivalent_twist_margin"":1.87008717654527,""ground_clearance_margin_m"":-1.5907403874497894,""jig_curvature_margin_per_m"":0.02926139280025039,""jig_prebend_margin_m"":0.4471493442552199,""loaded_shape_main_z_margin_m"":0.025,""loaded_shape_twist_margin_deg"":0.15,""main_hollow_margin_min_m"":0.014199999999999999,""main_radius_taper_margin_min_m"":0.0,""main_thickness_ratio_margin_min_m"":0.0112,""main_thickness_step_margin_min_m"":0.003,""radius_dominance_margin_min_m"":-0.0012000000000000023,""rear_hollow_margin_min_m"":0.010300000000000002,""rear_inboard_ei_margin_min_nm2"":2466.7975471312398,""rear_main_radius_ratio_margin_min_m"":0.011200000000000002,""rear_radius_taper_margin_min_m"":0.0,""rear_thickness_ratio_margin_min_m"":0.00816,""rear_thickness_step_margin_min_m"":0.003}",2.6092235125150185,2.6092235125150185,23280.4404025397,5,-1.514818897767363,5820.110100634925,0.6666666666666666,2,0.03333333333333333,0.0,5832.664174361637,"[5832.664174361637,12.52074039337795,23280.4404025397,0.6666666666666666,3.5794496000693052]",analysis complete
2.0,target_main_tip_z_2p000m,13,baseline_or_coarse,coarse_grid,5b8675e544be,"inboard_reinforced_mix|0.000000,0.000000,1.000000,0.000000,0.000000",inboard_reinforced_mix,Inboard reinforced two-family mix,0.0,0.0,1.0,0.0,0.0,1.0,0.0,1.12,0.0,0.0,"[61.27,61.27,61.27,61.27,45.95,30.0]","[59.67,59.67,59.67,59.67,44.35,28.4]","[0.8,0.8,0.8,0.8,0.8,0.8]","[22.4,22.4,22.4,22.4,22.4,22.4]","[20.8,20.8,20.8,20.8,20.8,20.8]","[0.8,0.8,0.8,0.8,0.8,0.8]",61.27,59.67000000000001,0.8,22.400000000000002,20.800000000000004,0.8,10.02074039337795,12.52074039337795,"[15979.884,15979.884,15979.884,15979.884,6652.537,1800.33]","[729.179,729.179,729.179,729.179,729.179,729.179]","[2084.333,2084.333,2084.333,2084.333,867.722,234.826]","[95.11,95.11,95.11,95.11,95.11,95.11]",2529.5092705197985,16709.06315884272,329.93599180693025,2179.4430207186156,2.830638204658088,-1.5907403874497894,-1.5907403874497894,3.5794496000693052,0.10628973735020736,0.0,0.0,0.0,0.0,1.3877787807814457e-17,1.266862905101691e-18,3242.181943799443,3242.181943799443,[3242.182],fail,1861.5755309151114,False,False,geometry_validity|moment_closure,False,True,False,fail,True,False,True,False,fail,False,False,False,geometry_validity|ground_clearance; negative_margins:equivalent_tip_margin=-0.280638205|ground_clearance_margin_m=-1.59074039|radius_dominance_margin_min_m=-0.0012,geometry_validity|ground_clearance,ground_clearance_margin_m,-1.5907403874497894,"{""ei_dominance_margin_min_nm2"":341.97155892653814,""ei_ratio_margin_min"":0.46898148148148033,""equivalent_buckling_margin"":0.8141857160290125,""equivalent_failure_margin"":0.48585392415934847,""equivalent_tip_margin"":-0.280638204658088,""equivalent_twist_margin"":1.9059862593435206,""ground_clearance_margin_m"":-1.5907403874497894,""jig_curvature_margin_per_m"":0.02926139280025039,""jig_prebend_margin_m"":0.4471493442552199,""loaded_shape_main_z_margin_m"":0.025,""loaded_shape_twist_margin_deg"":0.15,""main_hollow_margin_min_m"":0.014199999999999999,""main_radius_taper_margin_min_m"":0.0,""main_thickness_ratio_margin_min_m"":0.0112,""main_thickness_step_margin_min_m"":0.003,""radius_dominance_margin_min_m"":-0.0012000000000000023,""rear_hollow_margin_min_m"":0.010300000000000002,""rear_inboard_ei_margin_min_nm2"":2466.7975471312398,""rear_main_radius_ratio_margin_min_m"":0.011200000000000002,""rear_radius_taper_margin_min_m"":0.0,""rear_thickness_ratio_margin_min_m"":0.00816,""rear_thickness_step_margin_min_m"":0.003}",2.6092142221776213,2.6092142221776213,23280.4404025397,5,-1.514818897767363,5820.110100634925,0.6666666666666666,2,0.03333333333333333,0.0,5832.814174361637,"[5832.814174361637,12.52074039337795,23280.4404025397,0.6666666666666666,3.5794496000693052]",analysis complete
2.0,target_main_tip_z_2p000m,14,baseline_or_coarse,coarse_grid,f9cd16fedc84,"outboard_relaxed_mix|0.000000,0.000000,1.000000,0.000000,0.000000",outboard_relaxed_mix,Outboard relaxed two-family mix,0.0,0.0,1.0,0.0,0.0,1.0,0.0,1.12,0.0,0.0,"[61.27,61.27,61.27,61.27,45.95,30.0]","[59.67,59.67,59.67,59.67,44.35,28.4]","[0.8,0.8,0.8,0.8,0.8,0.8]","[22.4,22.4,22.4,22.4,22.4,22.4]","[20.8,20.8,20.8,20.8,20.8,20.8]","[0.8,0.8,0.8,0.8,0.8,0.8]",61.27,59.67000000000001,0.8,22.400000000000002,20.800000000000004,0.8,10.02074039337795,12.52074039337795,"[15979.884,15979.884,15979.884,15979.884,6652.537,1800.33]","[729.179,729.179,729.179,729.179,729.179,729.179]","[2084.333,2084.333,2084.333,2084.333,867.722,234.826]","[95.11,95.11,95.11,95.11,95.11,95.11]",2529.5092705197985,16709.06315884272,329.93599180693025,2179.4430207186156,2.8306830786766297,-1.5907403874497894,-1.5907403874497894,3.5794496000693052,0.10628973735020736,0.0,0.0,0.0,0.0,1.3877787807814457e-17,1.266862905101691e-18,3242.181943799443,3242.181943799443,[3242.182],fail,1861.5755309151114,False,False,geometry_validity|moment_closure,False,True,False,fail,True,False,True,False,fail,False,False,False,geometry_validity|ground_clearance; negative_margins:equivalent_tip_margin=-0.280683079|ground_clearance_margin_m=-1.59074039|radius_dominance_margin_min_m=-0.0012,geometry_validity|ground_clearance,ground_clearance_margin_m,-1.5907403874497894,"{""ei_dominance_margin_min_nm2"":341.97155892653814,""ei_ratio_margin_min"":0.46898148148148033,""equivalent_buckling_margin"":0.8141849410981611,""equivalent_failure_margin"":0.48585215131953,""equivalent_tip_margin"":-0.2806830786766299,""equivalent_twist_margin"":1.8070942439028141,""ground_clearance_margin_m"":-1.5907403874497894,""jig_curvature_margin_per_m"":0.02926139280025039,""jig_prebend_margin_m"":0.4471493442552199,""loaded_shape_main_z_margin_m"":0.025,""loaded_shape_twist_margin_deg"":0.15,""main_hollow_margin_min_m"":0.014199999999999999,""main_radius_taper_margin_min_m"":0.0,""main_thickness_ratio_margin_min_m"":0.0112,""main_thickness_step_margin_min_m"":0.003,""radius_dominance_margin_min_m"":-0.0012000000000000023,""rear_hollow_margin_min_m"":0.010300000000000002,""rear_inboard_ei_margin_min_nm2"":2466.7975471312398,""rear_main_radius_ratio_margin_min_m"":0.011200000000000002,""rear_radius_taper_margin_min_m"":0.0,""rear_thickness_ratio_margin_min_m"":0.00816,""rear_thickness_step_margin_min_m"":0.003}",2.6092394109192973,2.6092394109192973,23280.4404025397,5,-1.514818897767363,5820.110100634925,0.6666666666666666,2,0.03333333333333333,0.0,5832.814174361637,"[5832.814174361637,12.52074039337795,23280.4404025397,0.6666666666666666,3.5794496000693052]",analysis complete
2.0,target_main_tip_z_2p000m,15,baseline_or_coarse,coarse_grid,f8fcb96a318d,"baseline_uniform|0.000000,0.000000,1.000000,0.000000,1.000000",baseline_uniform,Uniform baseline rib family,0.0,0.0,1.0,0.0,1.0,1.0,0.0,1.12,0.0,1.0,"[61.27,61.27,61.27,61.27,45.95,30.0]","[45.27,45.27,45.27,45.27,29.95,14.0]","[8.0,8.0,8.0,8.0,8.0,8.0]","[22.4,22.4,22.4,22.4,22.4,22.4]","[6.4,6.4,6.4,6.4,6.4,6.4]","[8.0,8.0,8.0,8.0,8.0,8.0]",61.27,45.27,8.0,22.400000000000002,6.400000000000003,8.0,80.3270067793344,82.8270067793344,"[111689.373,111689.373,111689.373,111689.373,41247.326,8711.259]","[2823.489,2823.489,2823.489,2823.489,2823.489,2823.489]","[14568.179,14568.179,14568.179,14568.179,5380.086,1136.251]","[368.281,368.281,368.281,368.281,368.281,368.281]",11534.74799045362,114512.86146683994,1504.532346580907,14936.460191326949,-0.1372018442088742,0.0651858601168413,0.0651858601168413,0.16020448150544464,0.02467160279197314,0.0,0.0,4.3520742565306136e-14,1.6751141623607937e-13,2.220446049250313e-16,2.866583523299505e-17,100.42150302953614,100.42150302953614,[100.422],fail,1377.2768177911848,False,False,geometry_validity|moment_closure,False,True,False,fail,True,False,True,False,fail,False,False,False,geometry_validity; negative_margins:radius_dominance_margin_min_m=-0.0012,geometry_validity,radius_dominance_margin_min_m,-0.0012000000000000023,"{""ei_dominance_margin_min_nm2"":3064.282330950952,""ei_ratio_margin_min"":1.0852823637316535,""equivalent_buckling_margin"":0.9144052645303619,""equivalent_failure_margin"":0.9515666366418024,""equivalent_tip_margin"":2.687201844208874,""equivalent_twist_margin"":2.0028431290776183,""ground_clearance_margin_m"":0.0651858601168413,""jig_curvature_margin_per_m"":0.11087952735848461,""jig_prebend_margin_m"":3.8663944628190805,""loaded_shape_main_z_margin_m"":0.025,""loaded_shape_twist_margin_deg"":0.14999999999995647,""main_hollow_margin_min_m"":0.006999999999999999,""main_radius_taper_margin_min_m"":0.0,""main_thickness_ratio_margin_min_m"":0.004,""main_thickness_step_margin_min_m"":0.003,""radius_dominance_margin_min_m"":-0.0012000000000000023,""rear_hollow_margin_min_m"":0.0031000000000000016,""rear_inboard_ei_margin_min_nm2"":19514.386029566922,""rear_main_radius_ratio_margin_min_m"":0.011200000000000002,""rear_radius_taper_margin_min_m"":0.0,""rear_thickness_ratio_margin_min_m"":0.0009600000000000008,""rear_thickness_step_margin_min_m"":0.003}",1.4400000000000055e-06,1.4400000000000055e-06,0.0,0,0.07263066447956203,0.0,0.6666666666666666,2,0.03333333333333333,8.375570811803969e-15,82.86034011266774,"[82.86034011266774,82.8270067793344,0.0,0.6666666666666666,0.16020448150544464]",analysis complete
2.0,target_main_tip_z_2p000m,16,baseline_or_coarse,coarse_grid,49d582f72521,"inboard_reinforced_mix|0.000000,0.000000,1.000000,0.000000,1.000000",inboard_reinforced_mix,Inboard reinforced two-family mix,0.0,0.0,1.0,0.0,1.0,1.0,0.0,1.12,0.0,1.0,"[61.27,61.27,61.27,61.27,45.95,30.0]","[45.27,45.27,45.27,45.27,29.95,14.0]","[8.0,8.0,8.0,8.0,8.0,8.0]","[22.4,22.4,22.4,22.4,22.4,22.4]","[6.4,6.4,6.4,6.4,6.4,6.4]","[8.0,8.0,8.0,8.0,8.0,8.0]",61.27,45.27,8.0,22.400000000000002,6.400000000000003,8.0,80.3270067793344,82.8270067793344,"[111689.373,111689.373,111689.373,111689.373,41247.326,8711.259]","[2823.489,2823.489,2823.489,2823.489,2823.489,2823.489]","[14568.179,14568.179,14568.179,14568.179,5380.086,1136.251]","[368.281,368.281,368.281,368.281,368.281,368.281]",11534.74799045362,114512.86146683994,1504.532346580907,14936.460191326949,-0.1372047200213648,0.0651858601168413,0.0651858601168413,0.16020448150544464,0.02467160279197314,0.0,0.0,4.3520742565306136e-14,1.6751141623607937e-13,2.220446049250313e-16,2.866583523299505e-17,100.42150302953614,100.42150302953614,[100.422],fail,1377.2768177911848,False,False,geometry_validity|moment_closure,False,True,False,fail,True,False,True,False,fail,False,False,False,geometry_validity; negative_margins:radius_dominance_margin_min_m=-0.0012,geometry_validity,radius_dominance_margin_min_m,-0.0012000000000000023,"{""ei_dominance_margin_min_nm2"":3064.282330950952,""ei_ratio_margin_min"":1.0852823637316535,""equivalent_buckling_margin"":0.9144052651142093,""equivalent_failure_margin"":0.9515665182312786,""equivalent_tip_margin"":2.6872047200213647,""equivalent_twist_margin"":2.0089845223357172,""ground_clearance_margin_m"":0.0651858601168413,""jig_curvature_margin_per_m"":0.11087952735848461,""jig_prebend_margin_m"":3.8663944628190805,""loaded_shape_main_z_margin_m"":0.025,""loaded_shape_twist_margin_deg"":0.14999999999995647,""main_hollow_margin_min_m"":0.006999999999999999,""main_radius_taper_margin_min_m"":0.0,""main_thickness_ratio_margin_min_m"":0.004,""main_thickness_step_margin_min_m"":0.003,""radius_dominance_margin_min_m"":-0.0012000000000000023,""rear_hollow_margin_min_m"":0.0031000000000000016,""rear_inboard_ei_margin_min_nm2"":19514.386029566922,""rear_main_radius_ratio_margin_min_m"":0.011200000000000002,""rear_radius_taper_margin_min_m"":0.0,""rear_thickness_ratio_margin_min_m"":0.0009600000000000008,""rear_thickness_step_margin_min_m"":0.003}",1.4400000000000055e-06,1.4400000000000055e-06,0.0,0,0.07263066447956203,0.0,0.6666666666666666,2,0.03333333333333333,8.375570811803969e-15,83.01034011266775,"[83.01034011266775,82.8270067793344,0.0,0.6666666666666666,0.16020448150544464]",analysis complete
2.0,target_main_tip_z_2p000m,17,baseline_or_coarse,coarse_grid,35d15babc61c,"outboard_relaxed_mix|0.000000,0.000000,1.000000,0.000000,1.000000",outboard_relaxed_mix,Outboard relaxed two-family mix,0.0,0.0,1.0,0.0,1.0,1.0,0.0,1.12,0.0,1.0,"[61.27,61.27,61.27,61.27,45.95,30.0]","[45.27,45.27,45.27,45.27,29.95,14.0]","[8.0,8.0,8.0,8.0,8.0,8.0]","[22.4,22.4,22.4,22.4,22.4,22.4]","[6.4,6.4,6.4,6.4,6.4,6.4]","[8.0,8.0,8.0,8.0,8.0,8.0]",61.27,45.27,8.0,22.400000000000002,6.400000000000003,8.0,80.3270067793344,82.8270067793344,"[111689.373,111689.373,111689.373,111689.373,41247.326,8711.259]","[2823.489,2823.489,2823.489,2823.489,2823.489,2823.489]","[14568.179,14568.179,14568.179,14568.179,5380.086,1136.251]","[368.281,368.281,368.281,368.281,368.281,368.281]",11534.74799045362,114512.86146683994,1504.532346580907,14936.460191326949,-0.1371969233305928,0.0651858601168413,0.0651858601168413,0.16020448150544464,0.02467160279197314,0.0,0.0,4.3520742565306136e-14,1.6751141623607937e-13,2.220446049250313e-16,2.866583523299505e-17,100.42150302953614,100.42150302953614,[100.422],fail,1377.2768177911848,False,False,geometry_validity|moment_closure,False,True,False,fail,True,False,True,False,fail,False,False,False,geometry_validity; negative_margins:radius_dominance_margin_min_m=-0.0012,geometry_validity,radius_dominance_margin_min_m,-0.0012000000000000023,"{""ei_dominance_margin_min_nm2"":3064.282330950952,""ei_ratio_margin_min"":1.0852823637316535,""equivalent_buckling_margin"":0.9144052624138396,""equivalent_failure_margin"":0.9515668337124443,""equivalent_tip_margin"":2.6871969233305926,""equivalent_twist_margin"":1.9923338926226335,""ground_clearance_margin_m"":0.0651858601168413,""jig_curvature_margin_per_m"":0.11087952735848461,""jig_prebend_margin_m"":3.8663944628190805,""loaded_shape_main_z_margin_m"":0.025,""loaded_shape_twist_margin_deg"":0.14999999999995647,""main_hollow_margin_min_m"":0.006999999999999999,""main_radius_taper_margin_min_m"":0.0,""main_thickness_ratio_margin_min_m"":0.004,""main_thickness_step_margin_min_m"":0.003,""radius_dominance_margin_min_m"":-0.0012000000000000023,""rear_hollow_margin_min_m"":0.0031000000000000016,""rear_inboard_ei_margin_min_nm2"":19514.386029566922,""rear_main_radius_ratio_margin_min_m"":0.011200000000000002,""rear_radius_taper_margin_min_m"":0.0,""rear_thickness_ratio_margin_min_m"":0.0009600000000000008,""rear_thickness_step_margin_min_m"":0.003}",1.4400000000000055e-06,1.4400000000000055e-06,0.0,0,0.07263066447956203,0.0,0.6666666666666666,2,0.03333333333333333,8.375570811803969e-15,83.01034011266775,"[83.01034011266775,82.8270067793344,0.0,0.6666666666666666,0.16020448150544464]",analysis complete
2.0,target_main_tip_z_2p000m,18,baseline_or_coarse,coarse_grid,6c40496808ba,"baseline_uniform|0.000000,0.000000,1.000000,1.000000,0.000000",baseline_uniform,Uniform baseline rib family,0.0,0.0,1.0,1.0,0.0,1.0,0.0,1.12,1.0,0.0,"[61.27,61.27,61.27,61.27,45.95,30.0]","[59.67,59.67,59.67,59.67,44.35,28.4]","[0.8,0.8,0.8,0.8,0.8,0.8]","[22.4,22.4,22.4,22.4,22.4,22.4]","[20.8,20.8,20.8,20.8,14.8,14.8]","[0.8,0.8,0.8,0.8,3.8,3.8]",61.27,59.67000000000001,0.8,22.400000000000002,20.800000000000004,0.8,13.613181510534492,16.113181510534492,"[15979.884,15979.884,15979.884,15979.884,6652.537,1800.33]","[729.179,729.179,729.179,729.179,2300.748,2300.748]","[2084.333,2084.333,2084.333,2084.333,867.722,234.826]","[95.11,95.11,95.11,95.11,300.098,300.098]",4101.077989284508,16709.06315884272,534.9232159936314,2179.4430207186156,2.0597976181792945,-0.7317231767096026,-0.7317231767096026,2.7204323893291185,0.10625917965658513,0.0,0.0,0.0,0.0,5.551115123125783e-17,5.665583147960493e-18,2936.892364949524,2936.892364949524,[2936.892],fail,1846.7455083322918,False,False,geometry_validity|moment_closure,False,True,False,fail,True,False,True,False,fail,False,False,False,geometry_validity|ground_clearance; negative_margins:ei_dominance_margin_min_nm2=-2801.16588|ei_ratio_margin_min=-1.21750228|ground_clearance_margin_m=-0.731723177|radius_dominance_margin_min_m=-0.0012,geometry_validity|ground_clearance,ei_dominance_margin_min_nm2,-2801.1658786028793,"{""ei_dominance_margin_min_nm2"":-2801.1658786028793,""ei_ratio_margin_min"":-1.217502278484511,""equivalent_buckling_margin"":0.841797230957431,""equivalent_failure_margin"":0.5773793945915133,""equivalent_tip_margin"":0.4902023818207053,""equivalent_twist_margin"":1.8659912051904506,""ground_clearance_margin_m"":-0.7317231767096026,""jig_curvature_margin_per_m"":0.02929195049387262,""jig_prebend_margin_m"":1.3061665549954067,""loaded_shape_main_z_margin_m"":0.025,""loaded_shape_twist_margin_deg"":0.15,""main_hollow_margin_min_m"":0.014199999999999999,""main_radius_taper_margin_min_m"":0.0,""main_thickness_ratio_margin_min_m"":0.0112,""main_thickness_step_margin_min_m"":0.003,""radius_dominance_margin_min_m"":-0.0012000000000000023,""rear_hollow_margin_min_m"":0.007300000000000002,""rear_inboard_ei_margin_min_nm2"":2466.7975471312398,""rear_main_radius_ratio_margin_min_m"":0.011200000000000002,""rear_radius_taper_margin_min_m"":0.0,""rear_thickness_ratio_margin_min_m"":0.005160000000000001,""rear_thickness_step_margin_min_m"":0.0}",7846532.297181087,7846532.297181087,5333.589853213306,5,-0.7202583775822599,1333.3974633033265,1.0,3,0.05,0.0,1349.560644813861,"[1349.560644813861,16.113181510534492,5333.589853213306,1.0,2.7204323893291185]",analysis complete
2.0,target_main_tip_z_2p000m,19,baseline_or_coarse,coarse_grid,33d5b6e5e4a4,"inboard_reinforced_mix|0.000000,0.000000,1.000000,1.000000,0.000000",inboard_reinforced_mix,Inboard reinforced two-family mix,0.0,0.0,1.0,1.0,0.0,1.0,0.0,1.12,1.0,0.0,"[61.27,61.27,61.27,61.27,45.95,30.0]","[59.67,59.67,59.67,59.67,44.35,28.4]","[0.8,0.8,0.8,0.8,0.8,0.8]","[22.4,22.4,22.4,22.4,22.4,22.4]","[20.8,20.8,20.8,20.8,14.8,14.8]","[0.8,0.8,0.8,0.8,3.8,3.8]",61.27,59.67000000000001,0.8,22.400000000000002,20.800000000000004,0.8,13.613181510534492,16.113181510534492,"[15979.884,15979.884,15979.884,15979.884,6652.537,1800.33]","[729.179,729.179,729.179,729.179,2300.748,2300.748]","[2084.333,2084.333,2084.333,2084.333,867.722,234.826]","[95.11,95.11,95.11,95.11,300.098,300.098]",4101.077989284508,16709.06315884272,534.9232159936314,2179.4430207186156,2.0597768617516716,-0.7317231767096026,-0.7317231767096026,2.7204323893291185,0.10625917965658513,0.0,0.0,0.0,0.0,5.551115123125783e-17,5.665583147960493e-18,2936.892364949524,2936.892364949524,[2936.892],fail,1846.7455083322918,False,False,geometry_validity|moment_closure,False,True,False,fail,True,False,True,False,fail,False,False,False,geometry_validity|ground_clearance; negative_margins:ei_dominance_margin_min_nm2=-2801.16588|ei_ratio_margin_min=-1.21750228|ground_clearance_margin_m=-0.731723177|radius_dominance_margin_min_m=-0.0012,geometry_validity|ground_clearance,ei_dominance_margin_min_nm2,-2801.1658786028793,"{""ei_dominance_margin_min_nm2"":-2801.1658786028793,""ei_ratio_margin_min"":-1.217502278484511,""equivalent_buckling_margin"":0.8417976791688875,""equivalent_failure_margin"":0.577380522928478,""equivalent_tip_margin"":0.4902231382483282,""equivalent_twist_margin"":1.9020698937190816,""ground_clearance_margin_m"":-0.7317231767096026,""jig_curvature_margin_per_m"":0.02929195049387262,""jig_prebend_margin_m"":1.3061665549954067,""loaded_shape_main_z_margin_m"":0.025,""loaded_shape_twist_margin_deg"":0.15,""main_hollow_margin_min_m"":0.014199999999999999,""main_radius_taper_margin_min_m"":0.0,""main_thickness_ratio_margin_min_m"":0.0112,""main_thickness_step_margin_min_m"":0.003,""radius_dominance_margin_min_m"":-0.0012000000000000023,""rear_hollow_margin_min_m"":0.007300000000000002,""rear_inboard_ei_margin_min_nm2"":2466.7975471312398,""rear_main_radius_ratio_margin_min_m"":0.011200000000000002,""rear_radius_taper_margin_min_m"":0.0,""rear_thickness_ratio_margin_min_m"":0.005160000000000001,""rear_thickness_step_margin_min_m"":0.0}",7846532.297181087,7846532.297181087,5333.589853213306,5,-0.7202583775822599,1333.3974633033265,1.0,3,0.05,0.0,1349.710644813861,"[1349.710644813861,16.113181510534492,5333.589853213306,1.0,2.7204323893291185]",analysis complete
2.0,target_main_tip_z_2p000m,20,baseline_or_coarse,coarse_grid,285db5d7e244,"outboard_relaxed_mix|0.000000,0.000000,1.000000,1.000000,0.000000",outboard_relaxed_mix,Outboard relaxed two-family mix,0.0,0.0,1.0,1.0,0.0,1.0,0.0,1.12,1.0,0.0,"[61.27,61.27,61.27,61.27,45.95,30.0]","[59.67,59.67,59.67,59.67,44.35,28.4]","[0.8,0.8,0.8,0.8,0.8,0.8]","[22.4,22.4,22.4,22.4,22.4,22.4]","[20.8,20.8,20.8,20.8,14.8,14.8]","[0.8,0.8,0.8,0.8,3.8,3.8]",61.27,59.67000000000001,0.8,22.400000000000002,20.800000000000004,0.8,13.613181510534492,16.113181510534492,"[15979.884,15979.884,15979.884,15979.884,6652.537,1800.33]","[729.179,729.179,729.179,729.179,2300.748,2300.748]","[2084.333,2084.333,2084.333,2084.333,867.722,234.826]","[95.11,95.11,95.11,95.11,300.098,300.098]",4101.077989284508,16709.06315884272,534.9232159936314,2179.4430207186156,2.0598331041214784,-0.7317231767096026,-0.7317231767096026,2.7204323893291185,0.10625917965658513,0.0,0.0,0.0,0.0,5.551115123125783e-17,5.665583147960493e-18,2936.892364949524,2936.892364949524,[2936.892],fail,1846.7455083322918,False,False,geometry_validity|moment_closure,False,True,False,fail,True,False,True,False,fail,False,False,False,geometry_validity|ground_clearance; negative_margins:ei_dominance_margin_min_nm2=-2801.16588|ei_ratio_margin_min=-1.21750228|ground_clearance_margin_m=-0.731723177|radius_dominance_margin_min_m=-0.0012,geometry_validity|ground_clearance,ei_dominance_margin_min_nm2,-2801.1658786028793,"{""ei_dominance_margin_min_nm2"":-2801.1658786028793,""ei_ratio_margin_min"":-1.217502278484511,""equivalent_buckling_margin"":0.8417964082266912,""equivalent_failure_margin"":0.5773774566927005,""equivalent_tip_margin"":0.49016689587852147,""equivalent_twist_margin"":1.8035458709525596,""ground_clearance_margin_m"":-0.7317231767096026,""jig_curvature_margin_per_m"":0.02929195049387262,""jig_prebend_margin_m"":1.3061665549954067,""loaded_shape_main_z_margin_m"":0.025,""loaded_shape_twist_margin_deg"":0.15,""main_hollow_margin_min_m"":0.014199999999999999,""main_radius_taper_margin_min_m"":0.0,""main_thickness_ratio_margin_min_m"":0.0112,""main_thickness_step_margin_min_m"":0.003,""radius_dominance_margin_min_m"":-0.0012000000000000023,""rear_hollow_margin_min_m"":0.007300000000000002,""rear_inboard_ei_margin_min_nm2"":2466.7975471312398,""rear_main_radius_ratio_margin_min_m"":0.011200000000000002,""rear_radius_taper_margin_min_m"":0.0,""rear_thickness_ratio_margin_min_m"":0.005160000000000001,""rear_thickness_step_margin_min_m"":0.0}",7846532.297181087,7846532.297181087,5333.589853213306,5,-0.7202583775822599,1333.3974633033265,1.0,3,0.05,0.0,1349.710644813861,"[1349.710644813861,16.113181510534492,5333.589853213306,1.0,2.7204323893291185]",analysis complete
2.0,target_main_tip_z_2p000m,21,baseline_or_coarse,coarse_grid,0fd6c78ad54a,"baseline_uniform|0.000000,0.000000,1.000000,1.000000,1.000000",baseline_uniform,Uniform baseline rib family,0.0,0.0,1.0,1.0,1.0,1.0,0.0,1.12,1.0,1.0,"[61.27,61.27,61.27,61.27,45.95,30.0]","[45.27,45.27,45.27,45.27,29.95,14.0]","[8.0,8.0,8.0,8.0,8.0,8.0]","[22.4,22.4,22.4,22.4,22.4,22.4]","[6.4,6.4,6.4,6.4,0.4,0.4]","[8.0,8.0,8.0,8.0,11.0,11.0]",61.27,45.27,8.0,22.400000000000002,6.400000000000003,8.0,81.0132033972182,83.5132033972182,"[111689.373,111689.373,111689.373,111689.373,41247.326,8711.259]","[2823.489,2823.489,2823.489,2823.489,2842.43,2842.43]","[14568.179,14568.179,14568.179,14568.179,5380.086,1136.251]","[368.281,368.281,368.281,368.281,370.752,370.752]",11553.689343712496,114512.86146683994,1507.002957875543,14936.460191326949,-0.15748899877519643,0.0651858601168413,0.0651858601168413,0.20010633825999946,0.026677589385339096,0.0,0.0,4.39648317751562e-14,1.6922071640175364e-13,2.220446049250313e-16,3.247224421797809e-17,43.15755683340049,43.15755683340049,[43.158],fail,1364.084851683661,False,False,geometry_validity|moment_closure,False,True,False,fail,True,False,True,False,fail,False,False,False,geometry_validity; negative_margins:radius_dominance_margin_min_m=-0.0012|rear_thickness_ratio_margin_min_m=-0.00204,geometry_validity,rear_thickness_ratio_margin_min_m,-0.0020399999999999984,"{""ei_dominance_margin_min_nm2"":3026.3996244331993,""ei_ratio_margin_min"":1.0647226929293248,""equivalent_buckling_margin"":0.9143901147430084,""equivalent_failure_margin"":0.9504119727933419,""equivalent_tip_margin"":2.7074889987751964,""equivalent_twist_margin"":2.0020115842060604,""ground_clearance_margin_m"":0.0651858601168413,""jig_curvature_margin_per_m"":0.10887354076511865,""jig_prebend_margin_m"":3.8264926060645257,""loaded_shape_main_z_margin_m"":0.025,""loaded_shape_twist_margin_deg"":0.14999999999995603,""main_hollow_margin_min_m"":0.006999999999999999,""main_radius_taper_margin_min_m"":0.0,""main_thickness_ratio_margin_min_m"":0.004,""main_thickness_step_margin_min_m"":0.003,""radius_dominance_margin_min_m"":-0.0012000000000000023,""rear_hollow_margin_min_m"":0.00010000000000000225,""rear_inboard_ei_margin_min_nm2"":19514.386029566922,""rear_main_radius_ratio_margin_min_m"":0.011200000000000002,""rear_radius_taper_margin_min_m"":0.0,""rear_thickness_ratio_margin_min_m"":-0.0020399999999999984,""rear_thickness_step_margin_min_m"":8.673617379884035e-19}",5.601599999999999e-06,5.601599999999999e-06,0.0,0,0.07263530033453067,0.0,0.9999999999999977,3,0.049999999999999885,8.461035820087683e-15,83.56320339721822,"[83.56320339721822,83.5132033972182,0.0,0.9999999999999977,0.20010633825999946]",analysis complete
2.0,target_main_tip_z_2p000m,22,baseline_or_coarse,coarse_grid,e9df6d65084e,"inboard_reinforced_mix|0.000000,0.000000,1.000000,1.000000,1.000000",inboard_reinforced_mix,Inboard reinforced two-family mix,0.0,0.0,1.0,1.0,1.0,1.0,0.0,1.12,1.0,1.0,"[61.27,61.27,61.27,61.27,45.95,30.0]","[45.27,45.27,45.27,45.27,29.95,14.0]","[8.0,8.0,8.0,8.0,8.0,8.0]","[22.4,22.4,22.4,22.4,22.4,22.4]","[6.4,6.4,6.4,6.4,0.4,0.4]","[8.0,8.0,8.0,8.0,11.0,11.0]",61.27,45.27,8.0,22.400000000000002,6.400000000000003,8.0,81.0132033972182,83.5132033972182,"[111689.373,111689.373,111689.373,111689.373,41247.326,8711.259]","[2823.489,2823.489,2823.489,2823.489,2842.43,2842.43]","[14568.179,14568.179,14568.179,14568.179,5380.086,1136.251]","[368.281,368.281,368.281,368.281,370.752,370.752]",11553.689343712496,114512.86146683994,1507.002957875543,14936.460191326949,-0.15749194497828795,0.0651858601168413,0.0651858601168413,0.20010633825999946,0.026677589385339096,0.0,0.0,4.39648317751562e-14,1.6922071640175364e-13,2.220446049250313e-16,3.247224421797809e-17,43.15755683340049,43.15755683340049,[43.158],fail,1364.084851683661,False,False,geometry_validity|moment_closure,False,True,False,fail,True,False,True,False,fail,False,False,False,geometry_validity; negative_margins:radius_dominance_margin_min_m=-0.0012|rear_thickness_ratio_margin_min_m=-0.00204,geometry_validity,rear_thickness_ratio_margin_min_m,-0.0020399999999999984,"{""ei_dominance_margin_min_nm2"":3026.3996244331993,""ei_ratio_margin_min"":1.0647226929293248,""equivalent_buckling_margin"":0.9143901151801488,""equivalent_failure_margin"":0.9504118442398503,""equivalent_tip_margin"":2.7074919449782877,""equivalent_twist_margin"":2.00815470115452,""ground_clearance_margin_m"":0.0651858601168413,""jig_curvature_margin_per_m"":0.10887354076511865,""jig_prebend_margin_m"":3.8264926060645257,""loaded_shape_main_z_margin_m"":0.025,""loaded_shape_twist_margin_deg"":0.14999999999995603,""main_hollow_margin_min_m"":0.006999999999999999,""main_radius_taper_margin_min_m"":0.0,""main_thickness_ratio_margin_min_m"":0.004,""main_thickness_step_margin_min_m"":0.003,""radius_dominance_margin_min_m"":-0.0012000000000000023,""rear_hollow_margin_min_m"":0.00010000000000000225,""rear_inboard_ei_margin_min_nm2"":19514.386029566922,""rear_main_radius_ratio_margin_min_m"":0.011200000000000002,""rear_radius_taper_margin_min_m"":0.0,""rear_thickness_ratio_margin_min_m"":-0.0020399999999999984,""rear_thickness_step_margin_min_m"":8.673617379884035e-19}",5.601599999999999e-06,5.601599999999999e-06,0.0,0,0.07263530033453067,0.0,0.9999999999999977,3,0.049999999999999885,8.461035820087683e-15,83.71320339721822,"[83.71320339721822,83.5132033972182,0.0,0.9999999999999977,0.20010633825999946]",analysis complete
2.0,target_main_tip_z_2p000m,23,baseline_or_coarse,coarse_grid,2250e886c5a6,"outboard_relaxed_mix|0.000000,0.000000,1.000000,1.000000,1.000000",outboard_relaxed_mix,Outboard relaxed two-family mix,0.0,0.0,1.0,1.0,1.0,1.0,0.0,1.12,1.0,1.0,"[61.27,61.27,61.27,61.27,45.95,30.0]","[45.27,45.27,45.27,45.27,29.95,14.0]","[8.0,8.0,8.0,8.0,8.0,8.0]","[22.4,22.4,22.4,22.4,22.4,22.4]","[6.4,6.4,6.4,6.4,0.4,0.4]","[8.0,8.0,8.0,8.0,11.0,11.0]",61.27,45.27,8.0,22.400000000000002,6.400000000000003,8.0,81.0132033972182,83.5132033972182,"[111689.373,111689.373,111689.373,111689.373,41247.326,8711.259]","[2823.489,2823.489,2823.489,2823.489,2842.43,2842.43]","[14568.179,14568.179,14568.179,14568.179,5380.086,1136.251]","[368.281,368.281,368.281,368.281,370.752,370.752]",11553.689343712496,114512.86146683994,1507.002957875543,14936.460191326949,-0.15748395771846033,0.0651858601168413,0.0651858601168413,0.20010633825999946,0.026677589385339096,0.0,0.0,4.39648317751562e-14,1.6922071640175364e-13,2.220446049250313e-16,3.247224421797809e-17,43.15755683340049,43.15755683340049,[43.158],fail,1364.084851683661,False,False,geometry_validity|moment_closure,False,True,False,fail,True,False,True,False,fail,False,False,False,geometry_validity; negative_margins:radius_dominance_margin_min_m=-0.0012|rear_thickness_ratio_margin_min_m=-0.00204,geometry_validity,rear_thickness_ratio_margin_min_m,-0.0020399999999999984,"{""ei_dominance_margin_min_nm2"":3026.3996244331993,""ei_ratio_margin_min"":1.0647226929293248,""equivalent_buckling_margin"":0.9143901129575448,""equivalent_failure_margin"":0.9504121877987712,""equivalent_tip_margin"":2.70748395771846,""equivalent_twist_margin"":1.991499859744359,""ground_clearance_margin_m"":0.0651858601168413,""jig_curvature_margin_per_m"":0.10887354076511865,""jig_prebend_margin_m"":3.8264926060645257,""loaded_shape_main_z_margin_m"":0.025,""loaded_shape_twist_margin_deg"":0.14999999999995603,""main_hollow_margin_min_m"":0.006999999999999999,""main_radius_taper_margin_min_m"":0.0,""main_thickness_ratio_margin_min_m"":0.004,""main_thickness_step_margin_min_m"":0.003,""radius_dominance_margin_min_m"":-0.0012000000000000023,""rear_hollow_margin_min_m"":0.00010000000000000225,""rear_inboard_ei_margin_min_nm2"":19514.386029566922,""rear_main_radius_ratio_margin_min_m"":0.011200000000000002,""rear_radius_taper_margin_min_m"":0.0,""rear_thickness_ratio_margin_min_m"":-0.0020399999999999984,""rear_thickness_step_margin_min_m"":8.673617379884035e-19}",5.601599999999999e-06,5.601599999999999e-06,0.0,0,0.07263530033453067,0.0,0.9999999999999977,3,0.049999999999999885,8.461035820087683e-15,83.71320339721822,"[83.71320339721822,83.5132033972182,0.0,0.9999999999999977,0.20010633825999946]",analysis complete
2.0,target_main_tip_z_2p000m,24,baseline_or_coarse,coarse_grid,1e0cceeac087,"baseline_uniform|0.000000,1.000000,0.000000,0.000000,0.000000",baseline_uniform,Uniform baseline rib family,0.0,1.0,0.0,0.0,0.0,1.0,0.8,1.0,0.0,0.0,"[61.27,61.27,61.27,61.27,54.38628,47.219483]","[59.67,59.67,59.67,59.67,52.78628,45.619483]","[0.8,0.8,0.8,0.8,0.8,0.8]","[20.0,20.0,20.0,20.0,20.0,20.0]","[18.4,18.4,18.4,18.4,18.4,18.4]","[0.8,0.8,0.8,0.8,0.8,0.8]",61.27,59.67000000000001,0.8,20.0,18.4,0.8,10.410617270960177,12.910617270960177,"[15979.884,15979.884,15979.884,15979.884,11120.782,7229.489]","[512.312,512.312,512.312,512.312,512.312,512.312]","[2084.333,2084.333,2084.333,2084.333,1450.537,942.977]","[66.823,66.823,66.823,66.823,66.823,66.823]",7741.801002398776,16492.196152832916,1009.8001307476663,2151.156019934728,2.5005331415671064,-1.2618607220161726,-1.2618607220161726,3.2505699346356884,0.12156438063356312,0.0,0.0,0.0,0.0,2.7755575615628914e-17,3.5832294041243814e-18,3190.469671862785,3190.469671862785,[3190.47],fail,1871.333168379793,False,False,moment_closure,False,True,False,pass,True,True,True,False,fail,False,False,False,ground_clearance; negative_margins:ground_clearance_margin_m=-1.26186072,ground_clearance,ground_clearance_margin_m,-1.2618607220161726,"{""ei_dominance_margin_min_nm2"":6204.864308834928,""ei_ratio_margin_min"":12.11148969535061,""equivalent_buckling_margin"":0.8175437281869018,""equivalent_failure_margin"":0.4963382170429345,""equivalent_tip_margin"":0.049466858432893446,""equivalent_twist_margin"":1.8541132796225106,""ground_clearance_margin_m"":-1.2618607220161726,""jig_curvature_margin_per_m"":0.013986749516894631,""jig_prebend_margin_m"":0.7760290096888367,""loaded_shape_main_z_margin_m"":0.025,""loaded_shape_twist_margin_deg"":0.15,""main_hollow_margin_min_m"":0.022809741646027244,""main_radius_taper_margin_min_m"":0.0,""main_thickness_ratio_margin_min_m"":0.018087793316821796,""main_thickness_step_margin_min_m"":0.003,""radius_dominance_margin_min_m"":0.008609741646027243,""rear_hollow_margin_min_m"":0.0091,""rear_inboard_ei_margin_min_nm2"":2683.664553141044,""rear_main_radius_ratio_margin_min_m"":0.01,""rear_radius_taper_margin_min_m"":0.0,""rear_thickness_ratio_margin_min_m"":0.0072,""rear_thickness_step_margin_min_m"":0.003}",1.5922924817671764,1.5922924817671764,15049.559053706525,5,-1.2163210724797646,3762.3897634266314,0.6666666666666666,2,0.03333333333333333,0.0,3775.333714030925,"[3775.333714030925,12.910617270960177,15049.559053706525,0.6666666666666666,3.2505699346356884]",analysis complete
2.0,target_main_tip_z_2p000m,25,baseline_or_coarse,coarse_grid,e35fe1171e1c,"inboard_reinforced_mix|0.000000,1.000000,0.000000,0.000000,0.000000",inboard_reinforced_mix,Inboard reinforced two-family mix,0.0,1.0,0.0,0.0,0.0,1.0,0.8,1.0,0.0,0.0,"[61.27,61.27,61.27,61.27,54.38628,47.219483]","[59.67,59.67,59.67,59.67,52.78628,45.619483]","[0.8,0.8,0.8,0.8,0.8,0.8]","[20.0,20.0,20.0,20.0,20.0,20.0]","[18.4,18.4,18.4,18.4,18.4,18.4]","[0.8,0.8,0.8,0.8,0.8,0.8]",61.27,59.67000000000001,0.8,20.0,18.4,0.8,10.410617270960177,12.910617270960177,"[15979.884,15979.884,15979.884,15979.884,11120.782,7229.489]","[512.312,512.312,512.312,512.312,512.312,512.312]","[2084.333,2084.333,2084.333,2084.333,1450.537,942.977]","[66.823,66.823,66.823,66.823,66.823,66.823]",7741.801002398776,16492.196152832916,1009.8001307476663,2151.156019934728,2.5005168775607545,-1.2618607220161726,-1.2618607220161726,3.2505699346356884,0.12156438063356312,0.0,0.0,0.0,0.0,2.7755575615628914e-17,3.5832294041243814e-18,3190.469671862785,3190.469671862785,[3190.47],fail,1871.333168379793,False,False,moment_closure,False,True,False,pass,True,True,True,False,fail,False,False,False,ground_clearance; negative_margins:ground_clearance_margin_m=-1.26186072,ground_clearance,ground_clearance_margin_m,-1.2618607220161726,"{""ei_dominance_margin_min_nm2"":6204.864308834928,""ei_ratio_margin_min"":12.11148969535061,""equivalent_buckling_margin"":0.8175440494692038,""equivalent_failure_margin"":0.49633898118840214,""equivalent_tip_margin"":0.04948312243924535,""equivalent_twist_margin"":1.8935734284687409,""ground_clearance_margin_m"":-1.2618607220161726,""jig_curvature_margin_per_m"":0.013986749516894631,""jig_prebend_margin_m"":0.7760290096888367,""loaded_shape_main_z_margin_m"":0.025,""loaded_shape_twist_margin_deg"":0.15,""main_hollow_margin_min_m"":0.022809741646027244,""main_radius_taper_margin_min_m"":0.0,""main_thickness_ratio_margin_min_m"":0.018087793316821796,""main_thickness_step_margin_min_m"":0.003,""radius_dominance_margin_min_m"":0.008609741646027243,""rear_hollow_margin_min_m"":0.0091,""rear_inboard_ei_margin_min_nm2"":2683.664553141044,""rear_main_radius_ratio_margin_min_m"":0.01,""rear_radius_taper_margin_min_m"":0.0,""rear_thickness_ratio_margin_min_m"":0.0072,""rear_thickness_step_margin_min_m"":0.003}",1.5922924817671764,1.5922924817671764,15049.559053706525,5,-1.2163210724797646,3762.3897634266314,0.6666666666666666,2,0.03333333333333333,0.0,3775.483714030925,"[3775.483714030925,12.910617270960177,15049.559053706525,0.6666666666666666,3.2505699346356884]",analysis complete
2.0,target_main_tip_z_2p000m,26,baseline_or_coarse,coarse_grid,0e1b44eb59d8,"outboard_relaxed_mix|0.000000,1.000000,0.000000,0.000000,0.000000",outboard_relaxed_mix,Outboard relaxed two-family mix,0.0,1.0,0.0,0.0,0.0,1.0,0.8,1.0,0.0,0.0,"[61.27,61.27,61.27,61.27,54.38628,47.219483]","[59.67,59.67,59.67,59.67,52.78628,45.619483]","[0.8,0.8,0.8,0.8,0.8,0.8]","[20.0,20.0,20.0,20.0,20.0,20.0]","[18.4,18.4,18.4,18.4,18.4,18.4]","[0.8,0.8,0.8,0.8,0.8,0.8]",61.27,59.67000000000001,0.8,20.0,18.4,0.8,10.410617270960177,12.910617270960177,"[15979.884,15979.884,15979.884,15979.884,11120.782,7229.489]","[512.312,512.312,512.312,512.312,512.312,512.312]","[2084.333,2084.333,2084.333,2084.333,1450.537,942.977]","[66.823,66.823,66.823,66.823,66.823,66.823]",7741.801002398776,16492.196152832916,1009.8001307476663,2151.156019934728,2.5005609629822825,-1.2618607220161726,-1.2618607220161726,3.2505699346356884,0.12156438063356312,0.0,0.0,0.0,0.0,2.7755575615628914e-17,3.5832294041243814e-18,3190.469671862785,3190.469671862785,[3190.47],fail,1871.333168379793,False,False,moment_closure,False,True,False,pass,True,True,True,False,fail,False,False,False,ground_clearance; negative_margins:ground_clearance_margin_m=-1.26186072,ground_clearance,ground_clearance_margin_m,-1.2618607220161726,"{""ei_dominance_margin_min_nm2"":6204.864308834928,""ei_ratio_margin_min"":12.11148969535061,""equivalent_buckling_margin"":0.817543132848178,""equivalent_failure_margin"":0.49633690209459297,""equivalent_tip_margin"":0.04943903701771735,""equivalent_twist_margin"":1.785496526002124,""ground_clearance_margin_m"":-1.2618607220161726,""jig_curvature_margin_per_m"":0.013986749516894631,""jig_prebend_margin_m"":0.7760290096888367,""loaded_shape_main_z_margin_m"":0.025,""loaded_shape_twist_margin_deg"":0.15,""main_hollow_margin_min_m"":0.022809741646027244,""main_radius_taper_margin_min_m"":0.0,""main_thickness_ratio_margin_min_m"":0.018087793316821796,""main_thickness_step_margin_min_m"":0.003,""radius_dominance_margin_min_m"":0.008609741646027243,""rear_hollow_margin_min_m"":0.0091,""rear_inboard_ei_margin_min_nm2"":2683.664553141044,""rear_main_radius_ratio_margin_min_m"":0.01,""rear_radius_taper_margin_min_m"":0.0,""rear_thickness_ratio_margin_min_m"":0.0072,""rear_thickness_step_margin_min_m"":0.003}",1.5922924817671764,1.5922924817671764,15049.559053706525,5,-1.2163210724797646,3762.3897634266314,0.6666666666666666,2,0.03333333333333333,0.0,3775.483714030925,"[3775.483714030925,12.910617270960177,15049.559053706525,0.6666666666666666,3.2505699346356884]",analysis complete
2.0,target_main_tip_z_2p000m,27,baseline_or_coarse,coarse_grid,8c58b4c701e3,"baseline_uniform|0.000000,1.000000,0.000000,0.000000,1.000000",baseline_uniform,Uniform baseline rib family,0.0,1.0,0.0,0.0,1.0,1.0,0.8,1.0,0.0,1.0,"[61.27,61.27,61.27,61.27,54.38628,47.219483]","[45.27,45.27,45.27,45.27,38.38628,31.219483]","[8.0,8.0,8.0,8.0,8.0,8.0]","[20.0,20.0,20.0,20.0,20.0,20.0]","[4.0,4.0,4.0,4.0,4.0,4.0]","[8.0,8.0,8.0,8.0,8.0,8.0]",61.27,45.27,8.0,20.0,4.0,8.0,84.22577555515677,86.72577555515677,"[111689.373,111689.373,111689.373,111689.373,74263.543,45403.318]","[1803.526,1803.526,1803.526,1803.526,1803.526,1803.526]","[14568.179,14568.179,14568.179,14568.179,9686.549,5922.172]","[235.242,235.242,235.242,235.242,235.242,235.242]",47206.843806734636,113492.89842424521,6157.414409574083,14803.421533597202,-0.26529954641948045,0.06518586011375119,0.06518586011375119,0.706833107655509,0.0321868639749292,0.0,0.0,4.3520742565306136e-14,1.7638203440040691e-13,2.220446049250313e-16,6.217961372795247e-17,0.0,0.0,[0.0],fail,1310.407213843158,False,False,moment_closure,False,True,False,pass,True,True,True,True,pass,True,False,False,eligible_but_higher_objective_than_reported_selected,,rear_thickness_ratio_margin_min_m,0.0,"{""ei_dominance_margin_min_nm2"":41796.26727501615,""ei_ratio_margin_min"":23.174758011457786,""equivalent_buckling_margin"":0.9142398112991458,""equivalent_failure_margin"":0.9438170120793737,""equivalent_tip_margin"":2.8152995464194803,""equivalent_twist_margin"":1.996052348927536,""ground_clearance_margin_m"":0.06518586011375119,""jig_curvature_margin_per_m"":0.10336426617552855,""jig_prebend_margin_m"":3.319765836669016,""loaded_shape_main_z_margin_m"":0.025,""loaded_shape_twist_margin_deg"":0.14999999999995647,""main_hollow_margin_min_m"":0.015609741646027242,""main_radius_taper_margin_min_m"":0.0,""main_thickness_ratio_margin_min_m"":0.010887793316821794,""main_thickness_step_margin_min_m"":0.003,""radius_dominance_margin_min_m"":0.008609741646027243,""rear_hollow_margin_min_m"":0.0019,""rear_inboard_ei_margin_min_nm2"":20534.34907216165,""rear_main_radius_ratio_margin_min_m"":0.01,""rear_radius_taper_margin_min_m"":0.0,""rear_thickness_ratio_margin_min_m"":0.0,""rear_thickness_step_margin_min_m"":0.003}",0.0,0.0,0.0,0,0.07271138161024429,0.0,0.6666666666666666,2,0.03333333333333333,8.819101720020346e-15,86.75910888849012,"[86.75910888849012,86.72577555515677,0.0,0.6666666666666666,0.706833107655509]",analysis complete
2.0,target_main_tip_z_2p000m,28,baseline_or_coarse,coarse_grid,68d51b2a30d4,"inboard_reinforced_mix|0.000000,1.000000,0.000000,0.000000,1.000000",inboard_reinforced_mix,Inboard reinforced two-family mix,0.0,1.0,0.0,0.0,1.0,1.0,0.8,1.0,0.0,1.0,"[61.27,61.27,61.27,61.27,54.38628,47.219483]","[45.27,45.27,45.27,45.27,38.38628,31.219483]","[8.0,8.0,8.0,8.0,8.0,8.0]","[20.0,20.0,20.0,20.0,20.0,20.0]","[4.0,4.0,4.0,4.0,4.0,4.0]","[8.0,8.0,8.0,8.0,8.0,8.0]",61.27,45.27,8.0,20.0,4.0,8.0,84.22577555515677,86.72577555515677,"[111689.373,111689.373,111689.373,111689.373,74263.543,45403.318]","[1803.526,1803.526,1803.526,1803.526,1803.526,1803.526]","[14568.179,14568.179,14568.179,14568.179,9686.549,5922.172]","[235.242,235.242,235.242,235.242,235.242,235.242]",47206.843806734636,113492.89842424521,6157.414409574083,14803.421533597202,-0.26530224589969253,0.06518586011375119,0.06518586011375119,0.706833107655509,0.0321868639749292,0.0,0.0,4.3520742565306136e-14,1.7638203440040691e-13,2.220446049250313e-16,6.217961372795247e-17,0.0,0.0,[0.0],fail,1310.407213843158,False,False,moment_closure,False,True,False,pass,True,True,True,True,pass,True,False,False,eligible_but_higher_objective_than_reported_selected,,rear_thickness_ratio_margin_min_m,0.0,"{""ei_dominance_margin_min_nm2"":41796.26727501615,""ei_ratio_margin_min"":23.174758011457786,""equivalent_buckling_margin"":0.9142398117225382,""equivalent_failure_margin"":0.943816936351898,""equivalent_tip_margin"":2.8153022458996926,""equivalent_twist_margin"":2.002811427124258,""ground_clearance_margin_m"":0.06518586011375119,""jig_curvature_margin_per_m"":0.10336426617552855,""jig_prebend_margin_m"":3.319765836669016,""loaded_shape_main_z_margin_m"":0.025,""loaded_shape_twist_margin_deg"":0.14999999999995647,""main_hollow_margin_min_m"":0.015609741646027242,""main_radius_taper_margin_min_m"":0.0,""main_thickness_ratio_margin_min_m"":0.010887793316821794,""main_thickness_step_margin_min_m"":0.003,""radius_dominance_margin_min_m"":0.008609741646027243,""rear_hollow_margin_min_m"":0.0019,""rear_inboard_ei_margin_min_nm2"":20534.34907216165,""rear_main_radius_ratio_margin_min_m"":0.01,""rear_radius_taper_margin_min_m"":0.0,""rear_thickness_ratio_margin_min_m"":0.0,""rear_thickness_step_margin_min_m"":0.003}",0.0,0.0,0.0,0,0.07271138161024429,0.0,0.6666666666666666,2,0.03333333333333333,8.819101720020346e-15,86.90910888849012,"[86.90910888849012,86.72577555515677,0.0,0.6666666666666666,0.706833107655509]",analysis complete
2.0,target_main_tip_z_2p000m,29,baseline_or_coarse,coarse_grid,0e9dfe720d0b,"outboard_relaxed_mix|0.000000,1.000000,0.000000,0.000000,1.000000",outboard_relaxed_mix,Outboard relaxed two-family mix,0.0,1.0,0.0,0.0,1.0,1.0,0.8,1.0,0.0,1.0,"[61.27,61.27,61.27,61.27,54.38628,47.219483]","[45.27,45.27,45.27,45.27,38.38628,31.219483]","[8.0,8.0,8.0,8.0,8.0,8.0]","[20.0,20.0,20.0,20.0,20.0,20.0]","[4.0,4.0,4.0,4.0,4.0,4.0]","[8.0,8.0,8.0,8.0,8.0,8.0]",61.27,45.27,8.0,20.0,4.0,8.0,84.22577555515677,86.72577555515677,"[111689.373,111689.373,111689.373,111689.373,74263.543,45403.318]","[1803.526,1803.526,1803.526,1803.526,1803.526,1803.526]","[14568.179,14568.179,14568.179,14568.179,9686.549,5922.172]","[235.242,235.242,235.242,235.242,235.242,235.242]",47206.843806734636,113492.89842424521,6157.414409574083,14803.421533597202,-0.2652949293340816,0.06518586011375119,0.06518586011375119,0.706833107655509,0.0321868639749292,0.0,0.0,4.3520742565306136e-14,1.7638203440040691e-13,2.220446049250313e-16,6.217961372795247e-17,0.0,0.0,[0.0],fail,1310.407213843158,False,False,moment_closure,False,True,False,pass,True,True,True,True,pass,True,False,False,eligible_but_higher_objective_than_reported_selected,,rear_thickness_ratio_margin_min_m,0.0,"{""ei_dominance_margin_min_nm2"":41796.26727501615,""ei_ratio_margin_min"":23.174758011457786,""equivalent_buckling_margin"":0.9142398097888784,""equivalent_failure_margin"":0.9438171371265739,""equivalent_tip_margin"":2.8152949293340814,""equivalent_twist_margin"":1.9844917521473673,""ground_clearance_margin_m"":0.06518586011375119,""jig_curvature_margin_per_m"":0.10336426617552855,""jig_prebend_margin_m"":3.319765836669016,""loaded_shape_main_z_margin_m"":0.025,""loaded_shape_twist_margin_deg"":0.14999999999995647,""main_hollow_margin_min_m"":0.015609741646027242,""main_radius_taper_margin_min_m"":0.0,""main_thickness_ratio_margin_min_m"":0.010887793316821794,""main_thickness_step_margin_min_m"":0.003,""radius_dominance_margin_min_m"":0.008609741646027243,""rear_hollow_margin_min_m"":0.0019,""rear_inboard_ei_margin_min_nm2"":20534.34907216165,""rear_main_radius_ratio_margin_min_m"":0.01,""rear_radius_taper_margin_min_m"":0.0,""rear_thickness_ratio_margin_min_m"":0.0,""rear_thickness_step_margin_min_m"":0.003}",0.0,0.0,0.0,0,0.07271138161024429,0.0,0.6666666666666666,2,0.03333333333333333,8.819101720020346e-15,86.90910888849012,"[86.90910888849012,86.72577555515677,0.0,0.6666666666666666,0.706833107655509]",analysis complete
2.0,target_main_tip_z_2p000m,30,baseline_or_coarse,coarse_grid,116fcd83d102,"baseline_uniform|0.000000,1.000000,0.000000,1.000000,0.000000",baseline_uniform,Uniform baseline rib family,0.0,1.0,0.0,1.0,0.0,1.0,0.8,1.0,1.0,0.0,"[61.27,61.27,61.27,61.27,54.38628,47.219483]","[59.67,59.67,59.67,59.67,52.78628,45.619483]","[0.8,0.8,0.8,0.8,0.8,0.8]","[20.0,20.0,20.0,20.0,20.0,20.0]","[18.4,18.4,18.4,18.4,12.4,12.4]","[0.8,0.8,0.8,0.8,3.8,3.8]",61.27,59.67000000000001,0.8,20.0,18.4,0.8,13.518684304904605,16.018684304904603,"[15979.884,15979.884,15979.884,15979.884,11120.782,7229.489]","[512.312,512.312,512.312,512.312,1539.494,1539.494]","[2084.333,2084.333,2084.333,2084.333,1450.537,942.977]","[66.823,66.823,66.823,66.823,200.804,200.804]",8768.982482433656,16492.196152832916,1143.7803237956941,2151.156019934728,1.952788082282214,-0.5954413749258398,-0.5954413749258398,2.578017547337855,0.11981764964265762,0.0,0.0,0.0,0.0,1.7763568394002505e-15,2.2941414637123447e-16,2925.1213412621278,2925.1213412621278,[2925.121],fail,1861.8902866389585,False,False,moment_closure,False,True,False,pass,True,True,True,False,fail,False,False,False,ground_clearance; negative_margins:ground_clearance_margin_m=-0.595441375,ground_clearance,ground_clearance_margin_m,-0.5954413749258398,"{""ei_dominance_margin_min_nm2"":4150.50134876517,""ei_ratio_margin_min"":2.696017085687478,""equivalent_buckling_margin"":0.8416767158403506,""equivalent_failure_margin"":0.5764830910730964,""equivalent_tip_margin"":0.5972119177177859,""equivalent_twist_margin"":1.8516020549662318,""ground_clearance_margin_m"":-0.5954413749258398,""jig_curvature_margin_per_m"":0.01573348050780013,""jig_prebend_margin_m"":1.44858139698667,""loaded_shape_main_z_margin_m"":0.025,""loaded_shape_twist_margin_deg"":0.15,""main_hollow_margin_min_m"":0.022809741646027244,""main_radius_taper_margin_min_m"":0.0,""main_thickness_ratio_margin_min_m"":0.018087793316821796,""main_thickness_step_margin_min_m"":0.003,""radius_dominance_margin_min_m"":0.008609741646027243,""rear_hollow_margin_min_m"":0.0061,""rear_inboard_ei_margin_min_nm2"":2683.664553141044,""rear_main_radius_ratio_margin_min_m"":0.01,""rear_radius_taper_margin_min_m"":0.0,""rear_thickness_ratio_margin_min_m"":0.004200000000000001,""rear_thickness_step_margin_min_m"":0.0}",0.3545504309735745,0.3545504309735745,3644.1332630593556,5,-0.5936651055105647,911.0333157648389,1.0,3,0.05,0.0,927.1020000697434,"[927.1020000697434,16.018684304904603,3644.1332630593556,1.0,2.578017547337855]",analysis complete
2.0,target_main_tip_z_2p000m,31,baseline_or_coarse,coarse_grid,92f5738407a8,"inboard_reinforced_mix|0.000000,1.000000,0.000000,1.000000,0.000000",inboard_reinforced_mix,Inboard reinforced two-family mix,0.0,1.0,0.0,1.0,0.0,1.0,0.8,1.0,1.0,0.0,"[61.27,61.27,61.27,61.27,54.38628,47.219483]","[59.67,59.67,59.67,59.67,52.78628,45.619483]","[0.8,0.8,0.8,0.8,0.8,0.8]","[20.0,20.0,20.0,20.0,20.0,20.0]","[18.4,18.4,18.4,18.4,12.4,12.4]","[0.8,0.8,0.8,0.8,3.8,3.8]",61.27,59.67000000000001,0.8,20.0,18.4,0.8,13.518684304904605,16.018684304904603,"[15979.884,15979.884,15979.884,15979.884,11120.782,7229.489]","[512.312,512.312,512.312,512.312,1539.494,1539.494]","[2084.333,2084.333,2084.333,2084.333,1450.537,942.977]","[66.823,66.823,66.823,66.823,200.804,200.804]",8768.982482433656,16492.196152832916,1143.7803237956941,2151.156019934728,1.9527655508711717,-0.5954413749258398,-0.5954413749258398,2.578017547337855,0.11981764964265762,0.0,0.0,0.0,0.0,1.7763568394002505e-15,2.2941414637123447e-16,2925.1213412621278,2925.1213412621278,[2925.121],fail,1861.8902866389585,False,False,moment_closure,False,True,False,pass,True,True,True,False,fail,False,False,False,ground_clearance; negative_margins:ground_clearance_margin_m=-0.595441375,ground_clearance,ground_clearance_margin_m,-0.5954413749258398,"{""ei_dominance_margin_min_nm2"":4150.50134876517,""ei_ratio_margin_min"":2.696017085687478,""equivalent_buckling_margin"":0.8416772838023803,""equivalent_failure_margin"":0.5764845551655895,""equivalent_tip_margin"":0.5972344491288282,""equivalent_twist_margin"":1.8905670498527205,""ground_clearance_margin_m"":-0.5954413749258398,""jig_curvature_margin_per_m"":0.01573348050780013,""jig_prebend_margin_m"":1.44858139698667,""loaded_shape_main_z_margin_m"":0.025,""loaded_shape_twist_margin_deg"":0.15,""main_hollow_margin_min_m"":0.022809741646027244,""main_radius_taper_margin_min_m"":0.0,""main_thickness_ratio_margin_min_m"":0.018087793316821796,""main_thickness_step_margin_min_m"":0.003,""radius_dominance_margin_min_m"":0.008609741646027243,""rear_hollow_margin_min_m"":0.0061,""rear_inboard_ei_margin_min_nm2"":2683.664553141044,""rear_main_radius_ratio_margin_min_m"":0.01,""rear_radius_taper_margin_min_m"":0.0,""rear_thickness_ratio_margin_min_m"":0.004200000000000001,""rear_thickness_step_margin_min_m"":0.0}",0.3545504309735745,0.3545504309735745,3644.1332630593556,5,-0.5936651055105647,911.0333157648389,1.0,3,0.05,0.0,927.2520000697434,"[927.2520000697434,16.018684304904603,3644.1332630593556,1.0,2.578017547337855]",analysis complete
2.0,target_main_tip_z_2p000m,32,baseline_or_coarse,coarse_grid,5f7c4d1b0380,"outboard_relaxed_mix|0.000000,1.000000,0.000000,1.000000,0.000000",outboard_relaxed_mix,Outboard relaxed two-family mix,0.0,1.0,0.0,1.0,0.0,1.0,0.8,1.0,1.0,0.0,"[61.27,61.27,61.27,61.27,54.38628,47.219483]","[59.67,59.67,59.67,59.67,52.78628,45.619483]","[0.8,0.8,0.8,0.8,0.8,0.8]","[20.0,20.0,20.0,20.0,20.0,20.0]","[18.4,18.4,18.4,18.4,12.4,12.4]","[0.8,0.8,0.8,0.8,3.8,3.8]",61.27,59.67000000000001,0.8,20.0,18.4,0.8,13.518684304904605,16.018684304904603,"[15979.884,15979.884,15979.884,15979.884,11120.782,7229.489]","[512.312,512.312,512.312,512.312,1539.494,1539.494]","[2084.333,2084.333,2084.333,2084.333,1450.537,942.977]","[66.823,66.823,66.823,66.823,200.804,200.804]",8768.982482433656,16492.196152832916,1143.7803237956941,2151.156019934728,1.9528265798271376,-0.5954413749258398,-0.5954413749258398,2.578017547337855,0.11981764964265762,0.0,0.0,0.0,0.0,1.7763568394002505e-15,2.2941414637123447e-16,2925.1213412621278,2925.1213412621278,[2925.121],fail,1861.8902866389585,False,False,moment_closure,False,True,False,pass,True,True,True,False,fail,False,False,False,ground_clearance; negative_margins:ground_clearance_margin_m=-0.595441375,ground_clearance,ground_clearance_margin_m,-0.5954413749258398,"{""ei_dominance_margin_min_nm2"":4150.50134876517,""ei_ratio_margin_min"":2.696017085687478,""equivalent_buckling_margin"":0.8416756793686697,""equivalent_failure_margin"":0.5764805793199678,""equivalent_tip_margin"":0.5971734201728622,""equivalent_twist_margin"":1.7843563814147023,""ground_clearance_margin_m"":-0.5954413749258398,""jig_curvature_margin_per_m"":0.01573348050780013,""jig_prebend_margin_m"":1.44858139698667,""loaded_shape_main_z_margin_m"":0.025,""loaded_shape_twist_margin_deg"":0.15,""main_hollow_margin_min_m"":0.022809741646027244,""main_radius_taper_margin_min_m"":0.0,""main_thickness_ratio_margin_min_m"":0.018087793316821796,""main_thickness_step_margin_min_m"":0.003,""radius_dominance_margin_min_m"":0.008609741646027243,""rear_hollow_margin_min_m"":0.0061,""rear_inboard_ei_margin_min_nm2"":2683.664553141044,""rear_main_radius_ratio_margin_min_m"":0.01,""rear_radius_taper_margin_min_m"":0.0,""rear_thickness_ratio_margin_min_m"":0.004200000000000001,""rear_thickness_step_margin_min_m"":0.0}",0.3545504309735745,0.3545504309735745,3644.1332630593556,5,-0.5936651055105647,911.0333157648389,1.0,3,0.05,0.0,927.2520000697434,"[927.2520000697434,16.018684304904603,3644.1332630593556,1.0,2.578017547337855]",analysis complete
2.0,target_main_tip_z_2p000m,33,baseline_or_coarse,coarse_grid,b8d6e9013b33,"baseline_uniform|0.000000,1.000000,0.000000,1.000000,1.000000",baseline_uniform,Uniform baseline rib family,0.0,1.0,0.0,1.0,1.0,1.0,0.8,1.0,1.0,1.0,"[61.27,61.27,61.27,61.27,54.38628,47.219483]","[45.27,45.27,45.27,45.27,38.38628,31.219483]","[8.0,8.0,8.0,8.0,8.0,8.0]","[20.0,20.0,20.0,20.0,20.0,20.0]","[4.0,4.0,4.0,4.0,0.0,0.0]","[8.0,8.0,8.0,8.0,11.0,11.0]",61.27,45.27,8.0,20.0,4.0,8.0,84.42759808982849,86.92759808982849,"[111689.373,111689.373,111689.373,111689.373,74263.543,45403.318]","[1803.526,1803.526,1803.526,1803.526,1806.416,1806.416]","[14568.179,14568.179,14568.179,14568.179,9686.549,5922.172]","[235.242,235.242,235.242,235.242,235.619,235.619]",47209.73407197594,113492.89842424521,6157.791400692514,14803.421533597202,-0.2703079012772171,0.06518586011723813,0.06518586011723813,0.7312718597516321,0.0331431120313157,0.0,0.0,0.0,0.0,2.220446049250313e-16,6.049187461416408e-17,0.0,0.0,[0.0],fail,1306.8022850149162,False,False,geometry_validity|moment_closure,False,True,False,fail,True,False,True,False,fail,False,False,False,geometry_validity; negative_margins:rear_hollow_margin_min_m=-0.0011|rear_thickness_ratio_margin_min_m=-0.003,geometry_validity,rear_thickness_ratio_margin_min_m,-0.002999999999999999,"{""ei_dominance_margin_min_nm2"":41790.848027688706,""ei_ratio_margin_min"":23.136992097849237,""equivalent_buckling_margin"":0.914237945469967,""equivalent_failure_margin"":0.9434038541555367,""equivalent_tip_margin"":2.820307901277217,""equivalent_twist_margin"":1.9958877960208474,""ground_clearance_margin_m"":0.06518586011723813,""jig_curvature_margin_per_m"":0.10240801811914205,""jig_prebend_margin_m"":3.295327084572893,""loaded_shape_main_z_margin_m"":0.025,""loaded_shape_twist_margin_deg"":0.15,""main_hollow_margin_min_m"":0.015609741646027242,""main_radius_taper_margin_min_m"":0.0,""main_thickness_ratio_margin_min_m"":0.010887793316821794,""main_thickness_step_margin_min_m"":0.003,""radius_dominance_margin_min_m"":0.008609741646027243,""rear_hollow_margin_min_m"":-0.0010999999999999992,""rear_inboard_ei_margin_min_nm2"":20534.34907216165,""rear_main_radius_ratio_margin_min_m"":0.01,""rear_radius_taper_margin_min_m"":0.0,""rear_thickness_ratio_margin_min_m"":-0.002999999999999999,""rear_thickness_step_margin_min_m"":8.673617379884035e-19}",1.0209999999999994e-05,1.0209999999999994e-05,0.0,0,0.07272392115494092,0.0,0.9999999999999977,3,0.049999999999999885,0.0,86.97759808982849,"[86.97759808982849,86.92759808982849,0.0,0.9999999999999977,0.7312718597516321]",analysis complete
2.0,target_main_tip_z_2p000m,34,baseline_or_coarse,coarse_grid,1ea24098d50a,"inboard_reinforced_mix|0.000000,1.000000,0.000000,1.000000,1.000000",inboard_reinforced_mix,Inboard reinforced two-family mix,0.0,1.0,0.0,1.0,1.0,1.0,0.8,1.0,1.0,1.0,"[61.27,61.27,61.27,61.27,54.38628,47.219483]","[45.27,45.27,45.27,45.27,38.38628,31.219483]","[8.0,8.0,8.0,8.0,8.0,8.0]","[20.0,20.0,20.0,20.0,20.0,20.0]","[4.0,4.0,4.0,4.0,0.0,0.0]","[8.0,8.0,8.0,8.0,11.0,11.0]",61.27,45.27,8.0,20.0,4.0,8.0,84.42759808982849,86.92759808982849,"[111689.373,111689.373,111689.373,111689.373,74263.543,45403.318]","[1803.526,1803.526,1803.526,1803.526,1806.416,1806.416]","[14568.179,14568.179,14568.179,14568.179,9686.549,5922.172]","[235.242,235.242,235.242,235.242,235.619,235.619]",47209.73407197594,113492.89842424521,6157.791400692514,14803.421533597202,-0.2703106238969898,0.06518586011723813,0.06518586011723813,0.7312718597516321,0.0331431120313157,0.0,0.0,0.0,0.0,2.220446049250313e-16,6.049187461416408e-17,0.0,0.0,[0.0],fail,1306.8022850149162,False,False,geometry_validity|moment_closure,False,True,False,fail,True,False,True,False,fail,False,False,False,geometry_validity; negative_margins:rear_hollow_margin_min_m=-0.0011|rear_thickness_ratio_margin_min_m=-0.003,geometry_validity,rear_thickness_ratio_margin_min_m,-0.002999999999999999,"{""ei_dominance_margin_min_nm2"":41790.848027688706,""ei_ratio_margin_min"":23.136992097849237,""equivalent_buckling_margin"":0.9142379458594665,""equivalent_failure_margin"":0.9434037757844032,""equivalent_tip_margin"":2.8203106238969897,""equivalent_twist_margin"":2.0026424569475374,""ground_clearance_margin_m"":0.06518586011723813,""jig_curvature_margin_per_m"":0.10240801811914205,""jig_prebend_margin_m"":3.295327084572893,""loaded_shape_main_z_margin_m"":0.025,""loaded_shape_twist_margin_deg"":0.15,""main_hollow_margin_min_m"":0.015609741646027242,""main_radius_taper_margin_min_m"":0.0,""main_thickness_ratio_margin_min_m"":0.010887793316821794,""main_thickness_step_margin_min_m"":0.003,""radius_dominance_margin_min_m"":0.008609741646027243,""rear_hollow_margin_min_m"":-0.0010999999999999992,""rear_inboard_ei_margin_min_nm2"":20534.34907216165,""rear_main_radius_ratio_margin_min_m"":0.01,""rear_radius_taper_margin_min_m"":0.0,""rear_thickness_ratio_margin_min_m"":-0.002999999999999999,""rear_thickness_step_margin_min_m"":8.673617379884035e-19}",1.0209999999999994e-05,1.0209999999999994e-05,0.0,0,0.07272392115494092,0.0,0.9999999999999977,3,0.049999999999999885,0.0,87.1275980898285,"[87.1275980898285,86.92759808982849,0.0,0.9999999999999977,0.7312718597516321]",analysis complete
2.0,target_main_tip_z_2p000m,35,baseline_or_coarse,coarse_grid,bbcc774a8fdc,"outboard_relaxed_mix|0.000000,1.000000,0.000000,1.000000,1.000000",outboard_relaxed_mix,Outboard relaxed two-family mix,0.0,1.0,0.0,1.0,1.0,1.0,0.8,1.0,1.0,1.0,"[61.27,61.27,61.27,61.27,54.38628,47.219483]","[45.27,45.27,45.27,45.27,38.38628,31.219483]","[8.0,8.0,8.0,8.0,8.0,8.0]","[20.0,20.0,20.0,20.0,20.0,20.0]","[4.0,4.0,4.0,4.0,0.0,0.0]","[8.0,8.0,8.0,8.0,11.0,11.0]",61.27,45.27,8.0,20.0,4.0,8.0,84.42759808982849,86.92759808982849,"[111689.373,111689.373,111689.373,111689.373,74263.543,45403.318]","[1803.526,1803.526,1803.526,1803.526,1806.416,1806.416]","[14568.179,14568.179,14568.179,14568.179,9686.549,5922.172]","[235.242,235.242,235.242,235.242,235.619,235.619]",47209.73407197594,113492.89842424521,6157.791400692514,14803.421533597202,-0.27030324473313044,0.06518586011723813,0.06518586011723813,0.7312718597516321,0.0331431120313157,0.0,0.0,0.0,0.0,2.220446049250313e-16,6.049187461416408e-17,0.0,0.0,[0.0],fail,1306.8022850149162,False,False,geometry_validity|moment_closure,False,True,False,fail,True,False,True,False,fail,False,False,False,geometry_validity; negative_margins:rear_hollow_margin_min_m=-0.0011|rear_thickness_ratio_margin_min_m=-0.003,geometry_validity,rear_thickness_ratio_margin_min_m,-0.002999999999999999,"{""ei_dominance_margin_min_nm2"":41790.848027688706,""ei_ratio_margin_min"":23.136992097849237,""equivalent_buckling_margin"":0.9142379440279219,""equivalent_failure_margin"":0.9434039838042552,""equivalent_tip_margin"":2.82030324473313,""equivalent_twist_margin"":1.9843349804984072,""ground_clearance_margin_m"":0.06518586011723813,""jig_curvature_margin_per_m"":0.10240801811914205,""jig_prebend_margin_m"":3.295327084572893,""loaded_shape_main_z_margin_m"":0.025,""loaded_shape_twist_margin_deg"":0.15,""main_hollow_margin_min_m"":0.015609741646027242,""main_radius_taper_margin_min_m"":0.0,""main_thickness_ratio_margin_min_m"":0.010887793316821794,""main_thickness_step_margin_min_m"":0.003,""radius_dominance_margin_min_m"":0.008609741646027243,""rear_hollow_margin_min_m"":-0.0010999999999999992,""rear_inboard_ei_margin_min_nm2"":20534.34907216165,""rear_main_radius_ratio_margin_min_m"":0.01,""rear_radius_taper_margin_min_m"":0.0,""rear_thickness_ratio_margin_min_m"":-0.002999999999999999,""rear_thickness_step_margin_min_m"":8.673617379884035e-19}",1.0209999999999994e-05,1.0209999999999994e-05,0.0,0,0.07272392115494092,0.0,0.9999999999999977,3,0.049999999999999885,0.0,87.1275980898285,"[87.1275980898285,86.92759808982849,0.0,0.9999999999999977,0.7312718597516321]",analysis complete
2.0,target_main_tip_z_2p000m,36,baseline_or_coarse,coarse_grid,467161205b90,"baseline_uniform|0.000000,1.000000,1.000000,0.000000,0.000000",baseline_uniform,Uniform baseline rib family,0.0,1.0,1.0,0.0,0.0,1.0,0.8,1.12,0.0,0.0,"[61.27,61.27,61.27,61.27,54.38628,47.219483]","[59.67,59.67,59.67,59.67,52.78628,45.619483]","[0.8,0.8,0.8,0.8,0.8,0.8]","[22.4,22.4,22.4,22.4,22.4,22.4]","[20.8,20.8,20.8,20.8,20.8,20.8]","[0.8,0.8,0.8,0.8,0.8,0.8]",61.27,59.67000000000001,0.8,22.400000000000002,20.800000000000004,0.8,10.741957223534268,13.241957223534268,"[15979.884,15979.884,15979.884,15979.884,11120.782,7229.489]","[729.179,729.179,729.179,729.179,729.179,729.179]","[2084.333,2084.333,2084.333,2084.333,1450.537,942.977]","[95.11,95.11,95.11,95.11,95.11,95.11]",7958.66800840858,16709.06315884272,1038.087131531554,2179.4430207186156,2.443739291997092,-1.1967416202324563,-1.1967416202324563,3.185450832851972,0.1041375440569472,0.0,0.0,0.0,0.0,2.7755575615628914e-17,2.533725810203382e-18,3172.2760196826803,3172.2760196826803,[3172.276],fail,1909.926294702221,False,False,moment_closure,False,True,False,pass,True,True,True,False,fail,False,False,False,ground_clearance; negative_margins:ground_clearance_margin_m=-1.19674162,ground_clearance,ground_clearance_margin_m,-1.1967416202324563,"{""ei_dominance_margin_min_nm2"":5771.1302968153195,""ei_ratio_margin_min"":7.9145565348155795,""equivalent_buckling_margin"":0.8203448095977968,""equivalent_failure_margin"":0.5058332667212889,""equivalent_tip_margin"":0.10626070800290766,""equivalent_twist_margin"":1.8697803883378006,""ground_clearance_margin_m"":-1.1967416202324563,""jig_curvature_margin_per_m"":0.031413586093510554,""jig_prebend_margin_m"":0.841148111472553,""loaded_shape_main_z_margin_m"":0.025,""loaded_shape_twist_margin_deg"":0.15,""main_hollow_margin_min_m"":0.022809741646027244,""main_radius_taper_margin_min_m"":0.0,""main_thickness_ratio_margin_min_m"":0.018087793316821796,""main_thickness_step_margin_min_m"":0.003,""radius_dominance_margin_min_m"":0.0074097416460272405,""rear_hollow_margin_min_m"":0.010300000000000002,""rear_inboard_ei_margin_min_nm2"":2466.7975471312398,""rear_main_radius_ratio_margin_min_m"":0.011200000000000002,""rear_radius_taper_margin_min_m"":0.0,""rear_thickness_ratio_margin_min_m"":0.00816,""rear_thickness_step_margin_min_m"":0.003}",1.4321905055966047,1.4321905055966047,13533.69744131117,5,-1.1529079534255988,3383.4243603277923,0.6666666666666666,2,0.03333333333333333,0.0,3396.69965088466,"[3396.69965088466,13.241957223534268,13533.69744131117,0.6666666666666666,3.185450832851972]",analysis complete
2.0,target_main_tip_z_2p000m,37,baseline_or_coarse,coarse_grid,a3ca6a1943c5,"inboard_reinforced_mix|0.000000,1.000000,1.000000,0.000000,0.000000",inboard_reinforced_mix,Inboard reinforced two-family mix,0.0,1.0,1.0,0.0,0.0,1.0,0.8,1.12,0.0,0.0,"[61.27,61.27,61.27,61.27,54.38628,47.219483]","[59.67,59.67,59.67,59.67,52.78628,45.619483]","[0.8,0.8,0.8,0.8,0.8,0.8]","[22.4,22.4,22.4,22.4,22.4,22.4]","[20.8,20.8,20.8,20.8,20.8,20.8]","[0.8,0.8,0.8,0.8,0.8,0.8]",61.27,59.67000000000001,0.8,22.400000000000002,20.800000000000004,0.8,10.741957223534268,13.241957223534268,"[15979.884,15979.884,15979.884,15979.884,11120.782,7229.489]","[729.179,729.179,729.179,729.179,729.179,729.179]","[2084.333,2084.333,2084.333,2084.333,1450.537,942.977]","[95.11,95.11,95.11,95.11,95.11,95.11]",7958.66800840858,16709.06315884272,1038.087131531554,2179.4430207186156,2.4437239615846518,-1.1967416202324563,-1.1967416202324563,3.185450832851972,0.1041375440569472,0.0,0.0,0.0,0.0,2.7755575615628914e-17,2.533725810203382e-18,3172.2760196826803,3172.2760196826803,[3172.276],fail,1909.926294702221,False,False,moment_closure,False,True,False,pass,True,True,True,False,fail,False,False,False,ground_clearance; negative_margins:ground_clearance_margin_m=-1.19674162,ground_clearance,ground_clearance_margin_m,-1.1967416202324563,"{""ei_dominance_margin_min_nm2"":5771.1302968153195,""ei_ratio_margin_min"":7.9145565348155795,""equivalent_buckling_margin"":0.8203451132554449,""equivalent_failure_margin"":0.5058340120234115,""equivalent_tip_margin"":0.10627603841534805,""equivalent_twist_margin"":1.9058699425996772,""ground_clearance_margin_m"":-1.1967416202324563,""jig_curvature_margin_per_m"":0.031413586093510554,""jig_prebend_margin_m"":0.841148111472553,""loaded_shape_main_z_margin_m"":0.025,""loaded_shape_twist_margin_deg"":0.15,""main_hollow_margin_min_m"":0.022809741646027244,""main_radius_taper_margin_min_m"":0.0,""main_thickness_ratio_margin_min_m"":0.018087793316821796,""main_thickness_step_margin_min_m"":0.003,""radius_dominance_margin_min_m"":0.0074097416460272405,""rear_hollow_margin_min_m"":0.010300000000000002,""rear_inboard_ei_margin_min_nm2"":2466.7975471312398,""rear_main_radius_ratio_margin_min_m"":0.011200000000000002,""rear_radius_taper_margin_min_m"":0.0,""rear_thickness_ratio_margin_min_m"":0.00816,""rear_thickness_step_margin_min_m"":0.003}",1.4321905055966047,1.4321905055966047,13533.69744131117,5,-1.1529079534255988,3383.4243603277923,0.6666666666666666,2,0.03333333333333333,0.0,3396.84965088466,"[3396.84965088466,13.241957223534268,13533.69744131117,0.6666666666666666,3.185450832851972]",analysis complete
2.0,target_main_tip_z_2p000m,38,baseline_or_coarse,coarse_grid,6c9d921e0a99,"outboard_relaxed_mix|0.000000,1.000000,1.000000,0.000000,0.000000",outboard_relaxed_mix,Outboard relaxed two-family mix,0.0,1.0,1.0,0.0,0.0,1.0,0.8,1.12,0.0,0.0,"[61.27,61.27,61.27,61.27,54.38628,47.219483]","[59.67,59.67,59.67,59.67,52.78628,45.619483]","[0.8,0.8,0.8,0.8,0.8,0.8]","[22.4,22.4,22.4,22.4,22.4,22.4]","[20.8,20.8,20.8,20.8,20.8,20.8]","[0.8,0.8,0.8,0.8,0.8,0.8]",61.27,59.67000000000001,0.8,22.400000000000002,20.800000000000004,0.8,10.741957223534268,13.241957223534268,"[15979.884,15979.884,15979.884,15979.884,11120.782,7229.489]","[729.179,729.179,729.179,729.179,729.179,729.179]","[2084.333,2084.333,2084.333,2084.333,1450.537,942.977]","[95.11,95.11,95.11,95.11,95.11,95.11]",7958.66800840858,16709.06315884272,1038.087131531554,2179.4430207186156,2.443765519464392,-1.1967416202324563,-1.1967416202324563,3.185450832851972,0.1041375440569472,0.0,0.0,0.0,0.0,2.7755575615628914e-17,2.533725810203382e-18,3172.2760196826803,3172.2760196826803,[3172.276],fail,1909.926294702221,False,False,moment_closure,False,True,False,pass,True,True,True,False,fail,False,False,False,ground_clearance; negative_margins:ground_clearance_margin_m=-1.19674162,ground_clearance,ground_clearance_margin_m,-1.1967416202324563,"{""ei_dominance_margin_min_nm2"":5771.1302968153195,""ei_ratio_margin_min"":7.9145565348155795,""equivalent_buckling_margin"":0.8203442503114075,""equivalent_failure_margin"":0.5058319848905161,""equivalent_tip_margin"":0.10623448053560791,""equivalent_twist_margin"":1.8068190265181574,""ground_clearance_margin_m"":-1.1967416202324563,""jig_curvature_margin_per_m"":0.031413586093510554,""jig_prebend_margin_m"":0.841148111472553,""loaded_shape_main_z_margin_m"":0.025,""loaded_shape_twist_margin_deg"":0.15,""main_hollow_margin_min_m"":0.022809741646027244,""main_radius_taper_margin_min_m"":0.0,""main_thickness_ratio_margin_min_m"":0.018087793316821796,""main_thickness_step_margin_min_m"":0.003,""radius_dominance_margin_min_m"":0.0074097416460272405,""rear_hollow_margin_min_m"":0.010300000000000002,""rear_inboard_ei_margin_min_nm2"":2466.7975471312398,""rear_main_radius_ratio_margin_min_m"":0.011200000000000002,""rear_radius_taper_margin_min_m"":0.0,""rear_thickness_ratio_margin_min_m"":0.00816,""rear_thickness_step_margin_min_m"":0.003}",1.4321905055966047,1.4321905055966047,13533.69744131117,5,-1.1529079534255988,3383.4243603277923,0.6666666666666666,2,0.03333333333333333,0.0,3396.84965088466,"[3396.84965088466,13.241957223534268,13533.69744131117,0.6666666666666666,3.185450832851972]",analysis complete
2.0,target_main_tip_z_2p000m,39,baseline_or_coarse,coarse_grid,cc872b5f77fc,"baseline_uniform|0.000000,1.000000,1.000000,0.000000,1.000000",baseline_uniform,Uniform baseline rib family,0.0,1.0,1.0,0.0,1.0,1.0,0.8,1.12,0.0,1.0,"[61.27,61.27,61.27,61.27,54.38628,47.219483]","[45.27,45.27,45.27,45.27,38.38628,31.219483]","[8.0,8.0,8.0,8.0,8.0,8.0]","[22.4,22.4,22.4,22.4,22.4,22.4]","[6.4,6.4,6.4,6.4,6.4,6.4]","[8.0,8.0,8.0,8.0,8.0,8.0]",61.27,45.27,8.0,22.400000000000002,6.400000000000003,8.0,87.53917508089764,90.03917508089764,"[111689.373,111689.373,111689.373,111689.373,74263.543,45403.318]","[2823.489,2823.489,2823.489,2823.489,2823.489,2823.489]","[14568.179,14568.179,14568.179,14568.179,9686.549,5922.172]","[368.281,368.281,368.281,368.281,368.281,368.281]",48226.80684932936,114512.86146683994,6290.45306730383,14936.460191326949,-0.2946498439553759,0.0651858601168413,0.0651858601168413,0.8445430671883454,0.02466889809576056,0.0,0.0,4.3520742565306136e-14,1.6751141623607937e-13,2.220446049250313e-16,6.89946146150344e-17,0.0,0.0,[0.0],fail,1316.443097577638,False,False,moment_closure,False,True,False,pass,True,True,True,True,pass,True,False,False,eligible_but_higher_objective_than_reported_selected,,main_radius_taper_margin_min_m,0.0,"{""ei_dominance_margin_min_nm2"":39756.34118982669,""ei_ratio_margin_min"":14.080574594582892,""equivalent_buckling_margin"":0.9141980656333126,""equivalent_failure_margin"":0.9411846522185681,""equivalent_tip_margin"":2.844649843955376,""equivalent_twist_margin"":1.9987544281878908,""ground_clearance_margin_m"":0.0651858601168413,""jig_curvature_margin_per_m"":0.11088223205469719,""jig_prebend_margin_m"":3.1820558771361798,""loaded_shape_main_z_margin_m"":0.025,""loaded_shape_twist_margin_deg"":0.14999999999995647,""main_hollow_margin_min_m"":0.015609741646027242,""main_radius_taper_margin_min_m"":0.0,""main_thickness_ratio_margin_min_m"":0.010887793316821794,""main_thickness_step_margin_min_m"":0.003,""radius_dominance_margin_min_m"":0.0074097416460272405,""rear_hollow_margin_min_m"":0.0031000000000000016,""rear_inboard_ei_margin_min_nm2"":19514.386029566922,""rear_main_radius_ratio_margin_min_m"":0.011200000000000002,""rear_radius_taper_margin_min_m"":0.0,""rear_thickness_ratio_margin_min_m"":0.0009600000000000008,""rear_thickness_step_margin_min_m"":0.003}",0.0,0.0,0.0,0,0.07299216872840328,0.0,0.6666666666666666,2,0.03333333333333333,8.375570811803969e-15,90.07250841423098,"[90.07250841423098,90.03917508089764,0.0,0.6666666666666666,0.8445430671883454]",analysis complete
2.0,target_main_tip_z_2p000m,40,baseline_or_coarse,coarse_grid,934b1c2c0c4f,"inboard_reinforced_mix|0.000000,1.000000,1.000000,0.000000,1.000000",inboard_reinforced_mix,Inboard reinforced two-family mix,0.0,1.0,1.0,0.0,1.0,1.0,0.8,1.12,0.0,1.0,"[61.27,61.27,61.27,61.27,54.38628,47.219483]","[45.27,45.27,45.27,45.27,38.38628,31.219483]","[8.0,8.0,8.0,8.0,8.0,8.0]","[22.4,22.4,22.4,22.4,22.4,22.4]","[6.4,6.4,6.4,6.4,6.4,6.4]","[8.0,8.0,8.0,8.0,8.0,8.0]",61.27,45.27,8.0,22.400000000000002,6.400000000000003,8.0,87.53917508089764,90.03917508089764,"[111689.373,111689.373,111689.373,111689.373,74263.543,45403.318]","[2823.489,2823.489,2823.489,2823.489,2823.489,2823.489]","[14568.179,14568.179,14568.179,14568.179,9686.549,5922.172]","[368.281,368.281,368.281,368.281,368.281,368.281]",48226.80684932936,114512.86146683994,6290.45306730383,14936.460191326949,-0.29465235584183586,0.0651858601168413,0.0651858601168413,0.8445430671883454,0.02466889809576056,0.0,0.0,4.3520742565306136e-14,1.6751141623607937e-13,2.220446049250313e-16,6.89946146150344e-17,0.0,0.0,[0.0],fail,1316.443097577638,False,False,moment_closure,False,True,False,pass,True,True,True,True,pass,True,False,False,eligible_but_higher_objective_than_reported_selected,,main_radius_taper_margin_min_m,0.0,"{""ei_dominance_margin_min_nm2"":39756.34118982669,""ei_ratio_margin_min"":14.080574594582892,""equivalent_buckling_margin"":0.9141980656532849,""equivalent_failure_margin"":0.9411845690706127,""equivalent_tip_margin"":2.8446523558418355,""equivalent_twist_margin"":2.004756396297409,""ground_clearance_margin_m"":0.0651858601168413,""jig_curvature_margin_per_m"":0.11088223205469719,""jig_prebend_margin_m"":3.1820558771361798,""loaded_shape_main_z_margin_m"":0.025,""loaded_shape_twist_margin_deg"":0.14999999999995647,""main_hollow_margin_min_m"":0.015609741646027242,""main_radius_taper_margin_min_m"":0.0,""main_thickness_ratio_margin_min_m"":0.010887793316821794,""main_thickness_step_margin_min_m"":0.003,""radius_dominance_margin_min_m"":0.0074097416460272405,""rear_hollow_margin_min_m"":0.0031000000000000016,""rear_inboard_ei_margin_min_nm2"":19514.386029566922,""rear_main_radius_ratio_margin_min_m"":0.011200000000000002,""rear_radius_taper_margin_min_m"":0.0,""rear_thickness_ratio_margin_min_m"":0.0009600000000000008,""rear_thickness_step_margin_min_m"":0.003}",0.0,0.0,0.0,0,0.07299216872840328,0.0,0.6666666666666666,2,0.03333333333333333,8.375570811803969e-15,90.22250841423099,"[90.22250841423099,90.03917508089764,0.0,0.6666666666666666,0.8445430671883454]",analysis complete
2.0,target_main_tip_z_2p000m,41,baseline_or_coarse,coarse_grid,a94abdc99bd5,"outboard_relaxed_mix|0.000000,1.000000,1.000000,0.000000,1.000000",outboard_relaxed_mix,Outboard relaxed two-family mix,0.0,1.0,1.0,0.0,1.0,1.0,0.8,1.12,0.0,1.0,"[61.27,61.27,61.27,61.27,54.38628,47.219483]","[45.27,45.27,45.27,45.27,38.38628,31.219483]","[8.0,8.0,8.0,8.0,8.0,8.0]","[22.4,22.4,22.4,22.4,22.4,22.4]","[6.4,6.4,6.4,6.4,6.4,6.4]","[8.0,8.0,8.0,8.0,8.0,8.0]",61.27,45.27,8.0,22.400000000000002,6.400000000000003,8.0,87.53917508089764,90.03917508089764,"[111689.373,111689.373,111689.373,111689.373,74263.543,45403.318]","[2823.489,2823.489,2823.489,2823.489,2823.489,2823.489]","[14568.179,14568.179,14568.179,14568.179,9686.549,5922.172]","[368.281,368.281,368.281,368.281,368.281,368.281]",48226.80684932936,114512.86146683994,6290.45306730383,14936.460191326949,-0.29464554671152376,0.0651858601168413,0.0651858601168413,0.8445430671883454,0.02466889809576056,0.0,0.0,4.3520742565306136e-14,1.6751141623607937e-13,2.220446049250313e-16,6.89946146150344e-17,0.0,0.0,[0.0],fail,1316.443097577638,False,False,moment_closure,False,True,False,pass,True,True,True,True,pass,True,False,False,eligible_but_higher_objective_than_reported_selected,,main_radius_taper_margin_min_m,0.0,"{""ei_dominance_margin_min_nm2"":39756.34118982669,""ei_ratio_margin_min"":14.080574594582892,""equivalent_buckling_margin"":0.9141980650141392,""equivalent_failure_margin"":0.9411847913356919,""equivalent_tip_margin"":2.8446455467115235,""equivalent_twist_margin"":1.988486177412423,""ground_clearance_margin_m"":0.0651858601168413,""jig_curvature_margin_per_m"":0.11088223205469719,""jig_prebend_margin_m"":3.1820558771361798,""loaded_shape_main_z_margin_m"":0.025,""loaded_shape_twist_margin_deg"":0.14999999999995647,""main_hollow_margin_min_m"":0.015609741646027242,""main_radius_taper_margin_min_m"":0.0,""main_thickness_ratio_margin_min_m"":0.010887793316821794,""main_thickness_step_margin_min_m"":0.003,""radius_dominance_margin_min_m"":0.0074097416460272405,""rear_hollow_margin_min_m"":0.0031000000000000016,""rear_inboard_ei_margin_min_nm2"":19514.386029566922,""rear_main_radius_ratio_margin_min_m"":0.011200000000000002,""rear_radius_taper_margin_min_m"":0.0,""rear_thickness_ratio_margin_min_m"":0.0009600000000000008,""rear_thickness_step_margin_min_m"":0.003}",0.0,0.0,0.0,0,0.07299216872840328,0.0,0.6666666666666666,2,0.03333333333333333,8.375570811803969e-15,90.22250841423099,"[90.22250841423099,90.03917508089764,0.0,0.6666666666666666,0.8445430671883454]",analysis complete
2.0,target_main_tip_z_2p000m,42,baseline_or_coarse,coarse_grid,1a2a935d1e90,"baseline_uniform|0.000000,1.000000,1.000000,1.000000,0.000000",baseline_uniform,Uniform baseline rib family,0.0,1.0,1.0,1.0,0.0,1.0,0.8,1.12,1.0,0.0,"[61.27,61.27,61.27,61.27,54.38628,47.219483]","[59.67,59.67,59.67,59.67,52.78628,45.619483]","[0.8,0.8,0.8,0.8,0.8,0.8]","[22.4,22.4,22.4,22.4,22.4,22.4]","[20.8,20.8,20.8,20.8,14.8,14.8]","[0.8,0.8,0.8,0.8,3.8,3.8]",61.27,59.67000000000001,0.8,22.400000000000002,20.800000000000004,0.8,14.33439834069081,16.83439834069081,"[15979.884,15979.884,15979.884,15979.884,11120.782,7229.489]","[729.179,729.179,729.179,729.179,2300.748,2300.748]","[2084.333,2084.333,2084.333,2084.333,1450.537,942.977]","[95.11,95.11,95.11,95.11,300.098,300.098]",9530.23672717329,16709.06315884272,1243.074355718255,2179.4430207186156,1.817330342564903,-0.465876555770266,-0.465876555770266,2.43716296313682,0.10433087237272967,0.0,0.0,0.0,0.0,2.7755575615628914e-17,2.533725810203382e-18,2866.180223574788,2866.180223574788,[2866.18],fail,1886.305617101814,False,False,moment_closure,False,True,False,pass,True,True,True,False,fail,False,False,False,ground_clearance; negative_margins:ground_clearance_margin_m=-0.465876556,ground_clearance,ground_clearance_margin_m,-0.465876555770266,"{""ei_dominance_margin_min_nm2"":2627.9928592859023,""ei_ratio_margin_min"":1.1422341384571806,""equivalent_buckling_margin"":0.847704242766037,""equivalent_failure_margin"":0.5973548732207419,""equivalent_tip_margin"":0.7326696574350968,""equivalent_twist_margin"":1.865907378981173,""ground_clearance_margin_m"":-0.465876555770266,""jig_curvature_margin_per_m"":0.031220257777728078,""jig_prebend_margin_m"":1.5894359811877052,""loaded_shape_main_z_margin_m"":0.025,""loaded_shape_twist_margin_deg"":0.15,""main_hollow_margin_min_m"":0.022809741646027244,""main_radius_taper_margin_min_m"":0.0,""main_thickness_ratio_margin_min_m"":0.018087793316821796,""main_thickness_step_margin_min_m"":0.003,""radius_dominance_margin_min_m"":0.0074097416460272405,""rear_hollow_margin_min_m"":0.007300000000000002,""rear_inboard_ei_margin_min_nm2"":2466.7975471312398,""rear_main_radius_ratio_margin_min_m"":0.011200000000000002,""rear_radius_taper_margin_min_m"":0.0,""rear_thickness_ratio_margin_min_m"":0.005160000000000001,""rear_thickness_step_margin_min_m"":0.0}",0.21704096521636576,0.21704096521636576,2248.112873700217,5,-0.46413936283677104,562.0282184250542,1.0,3,0.05,0.0,578.9126167657449,"[578.9126167657449,16.83439834069081,2248.112873700217,1.0,2.43716296313682]",analysis complete
2.0,target_main_tip_z_2p000m,43,baseline_or_coarse,coarse_grid,fa61dd27fa17,"inboard_reinforced_mix|0.000000,1.000000,1.000000,1.000000,0.000000",inboard_reinforced_mix,Inboard reinforced two-family mix,0.0,1.0,1.0,1.0,0.0,1.0,0.8,1.12,1.0,0.0,"[61.27,61.27,61.27,61.27,54.38628,47.219483]","[59.67,59.67,59.67,59.67,52.78628,45.619483]","[0.8,0.8,0.8,0.8,0.8,0.8]","[22.4,22.4,22.4,22.4,22.4,22.4]","[20.8,20.8,20.8,20.8,14.8,14.8]","[0.8,0.8,0.8,0.8,3.8,3.8]",61.27,59.67000000000001,0.8,22.400000000000002,20.800000000000004,0.8,14.33439834069081,16.83439834069081,"[15979.884,15979.884,15979.884,15979.884,11120.782,7229.489]","[729.179,729.179,729.179,729.179,2300.748,2300.748]","[2084.333,2084.333,2084.333,2084.333,1450.537,942.977]","[95.11,95.11,95.11,95.11,300.098,300.098]",9530.23672717329,16709.06315884272,1243.074355718255,2179.4430207186156,1.81730918412596,-0.465876555770266,-0.465876555770266,2.43716296313682,0.10433087237272967,0.0,0.0,0.0,0.0,2.7755575615628914e-17,2.533725810203382e-18,2866.180223574788,2866.180223574788,[2866.18],fail,1886.305617101814,False,False,moment_closure,False,True,False,pass,True,True,True,False,fail,False,False,False,ground_clearance; negative_margins:ground_clearance_margin_m=-0.465876556,ground_clearance,ground_clearance_margin_m,-0.465876555770266,"{""ei_dominance_margin_min_nm2"":2627.9928592859023,""ei_ratio_margin_min"":1.1422341384571806,""equivalent_buckling_margin"":0.8477047821751138,""equivalent_failure_margin"":0.5973562894512408,""equivalent_tip_margin"":0.7326908158740397,""equivalent_twist_margin"":1.9019615982012714,""ground_clearance_margin_m"":-0.465876555770266,""jig_curvature_margin_per_m"":0.031220257777728078,""jig_prebend_margin_m"":1.5894359811877052,""loaded_shape_main_z_margin_m"":0.025,""loaded_shape_twist_margin_deg"":0.15,""main_hollow_margin_min_m"":0.022809741646027244,""main_radius_taper_margin_min_m"":0.0,""main_thickness_ratio_margin_min_m"":0.018087793316821796,""main_thickness_step_margin_min_m"":0.003,""radius_dominance_margin_min_m"":0.0074097416460272405,""rear_hollow_margin_min_m"":0.007300000000000002,""rear_inboard_ei_margin_min_nm2"":2466.7975471312398,""rear_main_radius_ratio_margin_min_m"":0.011200000000000002,""rear_radius_taper_margin_min_m"":0.0,""rear_thickness_ratio_margin_min_m"":0.005160000000000001,""rear_thickness_step_margin_min_m"":0.0}",0.21704096521636576,0.21704096521636576,2248.112873700217,5,-0.46413936283677104,562.0282184250542,1.0,3,0.05,0.0,579.0626167657449,"[579.0626167657449,16.83439834069081,2248.112873700217,1.0,2.43716296313682]",analysis complete
2.0,target_main_tip_z_2p000m,44,baseline_or_coarse,coarse_grid,4f6916306591,"outboard_relaxed_mix|0.000000,1.000000,1.000000,1.000000,0.000000",outboard_relaxed_mix,Outboard relaxed two-family mix,0.0,1.0,1.0,1.0,0.0,1.0,0.8,1.12,1.0,0.0,"[61.27,61.27,61.27,61.27,54.38628,47.219483]","[59.67,59.67,59.67,59.67,52.78628,45.619483]","[0.8,0.8,0.8,0.8,0.8,0.8]","[22.4,22.4,22.4,22.4,22.4,22.4]","[20.8,20.8,20.8,20.8,14.8,14.8]","[0.8,0.8,0.8,0.8,3.8,3.8]",61.27,59.67000000000001,0.8,22.400000000000002,20.800000000000004,0.8,14.33439834069081,16.83439834069081,"[15979.884,15979.884,15979.884,15979.884,11120.782,7229.489]","[729.179,729.179,729.179,729.179,2300.748,2300.748]","[2084.333,2084.333,2084.333,2084.333,1450.537,942.977]","[95.11,95.11,95.11,95.11,300.098,300.098]",9530.23672717329,16709.06315884272,1243.074355718255,2179.4430207186156,1.8173665001685777,-0.465876555770266,-0.465876555770266,2.43716296313682,0.10433087237272967,0.0,0.0,0.0,0.0,2.7755575615628914e-17,2.533725810203382e-18,2866.180223574788,2866.180223574788,[2866.18],fail,1886.305617101814,False,False,moment_closure,False,True,False,pass,True,True,True,False,fail,False,False,False,ground_clearance; negative_margins:ground_clearance_margin_m=-0.465876556,ground_clearance,ground_clearance_margin_m,-0.465876555770266,"{""ei_dominance_margin_min_nm2"":2627.9928592859023,""ei_ratio_margin_min"":1.1422341384571806,""equivalent_buckling_margin"":0.8477032591317308,""equivalent_failure_margin"":0.5973524438137441,""equivalent_tip_margin"":0.7326334998314221,""equivalent_twist_margin"":1.803639907995035,""ground_clearance_margin_m"":-0.465876555770266,""jig_curvature_margin_per_m"":0.031220257777728078,""jig_prebend_margin_m"":1.5894359811877052,""loaded_shape_main_z_margin_m"":0.025,""loaded_shape_twist_margin_deg"":0.15,""main_hollow_margin_min_m"":0.022809741646027244,""main_radius_taper_margin_min_m"":0.0,""main_thickness_ratio_margin_min_m"":0.018087793316821796,""main_thickness_step_margin_min_m"":0.003,""radius_dominance_margin_min_m"":0.0074097416460272405,""rear_hollow_margin_min_m"":0.007300000000000002,""rear_inboard_ei_margin_min_nm2"":2466.7975471312398,""rear_main_radius_ratio_margin_min_m"":0.011200000000000002,""rear_radius_taper_margin_min_m"":0.0,""rear_thickness_ratio_margin_min_m"":0.005160000000000001,""rear_thickness_step_margin_min_m"":0.0}",0.21704096521636576,0.21704096521636576,2248.112873700217,5,-0.46413936283677104,562.0282184250542,1.0,3,0.05,0.0,579.0626167657449,"[579.0626167657449,16.83439834069081,2248.112873700217,1.0,2.43716296313682]",analysis complete
2.0,target_main_tip_z_2p000m,45,baseline_or_coarse,coarse_grid,102b3a6d2eb8,"baseline_uniform|0.000000,1.000000,1.000000,1.000000,1.000000",baseline_uniform,Uniform baseline rib family,0.0,1.0,1.0,1.0,1.0,1.0,0.8,1.12,1.0,1.0,"[61.27,61.27,61.27,61.27,54.38628,47.219483]","[45.27,45.27,45.27,45.27,38.38628,31.219483]","[8.0,8.0,8.0,8.0,8.0,8.0]","[22.4,22.4,22.4,22.4,22.4,22.4]","[6.4,6.4,6.4,6.4,0.4,0.4]","[8.0,8.0,8.0,8.0,11.0,11.0]",61.27,45.27,8.0,22.400000000000002,6.400000000000003,8.0,88.2253716987815,90.7253716987815,"[111689.373,111689.373,111689.373,111689.373,74263.543,45403.318]","[2823.489,2823.489,2823.489,2823.489,2842.43,2842.43]","[14568.179,14568.179,14568.179,14568.179,9686.549,5922.172]","[368.281,368.281,368.281,368.281,370.752,370.752]",48245.74820258824,114512.86146683994,6292.923678598466,14936.460191326949,-0.3114892399928665,0.06518586011735035,0.06518586011735035,0.9211246891591651,0.026674711803738482,0.0,0.0,4.3520742565306136e-14,1.6751141623607937e-13,2.220446049250313e-16,6.799880004933682e-17,0.0,0.0,[0.0],fail,1302.1203276414255,False,False,geometry_validity|moment_closure,False,True,False,fail,True,False,True,False,fail,False,False,False,geometry_validity; negative_margins:rear_thickness_ratio_margin_min_m=-0.00204,geometry_validity,rear_thickness_ratio_margin_min_m,-0.0020399999999999984,"{""ei_dominance_margin_min_nm2"":39718.45848330895,""ei_ratio_margin_min"":13.973417037834327,""equivalent_buckling_margin"":0.9141831874726284,""equivalent_failure_margin"":0.939649033913804,""equivalent_tip_margin"":2.861489239992866,""equivalent_twist_margin"":1.9981370208360423,""ground_clearance_margin_m"":0.06518586011735035,""jig_curvature_margin_per_m"":0.10887641834671927,""jig_prebend_margin_m"":3.10547425516536,""loaded_shape_main_z_margin_m"":0.025,""loaded_shape_twist_margin_deg"":0.14999999999995647,""main_hollow_margin_min_m"":0.015609741646027242,""main_radius_taper_margin_min_m"":0.0,""main_thickness_ratio_margin_min_m"":0.010887793316821794,""main_thickness_step_margin_min_m"":0.003,""radius_dominance_margin_min_m"":0.0074097416460272405,""rear_hollow_margin_min_m"":0.00010000000000000225,""rear_inboard_ei_margin_min_nm2"":19514.386029566922,""rear_main_radius_ratio_margin_min_m"":0.011200000000000002,""rear_radius_taper_margin_min_m"":0.0,""rear_thickness_ratio_margin_min_m"":-0.0020399999999999984,""rear_thickness_step_margin_min_m"":8.673617379884035e-19}",4.161599999999993e-06,4.161599999999993e-06,0.0,0,0.07303300818654,0.0,0.9999999999999977,3,0.049999999999999885,8.375570811803969e-15,90.77537169878151,"[90.77537169878151,90.7253716987815,0.0,0.9999999999999977,0.9211246891591651]",analysis complete
2.0,target_main_tip_z_2p000m,46,baseline_or_coarse,coarse_grid,c5e96242d6c8,"inboard_reinforced_mix|0.000000,1.000000,1.000000,1.000000,1.000000",inboard_reinforced_mix,Inboard reinforced two-family mix,0.0,1.0,1.0,1.0,1.0,1.0,0.8,1.12,1.0,1.0,"[61.27,61.27,61.27,61.27,54.38628,47.219483]","[45.27,45.27,45.27,45.27,38.38628,31.219483]","[8.0,8.0,8.0,8.0,8.0,8.0]","[22.4,22.4,22.4,22.4,22.4,22.4]","[6.4,6.4,6.4,6.4,0.4,0.4]","[8.0,8.0,8.0,8.0,11.0,11.0]",61.27,45.27,8.0,22.400000000000002,6.400000000000003,8.0,88.2253716987815,90.7253716987815,"[111689.373,111689.373,111689.373,111689.373,74263.543,45403.318]","[2823.489,2823.489,2823.489,2823.489,2842.43,2842.43]","[14568.179,14568.179,14568.179,14568.179,9686.549,5922.172]","[368.281,368.281,368.281,368.281,370.752,370.752]",48245.74820258824,114512.86146683994,6292.923678598466,14936.460191326949,-0.3114918164485175,0.06518586011735035,0.06518586011735035,0.9211246891591651,0.026674711803738482,0.0,0.0,4.3520742565306136e-14,1.6751141623607937e-13,2.220446049250313e-16,6.799880004933682e-17,0.0,0.0,[0.0],fail,1302.1203276414255,False,False,geometry_validity|moment_closure,False,True,False,fail,True,False,True,False,fail,False,False,False,geometry_validity; negative_margins:rear_thickness_ratio_margin_min_m=-0.00204,geometry_validity,rear_thickness_ratio_margin_min_m,-0.0020399999999999984,"{""ei_dominance_margin_min_nm2"":39718.45848330895,""ei_ratio_margin_min"":13.973417037834327,""equivalent_buckling_margin"":0.9141831874029825,""equivalent_failure_margin"":0.9396489431064394,""equivalent_tip_margin"":2.8614918164485172,""equivalent_twist_margin"":2.004137335820123,""ground_clearance_margin_m"":0.06518586011735035,""jig_curvature_margin_per_m"":0.10887641834671927,""jig_prebend_margin_m"":3.10547425516536,""loaded_shape_main_z_margin_m"":0.025,""loaded_shape_twist_margin_deg"":0.14999999999995647,""main_hollow_margin_min_m"":0.015609741646027242,""main_radius_taper_margin_min_m"":0.0,""main_thickness_ratio_margin_min_m"":0.010887793316821794,""main_thickness_step_margin_min_m"":0.003,""radius_dominance_margin_min_m"":0.0074097416460272405,""rear_hollow_margin_min_m"":0.00010000000000000225,""rear_inboard_ei_margin_min_nm2"":19514.386029566922,""rear_main_radius_ratio_margin_min_m"":0.011200000000000002,""rear_radius_taper_margin_min_m"":0.0,""rear_thickness_ratio_margin_min_m"":-0.0020399999999999984,""rear_thickness_step_margin_min_m"":8.673617379884035e-19}",4.161599999999993e-06,4.161599999999993e-06,0.0,0,0.07303300818654,0.0,0.9999999999999977,3,0.049999999999999885,8.375570811803969e-15,90.92537169878152,"[90.92537169878152,90.7253716987815,0.0,0.9999999999999977,0.9211246891591651]",analysis complete
2.0,target_main_tip_z_2p000m,47,baseline_or_coarse,coarse_grid,33406cb31968,"outboard_relaxed_mix|0.000000,1.000000,1.000000,1.000000,1.000000",outboard_relaxed_mix,Outboard relaxed two-family mix,0.0,1.0,1.0,1.0,1.0,1.0,0.8,1.12,1.0,1.0,"[61.27,61.27,61.27,61.27,54.38628,47.219483]","[45.27,45.27,45.27,45.27,38.38628,31.219483]","[8.0,8.0,8.0,8.0,8.0,8.0]","[22.4,22.4,22.4,22.4,22.4,22.4]","[6.4,6.4,6.4,6.4,0.4,0.4]","[8.0,8.0,8.0,8.0,11.0,11.0]",61.27,45.27,8.0,22.400000000000002,6.400000000000003,8.0,88.2253716987815,90.7253716987815,"[111689.373,111689.373,111689.373,111689.373,74263.543,45403.318]","[2823.489,2823.489,2823.489,2823.489,2842.43,2842.43]","[14568.179,14568.179,14568.179,14568.179,9686.549,5922.172]","[368.281,368.281,368.281,368.281,370.752,370.752]",48245.74820258824,114512.86146683994,6292.923678598466,14936.460191326949,-0.3114848324814587,0.06518586011735035,0.06518586011735035,0.9211246891591651,0.026674711803738482,0.0,0.0,4.3520742565306136e-14,1.6751141623607937e-13,2.220446049250313e-16,6.799880004933682e-17,0.0,0.0,[0.0],fail,1302.1203276414255,False,False,geometry_validity|moment_closure,False,True,False,fail,True,False,True,False,fail,False,False,False,geometry_validity; negative_margins:rear_thickness_ratio_margin_min_m=-0.00204,geometry_validity,rear_thickness_ratio_margin_min_m,-0.0020399999999999984,"{""ei_dominance_margin_min_nm2"":39718.45848330895,""ei_ratio_margin_min"":13.973417037834327,""equivalent_buckling_margin"":0.9141831870257056,""equivalent_failure_margin"":0.9396491863158316,""equivalent_tip_margin"":2.8614848324814584,""equivalent_twist_margin"":1.9878721365312728,""ground_clearance_margin_m"":0.06518586011735035,""jig_curvature_margin_per_m"":0.10887641834671927,""jig_prebend_margin_m"":3.10547425516536,""loaded_shape_main_z_margin_m"":0.025,""loaded_shape_twist_margin_deg"":0.14999999999995647,""main_hollow_margin_min_m"":0.015609741646027242,""main_radius_taper_margin_min_m"":0.0,""main_thickness_ratio_margin_min_m"":0.010887793316821794,""main_thickness_step_margin_min_m"":0.003,""radius_dominance_margin_min_m"":0.0074097416460272405,""rear_hollow_margin_min_m"":0.00010000000000000225,""rear_inboard_ei_margin_min_nm2"":19514.386029566922,""rear_main_radius_ratio_margin_min_m"":0.011200000000000002,""rear_radius_taper_margin_min_m"":0.0,""rear_thickness_ratio_margin_min_m"":-0.0020399999999999984,""rear_thickness_step_margin_min_m"":8.673617379884035e-19}",4.161599999999993e-06,4.161599999999993e-06,0.0,0,0.07303300818654,0.0,0.9999999999999977,3,0.049999999999999885,8.375570811803969e-15,90.92537169878152,"[90.92537169878152,90.7253716987815,0.0,0.9999999999999977,0.9211246891591651]",analysis complete
2.0,target_main_tip_z_2p000m,48,baseline_or_coarse,coarse_grid,dbfee591f174,"baseline_uniform|1.000000,0.000000,0.000000,0.000000,0.000000",baseline_uniform,Uniform baseline rib family,1.0,0.0,0.0,0.0,0.0,1.14,0.0,1.0,0.0,0.0,"[69.8478,69.8478,69.8478,69.8478,54.5278,38.5778]","[68.2478,68.2478,68.2478,68.2478,52.9278,36.9778]","[0.8,0.8,0.8,0.8,0.8,0.8]","[20.0,20.0,20.0,20.0,20.0,20.0]","[18.4,18.4,18.4,18.4,18.4,18.4]","[0.8,0.8,0.8,0.8,0.8,0.8]",69.8478,68.2478,0.8,20.0,18.4,0.8,10.8736370429664,13.3736370429664,"[23789.512,23789.512,23789.512,23789.512,11209.111,3897.467]","[512.312,512.312,512.312,512.312,512.312,512.312]","[3102.98,3102.98,3102.98,3102.98,1462.058,508.365]","[66.823,66.823,66.823,66.823,66.823,66.823]",4409.778904784518,24301.82466272743,575.1885527979807,3169.803216877491,1.8670314475214276,-0.616745388016096,-0.616745388016096,2.605454600635612,0.1049298760800779,0.0,0.0,0.0,0.0,2.7755575615628914e-17,4.388541835720876e-18,3164.051195652132,3164.051195652132,[3164.051],fail,1648.423517983015,False,False,moment_closure,False,True,False,pass,True,True,True,False,fail,False,False,False,ground_clearance; negative_margins:ground_clearance_margin_m=-0.616745388,ground_clearance,ground_clearance_margin_m,-0.616745388016096,"{""ei_dominance_margin_min_nm2"":2872.84221122067,""ei_ratio_margin_min"":5.607600280319533,""equivalent_buckling_margin"":0.832792588706319,""equivalent_failure_margin"":0.605395244614349,""equivalent_tip_margin"":0.6829685524785722,""equivalent_twist_margin"":1.8568187887742373,""ground_clearance_margin_m"":-0.616745388016096,""jig_curvature_margin_per_m"":0.030621254070379855,""jig_prebend_margin_m"":1.4211443436889133,""loaded_shape_main_z_margin_m"":0.025,""loaded_shape_twist_margin_deg"":0.15,""main_hollow_margin_min_m"":0.0184889,""main_radius_taper_margin_min_m"":0.0,""main_thickness_ratio_margin_min_m"":0.01463112,""main_thickness_step_margin_min_m"":0.003,""radius_dominance_margin_min_m"":0.004288899999999997,""rear_hollow_margin_min_m"":0.0091,""rear_inboard_ei_margin_min_nm2"":4245.590255119947,""rear_main_radius_ratio_margin_min_m"":0.01,""rear_radius_taper_margin_min_m"":0.0,""rear_thickness_ratio_margin_min_m"":0.0072,""rear_thickness_step_margin_min_m"":0.003}",0.3803748736391248,0.3803748736391248,3848.231003397125,5,-0.6103163882011567,962.0577508492812,0.6666666666666666,2,0.03333333333333333,0.0,975.4647212255809,"[975.4647212255809,13.3736370429664,3848.231003397125,0.6666666666666666,2.605454600635612]",analysis complete
2.0,target_main_tip_z_2p000m,49,baseline_or_coarse,coarse_grid,73fcf782daab,"inboard_reinforced_mix|1.000000,0.000000,0.000000,0.000000,0.000000",inboard_reinforced_mix,Inboard reinforced two-family mix,1.0,0.0,0.0,0.0,0.0,1.14,0.0,1.0,0.0,0.0,"[69.8478,69.8478,69.8478,69.8478,54.5278,38.5778]","[68.2478,68.2478,68.2478,68.2478,52.9278,36.9778]","[0.8,0.8,0.8,0.8,0.8,0.8]","[20.0,20.0,20.0,20.0,20.0,20.0]","[18.4,18.4,18.4,18.4,18.4,18.4]","[0.8,0.8,0.8,0.8,0.8,0.8]",69.8478,68.2478,0.8,20.0,18.4,0.8,10.8736370429664,13.3736370429664,"[23789.512,23789.512,23789.512,23789.512,11209.111,3897.467]","[512.312,512.312,512.312,512.312,512.312,512.312]","[3102.98,3102.98,3102.98,3102.98,1462.058,508.365]","[66.823,66.823,66.823,66.823,66.823,66.823]",4409.778904784518,24301.82466272743,575.1885527979807,3169.803216877491,1.8670168524759274,-0.616745388016096,-0.616745388016096,2.605454600635612,0.1049298760800779,0.0,0.0,0.0,0.0,2.7755575615628914e-17,4.388541835720876e-18,3164.051195652132,3164.051195652132,[3164.051],fail,1648.423517983015,False,False,moment_closure,False,True,False,pass,True,True,True,False,fail,False,False,False,ground_clearance; negative_margins:ground_clearance_margin_m=-0.616745388,ground_clearance,ground_clearance_margin_m,-0.616745388016096,"{""ei_dominance_margin_min_nm2"":2872.84221122067,""ei_ratio_margin_min"":5.607600280319533,""equivalent_buckling_margin"":0.832792949263792,""equivalent_failure_margin"":0.6053958033651594,""equivalent_tip_margin"":0.6829831475240724,""equivalent_twist_margin"":1.8956529076801334,""ground_clearance_margin_m"":-0.616745388016096,""jig_curvature_margin_per_m"":0.030621254070379855,""jig_prebend_margin_m"":1.4211443436889133,""loaded_shape_main_z_margin_m"":0.025,""loaded_shape_twist_margin_deg"":0.15,""main_hollow_margin_min_m"":0.0184889,""main_radius_taper_margin_min_m"":0.0,""main_thickness_ratio_margin_min_m"":0.01463112,""main_thickness_step_margin_min_m"":0.003,""radius_dominance_margin_min_m"":0.004288899999999997,""rear_hollow_margin_min_m"":0.0091,""rear_inboard_ei_margin_min_nm2"":4245.590255119947,""rear_main_radius_ratio_margin_min_m"":0.01,""rear_radius_taper_margin_min_m"":0.0,""rear_thickness_ratio_margin_min_m"":0.0072,""rear_thickness_step_margin_min_m"":0.003}",0.3803748736391248,0.3803748736391248,3848.231003397125,5,-0.6103163882011567,962.0577508492812,0.6666666666666666,2,0.03333333333333333,0.0,975.6147212255809,"[975.6147212255809,13.3736370429664,3848.231003397125,0.6666666666666666,2.605454600635612]",analysis complete
2.0,target_main_tip_z_2p000m,50,baseline_or_coarse,coarse_grid,337d7ecc3de7,"outboard_relaxed_mix|1.000000,0.000000,0.000000,0.000000,0.000000",outboard_relaxed_mix,Outboard relaxed two-family mix,1.0,0.0,0.0,0.0,0.0,1.14,0.0,1.0,0.0,0.0,"[69.8478,69.8478,69.8478,69.8478,54.5278,38.5778]","[68.2478,68.2478,68.2478,68.2478,52.9278,36.9778]","[0.8,0.8,0.8,0.8,0.8,0.8]","[20.0,20.0,20.0,20.0,20.0,20.0]","[18.4,18.4,18.4,18.4,18.4,18.4]","[0.8,0.8,0.8,0.8,0.8,0.8]",69.8478,68.2478,0.8,20.0,18.4,0.8,10.8736370429664,13.3736370429664,"[23789.512,23789.512,23789.512,23789.512,11209.111,3897.467]","[512.312,512.312,512.312,512.312,512.312,512.312]","[3102.98,3102.98,3102.98,3102.98,1462.058,508.365]","[66.823,66.823,66.823,66.823,66.823,66.823]",4409.778904784518,24301.82466272743,575.1885527979807,3169.803216877491,1.8670564047139562,-0.616745388016096,-0.616745388016096,2.605454600635612,0.1049298760800779,0.0,0.0,0.0,0.0,2.7755575615628914e-17,4.388541835720876e-18,3164.051195652132,3164.051195652132,[3164.051],fail,1648.423517983015,False,False,moment_closure,False,True,False,pass,True,True,True,False,fail,False,False,False,ground_clearance; negative_margins:ground_clearance_margin_m=-0.616745388,ground_clearance,ground_clearance_margin_m,-0.616745388016096,"{""ei_dominance_margin_min_nm2"":2872.84221122067,""ei_ratio_margin_min"":5.607600280319533,""equivalent_buckling_margin"":0.8327918821498215,""equivalent_failure_margin"":0.6053942771916778,""equivalent_tip_margin"":0.6829435952860436,""equivalent_twist_margin"":1.7899301859711245,""ground_clearance_margin_m"":-0.616745388016096,""jig_curvature_margin_per_m"":0.030621254070379855,""jig_prebend_margin_m"":1.4211443436889133,""loaded_shape_main_z_margin_m"":0.025,""loaded_shape_twist_margin_deg"":0.15,""main_hollow_margin_min_m"":0.0184889,""main_radius_taper_margin_min_m"":0.0,""main_thickness_ratio_margin_min_m"":0.01463112,""main_thickness_step_margin_min_m"":0.003,""radius_dominance_margin_min_m"":0.004288899999999997,""rear_hollow_margin_min_m"":0.0091,""rear_inboard_ei_margin_min_nm2"":4245.590255119947,""rear_main_radius_ratio_margin_min_m"":0.01,""rear_radius_taper_margin_min_m"":0.0,""rear_thickness_ratio_margin_min_m"":0.0072,""rear_thickness_step_margin_min_m"":0.003}",0.3803748736391248,0.3803748736391248,3848.231003397125,5,-0.6103163882011567,962.0577508492812,0.6666666666666666,2,0.03333333333333333,0.0,975.6147212255809,"[975.6147212255809,13.3736370429664,3848.231003397125,0.6666666666666666,2.605454600635612]",analysis complete
2.0,target_main_tip_z_2p000m,51,baseline_or_coarse,coarse_grid,124243cefdb2,"baseline_uniform|1.000000,0.000000,0.000000,0.000000,1.000000",baseline_uniform,Uniform baseline rib family,1.0,0.0,0.0,0.0,1.0,1.14,0.0,1.0,0.0,1.0,"[69.8478,69.8478,69.8478,69.8478,54.5278,38.5778]","[53.8478,53.8478,53.8478,53.8478,38.5278,22.5778]","[8.0,8.0,8.0,8.0,8.0,8.0]","[20.0,20.0,20.0,20.0,20.0,20.0]","[4.0,4.0,4.0,4.0,4.0,4.0]","[8.0,8.0,8.0,8.0,8.0,8.0]",69.8478,53.8478,8.0,20.0,4.0,8.0,88.85597327521855,91.35597327521855,"[173802.772,173802.772,173802.772,173802.772,74932.181,22072.435]","[1803.526,1803.526,1803.526,1803.526,1803.526,1803.526]","[22669.927,22669.927,22669.927,22669.927,9773.763,2879.013]","[235.242,235.242,235.242,235.242,235.242,235.242]",23875.960083876053,175606.2976085889,3114.255663114268,22905.169253294207,-0.14440315307693433,0.06518586011173139,0.06518586011173139,0.4114787594568954,0.03218888725402236,2.220446049250313e-16,1.2819751242557092e-16,8.748557434046234e-14,3.3677117530205957e-13,2.220446049250313e-16,5.218798644982977e-17,0.0,0.0,[0.0],fail,1201.23059106267,False,False,moment_closure,False,True,False,pass,True,True,True,True,pass,True,False,False,eligible_but_higher_objective_than_reported_selected,,rear_thickness_ratio_margin_min_m,0.0,"{""ei_dominance_margin_min_nm2"":18465.383552157567,""ei_ratio_margin_min"":10.238493131318485,""equivalent_buckling_margin"":0.914360713745685,""equivalent_failure_margin"":0.9514923119675821,""equivalent_tip_margin"":2.694403153076934,""equivalent_twist_margin"":2.0005565843711692,""ground_clearance_margin_m"":0.06518586011173139,""jig_curvature_margin_per_m"":0.10336224289643539,""jig_prebend_margin_m"":3.6151201848676298,""loaded_shape_main_z_margin_m"":0.02499999999999978,""loaded_shape_twist_margin_deg"":0.1499999999999125,""main_hollow_margin_min_m"":0.011288899999999998,""main_radius_taper_margin_min_m"":0.0,""main_thickness_ratio_margin_min_m"":0.007431119999999999,""main_thickness_step_margin_min_m"":0.003,""radius_dominance_margin_min_m"":0.004288899999999997,""rear_hollow_margin_min_m"":0.0019,""rear_inboard_ei_margin_min_nm2"":32957.02890903039,""rear_main_radius_ratio_margin_min_m"":0.01,""rear_radius_taper_margin_min_m"":0.0,""rear_thickness_ratio_margin_min_m"":0.0,""rear_thickness_step_margin_min_m"":0.003}",0.0,0.0,0.0,0,0.07291817868962198,0.0,0.6666666666666666,2,0.03333333333333333,1.683855876510298e-14,91.38930660855189,"[91.38930660855189,91.35597327521855,0.0,0.6666666666666666,0.4114787594568954]",analysis complete
2.0,target_main_tip_z_2p000m,52,baseline_or_coarse,coarse_grid,a2339049dc1a,"inboard_reinforced_mix|1.000000,0.000000,0.000000,0.000000,1.000000",inboard_reinforced_mix,Inboard reinforced two-family mix,1.0,0.0,0.0,0.0,1.0,1.14,0.0,1.0,0.0,1.0,"[69.8478,69.8478,69.8478,69.8478,54.5278,38.5778]","[53.8478,53.8478,53.8478,53.8478,38.5278,22.5778]","[8.0,8.0,8.0,8.0,8.0,8.0]","[20.0,20.0,20.0,20.0,20.0,20.0]","[4.0,4.0,4.0,4.0,4.0,4.0]","[8.0,8.0,8.0,8.0,8.0,8.0]",69.8478,53.8478,8.0,20.0,4.0,8.0,88.85597327521855,91.35597327521855,"[173802.772,173802.772,173802.772,173802.772,74932.181,22072.435]","[1803.526,1803.526,1803.526,1803.526,1803.526,1803.526]","[22669.927,22669.927,22669.927,22669.927,9773.763,2879.013]","[235.242,235.242,235.242,235.242,235.242,235.242]",23875.960083876053,175606.2976085889,3114.255663114268,22905.169253294207,-0.14440562184963948,0.06518586011173139,0.06518586011173139,0.4114787594568954,0.03218888725402236,2.220446049250313e-16,1.2819751242557092e-16,8.748557434046234e-14,3.3677117530205957e-13,2.220446049250313e-16,5.218798644982977e-17,0.0,0.0,[0.0],fail,1201.23059106267,False,False,moment_closure,False,True,False,pass,True,True,True,True,pass,True,False,False,eligible_but_higher_objective_than_reported_selected,,rear_thickness_ratio_margin_min_m,0.0,"{""ei_dominance_margin_min_nm2"":18465.383552157567,""ei_ratio_margin_min"":10.238493131318485,""equivalent_buckling_margin"":0.9143607162970674,""equivalent_failure_margin"":0.9514922549251414,""equivalent_tip_margin"":2.6944056218496395,""equivalent_twist_margin"":2.007212809534755,""ground_clearance_margin_m"":0.06518586011173139,""jig_curvature_margin_per_m"":0.10336224289643539,""jig_prebend_margin_m"":3.6151201848676298,""loaded_shape_main_z_margin_m"":0.02499999999999978,""loaded_shape_twist_margin_deg"":0.1499999999999125,""main_hollow_margin_min_m"":0.011288899999999998,""main_radius_taper_margin_min_m"":0.0,""main_thickness_ratio_margin_min_m"":0.007431119999999999,""main_thickness_step_margin_min_m"":0.003,""radius_dominance_margin_min_m"":0.004288899999999997,""rear_hollow_margin_min_m"":0.0019,""rear_inboard_ei_margin_min_nm2"":32957.02890903039,""rear_main_radius_ratio_margin_min_m"":0.01,""rear_radius_taper_margin_min_m"":0.0,""rear_thickness_ratio_margin_min_m"":0.0,""rear_thickness_step_margin_min_m"":0.003}",0.0,0.0,0.0,0,0.07291817868962198,0.0,0.6666666666666666,2,0.03333333333333333,1.683855876510298e-14,91.5393066085519,"[91.5393066085519,91.35597327521855,0.0,0.6666666666666666,0.4114787594568954]",analysis complete
2.0,target_main_tip_z_2p000m,53,baseline_or_coarse,coarse_grid,628a82cbbeae,"outboard_relaxed_mix|1.000000,0.000000,0.000000,0.000000,1.000000",outboard_relaxed_mix,Outboard relaxed two-family mix,1.0,0.0,0.0,0.0,1.0,1.14,0.0,1.0,0.0,1.0,"[69.8478,69.8478,69.8478,69.8478,54.5278,38.5778]","[53.8478,53.8478,53.8478,53.8478,38.5278,22.5778]","[8.0,8.0,8.0,8.0,8.0,8.0]","[20.0,20.0,20.0,20.0,20.0,20.0]","[4.0,4.0,4.0,4.0,4.0,4.0]","[8.0,8.0,8.0,8.0,8.0,8.0]",69.8478,53.8478,8.0,20.0,4.0,8.0,88.85597327521855,91.35597327521855,"[173802.772,173802.772,173802.772,173802.772,74932.181,22072.435]","[1803.526,1803.526,1803.526,1803.526,1803.526,1803.526]","[22669.927,22669.927,22669.927,22669.927,9773.763,2879.013]","[235.242,235.242,235.242,235.242,235.242,235.242]",23875.960083876053,175606.2976085889,3114.255663114268,22905.169253294207,-0.14439893264965908,0.06518586011173139,0.06518586011173139,0.4114787594568954,0.03218888725402236,2.220446049250313e-16,1.2819751242557092e-16,8.748557434046234e-14,3.3677117530205957e-13,2.220446049250313e-16,5.218798644982977e-17,0.0,0.0,[0.0],fail,1201.23059106267,False,False,moment_closure,False,True,False,pass,True,True,True,True,pass,True,False,False,eligible_but_higher_objective_than_reported_selected,,rear_thickness_ratio_margin_min_m,0.0,"{""ei_dominance_margin_min_nm2"":18465.383552157567,""ei_ratio_margin_min"":10.238493131318485,""equivalent_buckling_margin"":0.9143607074309072,""equivalent_failure_margin"":0.9514924009915057,""equivalent_tip_margin"":2.694398932649659,""equivalent_twist_margin"":1.9891772032722053,""ground_clearance_margin_m"":0.06518586011173139,""jig_curvature_margin_per_m"":0.10336224289643539,""jig_prebend_margin_m"":3.6151201848676298,""loaded_shape_main_z_margin_m"":0.02499999999999978,""loaded_shape_twist_margin_deg"":0.1499999999999125,""main_hollow_margin_min_m"":0.011288899999999998,""main_radius_taper_margin_min_m"":0.0,""main_thickness_ratio_margin_min_m"":0.007431119999999999,""main_thickness_step_margin_min_m"":0.003,""radius_dominance_margin_min_m"":0.004288899999999997,""rear_hollow_margin_min_m"":0.0019,""rear_inboard_ei_margin_min_nm2"":32957.02890903039,""rear_main_radius_ratio_margin_min_m"":0.01,""rear_radius_taper_margin_min_m"":0.0,""rear_thickness_ratio_margin_min_m"":0.0,""rear_thickness_step_margin_min_m"":0.003}",0.0,0.0,0.0,0,0.07291817868962198,0.0,0.6666666666666666,2,0.03333333333333333,1.683855876510298e-14,91.5393066085519,"[91.5393066085519,91.35597327521855,0.0,0.6666666666666666,0.4114787594568954]",analysis complete
2.0,target_main_tip_z_2p000m,54,baseline_or_coarse,coarse_grid,03ed2cc96008,"baseline_uniform|1.000000,0.000000,0.000000,1.000000,0.000000",baseline_uniform,Uniform baseline rib family,1.0,0.0,0.0,1.0,0.0,1.14,0.0,1.0,1.0,0.0,"[69.8478,69.8478,69.8478,69.8478,54.5278,38.5778]","[68.2478,68.2478,68.2478,68.2478,52.9278,36.9778]","[0.8,0.8,0.8,0.8,0.8,0.8]","[20.0,20.0,20.0,20.0,20.0,20.0]","[18.4,18.4,18.4,18.4,12.4,12.4]","[0.8,0.8,0.8,0.8,3.8,3.8]",69.8478,68.2478,0.8,20.0,18.4,0.8,13.981704076910821,16.481704076910823,"[23789.512,23789.512,23789.512,23789.512,11209.111,3897.467]","[512.312,512.312,512.312,512.312,1539.494,1539.494]","[3102.98,3102.98,3102.98,3102.98,1462.058,508.365]","[66.823,66.823,66.823,66.823,200.804,200.804]",5436.960384819397,24301.82466272743,709.1687458460084,3169.803216877491,1.4422293406134696,-0.20107545330357857,-0.20107545330357857,2.0844176349073797,0.10362241739759315,0.0,0.0,0.0,0.0,2.7755575615628914e-17,2.533725810203382e-18,2900.8328149453414,2900.8328149453414,[2900.833],fail,1646.961763192462,False,False,moment_closure,False,True,False,pass,True,True,True,False,fail,False,False,False,ground_clearance; negative_margins:ground_clearance_margin_m=-0.201075453,ground_clearance,ground_clearance_margin_m,-0.20107545330357857,"{""ei_dominance_margin_min_nm2"":818.4792511509122,""ei_ratio_margin_min"":0.531654819493085,""equivalent_buckling_margin"":0.8534695447618955,""equivalent_failure_margin"":0.6671799213597888,""equivalent_tip_margin"":1.1077706593865302,""equivalent_twist_margin"":1.8564149544447859,""ground_clearance_margin_m"":-0.20107545330357857,""jig_curvature_margin_per_m"":0.0319287127528646,""jig_prebend_margin_m"":1.9421813094171454,""loaded_shape_main_z_margin_m"":0.025,""loaded_shape_twist_margin_deg"":0.15,""main_hollow_margin_min_m"":0.0184889,""main_radius_taper_margin_min_m"":0.0,""main_thickness_ratio_margin_min_m"":0.01463112,""main_thickness_step_margin_min_m"":0.003,""radius_dominance_margin_min_m"":0.004288899999999997,""rear_hollow_margin_min_m"":0.0061,""rear_inboard_ei_margin_min_nm2"":4245.590255119947,""rear_main_radius_ratio_margin_min_m"":0.01,""rear_radius_taper_margin_min_m"":0.0,""rear_thickness_ratio_margin_min_m"":0.004200000000000001,""rear_thickness_step_margin_min_m"":0.0}",0.0404313379212396,0.0404313379212396,430.12451425268546,5,-0.19736970355306474,107.53112856317136,1.0,3,0.05,0.0,124.06283264008219,"[124.06283264008219,16.481704076910823,430.12451425268546,1.0,2.0844176349073797]",analysis complete
2.0,target_main_tip_z_2p000m,55,baseline_or_coarse,coarse_grid,cca00cc103c9,"inboard_reinforced_mix|1.000000,0.000000,0.000000,1.000000,0.000000",inboard_reinforced_mix,Inboard reinforced two-family mix,1.0,0.0,0.0,1.0,0.0,1.14,0.0,1.0,1.0,0.0,"[69.8478,69.8478,69.8478,69.8478,54.5278,38.5778]","[68.2478,68.2478,68.2478,68.2478,52.9278,36.9778]","[0.8,0.8,0.8,0.8,0.8,0.8]","[20.0,20.0,20.0,20.0,20.0,20.0]","[18.4,18.4,18.4,18.4,12.4,12.4]","[0.8,0.8,0.8,0.8,3.8,3.8]",69.8478,68.2478,0.8,20.0,18.4,0.8,13.981704076910821,16.481704076910823,"[23789.512,23789.512,23789.512,23789.512,11209.111,3897.467]","[512.312,512.312,512.312,512.312,1539.494,1539.494]","[3102.98,3102.98,3102.98,3102.98,1462.058,508.365]","[66.823,66.823,66.823,66.823,200.804,200.804]",5436.960384819397,24301.82466272743,709.1687458460084,3169.803216877491,1.4422105393904627,-0.20107545330357857,-0.20107545330357857,2.0844176349073797,0.10362241739759315,0.0,0.0,0.0,0.0,2.7755575615628914e-17,2.533725810203382e-18,2900.8328149453414,2900.8328149453414,[2900.833],fail,1646.961763192462,False,False,moment_closure,False,True,False,pass,True,True,True,False,fail,False,False,False,ground_clearance; negative_margins:ground_clearance_margin_m=-0.201075453,ground_clearance,ground_clearance_margin_m,-0.20107545330357857,"{""ei_dominance_margin_min_nm2"":818.4792511509122,""ei_ratio_margin_min"":0.531654819493085,""equivalent_buckling_margin"":0.8534701333729239,""equivalent_failure_margin"":0.6671809368322701,""equivalent_tip_margin"":1.107789460609537,""equivalent_twist_margin"":1.894389978301163,""ground_clearance_margin_m"":-0.20107545330357857,""jig_curvature_margin_per_m"":0.0319287127528646,""jig_prebend_margin_m"":1.9421813094171454,""loaded_shape_main_z_margin_m"":0.025,""loaded_shape_twist_margin_deg"":0.15,""main_hollow_margin_min_m"":0.0184889,""main_radius_taper_margin_min_m"":0.0,""main_thickness_ratio_margin_min_m"":0.01463112,""main_thickness_step_margin_min_m"":0.003,""radius_dominance_margin_min_m"":0.004288899999999997,""rear_hollow_margin_min_m"":0.0061,""rear_inboard_ei_margin_min_nm2"":4245.590255119947,""rear_main_radius_ratio_margin_min_m"":0.01,""rear_radius_taper_margin_min_m"":0.0,""rear_thickness_ratio_margin_min_m"":0.004200000000000001,""rear_thickness_step_margin_min_m"":0.0}",0.0404313379212396,0.0404313379212396,430.12451425268546,5,-0.19736970355306474,107.53112856317136,1.0,3,0.05,0.0,124.2128326400822,"[124.2128326400822,16.481704076910823,430.12451425268546,1.0,2.0844176349073797]",analysis complete
2.0,target_main_tip_z_2p000m,56,baseline_or_coarse,coarse_grid,2bacdf16e57e,"outboard_relaxed_mix|1.000000,0.000000,0.000000,1.000000,0.000000",outboard_relaxed_mix,Outboard relaxed two-family mix,1.0,0.0,0.0,1.0,0.0,1.14,0.0,1.0,1.0,0.0,"[69.8478,69.8478,69.8478,69.8478,54.5278,38.5778]","[68.2478,68.2478,68.2478,68.2478,52.9278,36.9778]","[0.8,0.8,0.8,0.8,0.8,0.8]","[20.0,20.0,20.0,20.0,20.0,20.0]","[18.4,18.4,18.4,18.4,12.4,12.4]","[0.8,0.8,0.8,0.8,3.8,3.8]",69.8478,68.2478,0.8,20.0,18.4,0.8,13.981704076910821,16.481704076910823,"[23789.512,23789.512,23789.512,23789.512,11209.111,3897.467]","[512.312,512.312,512.312,512.312,1539.494,1539.494]","[3102.98,3102.98,3102.98,3102.98,1462.058,508.365]","[66.823,66.823,66.823,66.823,200.804,200.804]",5436.960384819397,24301.82466272743,709.1687458460084,3169.803216877491,1.4422614551858266,-0.20107545330357857,-0.20107545330357857,2.0844176349073797,0.10362241739759315,0.0,0.0,0.0,0.0,2.7755575615628914e-17,2.533725810203382e-18,2900.8328149453414,2900.8328149453414,[2900.833],fail,1646.961763192462,False,False,moment_closure,False,True,False,pass,True,True,True,False,fail,False,False,False,ground_clearance; negative_margins:ground_clearance_margin_m=-0.201075453,ground_clearance,ground_clearance_margin_m,-0.20107545330357857,"{""ei_dominance_margin_min_nm2"":818.4792511509122,""ei_ratio_margin_min"":0.531654819493085,""equivalent_buckling_margin"":0.8534684079889168,""equivalent_failure_margin"":0.6671781713427747,""equivalent_tip_margin"":1.1077385448141732,""equivalent_twist_margin"":1.7909579498058759,""ground_clearance_margin_m"":-0.20107545330357857,""jig_curvature_margin_per_m"":0.0319287127528646,""jig_prebend_margin_m"":1.9421813094171454,""loaded_shape_main_z_margin_m"":0.025,""loaded_shape_twist_margin_deg"":0.15,""main_hollow_margin_min_m"":0.0184889,""main_radius_taper_margin_min_m"":0.0,""main_thickness_ratio_margin_min_m"":0.01463112,""main_thickness_step_margin_min_m"":0.003,""radius_dominance_margin_min_m"":0.004288899999999997,""rear_hollow_margin_min_m"":0.0061,""rear_inboard_ei_margin_min_nm2"":4245.590255119947,""rear_main_radius_ratio_margin_min_m"":0.01,""rear_radius_taper_margin_min_m"":0.0,""rear_thickness_ratio_margin_min_m"":0.004200000000000001,""rear_thickness_step_margin_min_m"":0.0}",0.0404313379212396,0.0404313379212396,430.12451425268546,5,-0.19736970355306474,107.53112856317136,1.0,3,0.05,0.0,124.2128326400822,"[124.2128326400822,16.481704076910823,430.12451425268546,1.0,2.0844176349073797]",analysis complete
2.0,target_main_tip_z_2p000m,57,baseline_or_coarse,coarse_grid,818e1b22072f,"baseline_uniform|1.000000,0.000000,0.000000,1.000000,1.000000",baseline_uniform,Uniform baseline rib family,1.0,0.0,0.0,1.0,1.0,1.14,0.0,1.0,1.0,1.0,"[69.8478,69.8478,69.8478,69.8478,54.5278,38.5778]","[53.8478,53.8478,53.8478,53.8478,38.5278,22.5778]","[8.0,8.0,8.0,8.0,8.0,8.0]","[20.0,20.0,20.0,20.0,20.0,20.0]","[4.0,4.0,4.0,4.0,0.0,0.0]","[8.0,8.0,8.0,8.0,11.0,11.0]",69.8478,53.8478,8.0,20.0,4.0,8.0,89.05779580989022,91.55779580989022,"[173802.772,173802.772,173802.772,173802.772,74932.181,22072.435]","[1803.526,1803.526,1803.526,1803.526,1806.416,1806.416]","[22669.927,22669.927,22669.927,22669.927,9773.763,2879.013]","[235.242,235.242,235.242,235.242,235.619,235.619]",23878.850349117354,175606.2976085889,3114.6326542326988,22905.169253294207,-0.14812232306400475,0.0651858601168413,0.0651858601168413,0.4292118314540656,0.03314516615588481,0.0,0.0,4.39648317751562e-14,1.6922071640175364e-13,2.220446049250313e-16,5.900100316503042e-17,0.0,0.0,[0.0],fail,1198.9594568585574,False,False,geometry_validity|moment_closure,False,True,False,fail,True,False,True,False,fail,False,False,False,geometry_validity; negative_margins:rear_hollow_margin_min_m=-0.0011|rear_thickness_ratio_margin_min_m=-0.003,geometry_validity,rear_thickness_ratio_margin_min_m,-0.002999999999999999,"{""ei_dominance_margin_min_nm2"":18459.964304830126,""ei_ratio_margin_min"":10.22013355566394,""equivalent_buckling_margin"":0.9143595461367066,""equivalent_failure_margin"":0.9512460506478002,""equivalent_tip_margin"":2.6981223230640046,""equivalent_twist_margin"":2.0004266799081174,""ground_clearance_margin_m"":0.0651858601168413,""jig_curvature_margin_per_m"":0.10240596399457294,""jig_prebend_margin_m"":3.5973871128704595,""loaded_shape_main_z_margin_m"":0.025,""loaded_shape_twist_margin_deg"":0.14999999999995603,""main_hollow_margin_min_m"":0.011288899999999998,""main_radius_taper_margin_min_m"":0.0,""main_thickness_ratio_margin_min_m"":0.007431119999999999,""main_thickness_step_margin_min_m"":0.003,""radius_dominance_margin_min_m"":0.004288899999999997,""rear_hollow_margin_min_m"":-0.0010999999999999992,""rear_inboard_ei_margin_min_nm2"":32957.02890903039,""rear_main_radius_ratio_margin_min_m"":0.01,""rear_radius_taper_margin_min_m"":0.0,""rear_thickness_ratio_margin_min_m"":-0.002999999999999999,""rear_thickness_step_margin_min_m"":8.673617379884035e-19}",1.0209999999999994e-05,1.0209999999999994e-05,0.0,0,0.07292679854845505,0.0,0.9999999999999977,3,0.049999999999999885,8.461035820087683e-15,91.60779580989023,"[91.60779580989023,91.55779580989022,0.0,0.9999999999999977,0.4292118314540656]",analysis complete
2.0,target_main_tip_z_2p000m,58,baseline_or_coarse,coarse_grid,cd1a61f78060,"inboard_reinforced_mix|1.000000,0.000000,0.000000,1.000000,1.000000",inboard_reinforced_mix,Inboard reinforced two-family mix,1.0,0.0,0.0,1.0,1.0,1.14,0.0,1.0,1.0,1.0,"[69.8478,69.8478,69.8478,69.8478,54.5278,38.5778]","[53.8478,53.8478,53.8478,53.8478,38.5278,22.5778]","[8.0,8.0,8.0,8.0,8.0,8.0]","[20.0,20.0,20.0,20.0,20.0,20.0]","[4.0,4.0,4.0,4.0,0.0,0.0]","[8.0,8.0,8.0,8.0,11.0,11.0]",69.8478,53.8478,8.0,20.0,4.0,8.0,89.05779580989022,91.55779580989022,"[173802.772,173802.772,173802.772,173802.772,74932.181,22072.435]","[1803.526,1803.526,1803.526,1803.526,1806.416,1806.416]","[22669.927,22669.927,22669.927,22669.927,9773.763,2879.013]","[235.242,235.242,235.242,235.242,235.619,235.619]",23878.850349117354,175606.2976085889,3114.6326542326988,22905.169253294207,-0.14812481024135365,0.0651858601168413,0.0651858601168413,0.4292118314540656,0.03314516615588481,0.0,0.0,4.39648317751562e-14,1.6922071640175364e-13,2.220446049250313e-16,5.900100316503042e-17,0.0,0.0,[0.0],fail,1198.9594568585574,False,False,geometry_validity|moment_closure,False,True,False,fail,True,False,True,False,fail,False,False,False,geometry_validity; negative_margins:rear_hollow_margin_min_m=-0.0011|rear_thickness_ratio_margin_min_m=-0.003,geometry_validity,rear_thickness_ratio_margin_min_m,-0.002999999999999999,"{""ei_dominance_margin_min_nm2"":18459.964304830126,""ei_ratio_margin_min"":10.22013355566394,""equivalent_buckling_margin"":0.9143595486369966,""equivalent_failure_margin"":0.9512459913667253,""equivalent_tip_margin"":2.6981248102413535,""equivalent_twist_margin"":2.007079169146379,""ground_clearance_margin_m"":0.0651858601168413,""jig_curvature_margin_per_m"":0.10240596399457294,""jig_prebend_margin_m"":3.5973871128704595,""loaded_shape_main_z_margin_m"":0.025,""loaded_shape_twist_margin_deg"":0.14999999999995603,""main_hollow_margin_min_m"":0.011288899999999998,""main_radius_taper_margin_min_m"":0.0,""main_thickness_ratio_margin_min_m"":0.007431119999999999,""main_thickness_step_margin_min_m"":0.003,""radius_dominance_margin_min_m"":0.004288899999999997,""rear_hollow_margin_min_m"":-0.0010999999999999992,""rear_inboard_ei_margin_min_nm2"":32957.02890903039,""rear_main_radius_ratio_margin_min_m"":0.01,""rear_radius_taper_margin_min_m"":0.0,""rear_thickness_ratio_margin_min_m"":-0.002999999999999999,""rear_thickness_step_margin_min_m"":8.673617379884035e-19}",1.0209999999999994e-05,1.0209999999999994e-05,0.0,0,0.07292679854845505,0.0,0.9999999999999977,3,0.049999999999999885,8.461035820087683e-15,91.75779580989024,"[91.75779580989024,91.55779580989022,0.0,0.9999999999999977,0.4292118314540656]",analysis complete
2.0,target_main_tip_z_2p000m,59,baseline_or_coarse,coarse_grid,92e6e6f090aa,"outboard_relaxed_mix|1.000000,0.000000,0.000000,1.000000,1.000000",outboard_relaxed_mix,Outboard relaxed two-family mix,1.0,0.0,0.0,1.0,1.0,1.14,0.0,1.0,1.0,1.0,"[69.8478,69.8478,69.8478,69.8478,54.5278,38.5778]","[53.8478,53.8478,53.8478,53.8478,38.5278,22.5778]","[8.0,8.0,8.0,8.0,8.0,8.0]","[20.0,20.0,20.0,20.0,20.0,20.0]","[4.0,4.0,4.0,4.0,0.0,0.0]","[8.0,8.0,8.0,8.0,11.0,11.0]",69.8478,53.8478,8.0,20.0,4.0,8.0,89.05779580989022,91.55779580989022,"[173802.772,173802.772,173802.772,173802.772,74932.181,22072.435]","[1803.526,1803.526,1803.526,1803.526,1806.416,1806.416]","[22669.927,22669.927,22669.927,22669.927,9773.763,2879.013]","[235.242,235.242,235.242,235.242,235.619,235.619]",23878.850349117354,175606.2976085889,3114.6326542326988,22905.169253294207,-0.14811807128417442,0.0651858601168413,0.0651858601168413,0.4292118314540656,0.03314516615588481,0.0,0.0,4.39648317751562e-14,1.6922071640175364e-13,2.220446049250313e-16,5.900100316503042e-17,0.0,0.0,[0.0],fail,1198.9594568585574,False,False,geometry_validity|moment_closure,False,True,False,fail,True,False,True,False,fail,False,False,False,geometry_validity; negative_margins:rear_hollow_margin_min_m=-0.0011|rear_thickness_ratio_margin_min_m=-0.003,geometry_validity,rear_thickness_ratio_margin_min_m,-0.002999999999999999,"{""ei_dominance_margin_min_nm2"":18459.964304830126,""ei_ratio_margin_min"":10.22013355566394,""equivalent_buckling_margin"":0.9143595399402281,""equivalent_failure_margin"":0.9512461436762262,""equivalent_tip_margin"":2.698118071284174,""equivalent_twist_margin"":1.9890539282206061,""ground_clearance_margin_m"":0.0651858601168413,""jig_curvature_margin_per_m"":0.10240596399457294,""jig_prebend_margin_m"":3.5973871128704595,""loaded_shape_main_z_margin_m"":0.025,""loaded_shape_twist_margin_deg"":0.14999999999995603,""main_hollow_margin_min_m"":0.011288899999999998,""main_radius_taper_margin_min_m"":0.0,""main_thickness_ratio_margin_min_m"":0.007431119999999999,""main_thickness_step_margin_min_m"":0.003,""radius_dominance_margin_min_m"":0.004288899999999997,""rear_hollow_margin_min_m"":-0.0010999999999999992,""rear_inboard_ei_margin_min_nm2"":32957.02890903039,""rear_main_radius_ratio_margin_min_m"":0.01,""rear_radius_taper_margin_min_m"":0.0,""rear_thickness_ratio_margin_min_m"":-0.002999999999999999,""rear_thickness_step_margin_min_m"":8.673617379884035e-19}",1.0209999999999994e-05,1.0209999999999994e-05,0.0,0,0.07292679854845505,0.0,0.9999999999999977,3,0.049999999999999885,8.461035820087683e-15,91.75779580989024,"[91.75779580989024,91.55779580989022,0.0,0.9999999999999977,0.4292118314540656]",analysis complete
2.0,target_main_tip_z_2p000m,60,baseline_or_coarse,coarse_grid,d587222d133a,"baseline_uniform|1.000000,0.000000,1.000000,0.000000,0.000000",baseline_uniform,Uniform baseline rib family,1.0,0.0,1.0,0.0,0.0,1.14,0.0,1.12,0.0,0.0,"[69.8478,69.8478,69.8478,69.8478,54.5278,38.5778]","[68.2478,68.2478,68.2478,68.2478,52.9278,36.9778]","[0.8,0.8,0.8,0.8,0.8,0.8]","[22.4,22.4,22.4,22.4,22.4,22.4]","[20.8,20.8,20.8,20.8,20.8,20.8]","[0.8,0.8,0.8,0.8,0.8,0.8]",69.8478,68.2478,0.8,22.400000000000002,20.800000000000004,0.8,11.204976995540493,13.704976995540493,"[23789.512,23789.512,23789.512,23789.512,11209.111,3897.467]","[729.179,729.179,729.179,729.179,729.179,729.179]","[3102.98,3102.98,3102.98,3102.98,1462.058,508.365]","[95.11,95.11,95.11,95.11,95.11,95.11]",4626.645910794323,24518.691668737236,603.4755535818682,3198.0902176613786,1.8288820572883013,-0.5762259035933224,-0.5762259035933224,2.564935116212838,0.09352691861455298,0.0,0.0,0.0,0.0,2.7755575615628914e-17,2.533725810203382e-18,3146.0561834157943,3146.0561834157943,[3146.056],fail,1689.0495128821913,False,False,moment_closure,False,True,False,pass,True,True,True,False,fail,False,False,False,ground_clearance; negative_margins:ground_clearance_margin_m=-0.576225904,ground_clearance,ground_clearance_margin_m,-0.5762259035933224,"{""ei_dominance_margin_min_nm2"":2439.108199201062,""ei_ratio_margin_min"":3.345005006690249,""equivalent_buckling_margin"":0.8347146992448948,""equivalent_failure_margin"":0.6112564979734905,""equivalent_tip_margin"":0.7211179427116985,""equivalent_twist_margin"":1.872680749157673,""ground_clearance_margin_m"":-0.5762259035933224,""jig_curvature_margin_per_m"":0.04202421153590477,""jig_prebend_margin_m"":1.461663828111687,""loaded_shape_main_z_margin_m"":0.025,""loaded_shape_twist_margin_deg"":0.15,""main_hollow_margin_min_m"":0.0184889,""main_radius_taper_margin_min_m"":0.0,""main_thickness_ratio_margin_min_m"":0.01463112,""main_thickness_step_margin_min_m"":0.003,""radius_dominance_margin_min_m"":0.003088899999999996,""rear_hollow_margin_min_m"":0.010300000000000002,""rear_inboard_ei_margin_min_nm2"":4028.723249110143,""rear_main_radius_ratio_margin_min_m"":0.011200000000000002,""rear_radius_taper_margin_min_m"":0.0,""rear_thickness_ratio_margin_min_m"":0.00816,""rear_thickness_step_margin_min_m"":0.003}",0.33203629197194084,0.33203629197194084,3365.2020663583376,5,-0.5700789477721482,841.3005165895844,0.6666666666666666,2,0.03333333333333333,0.0,855.0388269184582,"[855.0388269184582,13.704976995540493,3365.2020663583376,0.6666666666666666,2.564935116212838]",analysis complete
2.0,target_main_tip_z_2p000m,61,baseline_or_coarse,coarse_grid,701ad531f7f0,"inboard_reinforced_mix|1.000000,0.000000,1.000000,0.000000,0.000000",inboard_reinforced_mix,Inboard reinforced two-family mix,1.0,0.0,1.0,0.0,0.0,1.14,0.0,1.12,0.0,0.0,"[69.8478,69.8478,69.8478,69.8478,54.5278,38.5778]","[68.2478,68.2478,68.2478,68.2478,52.9278,36.9778]","[0.8,0.8,0.8,0.8,0.8,0.8]","[22.4,22.4,22.4,22.4,22.4,22.4]","[20.8,20.8,20.8,20.8,20.8,20.8]","[0.8,0.8,0.8,0.8,0.8,0.8]",69.8478,68.2478,0.8,22.400000000000002,20.800000000000004,0.8,11.204976995540493,13.704976995540493,"[23789.512,23789.512,23789.512,23789.512,11209.111,3897.467]","[729.179,729.179,729.179,729.179,729.179,729.179]","[3102.98,3102.98,3102.98,3102.98,1462.058,508.365]","[95.11,95.11,95.11,95.11,95.11,95.11]",4626.645910794323,24518.691668737236,603.4755535818682,3198.0902176613786,1.8288684103228434,-0.5762259035933224,-0.5762259035933224,2.564935116212838,0.09352691861455298,0.0,0.0,0.0,0.0,2.7755575615628914e-17,2.533725810203382e-18,3146.0561834157943,3146.0561834157943,[3146.056],fail,1689.0495128821913,False,False,moment_closure,False,True,False,pass,True,True,True,False,fail,False,False,False,ground_clearance; negative_margins:ground_clearance_margin_m=-0.576225904,ground_clearance,ground_clearance_margin_m,-0.5762259035933224,"{""ei_dominance_margin_min_nm2"":2439.108199201062,""ei_ratio_margin_min"":3.345005006690249,""equivalent_buckling_margin"":0.8347150304555223,""equivalent_failure_margin"":0.6112570405421921,""equivalent_tip_margin"":0.7211315896771564,""equivalent_twist_margin"":1.908222636754423,""ground_clearance_margin_m"":-0.5762259035933224,""jig_curvature_margin_per_m"":0.04202421153590477,""jig_prebend_margin_m"":1.461663828111687,""loaded_shape_main_z_margin_m"":0.025,""loaded_shape_twist_margin_deg"":0.15,""main_hollow_margin_min_m"":0.0184889,""main_radius_taper_margin_min_m"":0.0,""main_thickness_ratio_margin_min_m"":0.01463112,""main_thickness_step_margin_min_m"":0.003,""radius_dominance_margin_min_m"":0.003088899999999996,""rear_hollow_margin_min_m"":0.010300000000000002,""rear_inboard_ei_margin_min_nm2"":4028.723249110143,""rear_main_radius_ratio_margin_min_m"":0.011200000000000002,""rear_radius_taper_margin_min_m"":0.0,""rear_thickness_ratio_margin_min_m"":0.00816,""rear_thickness_step_margin_min_m"":0.003}",0.33203629197194084,0.33203629197194084,3365.2020663583376,5,-0.5700789477721482,841.3005165895844,0.6666666666666666,2,0.03333333333333333,0.0,855.1888269184582,"[855.1888269184582,13.704976995540493,3365.2020663583376,0.6666666666666666,2.564935116212838]",analysis complete
2.0,target_main_tip_z_2p000m,62,baseline_or_coarse,coarse_grid,65a2690229f8,"outboard_relaxed_mix|1.000000,0.000000,1.000000,0.000000,0.000000",outboard_relaxed_mix,Outboard relaxed two-family mix,1.0,0.0,1.0,0.0,0.0,1.14,0.0,1.12,0.0,0.0,"[69.8478,69.8478,69.8478,69.8478,54.5278,38.5778]","[68.2478,68.2478,68.2478,68.2478,52.9278,36.9778]","[0.8,0.8,0.8,0.8,0.8,0.8]","[22.4,22.4,22.4,22.4,22.4,22.4]","[20.8,20.8,20.8,20.8,20.8,20.8]","[0.8,0.8,0.8,0.8,0.8,0.8]",69.8478,68.2478,0.8,22.400000000000002,20.800000000000004,0.8,11.204976995540493,13.704976995540493,"[23789.512,23789.512,23789.512,23789.512,11209.111,3897.467]","[729.179,729.179,729.179,729.179,729.179,729.179]","[3102.98,3102.98,3102.98,3102.98,1462.058,508.365]","[95.11,95.11,95.11,95.11,95.11,95.11]",4626.645910794323,24518.691668737236,603.4755535818682,3198.0902176613786,1.8289053970216194,-0.5762259035933224,-0.5762259035933224,2.564935116212838,0.09352691861455298,0.0,0.0,0.0,0.0,2.7755575615628914e-17,2.533725810203382e-18,3146.0561834157943,3146.0561834157943,[3146.056],fail,1689.0495128821913,False,False,moment_closure,False,True,False,pass,True,True,True,False,fail,False,False,False,ground_clearance; negative_margins:ground_clearance_margin_m=-0.576225904,ground_clearance,ground_clearance_margin_m,-0.5762259035933224,"{""ei_dominance_margin_min_nm2"":2439.108199201062,""ei_ratio_margin_min"":3.345005006690249,""equivalent_buckling_margin"":0.8347140552107701,""equivalent_failure_margin"":0.6112555597609254,""equivalent_tip_margin"":0.7210946029783805,""equivalent_twist_margin"":1.8113937811617706,""ground_clearance_margin_m"":-0.5762259035933224,""jig_curvature_margin_per_m"":0.04202421153590477,""jig_prebend_margin_m"":1.461663828111687,""loaded_shape_main_z_margin_m"":0.025,""loaded_shape_twist_margin_deg"":0.15,""main_hollow_margin_min_m"":0.0184889,""main_radius_taper_margin_min_m"":0.0,""main_thickness_ratio_margin_min_m"":0.01463112,""main_thickness_step_margin_min_m"":0.003,""radius_dominance_margin_min_m"":0.003088899999999996,""rear_hollow_margin_min_m"":0.010300000000000002,""rear_inboard_ei_margin_min_nm2"":4028.723249110143,""rear_main_radius_ratio_margin_min_m"":0.011200000000000002,""rear_radius_taper_margin_min_m"":0.0,""rear_thickness_ratio_margin_min_m"":0.00816,""rear_thickness_step_margin_min_m"":0.003}",0.33203629197194084,0.33203629197194084,3365.2020663583376,5,-0.5700789477721482,841.3005165895844,0.6666666666666666,2,0.03333333333333333,0.0,855.1888269184582,"[855.1888269184582,13.704976995540493,3365.2020663583376,0.6666666666666666,2.564935116212838]",analysis complete
2.0,target_main_tip_z_2p000m,63,baseline_or_coarse,coarse_grid,8a379bc5d81a,"baseline_uniform|1.000000,0.000000,1.000000,0.000000,1.000000",baseline_uniform,Uniform baseline rib family,1.0,0.0,1.0,0.0,1.0,1.14,0.0,1.12,0.0,1.0,"[69.8478,69.8478,69.8478,69.8478,54.5278,38.5778]","[53.8478,53.8478,53.8478,53.8478,38.5278,22.5778]","[8.0,8.0,8.0,8.0,8.0,8.0]","[22.4,22.4,22.4,22.4,22.4,22.4]","[6.4,6.4,6.4,6.4,6.4,6.4]","[8.0,8.0,8.0,8.0,8.0,8.0]",69.8478,53.8478,8.0,22.400000000000002,6.400000000000003,8.0,92.16937280095941,94.66937280095941,"[173802.772,173802.772,173802.772,173802.772,74932.181,22072.435]","[2823.489,2823.489,2823.489,2823.489,2823.489,2823.489]","[22669.927,22669.927,22669.927,22669.927,9773.763,2879.013]","[368.281,368.281,368.281,368.281,368.281,368.281]",24895.92312647078,176626.26065118363,3247.2943208440147,23038.207911023954,-0.1664215956412642,0.0651858601168413,0.0651858601168413,0.4959026970723568,0.024671050104710268,0.0,0.0,0.0,0.0,2.220446049250313e-16,5.689610925354104e-17,0.0,0.0,[0.0],fail,1216.6348188086126,False,False,moment_closure,False,True,False,pass,True,True,True,True,pass,True,False,False,eligible_but_higher_objective_than_reported_selected,,main_radius_taper_margin_min_m,0.0,"{""ei_dominance_margin_min_nm2"":16425.457466968113,""ei_ratio_margin_min"":5.81743370219832,""equivalent_buckling_margin"":0.914326294035406,""equivalent_failure_margin"":0.9500535167960987,""equivalent_tip_margin"":2.716421595641264,""equivalent_twist_margin"":2.003494988614118,""ground_clearance_margin_m"":0.0651858601168413,""jig_curvature_margin_per_m"":0.11088008004574748,""jig_prebend_margin_m"":3.5306962472521684,""loaded_shape_main_z_margin_m"":0.025,""loaded_shape_twist_margin_deg"":0.15,""main_hollow_margin_min_m"":0.011288899999999998,""main_radius_taper_margin_min_m"":0.0,""main_thickness_ratio_margin_min_m"":0.007431119999999999,""main_thickness_step_margin_min_m"":0.003,""radius_dominance_margin_min_m"":0.003088899999999996,""rear_hollow_margin_min_m"":0.0031000000000000016,""rear_inboard_ei_margin_min_nm2"":31937.065866435663,""rear_main_radius_ratio_margin_min_m"":0.011200000000000002,""rear_radius_taper_margin_min_m"":0.0,""rear_thickness_ratio_margin_min_m"":0.0009600000000000008,""rear_thickness_step_margin_min_m"":0.003}",0.0,0.0,0.0,0,0.0730981540497217,0.0,0.6666666666666666,2,0.03333333333333333,0.0,94.70270613429274,"[94.70270613429274,94.66937280095941,0.0,0.6666666666666666,0.4959026970723568]",analysis complete
2.0,target_main_tip_z_2p000m,64,baseline_or_coarse,coarse_grid,02cb87b9d80e,"inboard_reinforced_mix|1.000000,0.000000,1.000000,0.000000,1.000000",inboard_reinforced_mix,Inboard reinforced two-family mix,1.0,0.0,1.0,0.0,1.0,1.14,0.0,1.12,0.0,1.0,"[69.8478,69.8478,69.8478,69.8478,54.5278,38.5778]","[53.8478,53.8478,53.8478,53.8478,38.5278,22.5778]","[8.0,8.0,8.0,8.0,8.0,8.0]","[22.4,22.4,22.4,22.4,22.4,22.4]","[6.4,6.4,6.4,6.4,6.4,6.4]","[8.0,8.0,8.0,8.0,8.0,8.0]",69.8478,53.8478,8.0,22.400000000000002,6.400000000000003,8.0,92.16937280095941,94.66937280095941,"[173802.772,173802.772,173802.772,173802.772,74932.181,22072.435]","[2823.489,2823.489,2823.489,2823.489,2823.489,2823.489]","[22669.927,22669.927,22669.927,22669.927,9773.763,2879.013]","[368.281,368.281,368.281,368.281,368.281,368.281]",24895.92312647078,176626.26065118363,3247.2943208440147,23038.207911023954,-0.16642386562965392,0.0651858601168413,0.0651858601168413,0.4959026970723568,0.024671050104710268,0.0,0.0,0.0,0.0,2.220446049250313e-16,5.689610925354104e-17,0.0,0.0,[0.0],fail,1216.6348188086126,False,False,moment_closure,False,True,False,pass,True,True,True,True,pass,True,False,False,eligible_but_higher_objective_than_reported_selected,,main_radius_taper_margin_min_m,0.0,"{""ei_dominance_margin_min_nm2"":16425.457466968113,""ei_ratio_margin_min"":5.81743370219832,""equivalent_buckling_margin"":0.9143262955088844,""equivalent_failure_margin"":0.9500534529341892,""equivalent_tip_margin"":2.7164238656296535,""equivalent_twist_margin"":2.009394805263764,""ground_clearance_margin_m"":0.0651858601168413,""jig_curvature_margin_per_m"":0.11088008004574748,""jig_prebend_margin_m"":3.5306962472521684,""loaded_shape_main_z_margin_m"":0.025,""loaded_shape_twist_margin_deg"":0.15,""main_hollow_margin_min_m"":0.011288899999999998,""main_radius_taper_margin_min_m"":0.0,""main_thickness_ratio_margin_min_m"":0.007431119999999999,""main_thickness_step_margin_min_m"":0.003,""radius_dominance_margin_min_m"":0.003088899999999996,""rear_hollow_margin_min_m"":0.0031000000000000016,""rear_inboard_ei_margin_min_nm2"":31937.065866435663,""rear_main_radius_ratio_margin_min_m"":0.011200000000000002,""rear_radius_taper_margin_min_m"":0.0,""rear_thickness_ratio_margin_min_m"":0.0009600000000000008,""rear_thickness_step_margin_min_m"":0.003}",0.0,0.0,0.0,0,0.0730981540497217,0.0,0.6666666666666666,2,0.03333333333333333,0.0,94.85270613429275,"[94.85270613429275,94.66937280095941,0.0,0.6666666666666666,0.4959026970723568]",analysis complete
2.0,target_main_tip_z_2p000m,65,baseline_or_coarse,coarse_grid,1f9ce4812c23,"outboard_relaxed_mix|1.000000,0.000000,1.000000,0.000000,1.000000",outboard_relaxed_mix,Outboard relaxed two-family mix,1.0,0.0,1.0,0.0,1.0,1.14,0.0,1.12,0.0,1.0,"[69.8478,69.8478,69.8478,69.8478,54.5278,38.5778]","[53.8478,53.8478,53.8478,53.8478,38.5278,22.5778]","[8.0,8.0,8.0,8.0,8.0,8.0]","[22.4,22.4,22.4,22.4,22.4,22.4]","[6.4,6.4,6.4,6.4,6.4,6.4]","[8.0,8.0,8.0,8.0,8.0,8.0]",69.8478,53.8478,8.0,22.400000000000002,6.400000000000003,8.0,92.16937280095941,94.66937280095941,"[173802.772,173802.772,173802.772,173802.772,74932.181,22072.435]","[2823.489,2823.489,2823.489,2823.489,2823.489,2823.489]","[22669.927,22669.927,22669.927,22669.927,9773.763,2879.013]","[368.281,368.281,368.281,368.281,368.281,368.281]",24895.92312647078,176626.26065118363,3247.2943208440147,23038.207911023954,-0.16641771378252457,0.0651858601168413,0.0651858601168413,0.4959026970723568,0.024671050104710268,0.0,0.0,0.0,0.0,2.220446049250313e-16,5.689610925354104e-17,0.0,0.0,[0.0],fail,1216.6348188086126,False,False,moment_closure,False,True,False,pass,True,True,True,True,pass,True,False,False,eligible_but_higher_objective_than_reported_selected,,main_radius_taper_margin_min_m,0.0,"{""ei_dominance_margin_min_nm2"":16425.457466968113,""ei_ratio_margin_min"":5.81743370219832,""equivalent_buckling_margin"":0.9143262901173289,""equivalent_failure_margin"":0.9500536200658785,""equivalent_tip_margin"":2.7164177137825245,""equivalent_twist_margin"":1.9934054154379919,""ground_clearance_margin_m"":0.0651858601168413,""jig_curvature_margin_per_m"":0.11088008004574748,""jig_prebend_margin_m"":3.5306962472521684,""loaded_shape_main_z_margin_m"":0.025,""loaded_shape_twist_margin_deg"":0.15,""main_hollow_margin_min_m"":0.011288899999999998,""main_radius_taper_margin_min_m"":0.0,""main_thickness_ratio_margin_min_m"":0.007431119999999999,""main_thickness_step_margin_min_m"":0.003,""radius_dominance_margin_min_m"":0.003088899999999996,""rear_hollow_margin_min_m"":0.0031000000000000016,""rear_inboard_ei_margin_min_nm2"":31937.065866435663,""rear_main_radius_ratio_margin_min_m"":0.011200000000000002,""rear_radius_taper_margin_min_m"":0.0,""rear_thickness_ratio_margin_min_m"":0.0009600000000000008,""rear_thickness_step_margin_min_m"":0.003}",0.0,0.0,0.0,0,0.0730981540497217,0.0,0.6666666666666666,2,0.03333333333333333,0.0,94.85270613429275,"[94.85270613429275,94.66937280095941,0.0,0.6666666666666666,0.4959026970723568]",analysis complete
2.0,target_main_tip_z_2p000m,66,baseline_or_coarse,coarse_grid,c4c15d0adb19,"baseline_uniform|1.000000,0.000000,1.000000,1.000000,0.000000",baseline_uniform,Uniform baseline rib family,1.0,0.0,1.0,1.0,0.0,1.14,0.0,1.12,1.0,0.0,"[69.8478,69.8478,69.8478,69.8478,54.5278,38.5778]","[68.2478,68.2478,68.2478,68.2478,52.9278,36.9778]","[0.8,0.8,0.8,0.8,0.8,0.8]","[22.4,22.4,22.4,22.4,22.4,22.4]","[20.8,20.8,20.8,20.8,14.8,14.8]","[0.8,0.8,0.8,0.8,3.8,3.8]",69.8478,68.2478,0.8,22.400000000000002,20.800000000000004,0.8,14.797418112697029,17.29741811269703,"[23789.512,23789.512,23789.512,23789.512,11209.111,3897.467]","[729.179,729.179,729.179,729.179,2300.748,2300.748]","[3102.98,3102.98,3102.98,3102.98,1462.058,508.365]","[95.11,95.11,95.11,95.11,300.098,300.098]",6198.214629559031,24518.691668737236,808.4627777685694,3198.0902176613786,1.3424557402776773,-0.12065065684375842,-0.12065065684375842,1.9830848732033188,0.09261446861705014,0.0,0.0,0.0,0.0,2.7755575615628914e-17,2.8327915739802466e-18,2842.0734880052246,2842.0734880052246,[2842.073],fail,1678.6246690523267,False,False,geometry_validity|moment_closure,False,True,False,fail,True,False,True,False,fail,False,False,False,geometry_validity|ground_clearance; negative_margins:ei_dominance_margin_min_nm2=-704.029238|ei_ratio_margin_min=-0.306000158|ground_clearance_margin_m=-0.120650657,geometry_validity|ground_clearance,ei_dominance_margin_min_nm2,-704.0292383283554,"{""ei_dominance_margin_min_nm2"":-704.0292383283554,""ei_ratio_margin_min"":-0.3060001581241618,""equivalent_buckling_margin"":0.8582251258005599,""equivalent_failure_margin"":0.682090329586446,""equivalent_tip_margin"":1.2075442597223225,""equivalent_twist_margin"":1.8707411927850994,""ground_clearance_margin_m"":-0.12065065684375842,""jig_curvature_margin_per_m"":0.04293666153340761,""jig_prebend_margin_m"":2.0435140711212063,""loaded_shape_main_z_margin_m"":0.025,""loaded_shape_twist_margin_deg"":0.15,""main_hollow_margin_min_m"":0.0184889,""main_radius_taper_margin_min_m"":0.0,""main_thickness_ratio_margin_min_m"":0.01463112,""main_thickness_step_margin_min_m"":0.003,""radius_dominance_margin_min_m"":0.003088899999999996,""rear_hollow_margin_min_m"":0.007300000000000002,""rear_inboard_ei_margin_min_nm2"":4028.723249110143,""rear_main_radius_ratio_margin_min_m"":0.011200000000000002,""rear_radius_taper_margin_min_m"":0.0,""rear_thickness_ratio_margin_min_m"":0.005160000000000001,""rear_thickness_step_margin_min_m"":0.0}",495657.276613882,495657.276613882,160.57531025471948,5,-0.11667187009955367,40.14382756367987,1.0,3,0.05,0.0,57.4912456763769,"[57.4912456763769,17.29741811269703,160.57531025471948,1.0,1.9830848732033188]",analysis complete
2.0,target_main_tip_z_2p000m,67,baseline_or_coarse,coarse_grid,759af5ce89fe,"inboard_reinforced_mix|1.000000,0.000000,1.000000,1.000000,0.000000",inboard_reinforced_mix,Inboard reinforced two-family mix,1.0,0.0,1.0,1.0,0.0,1.14,0.0,1.12,1.0,0.0,"[69.8478,69.8478,69.8478,69.8478,54.5278,38.5778]","[68.2478,68.2478,68.2478,68.2478,52.9278,36.9778]","[0.8,0.8,0.8,0.8,0.8,0.8]","[22.4,22.4,22.4,22.4,22.4,22.4]","[20.8,20.8,20.8,20.8,14.8,14.8]","[0.8,0.8,0.8,0.8,3.8,3.8]",69.8478,68.2478,0.8,22.400000000000002,20.800000000000004,0.8,14.797418112697029,17.29741811269703,"[23789.512,23789.512,23789.512,23789.512,11209.111,3897.467]","[729.179,729.179,729.179,729.179,2300.748,2300.748]","[3102.98,3102.98,3102.98,3102.98,1462.058,508.365]","[95.11,95.11,95.11,95.11,300.098,300.098]",6198.214629559031,24518.691668737236,808.4627777685694,3198.0902176613786,1.3424383043994348,-0.12065065684375842,-0.12065065684375842,1.9830848732033188,0.09261446861705014,0.0,0.0,0.0,0.0,2.7755575615628914e-17,2.8327915739802466e-18,2842.0734880052246,2842.0734880052246,[2842.073],fail,1678.6246690523267,False,False,geometry_validity|moment_closure,False,True,False,fail,True,False,True,False,fail,False,False,False,geometry_validity|ground_clearance; negative_margins:ei_dominance_margin_min_nm2=-704.029238|ei_ratio_margin_min=-0.306000158|ground_clearance_margin_m=-0.120650657,geometry_validity|ground_clearance,ei_dominance_margin_min_nm2,-704.0292383283554,"{""ei_dominance_margin_min_nm2"":-704.0292383283554,""ei_ratio_margin_min"":-0.3060001581241618,""equivalent_buckling_margin"":0.8582256801781631,""equivalent_failure_margin"":0.6820913093326285,""equivalent_tip_margin"":1.207561695600565,""equivalent_twist_margin"":1.9058149644361124,""ground_clearance_margin_m"":-0.12065065684375842,""jig_curvature_margin_per_m"":0.04293666153340761,""jig_prebend_margin_m"":2.0435140711212063,""loaded_shape_main_z_margin_m"":0.025,""loaded_shape_twist_margin_deg"":0.15,""main_hollow_margin_min_m"":0.0184889,""main_radius_taper_margin_min_m"":0.0,""main_thickness_ratio_margin_min_m"":0.01463112,""main_thickness_step_margin_min_m"":0.003,""radius_dominance_margin_min_m"":0.003088899999999996,""rear_hollow_margin_min_m"":0.007300000000000002,""rear_inboard_ei_margin_min_nm2"":4028.723249110143,""rear_main_radius_ratio_margin_min_m"":0.011200000000000002,""rear_radius_taper_margin_min_m"":0.0,""rear_thickness_ratio_margin_min_m"":0.005160000000000001,""rear_thickness_step_margin_min_m"":0.0}",495657.276613882,495657.276613882,160.57531025471948,5,-0.11667187009955367,40.14382756367987,1.0,3,0.05,0.0,57.6412456763769,"[57.6412456763769,17.29741811269703,160.57531025471948,1.0,1.9830848732033188]",analysis complete
2.0,target_main_tip_z_2p000m,68,baseline_or_coarse,coarse_grid,dc55d0bd1b4d,"outboard_relaxed_mix|1.000000,0.000000,1.000000,1.000000,0.000000",outboard_relaxed_mix,Outboard relaxed two-family mix,1.0,0.0,1.0,1.0,0.0,1.14,0.0,1.12,1.0,0.0,"[69.8478,69.8478,69.8478,69.8478,54.5278,38.5778]","[68.2478,68.2478,68.2478,68.2478,52.9278,36.9778]","[0.8,0.8,0.8,0.8,0.8,0.8]","[22.4,22.4,22.4,22.4,22.4,22.4]","[20.8,20.8,20.8,20.8,14.8,14.8]","[0.8,0.8,0.8,0.8,3.8,3.8]",69.8478,68.2478,0.8,22.400000000000002,20.800000000000004,0.8,14.797418112697029,17.29741811269703,"[23789.512,23789.512,23789.512,23789.512,11209.111,3897.467]","[729.179,729.179,729.179,729.179,2300.748,2300.748]","[3102.98,3102.98,3102.98,3102.98,1462.058,508.365]","[95.11,95.11,95.11,95.11,300.098,300.098]",6198.214629559031,24518.691668737236,808.4627777685694,3198.0902176613786,1.342485529274169,-0.12065065684375842,-0.12065065684375842,1.9830848732033188,0.09261446861705014,0.0,0.0,0.0,0.0,2.7755575615628914e-17,2.8327915739802466e-18,2842.0734880052246,2842.0734880052246,[2842.073],fail,1678.6246690523267,False,False,geometry_validity|moment_closure,False,True,False,fail,True,False,True,False,fail,False,False,False,geometry_validity|ground_clearance; negative_margins:ei_dominance_margin_min_nm2=-704.029238|ei_ratio_margin_min=-0.306000158|ground_clearance_margin_m=-0.120650657,geometry_validity|ground_clearance,ei_dominance_margin_min_nm2,-704.0292383283554,"{""ei_dominance_margin_min_nm2"":-704.0292383283554,""ei_ratio_margin_min"":-0.3060001581241618,""equivalent_buckling_margin"":0.8582240561603518,""equivalent_failure_margin"":0.6820886417973272,""equivalent_tip_margin"":1.2075144707258307,""equivalent_twist_margin"":1.8102460915889158,""ground_clearance_margin_m"":-0.12065065684375842,""jig_curvature_margin_per_m"":0.04293666153340761,""jig_prebend_margin_m"":2.0435140711212063,""loaded_shape_main_z_margin_m"":0.025,""loaded_shape_twist_margin_deg"":0.15,""main_hollow_margin_min_m"":0.0184889,""main_radius_taper_margin_min_m"":0.0,""main_thickness_ratio_margin_min_m"":0.01463112,""main_thickness_step_margin_min_m"":0.003,""radius_dominance_margin_min_m"":0.003088899999999996,""rear_hollow_margin_min_m"":0.007300000000000002,""rear_inboard_ei_margin_min_nm2"":4028.723249110143,""rear_main_radius_ratio_margin_min_m"":0.011200000000000002,""rear_radius_taper_margin_min_m"":0.0,""rear_thickness_ratio_margin_min_m"":0.005160000000000001,""rear_thickness_step_margin_min_m"":0.0}",495657.276613882,495657.276613882,160.57531025471948,5,-0.11667187009955367,40.14382756367987,1.0,3,0.05,0.0,57.6412456763769,"[57.6412456763769,17.29741811269703,160.57531025471948,1.0,1.9830848732033188]",analysis complete
2.0,target_main_tip_z_2p000m,69,baseline_or_coarse,coarse_grid,eabe19e26a6a,"baseline_uniform|1.000000,0.000000,1.000000,1.000000,1.000000",baseline_uniform,Uniform baseline rib family,1.0,0.0,1.0,1.0,1.0,1.14,0.0,1.12,1.0,1.0,"[69.8478,69.8478,69.8478,69.8478,54.5278,38.5778]","[53.8478,53.8478,53.8478,53.8478,38.5278,22.5778]","[8.0,8.0,8.0,8.0,8.0,8.0]","[22.4,22.4,22.4,22.4,22.4,22.4]","[6.4,6.4,6.4,6.4,0.4,0.4]","[8.0,8.0,8.0,8.0,11.0,11.0]",69.8478,53.8478,8.0,22.400000000000002,6.400000000000003,8.0,92.85556941884323,95.35556941884323,"[173802.772,173802.772,173802.772,173802.772,74932.181,22072.435]","[2823.489,2823.489,2823.489,2823.489,2842.43,2842.43]","[22669.927,22669.927,22669.927,22669.927,9773.763,2879.013]","[368.281,368.281,368.281,368.281,370.752,370.752]",24914.86447972966,176626.26065118363,3249.7649321386507,23038.207911023954,-0.17892062932631045,0.06518586011948894,0.06518586011948894,0.5503145812189114,0.02667696701369815,0.0,0.0,0.0,0.0,2.220446049250313e-16,5.516311550421924e-17,0.0,0.0,[0.0],fail,1207.2532766914867,False,False,geometry_validity|moment_closure,False,True,False,fail,True,False,True,False,fail,False,False,False,geometry_validity; negative_margins:rear_thickness_ratio_margin_min_m=-0.00204,geometry_validity,rear_thickness_ratio_margin_min_m,-0.0020399999999999984,"{""ei_dominance_margin_min_nm2"":16387.57476045036,""ei_ratio_margin_min"":5.7653399731686585,""equivalent_buckling_margin"":0.9143140636130284,""equivalent_failure_margin"":0.9491407238914468,""equivalent_tip_margin"":2.72892062932631,""equivalent_twist_margin"":2.0029959561476596,""ground_clearance_margin_m"":0.06518586011948894,""jig_curvature_margin_per_m"":0.1088741631367596,""jig_prebend_margin_m"":3.4762843631056137,""loaded_shape_main_z_margin_m"":0.025,""loaded_shape_twist_margin_deg"":0.15,""main_hollow_margin_min_m"":0.011288899999999998,""main_radius_taper_margin_min_m"":0.0,""main_thickness_ratio_margin_min_m"":0.007431119999999999,""main_thickness_step_margin_min_m"":0.003,""radius_dominance_margin_min_m"":0.003088899999999996,""rear_hollow_margin_min_m"":0.00010000000000000225,""rear_inboard_ei_margin_min_nm2"":31937.065866435663,""rear_main_radius_ratio_margin_min_m"":0.011200000000000002,""rear_radius_taper_margin_min_m"":0.0,""rear_thickness_ratio_margin_min_m"":-0.0020399999999999984,""rear_thickness_step_margin_min_m"":8.673617379884035e-19}",4.161599999999993e-06,4.161599999999993e-06,0.0,0,0.07312638822163034,0.0,0.9999999999999977,3,0.049999999999999885,0.0,95.40556941884323,"[95.40556941884323,95.35556941884323,0.0,0.9999999999999977,0.5503145812189114]",analysis complete
2.0,target_main_tip_z_2p000m,70,baseline_or_coarse,coarse_grid,c9d43436ff4c,"inboard_reinforced_mix|1.000000,0.000000,1.000000,1.000000,1.000000",inboard_reinforced_mix,Inboard reinforced two-family mix,1.0,0.0,1.0,1.0,1.0,1.14,0.0,1.12,1.0,1.0,"[69.8478,69.8478,69.8478,69.8478,54.5278,38.5778]","[53.8478,53.8478,53.8478,53.8478,38.5278,22.5778]","[8.0,8.0,8.0,8.0,8.0,8.0]","[22.4,22.4,22.4,22.4,22.4,22.4]","[6.4,6.4,6.4,6.4,0.4,0.4]","[8.0,8.0,8.0,8.0,11.0,11.0]",69.8478,53.8478,8.0,22.400000000000002,6.400000000000003,8.0,92.85556941884323,95.35556941884323,"[173802.772,173802.772,173802.772,173802.772,74932.181,22072.435]","[2823.489,2823.489,2823.489,2823.489,2842.43,2842.43]","[22669.927,22669.927,22669.927,22669.927,9773.763,2879.013]","[368.281,368.281,368.281,368.281,370.752,370.752]",24914.86447972966,176626.26065118363,3249.7649321386507,23038.207911023954,-0.1789229498919833,0.06518586011948894,0.06518586011948894,0.5503145812189114,0.02667696701369815,0.0,0.0,0.0,0.0,2.220446049250313e-16,5.516311550421924e-17,0.0,0.0,[0.0],fail,1207.2532766914867,False,False,geometry_validity|moment_closure,False,True,False,fail,True,False,True,False,fail,False,False,False,geometry_validity; negative_margins:rear_thickness_ratio_margin_min_m=-0.00204,geometry_validity,rear_thickness_ratio_margin_min_m,-0.0020399999999999984,"{""ei_dominance_margin_min_nm2"":16387.57476045036,""ei_ratio_margin_min"":5.7653399731686585,""equivalent_buckling_margin"":0.9143140649510723,""equivalent_failure_margin"":0.9491406539406069,""equivalent_tip_margin"":2.728922949891983,""equivalent_twist_margin"":2.008896281290341,""ground_clearance_margin_m"":0.06518586011948894,""jig_curvature_margin_per_m"":0.1088741631367596,""jig_prebend_margin_m"":3.4762843631056137,""loaded_shape_main_z_margin_m"":0.025,""loaded_shape_twist_margin_deg"":0.15,""main_hollow_margin_min_m"":0.011288899999999998,""main_radius_taper_margin_min_m"":0.0,""main_thickness_ratio_margin_min_m"":0.007431119999999999,""main_thickness_step_margin_min_m"":0.003,""radius_dominance_margin_min_m"":0.003088899999999996,""rear_hollow_margin_min_m"":0.00010000000000000225,""rear_inboard_ei_margin_min_nm2"":31937.065866435663,""rear_main_radius_ratio_margin_min_m"":0.011200000000000002,""rear_radius_taper_margin_min_m"":0.0,""rear_thickness_ratio_margin_min_m"":-0.0020399999999999984,""rear_thickness_step_margin_min_m"":8.673617379884035e-19}",4.161599999999993e-06,4.161599999999993e-06,0.0,0,0.07312638822163034,0.0,0.9999999999999977,3,0.049999999999999885,0.0,95.55556941884323,"[95.55556941884323,95.35556941884323,0.0,0.9999999999999977,0.5503145812189114]",analysis complete
2.0,target_main_tip_z_2p000m,71,baseline_or_coarse,coarse_grid,5c1de90752da,"outboard_relaxed_mix|1.000000,0.000000,1.000000,1.000000,1.000000",outboard_relaxed_mix,Outboard relaxed two-family mix,1.0,0.0,1.0,1.0,1.0,1.14,0.0,1.12,1.0,1.0,"[69.8478,69.8478,69.8478,69.8478,54.5278,38.5778]","[53.8478,53.8478,53.8478,53.8478,38.5278,22.5778]","[8.0,8.0,8.0,8.0,8.0,8.0]","[22.4,22.4,22.4,22.4,22.4,22.4]","[6.4,6.4,6.4,6.4,0.4,0.4]","[8.0,8.0,8.0,8.0,11.0,11.0]",69.8478,53.8478,8.0,22.400000000000002,6.400000000000003,8.0,92.85556941884323,95.35556941884323,"[173802.772,173802.772,173802.772,173802.772,74932.181,22072.435]","[2823.489,2823.489,2823.489,2823.489,2842.43,2842.43]","[22669.927,22669.927,22669.927,22669.927,9773.763,2879.013]","[368.281,368.281,368.281,368.281,370.752,370.752]",24914.86447972966,176626.26065118363,3249.7649321386507,23038.207911023954,-0.17891666122661917,0.06518586011948894,0.06518586011948894,0.5503145812189114,0.02667696701369815,0.0,0.0,0.0,0.0,2.220446049250313e-16,5.516311550421924e-17,0.0,0.0,[0.0],fail,1207.2532766914867,False,False,geometry_validity|moment_closure,False,True,False,fail,True,False,True,False,fail,False,False,False,geometry_validity; negative_margins:rear_thickness_ratio_margin_min_m=-0.00204,geometry_validity,rear_thickness_ratio_margin_min_m,-0.0020399999999999984,"{""ei_dominance_margin_min_nm2"":16387.57476045036,""ei_ratio_margin_min"":5.7653399731686585,""equivalent_buckling_margin"":0.9143140599836882,""equivalent_failure_margin"":0.9491408379431256,""equivalent_tip_margin"":2.728916661226619,""equivalent_twist_margin"":1.9929060193713302,""ground_clearance_margin_m"":0.06518586011948894,""jig_curvature_margin_per_m"":0.1088741631367596,""jig_prebend_margin_m"":3.4762843631056137,""loaded_shape_main_z_margin_m"":0.025,""loaded_shape_twist_margin_deg"":0.15,""main_hollow_margin_min_m"":0.011288899999999998,""main_radius_taper_margin_min_m"":0.0,""main_thickness_ratio_margin_min_m"":0.007431119999999999,""main_thickness_step_margin_min_m"":0.003,""radius_dominance_margin_min_m"":0.003088899999999996,""rear_hollow_margin_min_m"":0.00010000000000000225,""rear_inboard_ei_margin_min_nm2"":31937.065866435663,""rear_main_radius_ratio_margin_min_m"":0.011200000000000002,""rear_radius_taper_margin_min_m"":0.0,""rear_thickness_ratio_margin_min_m"":-0.0020399999999999984,""rear_thickness_step_margin_min_m"":8.673617379884035e-19}",4.161599999999993e-06,4.161599999999993e-06,0.0,0,0.07312638822163034,0.0,0.9999999999999977,3,0.049999999999999885,0.0,95.55556941884323,"[95.55556941884323,95.35556941884323,0.0,0.9999999999999977,0.5503145812189114]",analysis complete
2.0,target_main_tip_z_2p000m,72,baseline_or_coarse,coarse_grid,3ef4af05b56e,"baseline_uniform|1.000000,1.000000,0.000000,0.000000,0.000000",baseline_uniform,Uniform baseline rib family,1.0,1.0,0.0,0.0,0.0,1.14,0.8,1.0,0.0,0.0,"[69.8478,69.8478,69.8478,69.8478,62.96408,55.797283]","[68.2478,68.2478,68.2478,68.2478,61.36408,54.197283]","[0.8,0.8,0.8,0.8,0.8,0.8]","[20.0,20.0,20.0,20.0,20.0,20.0]","[18.4,18.4,18.4,18.4,18.4,18.4]","[0.8,0.8,0.8,0.8,0.8,0.8]",69.8478,68.2478,0.8,20.0,18.4,0.8,11.594853873122727,14.094853873122727,"[23789.512,23789.512,23789.512,23789.512,17360.737,12022.459]","[512.312,512.312,512.312,512.312,512.312,512.312]","[3102.98,3102.98,3102.98,3102.98,2264.444,1568.147]","[66.823,66.823,66.823,66.823,66.823,66.823]",12534.771191017577,24301.82466272743,1634.9701553501188,3169.803216877491,1.6350675525840723,-0.40041187790543087,-0.40041187790543087,2.36324017092206,0.1036778472892338,0.0,0.0,0.0,0.0,3.552713678800501e-15,3.243169037060329e-16,3096.48275610501,3096.48275610501,[3096.483],fail,1679.040229878806,False,False,moment_closure,False,True,False,pass,True,True,True,False,fail,False,False,False,ground_clearance; negative_margins:ground_clearance_margin_m=-0.400411878,ground_clearance,ground_clearance_margin_m,-0.40041187790543087,"{""ei_dominance_margin_min_nm2"":10997.834497453729,""ei_ratio_margin_min"":21.467054323399534,""equivalent_buckling_margin"":0.8381746417396574,""equivalent_failure_margin"":0.6209861181799907,""equivalent_tip_margin"":0.9149324474159275,""equivalent_twist_margin"":1.8565200459345275,""ground_clearance_margin_m"":-0.40041187790543087,""jig_curvature_margin_per_m"":0.031873282861223956,""jig_prebend_margin_m"":1.6633587734024653,""loaded_shape_main_z_margin_m"":0.025,""loaded_shape_twist_margin_deg"":0.15,""main_hollow_margin_min_m"":0.027098641646027242,""main_radius_taper_margin_min_m"":0.0,""main_thickness_ratio_margin_min_m"":0.021518913316821795,""main_thickness_step_margin_min_m"":0.003,""radius_dominance_margin_min_m"":0.012898641646027238,""rear_hollow_margin_min_m"":0.0091,""rear_inboard_ei_margin_min_nm2"":4245.590255119947,""rear_main_radius_ratio_margin_min_m"":0.01,""rear_radius_taper_margin_min_m"":0.0,""rear_thickness_ratio_margin_min_m"":0.0072,""rear_thickness_step_margin_min_m"":0.003}",0.1603296719677537,0.1603296719677537,1663.889648389563,5,-0.3979024664223797,415.97241209739076,0.6666666666666666,2,0.03333333333333333,0.0,430.1005993038468,"[430.1005993038468,14.094853873122727,1663.889648389563,0.6666666666666666,2.36324017092206]",analysis complete
2.0,target_main_tip_z_2p000m,73,baseline_or_coarse,coarse_grid,e617cc2ab0e0,"inboard_reinforced_mix|1.000000,1.000000,0.000000,0.000000,0.000000",inboard_reinforced_mix,Inboard reinforced two-family mix,1.0,1.0,0.0,0.0,0.0,1.14,0.8,1.0,0.0,0.0,"[69.8478,69.8478,69.8478,69.8478,62.96408,55.797283]","[68.2478,68.2478,68.2478,68.2478,61.36408,54.197283]","[0.8,0.8,0.8,0.8,0.8,0.8]","[20.0,20.0,20.0,20.0,20.0,20.0]","[18.4,18.4,18.4,18.4,18.4,18.4]","[0.8,0.8,0.8,0.8,0.8,0.8]",69.8478,68.2478,0.8,20.0,18.4,0.8,11.594853873122727,14.094853873122727,"[23789.512,23789.512,23789.512,23789.512,17360.737,12022.459]","[512.312,512.312,512.312,512.312,512.312,512.312]","[3102.98,3102.98,3102.98,3102.98,2264.444,1568.147]","[66.823,66.823,66.823,66.823,66.823,66.823]",12534.771191017577,24301.82466272743,1634.9701553501188,3169.803216877491,1.6350538225540157,-0.40041187790543087,-0.40041187790543087,2.36324017092206,0.1036778472892338,0.0,0.0,0.0,0.0,3.552713678800501e-15,3.243169037060329e-16,3096.48275610501,3096.48275610501,[3096.483],fail,1679.040229878806,False,False,moment_closure,False,True,False,pass,True,True,True,False,fail,False,False,False,ground_clearance; negative_margins:ground_clearance_margin_m=-0.400411878,ground_clearance,ground_clearance_margin_m,-0.40041187790543087,"{""ei_dominance_margin_min_nm2"":10997.834497453729,""ei_ratio_margin_min"":21.467054323399534,""equivalent_buckling_margin"":0.8381750291393993,""equivalent_failure_margin"":0.6209867333898491,""equivalent_tip_margin"":0.9149461774459842,""equivalent_twist_margin"":1.8953094075100478,""ground_clearance_margin_m"":-0.40041187790543087,""jig_curvature_margin_per_m"":0.031873282861223956,""jig_prebend_margin_m"":1.6633587734024653,""loaded_shape_main_z_margin_m"":0.025,""loaded_shape_twist_margin_deg"":0.15,""main_hollow_margin_min_m"":0.027098641646027242,""main_radius_taper_margin_min_m"":0.0,""main_thickness_ratio_margin_min_m"":0.021518913316821795,""main_thickness_step_margin_min_m"":0.003,""radius_dominance_margin_min_m"":0.012898641646027238,""rear_hollow_margin_min_m"":0.0091,""rear_inboard_ei_margin_min_nm2"":4245.590255119947,""rear_main_radius_ratio_margin_min_m"":0.01,""rear_radius_taper_margin_min_m"":0.0,""rear_thickness_ratio_margin_min_m"":0.0072,""rear_thickness_step_margin_min_m"":0.003}",0.1603296719677537,0.1603296719677537,1663.889648389563,5,-0.3979024664223797,415.97241209739076,0.6666666666666666,2,0.03333333333333333,0.0,430.2505993038468,"[430.2505993038468,14.094853873122727,1663.889648389563,0.6666666666666666,2.36324017092206]",analysis complete
2.0,target_main_tip_z_2p000m,74,baseline_or_coarse,coarse_grid,8312f74b338e,"outboard_relaxed_mix|1.000000,1.000000,0.000000,0.000000,0.000000",outboard_relaxed_mix,Outboard relaxed two-family mix,1.0,1.0,0.0,0.0,0.0,1.14,0.8,1.0,0.0,0.0,"[69.8478,69.8478,69.8478,69.8478,62.96408,55.797283]","[68.2478,68.2478,68.2478,68.2478,61.36408,54.197283]","[0.8,0.8,0.8,0.8,0.8,0.8]","[20.0,20.0,20.0,20.0,20.0,20.0]","[18.4,18.4,18.4,18.4,18.4,18.4]","[0.8,0.8,0.8,0.8,0.8,0.8]",69.8478,68.2478,0.8,20.0,18.4,0.8,11.594853873122727,14.094853873122727,"[23789.512,23789.512,23789.512,23789.512,17360.737,12022.459]","[512.312,512.312,512.312,512.312,512.312,512.312]","[3102.98,3102.98,3102.98,3102.98,2264.444,1568.147]","[66.823,66.823,66.823,66.823,66.823,66.823]",12534.771191017577,24301.82466272743,1634.9701553501188,3169.803216877491,1.6350910267939256,-0.40041187790543087,-0.40041187790543087,2.36324017092206,0.1036778472892338,0.0,0.0,0.0,0.0,3.552713678800501e-15,3.243169037060329e-16,3096.48275610501,3096.48275610501,[3096.483],fail,1679.040229878806,False,False,moment_closure,False,True,False,pass,True,True,True,False,fail,False,False,False,ground_clearance; negative_margins:ground_clearance_margin_m=-0.400411878,ground_clearance,ground_clearance_margin_m,-0.40041187790543087,"{""ei_dominance_margin_min_nm2"":10997.834497453729,""ei_ratio_margin_min"":21.467054323399534,""equivalent_buckling_margin"":0.8381738826350281,""equivalent_failure_margin"":0.6209850539166758,""equivalent_tip_margin"":0.9149089732060742,""equivalent_twist_margin"":1.7897742701571007,""ground_clearance_margin_m"":-0.40041187790543087,""jig_curvature_margin_per_m"":0.031873282861223956,""jig_prebend_margin_m"":1.6633587734024653,""loaded_shape_main_z_margin_m"":0.025,""loaded_shape_twist_margin_deg"":0.15,""main_hollow_margin_min_m"":0.027098641646027242,""main_radius_taper_margin_min_m"":0.0,""main_thickness_ratio_margin_min_m"":0.021518913316821795,""main_thickness_step_margin_min_m"":0.003,""radius_dominance_margin_min_m"":0.012898641646027238,""rear_hollow_margin_min_m"":0.0091,""rear_inboard_ei_margin_min_nm2"":4245.590255119947,""rear_main_radius_ratio_margin_min_m"":0.01,""rear_radius_taper_margin_min_m"":0.0,""rear_thickness_ratio_margin_min_m"":0.0072,""rear_thickness_step_margin_min_m"":0.003}",0.1603296719677537,0.1603296719677537,1663.889648389563,5,-0.3979024664223797,415.97241209739076,0.6666666666666666,2,0.03333333333333333,0.0,430.2505993038468,"[430.2505993038468,14.094853873122727,1663.889648389563,0.6666666666666666,2.36324017092206]",analysis complete
2.0,target_main_tip_z_2p000m,75,baseline_or_coarse,coarse_grid,ed4dc67a1fa9,"baseline_uniform|1.000000,1.000000,0.000000,0.000000,1.000000",baseline_uniform,Uniform baseline rib family,1.0,1.0,0.0,0.0,1.0,1.14,0.8,1.0,0.0,1.0,"[69.8478,69.8478,69.8478,69.8478,62.96408,55.797283]","[53.8478,53.8478,53.8478,53.8478,46.96408,39.797283]","[8.0,8.0,8.0,8.0,8.0,8.0]","[20.0,20.0,20.0,20.0,20.0,20.0]","[4.0,4.0,4.0,4.0,4.0,4.0]","[8.0,8.0,8.0,8.0,8.0,8.0]",69.8478,53.8478,8.0,20.0,4.0,8.0,96.06814157678178,98.56814157678178,"[173802.772,173802.772,173802.772,173802.772,122523.36,81112.228]","[1803.526,1803.526,1803.526,1803.526,1803.526,1803.526]","[22669.927,22669.927,22669.927,22669.927,15981.308,10579.856]","[235.242,235.242,235.242,235.242,235.242,235.242]",82915.75399132045,175606.2976085889,10815.09834669397,22905.169253294207,-0.24326090909231415,0.0651858601141123,0.0651858601141123,0.9021836898137465,0.03218690197186369,2.220446049250313e-16,1.2819751242557092e-16,4.39648317751562e-14,1.6929839403559062e-13,2.220446049250313e-16,7.309480593075172e-17,0.0,0.0,[0.0],fail,1144.5964321349643,False,False,moment_closure,False,True,False,pass,True,True,True,True,pass,True,False,False,eligible_but_higher_objective_than_reported_selected,,rear_thickness_ratio_margin_min_m,0.0,"{""ei_dominance_margin_min_nm2"":77505.17745960197,""ei_ratio_margin_min"":42.974261802920154,""equivalent_buckling_margin"":0.9141953802267261,""equivalent_failure_margin"":0.9426019332018836,""equivalent_tip_margin"":2.793260909092314,""equivalent_twist_margin"":1.9980839416496872,""ground_clearance_margin_m"":0.0651858601141123,""jig_curvature_margin_per_m"":0.10336422817859406,""jig_prebend_margin_m"":3.1244152545107786,""loaded_shape_main_z_margin_m"":0.02499999999999978,""loaded_shape_twist_margin_deg"":0.14999999999995603,""main_hollow_margin_min_m"":0.01989864164602724,""main_radius_taper_margin_min_m"":0.0,""main_thickness_ratio_margin_min_m"":0.014318913316821794,""main_thickness_step_margin_min_m"":0.003,""radius_dominance_margin_min_m"":0.012898641646027238,""rear_hollow_margin_min_m"":0.0019,""rear_inboard_ei_margin_min_nm2"":32957.02890903039,""rear_main_radius_ratio_margin_min_m"":0.01,""rear_radius_taper_margin_min_m"":0.0,""rear_thickness_ratio_margin_min_m"":0.0,""rear_thickness_step_margin_min_m"":0.003}",0.0,0.0,0.0,0,0.07319419400442809,0.0,0.6666666666666666,2,0.03333333333333333,8.464919701779532e-15,98.60147491011513,"[98.60147491011513,98.56814157678178,0.0,0.6666666666666666,0.9021836898137465]",analysis complete
2.0,target_main_tip_z_2p000m,76,baseline_or_coarse,coarse_grid,36d559b5aee8,"inboard_reinforced_mix|1.000000,1.000000,0.000000,0.000000,1.000000",inboard_reinforced_mix,Inboard reinforced two-family mix,1.0,1.0,0.0,0.0,1.0,1.14,0.8,1.0,0.0,1.0,"[69.8478,69.8478,69.8478,69.8478,62.96408,55.797283]","[53.8478,53.8478,53.8478,53.8478,46.96408,39.797283]","[8.0,8.0,8.0,8.0,8.0,8.0]","[20.0,20.0,20.0,20.0,20.0,20.0]","[4.0,4.0,4.0,4.0,4.0,4.0]","[8.0,8.0,8.0,8.0,8.0,8.0]",69.8478,53.8478,8.0,20.0,4.0,8.0,96.06814157678178,98.56814157678178,"[173802.772,173802.772,173802.772,173802.772,122523.36,81112.228]","[1803.526,1803.526,1803.526,1803.526,1803.526,1803.526]","[22669.927,22669.927,22669.927,22669.927,15981.308,10579.856]","[235.242,235.242,235.242,235.242,235.242,235.242]",82915.75399132045,175606.2976085889,10815.09834669397,22905.169253294207,-0.2432631564093047,0.0651858601141123,0.0651858601141123,0.9021836898137465,0.03218690197186369,2.220446049250313e-16,1.2819751242557092e-16,4.39648317751562e-14,1.6929839403559062e-13,2.220446049250313e-16,7.309480593075172e-17,0.0,0.0,[0.0],fail,1144.5964321349643,False,False,moment_closure,False,True,False,pass,True,True,True,True,pass,True,False,False,eligible_but_higher_objective_than_reported_selected,,rear_thickness_ratio_margin_min_m,0.0,"{""ei_dominance_margin_min_nm2"":77505.17745960197,""ei_ratio_margin_min"":42.974261802920154,""equivalent_buckling_margin"":0.9141953820338735,""equivalent_failure_margin"":0.9426018791120777,""equivalent_tip_margin"":2.7932631564093047,""equivalent_twist_margin"":2.004644197287762,""ground_clearance_margin_m"":0.0651858601141123,""jig_curvature_margin_per_m"":0.10336422817859406,""jig_prebend_margin_m"":3.1244152545107786,""loaded_shape_main_z_margin_m"":0.02499999999999978,""loaded_shape_twist_margin_deg"":0.14999999999995603,""main_hollow_margin_min_m"":0.01989864164602724,""main_radius_taper_margin_min_m"":0.0,""main_thickness_ratio_margin_min_m"":0.014318913316821794,""main_thickness_step_margin_min_m"":0.003,""radius_dominance_margin_min_m"":0.012898641646027238,""rear_hollow_margin_min_m"":0.0019,""rear_inboard_ei_margin_min_nm2"":32957.02890903039,""rear_main_radius_ratio_margin_min_m"":0.01,""rear_radius_taper_margin_min_m"":0.0,""rear_thickness_ratio_margin_min_m"":0.0,""rear_thickness_step_margin_min_m"":0.003}",0.0,0.0,0.0,0,0.07319419400442809,0.0,0.6666666666666666,2,0.03333333333333333,8.464919701779532e-15,98.75147491011514,"[98.75147491011514,98.56814157678178,0.0,0.6666666666666666,0.9021836898137465]",analysis complete
2.0,target_main_tip_z_2p000m,77,baseline_or_coarse,coarse_grid,f1886af40bd1,"outboard_relaxed_mix|1.000000,1.000000,0.000000,0.000000,1.000000",outboard_relaxed_mix,Outboard relaxed two-family mix,1.0,1.0,0.0,0.0,1.0,1.14,0.8,1.0,0.0,1.0,"[69.8478,69.8478,69.8478,69.8478,62.96408,55.797283]","[53.8478,53.8478,53.8478,53.8478,46.96408,39.797283]","[8.0,8.0,8.0,8.0,8.0,8.0]","[20.0,20.0,20.0,20.0,20.0,20.0]","[4.0,4.0,4.0,4.0,4.0,4.0]","[8.0,8.0,8.0,8.0,8.0,8.0]",69.8478,53.8478,8.0,20.0,4.0,8.0,96.06814157678178,98.56814157678178,"[173802.772,173802.772,173802.772,173802.772,122523.36,81112.228]","[1803.526,1803.526,1803.526,1803.526,1803.526,1803.526]","[22669.927,22669.927,22669.927,22669.927,15981.308,10579.856]","[235.242,235.242,235.242,235.242,235.242,235.242]",82915.75399132045,175606.2976085889,10815.09834669397,22905.169253294207,-0.24325706800710908,0.0651858601141123,0.0651858601141123,0.9021836898137465,0.03218690197186369,2.220446049250313e-16,1.2819751242557092e-16,4.39648317751562e-14,1.6929839403559062e-13,2.220446049250313e-16,7.309480593075172e-17,0.0,0.0,[0.0],fail,1144.5964321349643,False,False,moment_closure,False,True,False,pass,True,True,True,True,pass,True,False,False,eligible_but_higher_objective_than_reported_selected,,rear_thickness_ratio_margin_min_m,0.0,"{""ei_dominance_margin_min_nm2"":77505.17745960197,""ei_ratio_margin_min"":42.974261802920154,""equivalent_buckling_margin"":0.9141953758826147,""equivalent_failure_margin"":0.9426020203546253,""equivalent_tip_margin"":2.793257068007109,""equivalent_twist_margin"":1.9868713869313492,""ground_clearance_margin_m"":0.0651858601141123,""jig_curvature_margin_per_m"":0.10336422817859406,""jig_prebend_margin_m"":3.1244152545107786,""loaded_shape_main_z_margin_m"":0.02499999999999978,""loaded_shape_twist_margin_deg"":0.14999999999995603,""main_hollow_margin_min_m"":0.01989864164602724,""main_radius_taper_margin_min_m"":0.0,""main_thickness_ratio_margin_min_m"":0.014318913316821794,""main_thickness_step_margin_min_m"":0.003,""radius_dominance_margin_min_m"":0.012898641646027238,""rear_hollow_margin_min_m"":0.0019,""rear_inboard_ei_margin_min_nm2"":32957.02890903039,""rear_main_radius_ratio_margin_min_m"":0.01,""rear_radius_taper_margin_min_m"":0.0,""rear_thickness_ratio_margin_min_m"":0.0,""rear_thickness_step_margin_min_m"":0.003}",0.0,0.0,0.0,0,0.07319419400442809,0.0,0.6666666666666666,2,0.03333333333333333,8.464919701779532e-15,98.75147491011514,"[98.75147491011514,98.56814157678178,0.0,0.6666666666666666,0.9021836898137465]",analysis complete
2.0,target_main_tip_z_2p000m,78,baseline_or_coarse,coarse_grid,9a51827a493a,"baseline_uniform|1.000000,1.000000,0.000000,1.000000,0.000000",baseline_uniform,Uniform baseline rib family,1.0,1.0,0.0,1.0,0.0,1.14,0.8,1.0,1.0,0.0,"[69.8478,69.8478,69.8478,69.8478,62.96408,55.797283]","[68.2478,68.2478,68.2478,68.2478,61.36408,54.197283]","[0.8,0.8,0.8,0.8,0.8,0.8]","[20.0,20.0,20.0,20.0,20.0,20.0]","[18.4,18.4,18.4,18.4,12.4,12.4]","[0.8,0.8,0.8,0.8,3.8,3.8]",69.8478,68.2478,0.8,20.0,18.4,0.8,14.702920907067146,17.202920907067146,"[23789.512,23789.512,23789.512,23789.512,17360.737,12022.459]","[512.312,512.312,512.312,512.312,1539.494,1539.494]","[3102.98,3102.98,3102.98,3102.98,2264.444,1568.147]","[66.823,66.823,66.823,66.823,200.804,200.804]",13561.952671052457,24301.82466272743,1768.9503483981464,3169.803216877491,1.2718219767371874,-0.0800715141432633,-0.0800715141432633,1.8827062188312649,0.10205646290805412,0.0,0.0,0.0,0.0,5.551115123125783e-17,5.067451620406764e-18,2830.9847849511266,2830.9847849511266,[2830.985],fail,1684.2804991916266,False,False,moment_closure,False,True,False,pass,True,True,True,False,fail,False,False,False,ground_clearance; negative_margins:ground_clearance_margin_m=-0.0800715141,ground_clearance,ground_clearance_margin_m,-0.0800715141432633,"{""ei_dominance_margin_min_nm2"":8943.471537383972,""ei_ratio_margin_min"":5.809358928969007,""equivalent_buckling_margin"":0.8585899632261206,""equivalent_failure_margin"":0.6827606876268841,""equivalent_tip_margin"":1.2781780232628124,""equivalent_twist_margin"":1.8563983152774368,""ground_clearance_margin_m"":-0.0800715141432633,""jig_curvature_margin_per_m"":0.03349466724240363,""jig_prebend_margin_m"":2.1438927254932603,""loaded_shape_main_z_margin_m"":0.025,""loaded_shape_twist_margin_deg"":0.15,""main_hollow_margin_min_m"":0.027098641646027242,""main_radius_taper_margin_min_m"":0.0,""main_thickness_ratio_margin_min_m"":0.021518913316821795,""main_thickness_step_margin_min_m"":0.003,""radius_dominance_margin_min_m"":0.012898641646027238,""rear_hollow_margin_min_m"":0.0061,""rear_inboard_ei_margin_min_nm2"":4245.590255119947,""rear_main_radius_ratio_margin_min_m"":0.01,""rear_radius_taper_margin_min_m"":0.0,""rear_thickness_ratio_margin_min_m"":0.004200000000000001,""rear_thickness_step_margin_min_m"":0.0}",0.006411447377194815,0.006411447377194815,75.72039989418177,5,-0.07697283973221913,18.930099973545442,1.0,3,0.05,0.0,36.18302088061259,"[36.18302088061259,17.202920907067146,75.72039989418177,1.0,1.8827062188312649]",analysis complete
2.0,target_main_tip_z_2p000m,79,baseline_or_coarse,coarse_grid,cd061b3a7f24,"inboard_reinforced_mix|1.000000,1.000000,0.000000,1.000000,0.000000",inboard_reinforced_mix,Inboard reinforced two-family mix,1.0,1.0,0.0,1.0,0.0,1.14,0.8,1.0,1.0,0.0,"[69.8478,69.8478,69.8478,69.8478,62.96408,55.797283]","[68.2478,68.2478,68.2478,68.2478,61.36408,54.197283]","[0.8,0.8,0.8,0.8,0.8,0.8]","[20.0,20.0,20.0,20.0,20.0,20.0]","[18.4,18.4,18.4,18.4,12.4,12.4]","[0.8,0.8,0.8,0.8,3.8,3.8]",69.8478,68.2478,0.8,20.0,18.4,0.8,14.702920907067146,17.202920907067146,"[23789.512,23789.512,23789.512,23789.512,17360.737,12022.459]","[512.312,512.312,512.312,512.312,1539.494,1539.494]","[3102.98,3102.98,3102.98,3102.98,2264.444,1568.147]","[66.823,66.823,66.823,66.823,200.804,200.804]",13561.952671052457,24301.82466272743,1768.9503483981464,3169.803216877491,1.2718035927907845,-0.0800715141432633,-0.0800715141432633,1.8827062188312649,0.10205646290805412,0.0,0.0,0.0,0.0,5.551115123125783e-17,5.067451620406764e-18,2830.9847849511266,2830.9847849511266,[2830.985],fail,1684.2804991916266,False,False,moment_closure,False,True,False,pass,True,True,True,False,fail,False,False,False,ground_clearance; negative_margins:ground_clearance_margin_m=-0.0800715141,ground_clearance,ground_clearance_margin_m,-0.0800715141432633,"{""ei_dominance_margin_min_nm2"":8943.471537383972,""ei_ratio_margin_min"":5.809358928969007,""equivalent_buckling_margin"":0.8585906305341604,""equivalent_failure_margin"":0.682761892734234,""equivalent_tip_margin"":1.2781964072092153,""equivalent_twist_margin"":1.894317240131878,""ground_clearance_margin_m"":-0.0800715141432633,""jig_curvature_margin_per_m"":0.03349466724240363,""jig_prebend_margin_m"":2.1438927254932603,""loaded_shape_main_z_margin_m"":0.025,""loaded_shape_twist_margin_deg"":0.15,""main_hollow_margin_min_m"":0.027098641646027242,""main_radius_taper_margin_min_m"":0.0,""main_thickness_ratio_margin_min_m"":0.021518913316821795,""main_thickness_step_margin_min_m"":0.003,""radius_dominance_margin_min_m"":0.012898641646027238,""rear_hollow_margin_min_m"":0.0061,""rear_inboard_ei_margin_min_nm2"":4245.590255119947,""rear_main_radius_ratio_margin_min_m"":0.01,""rear_radius_taper_margin_min_m"":0.0,""rear_thickness_ratio_margin_min_m"":0.004200000000000001,""rear_thickness_step_margin_min_m"":0.0}",0.006411447377194815,0.006411447377194815,75.72039989418177,5,-0.07697283973221913,18.930099973545442,1.0,3,0.05,0.0,36.33302088061259,"[36.33302088061259,17.202920907067146,75.72039989418177,1.0,1.8827062188312649]",analysis complete
2.0,target_main_tip_z_2p000m,80,baseline_or_coarse,coarse_grid,4b4b9d70a734,"outboard_relaxed_mix|1.000000,1.000000,0.000000,1.000000,0.000000",outboard_relaxed_mix,Outboard relaxed two-family mix,1.0,1.0,0.0,1.0,0.0,1.14,0.8,1.0,1.0,0.0,"[69.8478,69.8478,69.8478,69.8478,62.96408,55.797283]","[68.2478,68.2478,68.2478,68.2478,61.36408,54.197283]","[0.8,0.8,0.8,0.8,0.8,0.8]","[20.0,20.0,20.0,20.0,20.0,20.0]","[18.4,18.4,18.4,18.4,12.4,12.4]","[0.8,0.8,0.8,0.8,3.8,3.8]",69.8478,68.2478,0.8,20.0,18.4,0.8,14.702920907067146,17.202920907067146,"[23789.512,23789.512,23789.512,23789.512,17360.737,12022.459]","[512.312,512.312,512.312,512.312,1539.494,1539.494]","[3102.98,3102.98,3102.98,3102.98,2264.444,1568.147]","[66.823,66.823,66.823,66.823,200.804,200.804]",13561.952671052457,24301.82466272743,1768.9503483981464,3169.803216877491,1.2718533677710209,-0.0800715141432633,-0.0800715141432633,1.8827062188312649,0.10205646290805412,0.0,0.0,0.0,0.0,5.551115123125783e-17,5.067451620406764e-18,2830.9847849511266,2830.9847849511266,[2830.985],fail,1684.2804991916266,False,False,moment_closure,False,True,False,pass,True,True,True,False,fail,False,False,False,ground_clearance; negative_margins:ground_clearance_margin_m=-0.0800715141,ground_clearance,ground_clearance_margin_m,-0.0800715141432633,"{""ei_dominance_margin_min_nm2"":8943.471537383972,""ei_ratio_margin_min"":5.809358928969007,""equivalent_buckling_margin"":0.858588678325534,""equivalent_failure_margin"":0.6827586136807905,""equivalent_tip_margin"":1.278146632228979,""equivalent_twist_margin"":1.791153779166736,""ground_clearance_margin_m"":-0.0800715141432633,""jig_curvature_margin_per_m"":0.03349466724240363,""jig_prebend_margin_m"":2.1438927254932603,""loaded_shape_main_z_margin_m"":0.025,""loaded_shape_twist_margin_deg"":0.15,""main_hollow_margin_min_m"":0.027098641646027242,""main_radius_taper_margin_min_m"":0.0,""main_thickness_ratio_margin_min_m"":0.021518913316821795,""main_thickness_step_margin_min_m"":0.003,""radius_dominance_margin_min_m"":0.012898641646027238,""rear_hollow_margin_min_m"":0.0061,""rear_inboard_ei_margin_min_nm2"":4245.590255119947,""rear_main_radius_ratio_margin_min_m"":0.01,""rear_radius_taper_margin_min_m"":0.0,""rear_thickness_ratio_margin_min_m"":0.004200000000000001,""rear_thickness_step_margin_min_m"":0.0}",0.006411447377194815,0.006411447377194815,75.72039989418177,5,-0.07697283973221913,18.930099973545442,1.0,3,0.05,0.0,36.33302088061259,"[36.33302088061259,17.202920907067146,75.72039989418177,1.0,1.8827062188312649]",analysis complete
2.0,target_main_tip_z_2p000m,81,baseline_or_coarse,coarse_grid,130692e8b9f6,"baseline_uniform|1.000000,1.000000,0.000000,1.000000,1.000000",baseline_uniform,Uniform baseline rib family,1.0,1.0,0.0,1.0,1.0,1.14,0.8,1.0,1.0,1.0,"[69.8478,69.8478,69.8478,69.8478,62.96408,55.797283]","[53.8478,53.8478,53.8478,53.8478,46.96408,39.797283]","[8.0,8.0,8.0,8.0,8.0,8.0]","[20.0,20.0,20.0,20.0,20.0,20.0]","[4.0,4.0,4.0,4.0,0.0,0.0]","[8.0,8.0,8.0,8.0,11.0,11.0]",69.8478,53.8478,8.0,20.0,4.0,8.0,96.26996411145352,98.76996411145352,"[173802.772,173802.772,173802.772,173802.772,122523.36,81112.228]","[1803.526,1803.526,1803.526,1803.526,1806.416,1806.416]","[22669.927,22669.927,22669.927,22669.927,15981.308,10579.856]","[235.242,235.242,235.242,235.242,235.619,235.619]",82918.64425656176,175606.2976085889,10815.4753378124,22905.169253294207,-0.24646378249989837,0.0651858601168413,0.0651858601168413,0.9194418828640885,0.033143178508828974,0.0,0.0,4.3520742565306136e-14,1.6751141623607937e-13,2.220446049250313e-16,6.326708781890317e-17,0.0,0.0,[0.0],fail,1141.8725186713557,False,False,geometry_validity|moment_closure,False,True,False,fail,True,False,True,False,fail,False,False,False,geometry_validity; negative_margins:rear_hollow_margin_min_m=-0.0011|rear_thickness_ratio_margin_min_m=-0.003,geometry_validity,rear_thickness_ratio_margin_min_m,-0.002999999999999999,"{""ei_dominance_margin_min_nm2"":77499.75821227452,""ei_ratio_margin_min"":42.906793663401814,""equivalent_buckling_margin"":0.914193718703157,""equivalent_failure_margin"":0.9422665656124093,""equivalent_tip_margin"":2.7964637824998984,""equivalent_twist_margin"":1.9979866284174803,""ground_clearance_margin_m"":0.0651858601168413,""jig_curvature_margin_per_m"":0.10240795164162877,""jig_prebend_margin_m"":3.1071570614604367,""loaded_shape_main_z_margin_m"":0.025,""loaded_shape_twist_margin_deg"":0.14999999999995647,""main_hollow_margin_min_m"":0.01989864164602724,""main_radius_taper_margin_min_m"":0.0,""main_thickness_ratio_margin_min_m"":0.014318913316821794,""main_thickness_step_margin_min_m"":0.003,""radius_dominance_margin_min_m"":0.012898641646027238,""rear_hollow_margin_min_m"":-0.0010999999999999992,""rear_inboard_ei_margin_min_nm2"":32957.02890903039,""rear_main_radius_ratio_margin_min_m"":0.01,""rear_radius_taper_margin_min_m"":0.0,""rear_thickness_ratio_margin_min_m"":-0.002999999999999999,""rear_thickness_step_margin_min_m"":8.673617379884035e-19}",1.0209999999999994e-05,1.0209999999999994e-05,0.0,0,0.07320249542446626,0.0,0.9999999999999977,3,0.049999999999999885,8.375570811803969e-15,98.81996411145353,"[98.81996411145353,98.76996411145352,0.0,0.9999999999999977,0.9194418828640885]",analysis complete
2.0,target_main_tip_z_2p000m,82,baseline_or_coarse,coarse_grid,18c1b41ecc63,"inboard_reinforced_mix|1.000000,1.000000,0.000000,1.000000,1.000000",inboard_reinforced_mix,Inboard reinforced two-family mix,1.0,1.0,0.0,1.0,1.0,1.14,0.8,1.0,1.0,1.0,"[69.8478,69.8478,69.8478,69.8478,62.96408,55.797283]","[53.8478,53.8478,53.8478,53.8478,46.96408,39.797283]","[8.0,8.0,8.0,8.0,8.0,8.0]","[20.0,20.0,20.0,20.0,20.0,20.0]","[4.0,4.0,4.0,4.0,0.0,0.0]","[8.0,8.0,8.0,8.0,11.0,11.0]",69.8478,53.8478,8.0,20.0,4.0,8.0,96.26996411145352,98.76996411145352,"[173802.772,173802.772,173802.772,173802.772,122523.36,81112.228]","[1803.526,1803.526,1803.526,1803.526,1806.416,1806.416]","[22669.927,22669.927,22669.927,22669.927,15981.308,10579.856]","[235.242,235.242,235.242,235.242,235.619,235.619]",82918.64425656176,175606.2976085889,10815.4753378124,22905.169253294207,-0.24646604550938456,0.0651858601168413,0.0651858601168413,0.9194418828640885,0.033143178508828974,0.0,0.0,4.3520742565306136e-14,1.6751141623607937e-13,2.220446049250313e-16,6.326708781890317e-17,0.0,0.0,[0.0],fail,1141.8725186713557,False,False,geometry_validity|moment_closure,False,True,False,fail,True,False,True,False,fail,False,False,False,geometry_validity; negative_margins:rear_hollow_margin_min_m=-0.0011|rear_thickness_ratio_margin_min_m=-0.003,geometry_validity,rear_thickness_ratio_margin_min_m,-0.002999999999999999,"{""ei_dominance_margin_min_nm2"":77499.75821227452,""ei_ratio_margin_min"":42.906793663401814,""equivalent_buckling_margin"":0.914193720467266,""equivalent_failure_margin"":0.9422665095056666,""equivalent_tip_margin"":2.7964660455093844,""equivalent_twist_margin"":2.0045425418606095,""ground_clearance_margin_m"":0.0651858601168413,""jig_curvature_margin_per_m"":0.10240795164162877,""jig_prebend_margin_m"":3.1071570614604367,""loaded_shape_main_z_margin_m"":0.025,""loaded_shape_twist_margin_deg"":0.14999999999995647,""main_hollow_margin_min_m"":0.01989864164602724,""main_radius_taper_margin_min_m"":0.0,""main_thickness_ratio_margin_min_m"":0.014318913316821794,""main_thickness_step_margin_min_m"":0.003,""radius_dominance_margin_min_m"":0.012898641646027238,""rear_hollow_margin_min_m"":-0.0010999999999999992,""rear_inboard_ei_margin_min_nm2"":32957.02890903039,""rear_main_radius_ratio_margin_min_m"":0.01,""rear_radius_taper_margin_min_m"":0.0,""rear_thickness_ratio_margin_min_m"":-0.002999999999999999,""rear_thickness_step_margin_min_m"":8.673617379884035e-19}",1.0209999999999994e-05,1.0209999999999994e-05,0.0,0,0.07320249542446626,0.0,0.9999999999999977,3,0.049999999999999885,8.375570811803969e-15,98.96996411145354,"[98.96996411145354,98.76996411145352,0.0,0.9999999999999977,0.9194418828640885]",analysis complete
2.0,target_main_tip_z_2p000m,83,baseline_or_coarse,coarse_grid,c31d14d6af6a,"outboard_relaxed_mix|1.000000,1.000000,0.000000,1.000000,1.000000",outboard_relaxed_mix,Outboard relaxed two-family mix,1.0,1.0,0.0,1.0,1.0,1.14,0.8,1.0,1.0,1.0,"[69.8478,69.8478,69.8478,69.8478,62.96408,55.797283]","[53.8478,53.8478,53.8478,53.8478,46.96408,39.797283]","[8.0,8.0,8.0,8.0,8.0,8.0]","[20.0,20.0,20.0,20.0,20.0,20.0]","[4.0,4.0,4.0,4.0,0.0,0.0]","[8.0,8.0,8.0,8.0,11.0,11.0]",69.8478,53.8478,8.0,20.0,4.0,8.0,96.26996411145352,98.76996411145352,"[173802.772,173802.772,173802.772,173802.772,122523.36,81112.228]","[1803.526,1803.526,1803.526,1803.526,1806.416,1806.416]","[22669.927,22669.927,22669.927,22669.927,15981.308,10579.856]","[235.242,235.242,235.242,235.242,235.619,235.619]",82918.64425656176,175606.2976085889,10815.4753378124,22905.169253294207,-0.24645991468136497,0.0651858601168413,0.0651858601168413,0.9194418828640885,0.033143178508828974,0.0,0.0,4.3520742565306136e-14,1.6751141623607937e-13,2.220446049250313e-16,6.326708781890317e-17,0.0,0.0,[0.0],fail,1141.8725186713557,False,False,geometry_validity|moment_closure,False,True,False,fail,True,False,True,False,fail,False,False,False,geometry_validity; negative_margins:rear_hollow_margin_min_m=-0.0011|rear_thickness_ratio_margin_min_m=-0.003,geometry_validity,rear_thickness_ratio_margin_min_m,-0.002999999999999999,"{""ei_dominance_margin_min_nm2"":77499.75821227452,""ei_ratio_margin_min"":42.906793663401814,""equivalent_buckling_margin"":0.9141937144420386,""equivalent_failure_margin"":0.9422666562837063,""equivalent_tip_margin"":2.796459914681365,""equivalent_twist_margin"":1.9867817046306455,""ground_clearance_margin_m"":0.0651858601168413,""jig_curvature_margin_per_m"":0.10240795164162877,""jig_prebend_margin_m"":3.1071570614604367,""loaded_shape_main_z_margin_m"":0.025,""loaded_shape_twist_margin_deg"":0.14999999999995647,""main_hollow_margin_min_m"":0.01989864164602724,""main_radius_taper_margin_min_m"":0.0,""main_thickness_ratio_margin_min_m"":0.014318913316821794,""main_thickness_step_margin_min_m"":0.003,""radius_dominance_margin_min_m"":0.012898641646027238,""rear_hollow_margin_min_m"":-0.0010999999999999992,""rear_inboard_ei_margin_min_nm2"":32957.02890903039,""rear_main_radius_ratio_margin_min_m"":0.01,""rear_radius_taper_margin_min_m"":0.0,""rear_thickness_ratio_margin_min_m"":-0.002999999999999999,""rear_thickness_step_margin_min_m"":8.673617379884035e-19}",1.0209999999999994e-05,1.0209999999999994e-05,0.0,0,0.07320249542446626,0.0,0.9999999999999977,3,0.049999999999999885,8.375570811803969e-15,98.96996411145354,"[98.96996411145354,98.76996411145352,0.0,0.9999999999999977,0.9194418828640885]",analysis complete
2.0,target_main_tip_z_2p000m,84,baseline_or_coarse,coarse_grid,d9b92ed8f41b,"baseline_uniform|1.000000,1.000000,1.000000,0.000000,0.000000",baseline_uniform,Uniform baseline rib family,1.0,1.0,1.0,0.0,0.0,1.14,0.8,1.12,0.0,0.0,"[69.8478,69.8478,69.8478,69.8478,62.96408,55.797283]","[68.2478,68.2478,68.2478,68.2478,61.36408,54.197283]","[0.8,0.8,0.8,0.8,0.8,0.8]","[22.4,22.4,22.4,22.4,22.4,22.4]","[20.8,20.8,20.8,20.8,20.8,20.8]","[0.8,0.8,0.8,0.8,0.8,0.8]",69.8478,68.2478,0.8,22.400000000000002,20.800000000000004,0.8,11.926193825696817,14.426193825696817,"[23789.512,23789.512,23789.512,23789.512,17360.737,12022.459]","[729.179,729.179,729.179,729.179,729.179,729.179]","[3102.98,3102.98,3102.98,3102.98,2264.444,1568.147]","[95.11,95.11,95.11,95.11,95.11,95.11]",12751.638197027381,24518.691668737236,1663.2571561340062,3198.0902176613786,1.60483181024251,-0.36477788047560966,-0.36477788047560966,2.3282877361803274,0.09234983890532625,0.0,0.0,0.0,0.0,2.7755575615628914e-17,3.5832294041243814e-18,3078.2227733646523,3078.2227733646523,[3078.223],fail,1721.87016420966,False,False,moment_closure,False,True,False,pass,True,True,True,False,fail,False,False,False,ground_clearance; negative_margins:ground_clearance_margin_m=-0.36477788,ground_clearance,ground_clearance_margin_m,-0.36477788047560966,"{""ei_dominance_margin_min_nm2"":10564.10048543412,""ei_ratio_margin_min"":14.487659475922701,""equivalent_buckling_margin"":0.8400327058055262,""equivalent_failure_margin"":0.6267226862426905,""equivalent_tip_margin"":0.9451681897574897,""equivalent_twist_margin"":1.87242807513885,""ground_clearance_margin_m"":-0.36477788047560966,""jig_curvature_margin_per_m"":0.0432012912451315,""jig_prebend_margin_m"":1.6983112081441978,""loaded_shape_main_z_margin_m"":0.025,""loaded_shape_twist_margin_deg"":0.15,""main_hollow_margin_min_m"":0.027098641646027242,""main_radius_taper_margin_min_m"":0.0,""main_thickness_ratio_margin_min_m"":0.021518913316821795,""main_thickness_step_margin_min_m"":0.003,""radius_dominance_margin_min_m"":0.011698641646027238,""rear_hollow_margin_min_m"":0.010300000000000002,""rear_inboard_ei_margin_min_nm2"":4028.723249110143,""rear_main_radius_ratio_margin_min_m"":0.011200000000000002,""rear_radius_taper_margin_min_m"":0.0,""rear_thickness_ratio_margin_min_m"":0.00816,""rear_thickness_step_margin_min_m"":0.003}",0.13306290208427818,0.13306290208427818,1386.7319873326128,5,-0.3623830164996413,346.6829968331532,0.6666666666666666,2,0.03333333333333333,0.0,361.1425239921834,"[361.1425239921834,14.426193825696817,1386.7319873326128,0.6666666666666666,2.3282877361803274]",analysis complete
2.0,target_main_tip_z_2p000m,85,baseline_or_coarse,coarse_grid,2473cc5e9eaa,"inboard_reinforced_mix|1.000000,1.000000,1.000000,0.000000,0.000000",inboard_reinforced_mix,Inboard reinforced two-family mix,1.0,1.0,1.0,0.0,0.0,1.14,0.8,1.12,0.0,0.0,"[69.8478,69.8478,69.8478,69.8478,62.96408,55.797283]","[68.2478,68.2478,68.2478,68.2478,61.36408,54.197283]","[0.8,0.8,0.8,0.8,0.8,0.8]","[22.4,22.4,22.4,22.4,22.4,22.4]","[20.8,20.8,20.8,20.8,20.8,20.8]","[0.8,0.8,0.8,0.8,0.8,0.8]",69.8478,68.2478,0.8,22.400000000000002,20.800000000000004,0.8,11.926193825696817,14.426193825696817,"[23789.512,23789.512,23789.512,23789.512,17360.737,12022.459]","[729.179,729.179,729.179,729.179,729.179,729.179]","[3102.98,3102.98,3102.98,3102.98,2264.444,1568.147]","[95.11,95.11,95.11,95.11,95.11,95.11]",12751.638197027381,24518.691668737236,1663.2571561340062,3198.0902176613786,1.604818930165187,-0.36477788047560966,-0.36477788047560966,2.3282877361803274,0.09234983890532625,0.0,0.0,0.0,0.0,2.7755575615628914e-17,3.5832294041243814e-18,3078.2227733646523,3078.2227733646523,[3078.223],fail,1721.87016420966,False,False,moment_closure,False,True,False,pass,True,True,True,False,fail,False,False,False,ground_clearance; negative_margins:ground_clearance_margin_m=-0.36477788,ground_clearance,ground_clearance_margin_m,-0.36477788047560966,"{""ei_dominance_margin_min_nm2"":10564.10048543412,""ei_ratio_margin_min"":14.487659475922701,""equivalent_buckling_margin"":0.8400330628377631,""equivalent_failure_margin"":0.626723286613941,""equivalent_tip_margin"":0.9451810698348129,""equivalent_twist_margin"":1.9079306115754349,""ground_clearance_margin_m"":-0.36477788047560966,""jig_curvature_margin_per_m"":0.0432012912451315,""jig_prebend_margin_m"":1.6983112081441978,""loaded_shape_main_z_margin_m"":0.025,""loaded_shape_twist_margin_deg"":0.15,""main_hollow_margin_min_m"":0.027098641646027242,""main_radius_taper_margin_min_m"":0.0,""main_thickness_ratio_margin_min_m"":0.021518913316821795,""main_thickness_step_margin_min_m"":0.003,""radius_dominance_margin_min_m"":0.011698641646027238,""rear_hollow_margin_min_m"":0.010300000000000002,""rear_inboard_ei_margin_min_nm2"":4028.723249110143,""rear_main_radius_ratio_margin_min_m"":0.011200000000000002,""rear_radius_taper_margin_min_m"":0.0,""rear_thickness_ratio_margin_min_m"":0.00816,""rear_thickness_step_margin_min_m"":0.003}",0.13306290208427818,0.13306290208427818,1386.7319873326128,5,-0.3623830164996413,346.6829968331532,0.6666666666666666,2,0.03333333333333333,0.0,361.29252399218336,"[361.29252399218336,14.426193825696817,1386.7319873326128,0.6666666666666666,2.3282877361803274]",analysis complete
2.0,target_main_tip_z_2p000m,86,baseline_or_coarse,coarse_grid,01bb350a8bae,"outboard_relaxed_mix|1.000000,1.000000,1.000000,0.000000,0.000000",outboard_relaxed_mix,Outboard relaxed two-family mix,1.0,1.0,1.0,0.0,0.0,1.14,0.8,1.12,0.0,0.0,"[69.8478,69.8478,69.8478,69.8478,62.96408,55.797283]","[68.2478,68.2478,68.2478,68.2478,61.36408,54.197283]","[0.8,0.8,0.8,0.8,0.8,0.8]","[22.4,22.4,22.4,22.4,22.4,22.4]","[20.8,20.8,20.8,20.8,20.8,20.8]","[0.8,0.8,0.8,0.8,0.8,0.8]",69.8478,68.2478,0.8,22.400000000000002,20.800000000000004,0.8,11.926193825696817,14.426193825696817,"[23789.512,23789.512,23789.512,23789.512,17360.737,12022.459]","[729.179,729.179,729.179,729.179,729.179,729.179]","[3102.98,3102.98,3102.98,3102.98,2264.444,1568.147]","[95.11,95.11,95.11,95.11,95.11,95.11]",12751.638197027381,24518.691668737236,1663.2571561340062,3198.0902176613786,1.6048538345744898,-0.36477788047560966,-0.36477788047560966,2.3282877361803274,0.09234983890532625,0.0,0.0,0.0,0.0,2.7755575615628914e-17,3.5832294041243814e-18,3078.2227733646523,3078.2227733646523,[3078.223],fail,1721.87016420966,False,False,moment_closure,False,True,False,pass,True,True,True,False,fail,False,False,False,ground_clearance; negative_margins:ground_clearance_margin_m=-0.36477788,ground_clearance,ground_clearance_margin_m,-0.36477788047560966,"{""ei_dominance_margin_min_nm2"":10564.10048543412,""ei_ratio_margin_min"":14.487659475922701,""equivalent_buckling_margin"":0.8400320117975486,""equivalent_failure_margin"":0.6267216489821317,""equivalent_tip_margin"":0.94514616542551,""equivalent_twist_margin"":1.8112933085654952,""ground_clearance_margin_m"":-0.36477788047560966,""jig_curvature_margin_per_m"":0.0432012912451315,""jig_prebend_margin_m"":1.6983112081441978,""loaded_shape_main_z_margin_m"":0.025,""loaded_shape_twist_margin_deg"":0.15,""main_hollow_margin_min_m"":0.027098641646027242,""main_radius_taper_margin_min_m"":0.0,""main_thickness_ratio_margin_min_m"":0.021518913316821795,""main_thickness_step_margin_min_m"":0.003,""radius_dominance_margin_min_m"":0.011698641646027238,""rear_hollow_margin_min_m"":0.010300000000000002,""rear_inboard_ei_margin_min_nm2"":4028.723249110143,""rear_main_radius_ratio_margin_min_m"":0.011200000000000002,""rear_radius_taper_margin_min_m"":0.0,""rear_thickness_ratio_margin_min_m"":0.00816,""rear_thickness_step_margin_min_m"":0.003}",0.13306290208427818,0.13306290208427818,1386.7319873326128,5,-0.3623830164996413,346.6829968331532,0.6666666666666666,2,0.03333333333333333,0.0,361.29252399218336,"[361.29252399218336,14.426193825696817,1386.7319873326128,0.6666666666666666,2.3282877361803274]",analysis complete
2.0,target_main_tip_z_2p000m,87,baseline_or_coarse,coarse_grid,042cdb371c4c,"baseline_uniform|1.000000,1.000000,1.000000,0.000000,1.000000",baseline_uniform,Uniform baseline rib family,1.0,1.0,1.0,0.0,1.0,1.14,0.8,1.12,0.0,1.0,"[69.8478,69.8478,69.8478,69.8478,62.96408,55.797283]","[53.8478,53.8478,53.8478,53.8478,46.96408,39.797283]","[8.0,8.0,8.0,8.0,8.0,8.0]","[22.4,22.4,22.4,22.4,22.4,22.4]","[6.4,6.4,6.4,6.4,6.4,6.4]","[8.0,8.0,8.0,8.0,8.0,8.0]",69.8478,53.8478,8.0,22.400000000000002,6.400000000000003,8.0,99.38154110252266,101.88154110252266,"[173802.772,173802.772,173802.772,173802.772,122523.36,81112.228]","[2823.489,2823.489,2823.489,2823.489,2823.489,2823.489]","[22669.927,22669.927,22669.927,22669.927,15981.308,10579.856]","[368.281,368.281,368.281,368.281,368.281,368.281]",83935.71703391518,176626.26065118363,10948.137004423717,23038.207911023954,-0.26230122110682735,0.0651858601219392,0.0651858601219392,0.9795028049362586,0.024669090288083062,0.0,0.0,0.0,0.0,2.220446049250313e-16,8.525714397305068e-17,0.0,0.0,[0.0],fail,1151.6278031884606,False,False,moment_closure,False,True,False,pass,True,True,True,True,pass,True,False,False,eligible_but_higher_objective_than_reported_selected,,main_radius_taper_margin_min_m,0.0,"{""ei_dominance_margin_min_nm2"":75465.25137441252,""ei_ratio_margin_min"":26.72766329785582,""equivalent_buckling_margin"":0.9141604950025436,""equivalent_failure_margin"":0.9404461511117116,""equivalent_tip_margin"":2.8123012211068272,""equivalent_twist_margin"":2.0011614747817363,""ground_clearance_margin_m"":0.0651858601219392,""jig_curvature_margin_per_m"":0.11088203986237469,""jig_prebend_margin_m"":3.0470961393882665,""loaded_shape_main_z_margin_m"":0.025,""loaded_shape_twist_margin_deg"":0.15,""main_hollow_margin_min_m"":0.01989864164602724,""main_radius_taper_margin_min_m"":0.0,""main_thickness_ratio_margin_min_m"":0.014318913316821794,""main_thickness_step_margin_min_m"":0.003,""radius_dominance_margin_min_m"":0.011698641646027238,""rear_hollow_margin_min_m"":0.0031000000000000016,""rear_inboard_ei_margin_min_nm2"":31937.065866435663,""rear_main_radius_ratio_margin_min_m"":0.011200000000000002,""rear_radius_taper_margin_min_m"":0.0,""rear_thickness_ratio_margin_min_m"":0.0009600000000000008,""rear_thickness_step_margin_min_m"":0.003}",0.0,0.0,0.0,0,0.0733695936640372,0.0,0.6666666666666666,2,0.03333333333333333,0.0,101.91487443585599,"[101.91487443585599,101.88154110252266,0.0,0.6666666666666666,0.9795028049362586]",analysis complete
2.0,target_main_tip_z_2p000m,88,baseline_or_coarse,coarse_grid,58a0c125e36e,"inboard_reinforced_mix|1.000000,1.000000,1.000000,0.000000,1.000000",inboard_reinforced_mix,Inboard reinforced two-family mix,1.0,1.0,1.0,0.0,1.0,1.14,0.8,1.12,0.0,1.0,"[69.8478,69.8478,69.8478,69.8478,62.96408,55.797283]","[53.8478,53.8478,53.8478,53.8478,46.96408,39.797283]","[8.0,8.0,8.0,8.0,8.0,8.0]","[22.4,22.4,22.4,22.4,22.4,22.4]","[6.4,6.4,6.4,6.4,6.4,6.4]","[8.0,8.0,8.0,8.0,8.0,8.0]",69.8478,53.8478,8.0,22.400000000000002,6.400000000000003,8.0,99.38154110252266,101.88154110252266,"[173802.772,173802.772,173802.772,173802.772,122523.36,81112.228]","[2823.489,2823.489,2823.489,2823.489,2823.489,2823.489]","[22669.927,22669.927,22669.927,22669.927,15981.308,10579.856]","[368.281,368.281,368.281,368.281,368.281,368.281]",83935.71703391518,176626.26065118363,10948.137004423717,23038.207911023954,-0.26230328949816806,0.0651858601219392,0.0651858601219392,0.9795028049362586,0.024669090288083062,0.0,0.0,0.0,0.0,2.220446049250313e-16,8.525714397305068e-17,0.0,0.0,[0.0],fail,1151.6278031884606,False,False,moment_closure,False,True,False,pass,True,True,True,True,pass,True,False,False,eligible_but_higher_objective_than_reported_selected,,main_radius_taper_margin_min_m,0.0,"{""ei_dominance_margin_min_nm2"":75465.25137441252,""ei_ratio_margin_min"":26.72766329785582,""equivalent_buckling_margin"":0.9141604962118122,""equivalent_failure_margin"":0.9404460905373689,""equivalent_tip_margin"":2.8123032894981677,""equivalent_twist_margin"":2.0069663954823995,""ground_clearance_margin_m"":0.0651858601219392,""jig_curvature_margin_per_m"":0.11088203986237469,""jig_prebend_margin_m"":3.0470961393882665,""loaded_shape_main_z_margin_m"":0.025,""loaded_shape_twist_margin_deg"":0.15,""main_hollow_margin_min_m"":0.01989864164602724,""main_radius_taper_margin_min_m"":0.0,""main_thickness_ratio_margin_min_m"":0.014318913316821794,""main_thickness_step_margin_min_m"":0.003,""radius_dominance_margin_min_m"":0.011698641646027238,""rear_hollow_margin_min_m"":0.0031000000000000016,""rear_inboard_ei_margin_min_nm2"":31937.065866435663,""rear_main_radius_ratio_margin_min_m"":0.011200000000000002,""rear_radius_taper_margin_min_m"":0.0,""rear_thickness_ratio_margin_min_m"":0.0009600000000000008,""rear_thickness_step_margin_min_m"":0.003}",0.0,0.0,0.0,0,0.0733695936640372,0.0,0.6666666666666666,2,0.03333333333333333,0.0,102.064874435856,"[102.064874435856,101.88154110252266,0.0,0.6666666666666666,0.9795028049362586]",analysis complete
2.0,target_main_tip_z_2p000m,89,baseline_or_coarse,coarse_grid,e5607bd3b404,"outboard_relaxed_mix|1.000000,1.000000,1.000000,0.000000,1.000000",outboard_relaxed_mix,Outboard relaxed two-family mix,1.0,1.0,1.0,0.0,1.0,1.14,0.8,1.12,0.0,1.0,"[69.8478,69.8478,69.8478,69.8478,62.96408,55.797283]","[53.8478,53.8478,53.8478,53.8478,46.96408,39.797283]","[8.0,8.0,8.0,8.0,8.0,8.0]","[22.4,22.4,22.4,22.4,22.4,22.4]","[6.4,6.4,6.4,6.4,6.4,6.4]","[8.0,8.0,8.0,8.0,8.0,8.0]",69.8478,53.8478,8.0,22.400000000000002,6.400000000000003,8.0,99.38154110252266,101.88154110252266,"[173802.772,173802.772,173802.772,173802.772,122523.36,81112.228]","[2823.489,2823.489,2823.489,2823.489,2823.489,2823.489]","[22669.927,22669.927,22669.927,22669.927,15981.308,10579.856]","[368.281,368.281,368.281,368.281,368.281,368.281]",83935.71703391518,176626.26065118363,10948.137004423717,23038.207911023954,-0.26229768469610837,0.0651858601219392,0.0651858601219392,0.9795028049362586,0.024669090288083062,0.0,0.0,0.0,0.0,2.220446049250313e-16,8.525714397305068e-17,0.0,0.0,[0.0],fail,1151.6278031884606,False,False,moment_closure,False,True,False,pass,True,True,True,True,pass,True,False,False,eligible_but_higher_objective_than_reported_selected,,main_radius_taper_margin_min_m,0.0,"{""ei_dominance_margin_min_nm2"":75465.25137441252,""ei_ratio_margin_min"":26.72766329785582,""equivalent_buckling_margin"":0.9141604919747338,""equivalent_failure_margin"":0.940446250906162,""equivalent_tip_margin"":2.8122976846961083,""equivalent_twist_margin"":1.9912364225052805,""ground_clearance_margin_m"":0.0651858601219392,""jig_curvature_margin_per_m"":0.11088203986237469,""jig_prebend_margin_m"":3.0470961393882665,""loaded_shape_main_z_margin_m"":0.025,""loaded_shape_twist_margin_deg"":0.15,""main_hollow_margin_min_m"":0.01989864164602724,""main_radius_taper_margin_min_m"":0.0,""main_thickness_ratio_margin_min_m"":0.014318913316821794,""main_thickness_step_margin_min_m"":0.003,""radius_dominance_margin_min_m"":0.011698641646027238,""rear_hollow_margin_min_m"":0.0031000000000000016,""rear_inboard_ei_margin_min_nm2"":31937.065866435663,""rear_main_radius_ratio_margin_min_m"":0.011200000000000002,""rear_radius_taper_margin_min_m"":0.0,""rear_thickness_ratio_margin_min_m"":0.0009600000000000008,""rear_thickness_step_margin_min_m"":0.003}",0.0,0.0,0.0,0,0.0733695936640372,0.0,0.6666666666666666,2,0.03333333333333333,0.0,102.064874435856,"[102.064874435856,101.88154110252266,0.0,0.6666666666666666,0.9795028049362586]",analysis complete
2.0,target_main_tip_z_2p000m,90,baseline_or_coarse,coarse_grid,af16a58c3b00,"baseline_uniform|1.000000,1.000000,1.000000,1.000000,0.000000",baseline_uniform,Uniform baseline rib family,1.0,1.0,1.0,1.0,0.0,1.14,0.8,1.12,1.0,0.0,"[69.8478,69.8478,69.8478,69.8478,62.96408,55.797283]","[68.2478,68.2478,68.2478,68.2478,61.36408,54.197283]","[0.8,0.8,0.8,0.8,0.8,0.8]","[22.4,22.4,22.4,22.4,22.4,22.4]","[20.8,20.8,20.8,20.8,14.8,14.8]","[0.8,0.8,0.8,0.8,3.8,3.8]",69.8478,68.2478,0.8,22.400000000000002,20.800000000000004,0.8,15.518634942853357,18.018634942853357,"[23789.512,23789.512,23789.512,23789.512,17360.737,12022.459]","[729.179,729.179,729.179,729.179,2300.748,2300.748]","[3102.98,3102.98,3102.98,3102.98,2264.444,1568.147]","[95.11,95.11,95.11,95.11,300.098,300.098]",14323.20691579209,24518.691668737236,1868.2443803207075,3198.0902176613786,1.1879160311433992,-0.012758786296519053,-0.012758786296519053,1.7967887074252265,0.0913182603269026,0.0,0.0,0.0,0.0,2.7755575615628914e-17,2.533725810203382e-18,2772.48580159213,2772.48580159213,[2772.486],fail,1712.3496022302859,False,False,moment_closure,False,True,False,pass,True,True,True,False,fail,False,False,False,ground_clearance; negative_margins:ground_clearance_margin_m=-0.0127587863,ground_clearance,ground_clearance_margin_m,-0.012758786296519053,"{""ei_dominance_margin_min_nm2"":7420.963047904704,""ei_ratio_margin_min"":3.225456760125784,""equivalent_buckling_margin"":0.8631960861049985,""equivalent_failure_margin"":0.6975440294065891,""equivalent_tip_margin"":1.3620839688566007,""equivalent_twist_margin"":1.8707593569061687,""ground_clearance_margin_m"":-0.012758786296519053,""jig_curvature_margin_per_m"":0.04423286982355515,""jig_prebend_margin_m"":2.229810236899299,""loaded_shape_main_z_margin_m"":0.025,""loaded_shape_twist_margin_deg"":0.15,""main_hollow_margin_min_m"":0.027098641646027242,""main_radius_taper_margin_min_m"":0.0,""main_thickness_ratio_margin_min_m"":0.021518913316821795,""main_thickness_step_margin_min_m"":0.003,""radius_dominance_margin_min_m"":0.011698641646027238,""rear_hollow_margin_min_m"":0.007300000000000002,""rear_inboard_ei_margin_min_nm2"":4028.723249110143,""rear_main_radius_ratio_margin_min_m"":0.011200000000000002,""rear_radius_taper_margin_min_m"":0.0,""rear_thickness_ratio_margin_min_m"":0.005160000000000001,""rear_thickness_step_margin_min_m"":0.0}",0.00016278662776024239,0.00016278662776024239,4.600721046146633,5,-0.011421769455900854,1.1501802615366583,1.0,3,0.05,0.0,19.218815204390015,"[19.218815204390015,18.018634942853357,4.600721046146633,1.0,1.7967887074252265]",analysis complete
2.0,target_main_tip_z_2p000m,91,baseline_or_coarse,coarse_grid,5aab903bd0ff,"inboard_reinforced_mix|1.000000,1.000000,1.000000,1.000000,0.000000",inboard_reinforced_mix,Inboard reinforced two-family mix,1.0,1.0,1.0,1.0,0.0,1.14,0.8,1.12,1.0,0.0,"[69.8478,69.8478,69.8478,69.8478,62.96408,55.797283]","[68.2478,68.2478,68.2478,68.2478,61.36408,54.197283]","[0.8,0.8,0.8,0.8,0.8,0.8]","[22.4,22.4,22.4,22.4,22.4,22.4]","[20.8,20.8,20.8,20.8,14.8,14.8]","[0.8,0.8,0.8,0.8,3.8,3.8]",69.8478,68.2478,0.8,22.400000000000002,20.800000000000004,0.8,15.518634942853357,18.018634942853357,"[23789.512,23789.512,23789.512,23789.512,17360.737,12022.459]","[729.179,729.179,729.179,729.179,2300.748,2300.748]","[3102.98,3102.98,3102.98,3102.98,2264.444,1568.147]","[95.11,95.11,95.11,95.11,300.098,300.098]",14323.20691579209,24518.691668737236,1868.2443803207075,3198.0902176613786,1.1878987265486882,-0.012758786296519053,-0.012758786296519053,1.7967887074252265,0.0913182603269026,0.0,0.0,0.0,0.0,2.7755575615628914e-17,2.533725810203382e-18,2772.48580159213,2772.48580159213,[2772.486],fail,1712.3496022302859,False,False,moment_closure,False,True,False,pass,True,True,True,False,fail,False,False,False,ground_clearance; negative_margins:ground_clearance_margin_m=-0.0127587863,ground_clearance,ground_clearance_margin_m,-0.012758786296519053,"{""ei_dominance_margin_min_nm2"":7420.963047904704,""ei_ratio_margin_min"":3.225456760125784,""equivalent_buckling_margin"":0.8631967144884782,""equivalent_failure_margin"":0.6975451990021959,""equivalent_tip_margin"":1.3621012734513116,""equivalent_twist_margin"":1.9057623905282808,""ground_clearance_margin_m"":-0.012758786296519053,""jig_curvature_margin_per_m"":0.04423286982355515,""jig_prebend_margin_m"":2.229810236899299,""loaded_shape_main_z_margin_m"":0.025,""loaded_shape_twist_margin_deg"":0.15,""main_hollow_margin_min_m"":0.027098641646027242,""main_radius_taper_margin_min_m"":0.0,""main_thickness_ratio_margin_min_m"":0.021518913316821795,""main_thickness_step_margin_min_m"":0.003,""radius_dominance_margin_min_m"":0.011698641646027238,""rear_hollow_margin_min_m"":0.007300000000000002,""rear_inboard_ei_margin_min_nm2"":4028.723249110143,""rear_main_radius_ratio_margin_min_m"":0.011200000000000002,""rear_radius_taper_margin_min_m"":0.0,""rear_thickness_ratio_margin_min_m"":0.005160000000000001,""rear_thickness_step_margin_min_m"":0.0}",0.00016278662776024239,0.00016278662776024239,4.600721046146633,5,-0.011421769455900854,1.1501802615366583,1.0,3,0.05,0.0,19.368815204390014,"[19.368815204390014,18.018634942853357,4.600721046146633,1.0,1.7967887074252265]",analysis complete
2.0,target_main_tip_z_2p000m,92,baseline_or_coarse,coarse_grid,f052732085ef,"outboard_relaxed_mix|1.000000,1.000000,1.000000,1.000000,0.000000",outboard_relaxed_mix,Outboard relaxed two-family mix,1.0,1.0,1.0,1.0,0.0,1.14,0.8,1.12,1.0,0.0,"[69.8478,69.8478,69.8478,69.8478,62.96408,55.797283]","[68.2478,68.2478,68.2478,68.2478,61.36408,54.197283]","[0.8,0.8,0.8,0.8,0.8,0.8]","[22.4,22.4,22.4,22.4,22.4,22.4]","[20.8,20.8,20.8,20.8,14.8,14.8]","[0.8,0.8,0.8,0.8,3.8,3.8]",69.8478,68.2478,0.8,22.400000000000002,20.800000000000004,0.8,15.518634942853357,18.018634942853357,"[23789.512,23789.512,23789.512,23789.512,17360.737,12022.459]","[729.179,729.179,729.179,729.179,2300.748,2300.748]","[3102.98,3102.98,3102.98,3102.98,2264.444,1568.147]","[95.11,95.11,95.11,95.11,300.098,300.098]",14323.20691579209,24518.691668737236,1868.2443803207075,3198.0902176613786,1.1879455851727176,-0.012758786296519053,-0.012758786296519053,1.7967887074252265,0.0913182603269026,0.0,0.0,0.0,0.0,2.7755575615628914e-17,2.533725810203382e-18,2772.48580159213,2772.48580159213,[2772.486],fail,1712.3496022302859,False,False,moment_closure,False,True,False,pass,True,True,True,False,fail,False,False,False,ground_clearance; negative_margins:ground_clearance_margin_m=-0.0127587863,ground_clearance,ground_clearance_margin_m,-0.012758786296519053,"{""ei_dominance_margin_min_nm2"":7420.963047904704,""ei_ratio_margin_min"":3.225456760125784,""equivalent_buckling_margin"":0.8631948767769257,""equivalent_failure_margin"":0.6975420173312571,""equivalent_tip_margin"":1.3620544148272822,""equivalent_twist_margin"":1.8105034684577235,""ground_clearance_margin_m"":-0.012758786296519053,""jig_curvature_margin_per_m"":0.04423286982355515,""jig_prebend_margin_m"":2.229810236899299,""loaded_shape_main_z_margin_m"":0.025,""loaded_shape_twist_margin_deg"":0.15,""main_hollow_margin_min_m"":0.027098641646027242,""main_radius_taper_margin_min_m"":0.0,""main_thickness_ratio_margin_min_m"":0.021518913316821795,""main_thickness_step_margin_min_m"":0.003,""radius_dominance_margin_min_m"":0.011698641646027238,""rear_hollow_margin_min_m"":0.007300000000000002,""rear_inboard_ei_margin_min_nm2"":4028.723249110143,""rear_main_radius_ratio_margin_min_m"":0.011200000000000002,""rear_radius_taper_margin_min_m"":0.0,""rear_thickness_ratio_margin_min_m"":0.005160000000000001,""rear_thickness_step_margin_min_m"":0.0}",0.00016278662776024239,0.00016278662776024239,4.600721046146633,5,-0.011421769455900854,1.1501802615366583,1.0,3,0.05,0.0,19.368815204390014,"[19.368815204390014,18.018634942853357,4.600721046146633,1.0,1.7967887074252265]",analysis complete
2.0,target_main_tip_z_2p000m,93,baseline_or_coarse,coarse_grid,8310eb223a8e,"baseline_uniform|1.000000,1.000000,1.000000,1.000000,1.000000",baseline_uniform,Uniform baseline rib family,1.0,1.0,1.0,1.0,1.0,1.14,0.8,1.12,1.0,1.0,"[69.8478,69.8478,69.8478,69.8478,62.96408,55.797283]","[53.8478,53.8478,53.8478,53.8478,46.96408,39.797283]","[8.0,8.0,8.0,8.0,8.0,8.0]","[22.4,22.4,22.4,22.4,22.4,22.4]","[6.4,6.4,6.4,6.4,0.4,0.4]","[8.0,8.0,8.0,8.0,11.0,11.0]",69.8478,53.8478,8.0,22.400000000000002,6.400000000000003,8.0,100.06773772040648,102.56773772040648,"[173802.772,173802.772,173802.772,173802.772,122523.36,81112.228]","[2823.489,2823.489,2823.489,2823.489,2842.43,2842.43]","[22669.927,22669.927,22669.927,22669.927,15981.308,10579.856]","[368.281,368.281,368.281,368.281,370.752,370.752]",83954.65838717406,176626.26065118363,10950.607615718354,23038.207911023954,-0.2731133875827444,0.0651858601168413,0.0651858601168413,1.0323213669034397,0.026674999050842807,0.0,0.0,0.0,0.0,2.220446049250313e-16,6.574273939781504e-17,0.0,0.0,[0.0],fail,1140.6468426831577,False,False,geometry_validity|moment_closure,False,True,False,fail,True,False,True,False,fail,False,False,False,geometry_validity; negative_margins:rear_thickness_ratio_margin_min_m=-0.00204,geometry_validity,rear_thickness_ratio_margin_min_m,-0.0020399999999999984,"{""ei_dominance_margin_min_nm2"":75427.36866789476,""ei_ratio_margin_min"":26.536228210011963,""equivalent_buckling_margin"":0.9141481313736769,""equivalent_failure_margin"":0.9392291611995979,""equivalent_tip_margin"":2.8231133875827443,""equivalent_twist_margin"":2.0007687711208075,""ground_clearance_margin_m"":0.0651858601168413,""jig_curvature_margin_per_m"":0.10887613109961494,""jig_prebend_margin_m"":2.9942775774210855,""loaded_shape_main_z_margin_m"":0.025,""loaded_shape_twist_margin_deg"":0.15,""main_hollow_margin_min_m"":0.01989864164602724,""main_radius_taper_margin_min_m"":0.0,""main_thickness_ratio_margin_min_m"":0.014318913316821794,""main_thickness_step_margin_min_m"":0.003,""radius_dominance_margin_min_m"":0.011698641646027238,""rear_hollow_margin_min_m"":0.00010000000000000225,""rear_inboard_ei_margin_min_nm2"":31937.065866435663,""rear_main_radius_ratio_margin_min_m"":0.011200000000000002,""rear_radius_taper_margin_min_m"":0.0,""rear_thickness_ratio_margin_min_m"":-0.0020399999999999984,""rear_thickness_step_margin_min_m"":8.673617379884035e-19}",4.161599999999993e-06,4.161599999999993e-06,0.0,0,0.07339674613250233,0.0,0.9999999999999977,3,0.049999999999999885,0.0,102.61773772040648,"[102.61773772040648,102.56773772040648,0.0,0.9999999999999977,1.0323213669034397]",analysis complete
2.0,target_main_tip_z_2p000m,94,baseline_or_coarse,coarse_grid,2b1898ec3151,"inboard_reinforced_mix|1.000000,1.000000,1.000000,1.000000,1.000000",inboard_reinforced_mix,Inboard reinforced two-family mix,1.0,1.0,1.0,1.0,1.0,1.14,0.8,1.12,1.0,1.0,"[69.8478,69.8478,69.8478,69.8478,62.96408,55.797283]","[53.8478,53.8478,53.8478,53.8478,46.96408,39.797283]","[8.0,8.0,8.0,8.0,8.0,8.0]","[22.4,22.4,22.4,22.4,22.4,22.4]","[6.4,6.4,6.4,6.4,0.4,0.4]","[8.0,8.0,8.0,8.0,11.0,11.0]",69.8478,53.8478,8.0,22.400000000000002,6.400000000000003,8.0,100.06773772040648,102.56773772040648,"[173802.772,173802.772,173802.772,173802.772,122523.36,81112.228]","[2823.489,2823.489,2823.489,2823.489,2842.43,2842.43]","[22669.927,22669.927,22669.927,22669.927,15981.308,10579.856]","[368.281,368.281,368.281,368.281,370.752,370.752]",83954.65838717406,176626.26065118363,10950.607615718354,23038.207911023954,-0.2731155008102737,0.0651858601168413,0.0651858601168413,1.0323213669034397,0.026674999050842807,0.0,0.0,0.0,0.0,2.220446049250313e-16,6.574273939781504e-17,0.0,0.0,[0.0],fail,1140.6468426831577,False,False,geometry_validity|moment_closure,False,True,False,fail,True,False,True,False,fail,False,False,False,geometry_validity; negative_margins:rear_thickness_ratio_margin_min_m=-0.00204,geometry_validity,rear_thickness_ratio_margin_min_m,-0.0020399999999999984,"{""ei_dominance_margin_min_nm2"":75427.36866789476,""ei_ratio_margin_min"":26.536228210011963,""equivalent_buckling_margin"":0.91414813249369,""equivalent_failure_margin"":0.9392290948044384,""equivalent_tip_margin"":2.8231155008102737,""equivalent_twist_margin"":2.006572136242524,""ground_clearance_margin_m"":0.0651858601168413,""jig_curvature_margin_per_m"":0.10887613109961494,""jig_prebend_margin_m"":2.9942775774210855,""loaded_shape_main_z_margin_m"":0.025,""loaded_shape_twist_margin_deg"":0.15,""main_hollow_margin_min_m"":0.01989864164602724,""main_radius_taper_margin_min_m"":0.0,""main_thickness_ratio_margin_min_m"":0.014318913316821794,""main_thickness_step_margin_min_m"":0.003,""radius_dominance_margin_min_m"":0.011698641646027238,""rear_hollow_margin_min_m"":0.00010000000000000225,""rear_inboard_ei_margin_min_nm2"":31937.065866435663,""rear_main_radius_ratio_margin_min_m"":0.011200000000000002,""rear_radius_taper_margin_min_m"":0.0,""rear_thickness_ratio_margin_min_m"":-0.0020399999999999984,""rear_thickness_step_margin_min_m"":8.673617379884035e-19}",4.161599999999993e-06,4.161599999999993e-06,0.0,0,0.07339674613250233,0.0,0.9999999999999977,3,0.049999999999999885,0.0,102.76773772040649,"[102.76773772040649,102.56773772040648,0.0,0.9999999999999977,1.0323213669034397]",analysis complete
2.0,target_main_tip_z_2p000m,95,baseline_or_coarse,coarse_grid,c012d8d34476,"outboard_relaxed_mix|1.000000,1.000000,1.000000,1.000000,1.000000",outboard_relaxed_mix,Outboard relaxed two-family mix,1.0,1.0,1.0,1.0,1.0,1.14,0.8,1.12,1.0,1.0,"[69.8478,69.8478,69.8478,69.8478,62.96408,55.797283]","[53.8478,53.8478,53.8478,53.8478,46.96408,39.797283]","[8.0,8.0,8.0,8.0,8.0,8.0]","[22.4,22.4,22.4,22.4,22.4,22.4]","[6.4,6.4,6.4,6.4,0.4,0.4]","[8.0,8.0,8.0,8.0,11.0,11.0]",69.8478,53.8478,8.0,22.400000000000002,6.400000000000003,8.0,100.06773772040648,102.56773772040648,"[173802.772,173802.772,173802.772,173802.772,122523.36,81112.228]","[2823.489,2823.489,2823.489,2823.489,2842.43,2842.43]","[22669.927,22669.927,22669.927,22669.927,15981.308,10579.856]","[368.281,368.281,368.281,368.281,370.752,370.752]",83954.65838717406,176626.26065118363,10950.607615718354,23038.207911023954,-0.27310977468455355,0.0651858601168413,0.0651858601168413,1.0323213669034397,0.026674999050842807,0.0,0.0,0.0,0.0,2.220446049250313e-16,6.574273939781504e-17,0.0,0.0,[0.0],fail,1140.6468426831577,False,False,geometry_validity|moment_closure,False,True,False,fail,True,False,True,False,fail,False,False,False,geometry_validity; negative_margins:rear_thickness_ratio_margin_min_m=-0.00204,geometry_validity,rear_thickness_ratio_margin_min_m,-0.0020399999999999984,"{""ei_dominance_margin_min_nm2"":75427.36866789476,""ei_ratio_margin_min"":26.536228210011963,""equivalent_buckling_margin"":0.9141481285157431,""equivalent_failure_margin"":0.9392292711115358,""equivalent_tip_margin"":2.8231097746845535,""equivalent_twist_margin"":1.9908468887154807,""ground_clearance_margin_m"":0.0651858601168413,""jig_curvature_margin_per_m"":0.10887613109961494,""jig_prebend_margin_m"":2.9942775774210855,""loaded_shape_main_z_margin_m"":0.025,""loaded_shape_twist_margin_deg"":0.15,""main_hollow_margin_min_m"":0.01989864164602724,""main_radius_taper_margin_min_m"":0.0,""main_thickness_ratio_margin_min_m"":0.014318913316821794,""main_thickness_step_margin_min_m"":0.003,""radius_dominance_margin_min_m"":0.011698641646027238,""rear_hollow_margin_min_m"":0.00010000000000000225,""rear_inboard_ei_margin_min_nm2"":31937.065866435663,""rear_main_radius_ratio_margin_min_m"":0.011200000000000002,""rear_radius_taper_margin_min_m"":0.0,""rear_thickness_ratio_margin_min_m"":-0.0020399999999999984,""rear_thickness_step_margin_min_m"":8.673617379884035e-19}",4.161599999999993e-06,4.161599999999993e-06,0.0,0,0.07339674613250233,0.0,0.9999999999999977,3,0.049999999999999885,0.0,102.76773772040649,"[102.76773772040649,102.56773772040648,0.0,0.9999999999999977,1.0323213669034397]",analysis complete
2.0,target_main_tip_z_2p000m,96,active_wall_probe,probe:main_plateau_scale:plus,c05f1c88bbb2,"baseline_uniform|0.030000,0.000000,0.000000,0.000000,1.000000",baseline_uniform,Uniform baseline rib family,0.03,0.0,0.0,0.0,1.0,1.0039385837876036,0.0,1.0,0.0,1.0,"[61.511317,61.511317,61.511317,61.511317,46.191317,30.241317]","[45.511317,45.511317,45.511317,45.511317,30.191317,14.241317]","[8.0,8.0,8.0,8.0,8.0,8.0]","[20.0,20.0,20.0,20.0,20.0,20.0]","[4.0,4.0,4.0,4.0,4.0,4.0]","[8.0,8.0,8.0,8.0,8.0,8.0]",61.511317028666475,45.511317028666475,8.0,20.0,4.0,8.0,77.34676547373384,79.84676547373384,"[113191.672,113191.672,113191.672,113191.672,42016.66,8978.388]","[1803.526,1803.526,1803.526,1803.526,1803.526,1803.526]","[14764.131,14764.131,14764.131,14764.131,5480.434,1171.094]","[235.242,235.242,235.242,235.242,235.242,235.242]",10781.913454154956,114995.19728335245,1406.3365374984724,14999.373558698146,-0.10426872632371965,0.0651858601168413,0.0651858601168413,0.12497609594546688,0.032189157463749785,0.0,0.0,0.0,0.0,5.551115123125783e-17,5.805495157760157e-18,239.88465202647592,239.88465202647592,[239.885],fail,1360.1781359519546,False,False,moment_closure,False,True,False,pass,True,True,True,True,pass,True,False,False,eligible_but_higher_objective_than_reported_selected,,rear_thickness_ratio_margin_min_m,0.0,"{""ei_dominance_margin_min_nm2"":5371.336922436471,""ei_ratio_margin_min"":2.978242831026243,""equivalent_buckling_margin"":0.9144426287972791,""equivalent_failure_margin"":0.9530518315211358,""equivalent_tip_margin"":2.6542687263237195,""equivalent_twist_margin"":2.0003734051602944,""ground_clearance_margin_m"":0.0651858601168413,""jig_curvature_margin_per_m"":0.10336197268670796,""jig_prebend_margin_m"":3.9016228483790583,""loaded_shape_main_z_margin_m"":0.025,""loaded_shape_twist_margin_deg"":0.15,""main_hollow_margin_min_m"":0.007120658514333234,""main_radius_taper_margin_min_m"":0.0,""main_thickness_ratio_margin_min_m"":0.004096526811466588,""main_thickness_step_margin_min_m"":0.003,""radius_dominance_margin_min_m"":0.00012065851433323404,""rear_hollow_margin_min_m"":0.0019,""rear_inboard_ei_margin_min_nm2"":20834.808843983097,""rear_main_radius_ratio_margin_min_m"":0.01,""rear_radius_taper_margin_min_m"":0.0,""rear_thickness_ratio_margin_min_m"":0.0,""rear_thickness_step_margin_min_m"":0.003}",0.0,0.0,0.0,0,0.07245810520794813,0.0,0.6666666666666666,2,0.03333333333333333,0.0,79.88009880706717,"[79.88009880706717,79.84676547373384,0.0,0.6666666666666666,0.12497609594546688]",analysis complete
2.0,target_main_tip_z_2p000m,97,active_wall_probe,probe:main_taper_fill:plus,00eb13ca8764,"baseline_uniform|0.000000,0.030000,0.000000,0.000000,1.000000",baseline_uniform,Uniform baseline rib family,0.0,0.03,0.0,0.0,1.0,1.0,0.024,1.0,0.0,1.0,"[61.27,61.27,61.27,61.27,46.313303,30.741546]","[45.27,45.27,45.27,45.27,30.313303,14.741546]","[8.0,8.0,8.0,8.0,8.0,8.0]","[20.0,20.0,20.0,20.0,20.0,20.0]","[4.0,4.0,4.0,4.0,4.0,4.0]","[8.0,8.0,8.0,8.0,8.0,8.0]",61.27,45.27,8.0,20.0,4.0,8.0,77.3241945938263,79.8241945938263,"[111689.373,111689.373,111689.373,111689.373,42409.224,9550.075]","[1803.526,1803.526,1803.526,1803.526,1803.526,1803.526]","[14568.179,14568.179,14568.179,14568.179,5531.638,1245.662]","[235.242,235.242,235.242,235.242,235.242,235.242]",11353.60064771292,113492.89842424521,1480.9044323103806,14803.421533597202,-0.10978800884371653,0.0651858601168413,0.0651858601168413,0.13362325443918177,0.0321890999574137,0.0,0.0,4.3520742565306136e-14,1.6751141623607937e-13,2.220446049250313e-16,2.123649206697466e-17,228.89076569044795,228.89076569044795,[228.891],fail,1363.8198825410566,False,False,moment_closure,False,True,False,pass,True,True,True,True,pass,True,False,False,eligible_but_higher_objective_than_reported_selected,,rear_thickness_ratio_margin_min_m,0.0,"{""ei_dominance_margin_min_nm2"":5943.024115994434,""ei_ratio_margin_min"":3.2952259788700387,""equivalent_buckling_margin"":0.9144362597482268,""equivalent_failure_margin"":0.952885858068617,""equivalent_tip_margin"":2.6597880088437162,""equivalent_twist_margin"":2.0001928340715702,""ground_clearance_margin_m"":0.0651858601168413,""jig_curvature_margin_per_m"":0.10336203019304405,""jig_prebend_margin_m"":3.8929756898853434,""loaded_shape_main_z_margin_m"":0.025,""loaded_shape_twist_margin_deg"":0.14999999999995647,""main_hollow_margin_min_m"":0.0073707729279350875,""main_radius_taper_margin_min_m"":0.0,""main_thickness_ratio_margin_min_m"":0.00429661834234807,""main_thickness_step_margin_min_m"":0.003,""radius_dominance_margin_min_m"":0.0003707729279350874,""rear_hollow_margin_min_m"":0.0019,""rear_inboard_ei_margin_min_nm2"":20534.34907216165,""rear_main_radius_ratio_margin_min_m"":0.01,""rear_radius_taper_margin_min_m"":0.0,""rear_thickness_ratio_margin_min_m"":0.0,""rear_thickness_step_margin_min_m"":0.003}",0.0,0.0,0.0,0,0.07244785448026263,0.0,0.6666666666666666,2,0.03333333333333333,8.375570811803969e-15,79.85752792715965,"[79.85752792715965,79.8241945938263,0.0,0.6666666666666666,0.13362325443918177]",analysis complete
2.0,target_main_tip_z_2p000m,98,active_wall_probe,probe:rear_radius_scale:plus,e01c5cb98a58,"baseline_uniform|0.000000,0.000000,0.030000,0.000000,1.000000",baseline_uniform,Uniform baseline rib family,0.0,0.0,0.03,0.0,1.0,1.0,0.0,1.0034056466405528,0.0,1.0,"[61.27,61.27,61.27,61.27,45.95,30.0]","[45.27,45.27,45.27,45.27,29.95,14.0]","[8.0,8.0,8.0,8.0,8.0,8.0]","[20.068113,20.068113,20.068113,20.068113,20.068113,20.068113]","[4.068113,4.068113,4.068113,4.068113,4.068113,4.068113]","[8.0,8.0,8.0,8.0,8.0,8.0]",61.27,45.27,8.0,20.068112932811058,4.068112932811056,8.0,77.10764281995723,79.60764281995723,"[111689.373,111689.373,111689.373,111689.373,41247.326,8711.259]","[1828.058,1828.058,1828.058,1828.058,1828.058,1828.058]","[14568.179,14568.179,14568.179,14568.179,5380.086,1136.251]","[238.442,238.442,238.442,238.442,238.442,238.442]",10539.317048152616,113517.43052453894,1374.6935280199064,14806.621372765949,-0.10311259201214835,0.0651858601168413,0.0651858601168413,0.11990447456387354,0.03193737877420055,0.0,0.0,0.0,0.0,2.220446049250313e-16,2.237726045655905e-17,251.75537750653928,251.75537750653928,[251.755],fail,1366.4310011098016,False,False,geometry_validity|moment_closure,False,True,False,fail,True,False,True,False,fail,False,False,False,geometry_validity; negative_margins:radius_dominance_margin_min_m=-3.40564664e-05,geometry_validity,radius_dominance_margin_min_m,-3.405646640552897e-05,"{""ei_dominance_margin_min_nm2"":5055.14421555296,""ei_ratio_margin_min"":2.7653090282842214,""equivalent_buckling_margin"":0.9144444776573564,""equivalent_failure_margin"":0.9530619597564878,""equivalent_tip_margin"":2.6531125920121483,""equivalent_twist_margin"":2.000486300625362,""ground_clearance_margin_m"":0.0651858601168413,""jig_curvature_margin_per_m"":0.1036137513762572,""jig_prebend_margin_m"":3.9066944697606516,""loaded_shape_main_z_margin_m"":0.025,""loaded_shape_twist_margin_deg"":0.15,""main_hollow_margin_min_m"":0.006999999999999999,""main_radius_taper_margin_min_m"":0.0,""main_thickness_ratio_margin_min_m"":0.004,""main_thickness_step_margin_min_m"":0.003,""radius_dominance_margin_min_m"":-3.405646640552897e-05,""rear_hollow_margin_min_m"":0.001934056466405528,""rear_inboard_ei_margin_min_nm2"":20509.816971867927,""rear_main_radius_ratio_margin_min_m"":0.010034056466405528,""rear_radius_taper_margin_min_m"":0.0,""rear_thickness_ratio_margin_min_m"":2.7245173124423178e-05,""rear_thickness_step_margin_min_m"":0.003}",1.1598429040309234e-09,1.1598429040309234e-09,0.0,0,0.0724526121144633,0.0,0.6666666666666666,2,0.03333333333333333,0.0,79.64097615329057,"[79.64097615329057,79.60764281995723,0.0,0.6666666666666666,0.11990447456387354]",analysis complete
2.0,target_main_tip_z_2p000m,99,active_wall_probe,probe:rear_outboard_fraction:plus,ef401b554aff,"baseline_uniform|0.000000,0.000000,0.000000,0.030000,1.000000",baseline_uniform,Uniform baseline rib family,0.0,0.0,0.0,0.03,1.0,1.0,0.0,1.0,0.03,1.0,"[61.27,61.27,61.27,61.27,45.95,30.0]","[45.27,45.27,45.27,45.27,29.95,14.0]","[8.0,8.0,8.0,8.0,8.0,8.0]","[20.0,20.0,20.0,20.0,20.0,20.0]","[4.0,4.0,4.0,4.0,3.82,3.82]","[8.0,8.0,8.0,8.0,8.09,8.09]",61.27,45.27,8.0,20.0,4.0,8.0,77.03728103691051,79.53728103691051,"[111689.373,111689.373,111689.373,111689.373,41247.326,8711.259]","[1803.526,1803.526,1803.526,1803.526,1804.012,1804.012]","[14568.179,14568.179,14568.179,14568.179,5380.086,1136.251]","[235.242,235.242,235.242,235.242,235.306,235.306]",10515.271120529433,113492.89842424521,1371.5571026777518,14803.421533597202,-0.10279998505870713,0.0651858601168413,0.0651858601168413,0.12040805283101452,0.032298457682594095,0.0,0.0,4.39648317751562e-14,1.6922071640175364e-13,2.220446049250313e-16,2.485764517858114e-17,254.2032564333001,254.2032564333001,[254.203],fail,1365.3442673544096,False,False,geometry_validity|moment_closure,False,True,False,fail,True,False,True,False,fail,False,False,False,geometry_validity; negative_margins:rear_thickness_ratio_margin_min_m=-9e-05,geometry_validity,rear_thickness_ratio_margin_min_m,-8.99999999999998e-05,"{""ei_dominance_margin_min_nm2"":5103.236070799328,""ei_ratio_margin_min"":2.8288265082764896,""equivalent_buckling_margin"":0.9144450644050937,""equivalent_failure_margin"":0.953067241495335,""equivalent_tip_margin"":2.652799985058707,""equivalent_twist_margin"":2.0003699778819515,""ground_clearance_margin_m"":0.0651858601168413,""jig_curvature_margin_per_m"":0.10325267246786365,""jig_prebend_margin_m"":3.9061908914935106,""loaded_shape_main_z_margin_m"":0.025,""loaded_shape_twist_margin_deg"":0.14999999999995603,""main_hollow_margin_min_m"":0.006999999999999999,""main_radius_taper_margin_min_m"":0.0,""main_thickness_ratio_margin_min_m"":0.004,""main_thickness_step_margin_min_m"":0.003,""radius_dominance_margin_min_m"":-8.673617379884035e-19,""rear_hollow_margin_min_m"":0.0018100000000000002,""rear_inboard_ei_margin_min_nm2"":20534.34907216165,""rear_main_radius_ratio_margin_min_m"":0.01,""rear_radius_taper_margin_min_m"":0.0,""rear_thickness_ratio_margin_min_m"":-8.99999999999998e-05,""rear_thickness_step_margin_min_m"":0.0029100000000000003}",8.099999999999965e-09,8.099999999999965e-09,0.0,0,0.07244734115626791,0.0,0.6666666666666666,2,0.03333333333333333,8.461035820087683e-15,79.57061437024386,"[79.57061437024386,79.53728103691051,0.0,0.6666666666666666,0.12040805283101452]",analysis complete
2.0,target_main_tip_z_2p000m,100,active_wall_probe,probe:wall_thickness_fraction:minus,9a347a87d908,"baseline_uniform|0.000000,0.000000,0.000000,0.000000,0.970000",baseline_uniform,Uniform baseline rib family,0.0,0.0,0.0,0.0,0.97,1.0,0.0,1.0,0.0,0.97,"[61.27,61.27,61.27,61.27,45.95,30.0]","[45.702,45.702,45.702,45.702,30.382,14.432]","[7.784,7.784,7.784,7.784,7.784,7.784]","[20.0,20.0,20.0,20.0,20.0,20.0]","[4.432,4.432,4.432,4.432,4.432,4.432]","[7.784,7.784,7.784,7.784,7.784,7.784]",61.27,45.702000000000005,7.784,20.0,4.432,7.784,75.51454865068477,78.01454865068477,"[109853.323,109853.323,109853.323,109853.323,40711.755,8655.197]","[1802.06,1802.06,1802.06,1802.06,1802.06,1802.06]","[14328.694,14328.694,14328.694,14328.694,5310.229,1128.939]","[235.051,235.051,235.051,235.051,235.051,235.051]",10457.256429532838,111655.38258614921,1363.9899690695006,14563.745554715113,-0.09318770285330753,0.0651858601168413,0.0651858601168413,0.09700242071536413,0.03190971844508195,2.220446049250313e-16,1.2819751242557092e-16,0.0,5.127900497022837e-15,2.220446049250313e-16,3.6891604655173874e-17,313.06325684137505,313.06325684137505,[313.063],fail,1374.289765646017,False,False,moment_closure,False,True,False,pass,True,True,True,True,pass,True,False,True,eligible_but_higher_objective_than_reported_selected,,radius_dominance_margin_min_m,-8.673617379884035e-19,"{""ei_dominance_margin_min_nm2"":5051.0773690089,""ei_ratio_margin_min"":2.8029467646893167,""equivalent_buckling_margin"":0.9144499374279756,""equivalent_failure_margin"":0.9534633306428381,""equivalent_tip_margin"":2.6431877028533073,""equivalent_twist_margin"":2.000359622167248,""ground_clearance_margin_m"":0.0651858601168413,""jig_curvature_margin_per_m"":0.1036414117053758,""jig_prebend_margin_m"":3.929596523609161,""loaded_shape_main_z_margin_m"":0.02499999999999978,""loaded_shape_twist_margin_deg"":0.15,""main_hollow_margin_min_m"":0.007215999999999999,""main_radius_taper_margin_min_m"":0.0,""main_thickness_ratio_margin_min_m"":0.004216,""main_thickness_step_margin_min_m"":0.003,""radius_dominance_margin_min_m"":-8.673617379884035e-19,""rear_hollow_margin_min_m"":0.0021160000000000003,""rear_inboard_ei_margin_min_nm2"":20168.604893020267,""rear_main_radius_ratio_margin_min_m"":0.01,""rear_radius_taper_margin_min_m"":0.0,""rear_thickness_ratio_margin_min_m"":0.00021600000000000005,""rear_thickness_step_margin_min_m"":0.003}",7.52316384526264e-37,7.52316384526264e-37,0.0,0,0.07242415644708608,0.0,0.6666666666666666,2,0.03333333333333333,2.5639502485114184e-16,78.0478819840181,"[78.0478819840181,78.01454865068477,0.0,0.6666666666666666,0.09700242071536413]",analysis complete
