target_main_tip_z_m,case_label,sequence_index,source_stage,source,recipe_id,recipe_signature,rib_design_key,rib_design_label,z_main_plateau_scale,z_main_taper_fill,z_rear_radius_scale,z_rear_outboard_fraction,z_wall_thickness_fraction,main_plateau_scale,main_taper_fill,rear_radius_scale,rear_outboard_fraction,wall_thickness_fraction,main_tube_od_mm,main_tube_id_mm,main_tube_wall_mm,rear_tube_od_mm,rear_tube_id_mm,rear_tube_wall_mm,main_root_od_mm,main_root_id_mm,main_root_wall_mm,rear_root_od_mm,rear_root_id_mm,rear_root_wall_mm,tube_mass_kg,total_structural_mass_kg,main_ei_nm2,rear_ei_nm2,main_gj_nm2,rear_gj_nm2,ei_min_nm2,ei_root_nm2,gj_min_nm2,gj_root_nm2,equivalent_tip_deflection_m,jig_ground_clearance_min_m,jig_ground_clearance_margin_m,max_jig_vertical_prebend_m,max_jig_vertical_curvature_per_m,loaded_shape_main_z_error_max_m,loaded_shape_main_z_error_rms_m,loaded_shape_twist_error_max_deg,loaded_shape_normalized_error,target_shape_error_max_m,target_shape_error_rms_m,wire_tension_max_n,wire_tension_min_n,wire_tension_values_n,moment_closure_status,moment_closure_residual_nm,moment_closure_passed,production_overall_hard_feasible,production_hard_failures,production_numerical_consistency_passed,production_wire_support_validity_passed,eligible_if_production_hard_failures_counted,geometry_validity_status,analysis_succeeded,safety_passed,manufacturing_passed,overall_feasible,pass_fail,eligible_for_reported_selection,is_reported_selected,is_best_after_active_wall_probes,exact_reject_reason,failures,dominant_constraint,dominant_constraint_margin,hard_margins_json,hard_violation_score,target_violation_score,clearance_risk_score,clearance_hotspot_count,clearance_hotspot_mean_m,clearance_penalty_kg,active_wall_risk_score,active_wall_tight_count,active_wall_penalty_kg,loaded_shape_penalty_kg,score_objective_value_kg,selection_key_json,message
2.025,target_main_tip_z_2p025m,0,baseline_or_coarse,baseline,23948fb7bf67,"baseline_uniform|0.000000,0.000000,0.000000,0.000000,0.000000",baseline_uniform,Uniform baseline rib family,0.0,0.0,0.0,0.0,0.0,1.0,0.0,1.0,0.0,0.0,"[61.27,61.27,61.27,61.27,45.95,30.0]","[59.67,59.67,59.67,59.67,44.35,28.4]","[0.8,0.8,0.8,0.8,0.8,0.8]","[20.0,20.0,20.0,20.0,20.0,20.0]","[18.4,18.4,18.4,18.4,18.4,18.4]","[0.8,0.8,0.8,0.8,0.8,0.8]",61.27,59.67000000000001,0.8,20.0,18.4,0.8,9.68940044080386,12.18940044080386,"[15979.884,15979.884,15979.884,15979.884,6652.537,1800.33]","[512.312,512.312,512.312,512.312,512.312,512.312]","[2084.333,2084.333,2084.333,2084.333,867.722,234.826]","[66.823,66.823,66.823,66.823,66.823,66.823]",2312.6422645099947,16492.196152832916,301.64899102304275,2151.156019934728,2.9093759852802408,-1.6469764170632177,-1.6469764170632177,3.6605444948404773,0.12322830013677977,0.0,0.0,0.0,0.0,1.7763568394002505e-15,1.6217824537788153e-16,3260.2739339276477,3260.2739339276477,[3260.274],fail,1823.962860713726,False,False,moment_closure,False,True,False,pass,True,True,True,False,fail,False,False,False,ground_clearance; negative_margins:equivalent_tip_margin=-0.359375985|ground_clearance_margin_m=-1.64697642,ground_clearance,ground_clearance_margin_m,-1.6469764170632177,"{""ei_dominance_margin_min_nm2"":775.7055709461465,""ei_ratio_margin_min"":1.5141265886770667,""equivalent_buckling_margin"":0.8112896127797583,""equivalent_failure_margin"":0.4761176682798001,""equivalent_tip_margin"":-0.35937598528024095,""equivalent_twist_margin"":1.8545274152149012,""ground_clearance_margin_m"":-1.6469764170632177,""jig_curvature_margin_per_m"":0.012322830013677982,""jig_prebend_margin_m"":0.36605444948404786,""loaded_shape_main_z_margin_m"":0.025,""loaded_shape_twist_margin_deg"":0.15,""main_hollow_margin_min_m"":0.014199999999999999,""main_radius_taper_margin_min_m"":0.0,""main_thickness_ratio_margin_min_m"":0.0112,""main_thickness_step_margin_min_m"":0.003,""radius_dominance_margin_min_m"":-8.673617379884035e-19,""rear_hollow_margin_min_m"":0.0091,""rear_inboard_ei_margin_min_nm2"":2683.664553141044,""rear_main_radius_ratio_margin_min_m"":0.01,""rear_radius_taper_margin_min_m"":0.0,""rear_thickness_ratio_margin_min_m"":0.0072,""rear_thickness_step_margin_min_m"":0.003}",2.841682417158538,2.841682417158538,24996.27816890161,5,-1.570056224058976,6249.069542225402,0.6666666666666666,2,0.03333333333333333,0.0,6261.29227599954,"[6261.29227599954,12.18940044080386,24996.27816890161,0.6666666666666666,3.6605444948404773]",analysis complete
2.025,target_main_tip_z_2p025m,1,baseline_or_coarse,coarse_grid,1a57ea037849,"inboard_reinforced_mix|0.000000,0.000000,0.000000,0.000000,0.000000",inboard_reinforced_mix,Inboard reinforced two-family mix,0.0,0.0,0.0,0.0,0.0,1.0,0.0,1.0,0.0,0.0,"[61.27,61.27,61.27,61.27,45.95,30.0]","[59.67,59.67,59.67,59.67,44.35,28.4]","[0.8,0.8,0.8,0.8,0.8,0.8]","[20.0,20.0,20.0,20.0,20.0,20.0]","[18.4,18.4,18.4,18.4,18.4,18.4]","[0.8,0.8,0.8,0.8,0.8,0.8]",61.27,59.67000000000001,0.8,20.0,18.4,0.8,9.68940044080386,12.18940044080386,"[15979.884,15979.884,15979.884,15979.884,6652.537,1800.33]","[512.312,512.312,512.312,512.312,512.312,512.312]","[2084.333,2084.333,2084.333,2084.333,867.722,234.826]","[66.823,66.823,66.823,66.823,66.823,66.823]",2312.6422645099947,16492.196152832916,301.64899102304275,2151.156019934728,2.909358242231116,-1.6469764170632177,-1.6469764170632177,3.6605444948404773,0.12322830013677977,0.0,0.0,0.0,0.0,1.7763568394002505e-15,1.6217824537788153e-16,3260.2739339276477,3260.2739339276477,[3260.274],fail,1823.962860713726,False,False,moment_closure,False,True,False,pass,True,True,True,False,fail,False,False,False,ground_clearance; negative_margins:equivalent_tip_margin=-0.359358242|ground_clearance_margin_m=-1.64697642,ground_clearance,ground_clearance_margin_m,-1.6469764170632177,"{""ei_dominance_margin_min_nm2"":775.7055709461465,""ei_ratio_margin_min"":1.5141265886770667,""equivalent_buckling_margin"":0.8112899022942633,""equivalent_failure_margin"":0.4761183406923705,""equivalent_tip_margin"":-0.35935824223111634,""equivalent_twist_margin"":1.8937731899758166,""ground_clearance_margin_m"":-1.6469764170632177,""jig_curvature_margin_per_m"":0.012322830013677982,""jig_prebend_margin_m"":0.36605444948404786,""loaded_shape_main_z_margin_m"":0.025,""loaded_shape_twist_margin_deg"":0.15,""main_hollow_margin_min_m"":0.014199999999999999,""main_radius_taper_margin_min_m"":0.0,""main_thickness_ratio_margin_min_m"":0.0112,""main_thickness_step_margin_min_m"":0.003,""radius_dominance_margin_min_m"":-8.673617379884035e-19,""rear_hollow_margin_min_m"":0.0091,""rear_inboard_ei_margin_min_nm2"":2683.664553141044,""rear_main_radius_ratio_margin_min_m"":0.01,""rear_radius_taper_margin_min_m"":0.0,""rear_thickness_ratio_margin_min_m"":0.0072,""rear_thickness_step_margin_min_m"":0.003}",2.841669664621832,2.841669664621832,24996.27816890161,5,-1.570056224058976,6249.069542225402,0.6666666666666666,2,0.03333333333333333,0.0,6261.44227599954,"[6261.44227599954,12.18940044080386,24996.27816890161,0.6666666666666666,3.6605444948404773]",analysis complete
2.025,target_main_tip_z_2p025m,2,baseline_or_coarse,coarse_grid,a4976b526056,"outboard_relaxed_mix|0.000000,0.000000,0.000000,0.000000,0.000000",outboard_relaxed_mix,Outboard relaxed two-family mix,0.0,0.0,0.0,0.0,0.0,1.0,0.0,1.0,0.0,0.0,"[61.27,61.27,61.27,61.27,45.95,30.0]","[59.67,59.67,59.67,59.67,44.35,28.4]","[0.8,0.8,0.8,0.8,0.8,0.8]","[20.0,20.0,20.0,20.0,20.0,20.0]","[18.4,18.4,18.4,18.4,18.4,18.4]","[0.8,0.8,0.8,0.8,0.8,0.8]",61.27,59.67000000000001,0.8,20.0,18.4,0.8,9.68940044080386,12.18940044080386,"[15979.884,15979.884,15979.884,15979.884,6652.537,1800.33]","[512.312,512.312,512.312,512.312,512.312,512.312]","[2084.333,2084.333,2084.333,2084.333,867.722,234.826]","[66.823,66.823,66.823,66.823,66.823,66.823]",2312.6422645099947,16492.196152832916,301.64899102304275,2151.156019934728,2.9094063434395436,-1.6469764170632177,-1.6469764170632177,3.6605444948404773,0.12322830013677977,0.0,0.0,0.0,0.0,1.7763568394002505e-15,1.6217824537788153e-16,3260.2739339276477,3260.2739339276477,[3260.274],fail,1823.962860713726,False,False,moment_closure,False,True,False,pass,True,True,True,False,fail,False,False,False,ground_clearance; negative_margins:equivalent_tip_margin=-0.359406343|ground_clearance_margin_m=-1.64697642,ground_clearance,ground_clearance_margin_m,-1.6469764170632177,"{""ei_dominance_margin_min_nm2"":775.7055709461465,""ei_ratio_margin_min"":1.5141265886770667,""equivalent_buckling_margin"":0.8112890743108951,""equivalent_failure_margin"":0.4761165101712446,""equivalent_tip_margin"":-0.3594063434395438,""equivalent_twist_margin"":1.7858501046078965,""ground_clearance_margin_m"":-1.6469764170632177,""jig_curvature_margin_per_m"":0.012322830013677982,""jig_prebend_margin_m"":0.36605444948404786,""loaded_shape_main_z_margin_m"":0.025,""loaded_shape_twist_margin_deg"":0.15,""main_hollow_margin_min_m"":0.014199999999999999,""main_radius_taper_margin_min_m"":0.0,""main_thickness_ratio_margin_min_m"":0.0112,""main_thickness_step_margin_min_m"":0.003,""radius_dominance_margin_min_m"":-8.673617379884035e-19,""rear_hollow_margin_min_m"":0.0091,""rear_inboard_ei_margin_min_nm2"":2683.664553141044,""rear_main_radius_ratio_margin_min_m"":0.01,""rear_radius_taper_margin_min_m"":0.0,""rear_thickness_ratio_margin_min_m"":0.0072,""rear_thickness_step_margin_min_m"":0.003}",2.8417042380669773,2.8417042380669773,24996.27816890161,5,-1.570056224058976,6249.069542225402,0.6666666666666666,2,0.03333333333333333,0.0,6261.44227599954,"[6261.44227599954,12.18940044080386,24996.27816890161,0.6666666666666666,3.6605444948404773]",analysis complete
2.025,target_main_tip_z_2p025m,3,baseline_or_coarse,coarse_grid,98560dca0ec4,"baseline_uniform|0.000000,0.000000,0.000000,0.000000,1.000000",baseline_uniform,Uniform baseline rib family,0.0,0.0,0.0,0.0,1.0,1.0,0.0,1.0,0.0,1.0,"[61.27,61.27,61.27,61.27,45.95,30.0]","[45.27,45.27,45.27,45.27,29.95,14.0]","[8.0,8.0,8.0,8.0,8.0,8.0]","[20.0,20.0,20.0,20.0,20.0,20.0]","[4.0,4.0,4.0,4.0,4.0,4.0]","[8.0,8.0,8.0,8.0,8.0,8.0]",61.27,45.27,8.0,20.0,4.0,8.0,77.01360725359352,79.51360725359352,"[111689.373,111689.373,111689.373,111689.373,41247.326,8711.259]","[1803.526,1803.526,1803.526,1803.526,1803.526,1803.526]","[14568.179,14568.179,14568.179,14568.179,5380.086,1136.251]","[235.242,235.242,235.242,235.242,235.242,235.242]",10514.784947858892,113492.89842424521,1371.4936888511597,14803.421533597202,-0.1020850822386167,0.0651858601168413,0.0651858601168413,0.11885153327799136,0.03218914970120035,0.0,0.0,0.0,0.0,2.220446049250313e-16,3.1646225226420967e-17,256.1675026408399,256.1675026408399,[256.168],fail,1365.735662229106,False,False,moment_closure,False,True,False,pass,True,True,True,True,pass,True,False,False,eligible_but_higher_objective_than_reported_selected,,radius_dominance_margin_min_m,-8.673617379884035e-19,"{""ei_dominance_margin_min_nm2"":5104.208416140407,""ei_ratio_margin_min"":2.8301282051282044,""equivalent_buckling_margin"":0.9144456101805281,""equivalent_failure_margin"":0.9531038100186565,""equivalent_tip_margin"":2.6520850822386164,""equivalent_twist_margin"":2.0003969715599164,""ground_clearance_margin_m"":0.0651858601168413,""jig_curvature_margin_per_m"":0.1033619804492574,""jig_prebend_margin_m"":3.907747411046534,""loaded_shape_main_z_margin_m"":0.025,""loaded_shape_twist_margin_deg"":0.15,""main_hollow_margin_min_m"":0.006999999999999999,""main_radius_taper_margin_min_m"":0.0,""main_thickness_ratio_margin_min_m"":0.004,""main_thickness_step_margin_min_m"":0.003,""radius_dominance_margin_min_m"":-8.673617379884035e-19,""rear_hollow_margin_min_m"":0.0019,""rear_inboard_ei_margin_min_nm2"":20534.34907216165,""rear_main_radius_ratio_margin_min_m"":0.01,""rear_radius_taper_margin_min_m"":0.0,""rear_thickness_ratio_margin_min_m"":0.0,""rear_thickness_step_margin_min_m"":0.003}",7.52316384526264e-37,7.52316384526264e-37,0.0,0,0.0724714455820354,0.0,0.6666666666666666,2,0.03333333333333333,0.0,79.54694058692685,"[79.54694058692685,79.51360725359352,0.0,0.6666666666666666,0.11885153327799136]",analysis complete
2.025,target_main_tip_z_2p025m,4,baseline_or_coarse,coarse_grid,450a6333e8c1,"inboard_reinforced_mix|0.000000,0.000000,0.000000,0.000000,1.000000",inboard_reinforced_mix,Inboard reinforced two-family mix,0.0,0.0,0.0,0.0,1.0,1.0,0.0,1.0,0.0,1.0,"[61.27,61.27,61.27,61.27,45.95,30.0]","[45.27,45.27,45.27,45.27,29.95,14.0]","[8.0,8.0,8.0,8.0,8.0,8.0]","[20.0,20.0,20.0,20.0,20.0,20.0]","[4.0,4.0,4.0,4.0,4.0,4.0]","[8.0,8.0,8.0,8.0,8.0,8.0]",61.27,45.27,8.0,20.0,4.0,8.0,77.01360725359352,79.51360725359352,"[111689.373,111689.373,111689.373,111689.373,41247.326,8711.259]","[1803.526,1803.526,1803.526,1803.526,1803.526,1803.526]","[14568.179,14568.179,14568.179,14568.179,5380.086,1136.251]","[235.242,235.242,235.242,235.242,235.242,235.242]",10514.784947858892,113492.89842424521,1371.4936888511597,14803.421533597202,-0.10208821181505184,0.0651858601168413,0.0651858601168413,0.11885153327799136,0.03218914970120035,0.0,0.0,0.0,0.0,2.220446049250313e-16,3.1646225226420967e-17,256.1675026408399,256.1675026408399,[256.168],fail,1365.735662229106,False,False,moment_closure,False,True,False,pass,True,True,True,True,pass,True,False,False,eligible_but_higher_objective_than_reported_selected,,radius_dominance_margin_min_m,-8.673617379884035e-19,"{""ei_dominance_margin_min_nm2"":5104.208416140407,""ei_ratio_margin_min"":2.8301282051282044,""equivalent_buckling_margin"":0.9144456120392823,""equivalent_failure_margin"":0.9531036947475826,""equivalent_tip_margin"":2.6520882118150517,""equivalent_twist_margin"":2.007295398643756,""ground_clearance_margin_m"":0.0651858601168413,""jig_curvature_margin_per_m"":0.1033619804492574,""jig_prebend_margin_m"":3.907747411046534,""loaded_shape_main_z_margin_m"":0.025,""loaded_shape_twist_margin_deg"":0.15,""main_hollow_margin_min_m"":0.006999999999999999,""main_radius_taper_margin_min_m"":0.0,""main_thickness_ratio_margin_min_m"":0.004,""main_thickness_step_margin_min_m"":0.003,""radius_dominance_margin_min_m"":-8.673617379884035e-19,""rear_hollow_margin_min_m"":0.0019,""rear_inboard_ei_margin_min_nm2"":20534.34907216165,""rear_main_radius_ratio_margin_min_m"":0.01,""rear_radius_taper_margin_min_m"":0.0,""rear_thickness_ratio_margin_min_m"":0.0,""rear_thickness_step_margin_min_m"":0.003}",7.52316384526264e-37,7.52316384526264e-37,0.0,0,0.0724714455820354,0.0,0.6666666666666666,2,0.03333333333333333,0.0,79.69694058692686,"[79.69694058692686,79.51360725359352,0.0,0.6666666666666666,0.11885153327799136]",analysis complete
2.025,target_main_tip_z_2p025m,5,baseline_or_coarse,coarse_grid,c225b0548769,"outboard_relaxed_mix|0.000000,0.000000,0.000000,0.000000,1.000000",outboard_relaxed_mix,Outboard relaxed two-family mix,0.0,0.0,0.0,0.0,1.0,1.0,0.0,1.0,0.0,1.0,"[61.27,61.27,61.27,61.27,45.95,30.0]","[45.27,45.27,45.27,45.27,29.95,14.0]","[8.0,8.0,8.0,8.0,8.0,8.0]","[20.0,20.0,20.0,20.0,20.0,20.0]","[4.0,4.0,4.0,4.0,4.0,4.0]","[8.0,8.0,8.0,8.0,8.0,8.0]",61.27,45.27,8.0,20.0,4.0,8.0,77.01360725359352,79.51360725359352,"[111689.373,111689.373,111689.373,111689.373,41247.326,8711.259]","[1803.526,1803.526,1803.526,1803.526,1803.526,1803.526]","[14568.179,14568.179,14568.179,14568.179,5380.086,1136.251]","[235.242,235.242,235.242,235.242,235.242,235.242]",10514.784947858892,113492.89842424521,1371.4936888511597,14803.421533597202,-0.10207972841572462,0.0651858601168413,0.0651858601168413,0.11885153327799136,0.03218914970120035,0.0,0.0,0.0,0.0,2.220446049250313e-16,3.1646225226420967e-17,256.1675026408399,256.1675026408399,[256.168],fail,1365.735662229106,False,False,moment_closure,False,True,False,pass,True,True,True,True,pass,True,False,False,eligible_but_higher_objective_than_reported_selected,,radius_dominance_margin_min_m,-8.673617379884035e-19,"{""ei_dominance_margin_min_nm2"":5104.208416140407,""ei_ratio_margin_min"":2.8301282051282044,""equivalent_buckling_margin"":0.9144456052138148,""equivalent_failure_margin"":0.9531039983778912,""equivalent_tip_margin"":2.6520797284157243,""equivalent_twist_margin"":1.9885949439730406,""ground_clearance_margin_m"":0.0651858601168413,""jig_curvature_margin_per_m"":0.1033619804492574,""jig_prebend_margin_m"":3.907747411046534,""loaded_shape_main_z_margin_m"":0.025,""loaded_shape_twist_margin_deg"":0.15,""main_hollow_margin_min_m"":0.006999999999999999,""main_radius_taper_margin_min_m"":0.0,""main_thickness_ratio_margin_min_m"":0.004,""main_thickness_step_margin_min_m"":0.003,""radius_dominance_margin_min_m"":-8.673617379884035e-19,""rear_hollow_margin_min_m"":0.0019,""rear_inboard_ei_margin_min_nm2"":20534.34907216165,""rear_main_radius_ratio_margin_min_m"":0.01,""rear_radius_taper_margin_min_m"":0.0,""rear_thickness_ratio_margin_min_m"":0.0,""rear_thickness_step_margin_min_m"":0.003}",7.52316384526264e-37,7.52316384526264e-37,0.0,0,0.0724714455820354,0.0,0.6666666666666666,2,0.03333333333333333,0.0,79.69694058692686,"[79.69694058692686,79.51360725359352,0.0,0.6666666666666666,0.11885153327799136]",analysis complete
2.025,target_main_tip_z_2p025m,6,baseline_or_coarse,coarse_grid,bdca20beac83,"baseline_uniform|0.000000,0.000000,0.000000,1.000000,0.000000",baseline_uniform,Uniform baseline rib family,0.0,0.0,0.0,1.0,0.0,1.0,0.0,1.0,1.0,0.0,"[61.27,61.27,61.27,61.27,45.95,30.0]","[59.67,59.67,59.67,59.67,44.35,28.4]","[0.8,0.8,0.8,0.8,0.8,0.8]","[20.0,20.0,20.0,20.0,20.0,20.0]","[18.4,18.4,18.4,18.4,12.4,12.4]","[0.8,0.8,0.8,0.8,3.8,3.8]",61.27,59.67000000000001,0.8,20.0,18.4,0.8,12.797467474748284,15.297467474748284,"[15979.884,15979.884,15979.884,15979.884,6652.537,1800.33]","[512.312,512.312,512.312,512.312,1539.494,1539.494]","[2084.333,2084.333,2084.333,2084.333,867.722,234.826]","[66.823,66.823,66.823,66.823,200.804,200.804]",3339.8237445448735,16492.196152832916,435.6291840710704,2151.156019934728,2.2295258124871635,-0.8817880756893741,-0.8817880756893741,2.8953561534666337,0.12235910864612556,0.0,0.0,0.0,0.0,5.551115123125783e-17,5.067451620406764e-18,2996.466290906634,2996.466290906634,[2996.466],fail,1815.4349732303403,False,False,geometry_validity|moment_closure,False,True,False,fail,True,False,True,False,fail,False,False,False,geometry_validity|ground_clearance; negative_margins:ei_dominance_margin_min_nm2=-1278.65739|ei_ratio_margin_min=-0.830570063|ground_clearance_margin_m=-0.881788076,geometry_validity|ground_clearance,ei_dominance_margin_min_nm2,-1278.6573891236114,"{""ei_dominance_margin_min_nm2"":-1278.6573891236114,""ei_ratio_margin_min"":-0.8305700632631794,""equivalent_buckling_margin"":0.8356090506797693,""equivalent_failure_margin"":0.5562657168895411,""equivalent_tip_margin"":0.3204741875128363,""equivalent_twist_margin"":1.8517173968691139,""ground_clearance_margin_m"":-0.8817880756893741,""jig_curvature_margin_per_m"":0.013192021504332185,""jig_prebend_margin_m"":1.1312427908578915,""loaded_shape_main_z_margin_m"":0.025,""loaded_shape_twist_margin_deg"":0.15,""main_hollow_margin_min_m"":0.014199999999999999,""main_radius_taper_margin_min_m"":0.0,""main_thickness_ratio_margin_min_m"":0.0112,""main_thickness_step_margin_min_m"":0.003,""radius_dominance_margin_min_m"":-8.673617379884035e-19,""rear_hollow_margin_min_m"":0.0061,""rear_inboard_ei_margin_min_nm2"":2683.664553141044,""rear_main_radius_ratio_margin_min_m"":0.01,""rear_radius_taper_margin_min_m"":0.0,""rear_thickness_ratio_margin_min_m"":0.004200000000000001,""rear_thickness_step_margin_min_m"":0.0}",1634966.1861572512,1634966.1861572512,7631.450738615112,5,-0.8634716336701403,1907.862684653778,1.0,3,0.05,0.0,1923.2101521285263,"[1923.2101521285263,15.297467474748284,7631.450738615112,1.0,2.8953561534666337]",analysis complete
2.025,target_main_tip_z_2p025m,7,baseline_or_coarse,coarse_grid,cf8a776a1c57,"inboard_reinforced_mix|0.000000,0.000000,0.000000,1.000000,0.000000",inboard_reinforced_mix,Inboard reinforced two-family mix,0.0,0.0,0.0,1.0,0.0,1.0,0.0,1.0,1.0,0.0,"[61.27,61.27,61.27,61.27,45.95,30.0]","[59.67,59.67,59.67,59.67,44.35,28.4]","[0.8,0.8,0.8,0.8,0.8,0.8]","[20.0,20.0,20.0,20.0,20.0,20.0]","[18.4,18.4,18.4,18.4,12.4,12.4]","[0.8,0.8,0.8,0.8,3.8,3.8]",61.27,59.67000000000001,0.8,20.0,18.4,0.8,12.797467474748284,15.297467474748284,"[15979.884,15979.884,15979.884,15979.884,6652.537,1800.33]","[512.312,512.312,512.312,512.312,1539.494,1539.494]","[2084.333,2084.333,2084.333,2084.333,867.722,234.826]","[66.823,66.823,66.823,66.823,200.804,200.804]",3339.8237445448735,16492.196152832916,435.6291840710704,2151.156019934728,2.229503145381468,-0.8817880756893741,-0.8817880756893741,2.8953561534666337,0.12235910864612556,0.0,0.0,0.0,0.0,5.551115123125783e-17,5.067451620406764e-18,2996.466290906634,2996.466290906634,[2996.466],fail,1815.4349732303403,False,False,geometry_validity|moment_closure,False,True,False,fail,True,False,True,False,fail,False,False,False,geometry_validity|ground_clearance; negative_margins:ei_dominance_margin_min_nm2=-1278.65739|ei_ratio_margin_min=-0.830570063|ground_clearance_margin_m=-0.881788076,geometry_validity|ground_clearance,ei_dominance_margin_min_nm2,-1278.6573891236114,"{""ei_dominance_margin_min_nm2"":-1278.6573891236114,""ei_ratio_margin_min"":-0.8305700632631794,""equivalent_buckling_margin"":0.8356095247009406,""equivalent_failure_margin"":0.5562668907189171,""equivalent_tip_margin"":0.32049685461853183,""equivalent_twist_margin"":1.890688240118924,""ground_clearance_margin_m"":-0.8817880756893741,""jig_curvature_margin_per_m"":0.013192021504332185,""jig_prebend_margin_m"":1.1312427908578915,""loaded_shape_main_z_margin_m"":0.025,""loaded_shape_twist_margin_deg"":0.15,""main_hollow_margin_min_m"":0.014199999999999999,""main_radius_taper_margin_min_m"":0.0,""main_thickness_ratio_margin_min_m"":0.0112,""main_thickness_step_margin_min_m"":0.003,""radius_dominance_margin_min_m"":-8.673617379884035e-19,""rear_hollow_margin_min_m"":0.0061,""rear_inboard_ei_margin_min_nm2"":2683.664553141044,""rear_main_radius_ratio_margin_min_m"":0.01,""rear_radius_taper_margin_min_m"":0.0,""rear_thickness_ratio_margin_min_m"":0.004200000000000001,""rear_thickness_step_margin_min_m"":0.0}",1634966.1861572512,1634966.1861572512,7631.450738615112,5,-0.8634716336701403,1907.862684653778,1.0,3,0.05,0.0,1923.3601521285264,"[1923.3601521285264,15.297467474748284,7631.450738615112,1.0,2.8953561534666337]",analysis complete
2.025,target_main_tip_z_2p025m,8,baseline_or_coarse,coarse_grid,9cf089913601,"outboard_relaxed_mix|0.000000,0.000000,0.000000,1.000000,0.000000",outboard_relaxed_mix,Outboard relaxed two-family mix,0.0,0.0,0.0,1.0,0.0,1.0,0.0,1.0,1.0,0.0,"[61.27,61.27,61.27,61.27,45.95,30.0]","[59.67,59.67,59.67,59.67,44.35,28.4]","[0.8,0.8,0.8,0.8,0.8,0.8]","[20.0,20.0,20.0,20.0,20.0,20.0]","[18.4,18.4,18.4,18.4,12.4,12.4]","[0.8,0.8,0.8,0.8,3.8,3.8]",61.27,59.67000000000001,0.8,20.0,18.4,0.8,12.797467474748284,15.297467474748284,"[15979.884,15979.884,15979.884,15979.884,6652.537,1800.33]","[512.312,512.312,512.312,512.312,1539.494,1539.494]","[2084.333,2084.333,2084.333,2084.333,867.722,234.826]","[66.823,66.823,66.823,66.823,200.804,200.804]",3339.8237445448735,16492.196152832916,435.6291840710704,2151.156019934728,2.2295645580162837,-0.8817880756893741,-0.8817880756893741,2.8953561534666337,0.12235910864612556,0.0,0.0,0.0,0.0,5.551115123125783e-17,5.067451620406764e-18,2996.466290906634,2996.466290906634,[2996.466],fail,1815.4349732303403,False,False,geometry_validity|moment_closure,False,True,False,fail,True,False,True,False,fail,False,False,False,geometry_validity|ground_clearance; negative_margins:ei_dominance_margin_min_nm2=-1278.65739|ei_ratio_margin_min=-0.830570063|ground_clearance_margin_m=-0.881788076,geometry_validity|ground_clearance,ei_dominance_margin_min_nm2,-1278.6573891236114,"{""ei_dominance_margin_min_nm2"":-1278.6573891236114,""ei_ratio_margin_min"":-0.8305700632631794,""equivalent_buckling_margin"":0.8356081797706374,""equivalent_failure_margin"":0.5562637006687566,""equivalent_tip_margin"":0.3204354419837161,""equivalent_twist_margin"":1.7843400623811794,""ground_clearance_margin_m"":-0.8817880756893741,""jig_curvature_margin_per_m"":0.013192021504332185,""jig_prebend_margin_m"":1.1312427908578915,""loaded_shape_main_z_margin_m"":0.025,""loaded_shape_twist_margin_deg"":0.15,""main_hollow_margin_min_m"":0.014199999999999999,""main_radius_taper_margin_min_m"":0.0,""main_thickness_ratio_margin_min_m"":0.0112,""main_thickness_step_margin_min_m"":0.003,""radius_dominance_margin_min_m"":-8.673617379884035e-19,""rear_hollow_margin_min_m"":0.0061,""rear_inboard_ei_margin_min_nm2"":2683.664553141044,""rear_main_radius_ratio_margin_min_m"":0.01,""rear_radius_taper_margin_min_m"":0.0,""rear_thickness_ratio_margin_min_m"":0.004200000000000001,""rear_thickness_step_margin_min_m"":0.0}",1634966.1861572512,1634966.1861572512,7631.450738615112,5,-0.8634716336701403,1907.862684653778,1.0,3,0.05,0.0,1923.3601521285264,"[1923.3601521285264,15.297467474748284,7631.450738615112,1.0,2.8953561534666337]",analysis complete
2.025,target_main_tip_z_2p025m,9,baseline_or_coarse,coarse_grid,b02e5bfcfe83,"baseline_uniform|0.000000,0.000000,0.000000,1.000000,1.000000",baseline_uniform,Uniform baseline rib family,0.0,0.0,0.0,1.0,1.0,1.0,0.0,1.0,1.0,1.0,"[61.27,61.27,61.27,61.27,45.95,30.0]","[45.27,45.27,45.27,45.27,29.95,14.0]","[8.0,8.0,8.0,8.0,8.0,8.0]","[20.0,20.0,20.0,20.0,20.0,20.0]","[4.0,4.0,4.0,4.0,0.0,0.0]","[8.0,8.0,8.0,8.0,11.0,11.0]",61.27,45.27,8.0,20.0,4.0,8.0,77.21542978826525,79.71542978826525,"[111689.373,111689.373,111689.373,111689.373,41247.326,8711.259]","[1803.526,1803.526,1803.526,1803.526,1806.416,1806.416]","[14568.179,14568.179,14568.179,14568.179,5380.086,1136.251]","[235.242,235.242,235.242,235.242,235.619,235.619]",10517.675213100196,113492.89842424521,1371.8706799695906,14803.421533597202,-0.10818402171878931,0.0651858601168413,0.0651858601168413,0.13222165293242094,0.03314544974458733,0.0,0.0,0.0,0.0,2.220446049250313e-16,2.3118078630531947e-17,239.4185303483219,239.4185303483219,[239.419],fail,1362.3736450932574,False,False,geometry_validity|moment_closure,False,True,False,fail,True,False,True,False,fail,False,False,False,geometry_validity; negative_margins:rear_hollow_margin_min_m=-0.0011|rear_thickness_ratio_margin_min_m=-0.003,geometry_validity,rear_thickness_ratio_margin_min_m,-0.002999999999999999,"{""ei_dominance_margin_min_nm2"":5098.789168812964,""ei_ratio_margin_min"":2.822882288228821,""equivalent_buckling_margin"":0.9144440771678889,""equivalent_failure_margin"":0.95278937107266,""equivalent_tip_margin"":2.6581840217187893,""equivalent_twist_margin"":2.000164418142004,""ground_clearance_margin_m"":0.0651858601168413,""jig_curvature_margin_per_m"":0.10240568040587042,""jig_prebend_margin_m"":3.894377291392104,""loaded_shape_main_z_margin_m"":0.025,""loaded_shape_twist_margin_deg"":0.15,""main_hollow_margin_min_m"":0.006999999999999999,""main_radius_taper_margin_min_m"":0.0,""main_thickness_ratio_margin_min_m"":0.004,""main_thickness_step_margin_min_m"":0.003,""radius_dominance_margin_min_m"":-8.673617379884035e-19,""rear_hollow_margin_min_m"":-0.0010999999999999992,""rear_inboard_ei_margin_min_nm2"":20534.34907216165,""rear_main_radius_ratio_margin_min_m"":0.01,""rear_radius_taper_margin_min_m"":0.0,""rear_thickness_ratio_margin_min_m"":-0.002999999999999999,""rear_thickness_step_margin_min_m"":8.673617379884035e-19}",1.0209999999999994e-05,1.0209999999999994e-05,0.0,0,0.0724730526336103,0.0,0.9999999999999977,3,0.049999999999999885,0.0,79.76542978826525,"[79.76542978826525,79.71542978826525,0.0,0.9999999999999977,0.13222165293242094]",analysis complete
2.025,target_main_tip_z_2p025m,10,baseline_or_coarse,coarse_grid,c0c9313cfe18,"inboard_reinforced_mix|0.000000,0.000000,0.000000,1.000000,1.000000",inboard_reinforced_mix,Inboard reinforced two-family mix,0.0,0.0,0.0,1.0,1.0,1.0,0.0,1.0,1.0,1.0,"[61.27,61.27,61.27,61.27,45.95,30.0]","[45.27,45.27,45.27,45.27,29.95,14.0]","[8.0,8.0,8.0,8.0,8.0,8.0]","[20.0,20.0,20.0,20.0,20.0,20.0]","[4.0,4.0,4.0,4.0,0.0,0.0]","[8.0,8.0,8.0,8.0,11.0,11.0]",61.27,45.27,8.0,20.0,4.0,8.0,77.21542978826525,79.71542978826525,"[111689.373,111689.373,111689.373,111689.373,41247.326,8711.259]","[1803.526,1803.526,1803.526,1803.526,1806.416,1806.416]","[14568.179,14568.179,14568.179,14568.179,5380.086,1136.251]","[235.242,235.242,235.242,235.242,235.619,235.619]",10517.675213100196,113492.89842424521,1371.8706799695906,14803.421533597202,-0.10818717800588702,0.0651858601168413,0.0651858601168413,0.13222165293242094,0.03314544974458733,0.0,0.0,0.0,0.0,2.220446049250313e-16,2.3118078630531947e-17,239.4185303483219,239.4185303483219,[239.419],fail,1362.3736450932574,False,False,geometry_validity|moment_closure,False,True,False,fail,True,False,True,False,fail,False,False,False,geometry_validity; negative_margins:rear_hollow_margin_min_m=-0.0011|rear_thickness_ratio_margin_min_m=-0.003,geometry_validity,rear_thickness_ratio_margin_min_m,-0.002999999999999999,"{""ei_dominance_margin_min_nm2"":5098.789168812964,""ei_ratio_margin_min"":2.822882288228821,""equivalent_buckling_margin"":0.9144440788893359,""equivalent_failure_margin"":0.9527892513863853,""equivalent_tip_margin"":2.6581871780058868,""equivalent_twist_margin"":2.007059444224187,""ground_clearance_margin_m"":0.0651858601168413,""jig_curvature_margin_per_m"":0.10240568040587042,""jig_prebend_margin_m"":3.894377291392104,""loaded_shape_main_z_margin_m"":0.025,""loaded_shape_twist_margin_deg"":0.15,""main_hollow_margin_min_m"":0.006999999999999999,""main_radius_taper_margin_min_m"":0.0,""main_thickness_ratio_margin_min_m"":0.004,""main_thickness_step_margin_min_m"":0.003,""radius_dominance_margin_min_m"":-8.673617379884035e-19,""rear_hollow_margin_min_m"":-0.0010999999999999992,""rear_inboard_ei_margin_min_nm2"":20534.34907216165,""rear_main_radius_ratio_margin_min_m"":0.01,""rear_radius_taper_margin_min_m"":0.0,""rear_thickness_ratio_margin_min_m"":-0.002999999999999999,""rear_thickness_step_margin_min_m"":8.673617379884035e-19}",1.0209999999999994e-05,1.0209999999999994e-05,0.0,0,0.0724730526336103,0.0,0.9999999999999977,3,0.049999999999999885,0.0,79.91542978826526,"[79.91542978826526,79.71542978826525,0.0,0.9999999999999977,0.13222165293242094]",analysis complete
2.025,target_main_tip_z_2p025m,11,baseline_or_coarse,coarse_grid,21b0b0fb76ff,"outboard_relaxed_mix|0.000000,0.000000,0.000000,1.000000,1.000000",outboard_relaxed_mix,Outboard relaxed two-family mix,0.0,0.0,0.0,1.0,1.0,1.0,0.0,1.0,1.0,1.0,"[61.27,61.27,61.27,61.27,45.95,30.0]","[45.27,45.27,45.27,45.27,29.95,14.0]","[8.0,8.0,8.0,8.0,8.0,8.0]","[20.0,20.0,20.0,20.0,20.0,20.0]","[4.0,4.0,4.0,4.0,0.0,0.0]","[8.0,8.0,8.0,8.0,11.0,11.0]",61.27,45.27,8.0,20.0,4.0,8.0,77.21542978826525,79.71542978826525,"[111689.373,111689.373,111689.373,111689.373,41247.326,8711.259]","[1803.526,1803.526,1803.526,1803.526,1806.416,1806.416]","[14568.179,14568.179,14568.179,14568.179,5380.086,1136.251]","[235.242,235.242,235.242,235.242,235.619,235.619]",10517.675213100196,113492.89842424521,1371.8706799695906,14803.421533597202,-0.1081786222884346,0.0651858601168413,0.0651858601168413,0.13222165293242094,0.03314544974458733,0.0,0.0,0.0,0.0,2.220446049250313e-16,2.3118078630531947e-17,239.4185303483219,239.4185303483219,[239.419],fail,1362.3736450932574,False,False,geometry_validity|moment_closure,False,True,False,fail,True,False,True,False,fail,False,False,False,geometry_validity; negative_margins:rear_hollow_margin_min_m=-0.0011|rear_thickness_ratio_margin_min_m=-0.003,geometry_validity,rear_thickness_ratio_margin_min_m,-0.002999999999999999,"{""ei_dominance_margin_min_nm2"":5098.789168812964,""ei_ratio_margin_min"":2.822882288228821,""equivalent_buckling_margin"":0.9144440725289152,""equivalent_failure_margin"":0.9527895674796781,""equivalent_tip_margin"":2.6581786222884345,""equivalent_twist_margin"":1.9883684921440188,""ground_clearance_margin_m"":0.0651858601168413,""jig_curvature_margin_per_m"":0.10240568040587042,""jig_prebend_margin_m"":3.894377291392104,""loaded_shape_main_z_margin_m"":0.025,""loaded_shape_twist_margin_deg"":0.15,""main_hollow_margin_min_m"":0.006999999999999999,""main_radius_taper_margin_min_m"":0.0,""main_thickness_ratio_margin_min_m"":0.004,""main_thickness_step_margin_min_m"":0.003,""radius_dominance_margin_min_m"":-8.673617379884035e-19,""rear_hollow_margin_min_m"":-0.0010999999999999992,""rear_inboard_ei_margin_min_nm2"":20534.34907216165,""rear_main_radius_ratio_margin_min_m"":0.01,""rear_radius_taper_margin_min_m"":0.0,""rear_thickness_ratio_margin_min_m"":-0.002999999999999999,""rear_thickness_step_margin_min_m"":8.673617379884035e-19}",1.0209999999999994e-05,1.0209999999999994e-05,0.0,0,0.0724730526336103,0.0,0.9999999999999977,3,0.049999999999999885,0.0,79.91542978826526,"[79.91542978826526,79.71542978826525,0.0,0.9999999999999977,0.13222165293242094]",analysis complete
2.025,target_main_tip_z_2p025m,12,baseline_or_coarse,coarse_grid,c3b2120a434d,"baseline_uniform|0.000000,0.000000,1.000000,0.000000,0.000000",baseline_uniform,Uniform baseline rib family,0.0,0.0,1.0,0.0,0.0,1.0,0.0,1.12,0.0,0.0,"[61.27,61.27,61.27,61.27,45.95,30.0]","[59.67,59.67,59.67,59.67,44.35,28.4]","[0.8,0.8,0.8,0.8,0.8,0.8]","[22.4,22.4,22.4,22.4,22.4,22.4]","[20.8,20.8,20.8,20.8,20.8,20.8]","[0.8,0.8,0.8,0.8,0.8,0.8]",61.27,59.67000000000001,0.8,22.400000000000002,20.800000000000004,0.8,10.02074039337795,12.52074039337795,"[15979.884,15979.884,15979.884,15979.884,6652.537,1800.33]","[729.179,729.179,729.179,729.179,729.179,729.179]","[2084.333,2084.333,2084.333,2084.333,867.722,234.826]","[95.11,95.11,95.11,95.11,95.11,95.11]",2529.5092705197985,16709.06315884272,329.93599180693025,2179.4430207186156,2.83065475633082,-1.5658815222920457,-1.5658815222920457,3.5794496000693052,0.10628973735020736,0.0,0.0,0.0,0.0,0.0,0.0,3242.181943799443,3242.181943799443,[3242.182],fail,1861.5755309151114,False,False,geometry_validity|moment_closure,False,True,False,fail,True,False,True,False,fail,False,False,False,geometry_validity|ground_clearance; negative_margins:equivalent_tip_margin=-0.280654756|ground_clearance_margin_m=-1.56588152|radius_dominance_margin_min_m=-0.0012,geometry_validity|ground_clearance,ground_clearance_margin_m,-1.5658815222920457,"{""ei_dominance_margin_min_nm2"":341.97155892653814,""ei_ratio_margin_min"":0.46898148148148033,""equivalent_buckling_margin"":0.8141854440016427,""equivalent_failure_margin"":0.4858532726688036,""equivalent_tip_margin"":-0.2806547563308204,""equivalent_twist_margin"":1.87008717654527,""ground_clearance_margin_m"":-1.5658815222920457,""jig_curvature_margin_per_m"":0.02926139280025039,""jig_prebend_margin_m"":0.4471493442552199,""loaded_shape_main_z_margin_m"":0.025,""loaded_shape_twist_margin_deg"":0.15,""main_hollow_margin_min_m"":0.014199999999999999,""main_radius_taper_margin_min_m"":0.0,""main_thickness_ratio_margin_min_m"":0.0112,""main_thickness_step_margin_min_m"":0.003,""radius_dominance_margin_min_m"":-0.0012000000000000023,""rear_hollow_margin_min_m"":0.010300000000000002,""rear_inboard_ei_margin_min_nm2"":2466.7975471312398,""rear_main_radius_ratio_margin_min_m"":0.011200000000000002,""rear_radius_taper_margin_min_m"":0.0,""rear_thickness_ratio_margin_min_m"":0.00816,""rear_thickness_step_margin_min_m"":0.003}",2.5307534741067665,2.5307534741067665,22591.21111817488,5,-1.4921019243392333,5647.80277954372,0.6666666666666666,2,0.03333333333333333,0.0,5660.356853270432,"[5660.356853270432,12.52074039337795,22591.21111817488,0.6666666666666666,3.5794496000693052]",analysis complete
2.025,target_main_tip_z_2p025m,13,baseline_or_coarse,coarse_grid,5b8675e544be,"inboard_reinforced_mix|0.000000,0.000000,1.000000,0.000000,0.000000",inboard_reinforced_mix,Inboard reinforced two-family mix,0.0,0.0,1.0,0.0,0.0,1.0,0.0,1.12,0.0,0.0,"[61.27,61.27,61.27,61.27,45.95,30.0]","[59.67,59.67,59.67,59.67,44.35,28.4]","[0.8,0.8,0.8,0.8,0.8,0.8]","[22.4,22.4,22.4,22.4,22.4,22.4]","[20.8,20.8,20.8,20.8,20.8,20.8]","[0.8,0.8,0.8,0.8,0.8,0.8]",61.27,59.67000000000001,0.8,22.400000000000002,20.800000000000004,0.8,10.02074039337795,12.52074039337795,"[15979.884,15979.884,15979.884,15979.884,6652.537,1800.33]","[729.179,729.179,729.179,729.179,729.179,729.179]","[2084.333,2084.333,2084.333,2084.333,867.722,234.826]","[95.11,95.11,95.11,95.11,95.11,95.11]",2529.5092705197985,16709.06315884272,329.93599180693025,2179.4430207186156,2.830638204658088,-1.5658815222920457,-1.5658815222920457,3.5794496000693052,0.10628973735020736,0.0,0.0,0.0,0.0,0.0,0.0,3242.181943799443,3242.181943799443,[3242.182],fail,1861.5755309151114,False,False,geometry_validity|moment_closure,False,True,False,fail,True,False,True,False,fail,False,False,False,geometry_validity|ground_clearance; negative_margins:equivalent_tip_margin=-0.280638205|ground_clearance_margin_m=-1.56588152|radius_dominance_margin_min_m=-0.0012,geometry_validity|ground_clearance,ground_clearance_margin_m,-1.5658815222920457,"{""ei_dominance_margin_min_nm2"":341.97155892653814,""ei_ratio_margin_min"":0.46898148148148033,""equivalent_buckling_margin"":0.8141857160290125,""equivalent_failure_margin"":0.48585392415934847,""equivalent_tip_margin"":-0.280638204658088,""equivalent_twist_margin"":1.9059862593435206,""ground_clearance_margin_m"":-1.5658815222920457,""jig_curvature_margin_per_m"":0.02926139280025039,""jig_prebend_margin_m"":0.4471493442552199,""loaded_shape_main_z_margin_m"":0.025,""loaded_shape_twist_margin_deg"":0.15,""main_hollow_margin_min_m"":0.014199999999999999,""main_radius_taper_margin_min_m"":0.0,""main_thickness_ratio_margin_min_m"":0.0112,""main_thickness_step_margin_min_m"":0.003,""radius_dominance_margin_min_m"":-0.0012000000000000023,""rear_hollow_margin_min_m"":0.010300000000000002,""rear_inboard_ei_margin_min_nm2"":2466.7975471312398,""rear_main_radius_ratio_margin_min_m"":0.011200000000000002,""rear_radius_taper_margin_min_m"":0.0,""rear_thickness_ratio_margin_min_m"":0.00816,""rear_thickness_step_margin_min_m"":0.003}",2.5307441837693694,2.5307441837693694,22591.21111817488,5,-1.4921019243392333,5647.80277954372,0.6666666666666666,2,0.03333333333333333,0.0,5660.506853270432,"[5660.506853270432,12.52074039337795,22591.21111817488,0.6666666666666666,3.5794496000693052]",analysis complete
2.025,target_main_tip_z_2p025m,14,baseline_or_coarse,coarse_grid,f9cd16fedc84,"outboard_relaxed_mix|0.000000,0.000000,1.000000,0.000000,0.000000",outboard_relaxed_mix,Outboard relaxed two-family mix,0.0,0.0,1.0,0.0,0.0,1.0,0.0,1.12,0.0,0.0,"[61.27,61.27,61.27,61.27,45.95,30.0]","[59.67,59.67,59.67,59.67,44.35,28.4]","[0.8,0.8,0.8,0.8,0.8,0.8]","[22.4,22.4,22.4,22.4,22.4,22.4]","[20.8,20.8,20.8,20.8,20.8,20.8]","[0.8,0.8,0.8,0.8,0.8,0.8]",61.27,59.67000000000001,0.8,22.400000000000002,20.800000000000004,0.8,10.02074039337795,12.52074039337795,"[15979.884,15979.884,15979.884,15979.884,6652.537,1800.33]","[729.179,729.179,729.179,729.179,729.179,729.179]","[2084.333,2084.333,2084.333,2084.333,867.722,234.826]","[95.11,95.11,95.11,95.11,95.11,95.11]",2529.5092705197985,16709.06315884272,329.93599180693025,2179.4430207186156,2.8306830786766297,-1.5658815222920457,-1.5658815222920457,3.5794496000693052,0.10628973735020736,0.0,0.0,0.0,0.0,0.0,0.0,3242.181943799443,3242.181943799443,[3242.182],fail,1861.5755309151114,False,False,geometry_validity|moment_closure,False,True,False,fail,True,False,True,False,fail,False,False,False,geometry_validity|ground_clearance; negative_margins:equivalent_tip_margin=-0.280683079|ground_clearance_margin_m=-1.56588152|radius_dominance_margin_min_m=-0.0012,geometry_validity|ground_clearance,ground_clearance_margin_m,-1.5658815222920457,"{""ei_dominance_margin_min_nm2"":341.97155892653814,""ei_ratio_margin_min"":0.46898148148148033,""equivalent_buckling_margin"":0.8141849410981611,""equivalent_failure_margin"":0.48585215131953,""equivalent_tip_margin"":-0.2806830786766299,""equivalent_twist_margin"":1.8070942439028141,""ground_clearance_margin_m"":-1.5658815222920457,""jig_curvature_margin_per_m"":0.02926139280025039,""jig_prebend_margin_m"":0.4471493442552199,""loaded_shape_main_z_margin_m"":0.025,""loaded_shape_twist_margin_deg"":0.15,""main_hollow_margin_min_m"":0.014199999999999999,""main_radius_taper_margin_min_m"":0.0,""main_thickness_ratio_margin_min_m"":0.0112,""main_thickness_step_margin_min_m"":0.003,""radius_dominance_margin_min_m"":-0.0012000000000000023,""rear_hollow_margin_min_m"":0.010300000000000002,""rear_inboard_ei_margin_min_nm2"":2466.7975471312398,""rear_main_radius_ratio_margin_min_m"":0.011200000000000002,""rear_radius_taper_margin_min_m"":0.0,""rear_thickness_ratio_margin_min_m"":0.00816,""rear_thickness_step_margin_min_m"":0.003}",2.5307693725110454,2.5307693725110454,22591.21111817488,5,-1.4921019243392333,5647.80277954372,0.6666666666666666,2,0.03333333333333333,0.0,5660.506853270432,"[5660.506853270432,12.52074039337795,22591.21111817488,0.6666666666666666,3.5794496000693052]",analysis complete
2.025,target_main_tip_z_2p025m,15,baseline_or_coarse,coarse_grid,f8fcb96a318d,"baseline_uniform|0.000000,0.000000,1.000000,0.000000,1.000000",baseline_uniform,Uniform baseline rib family,0.0,0.0,1.0,0.0,1.0,1.0,0.0,1.12,0.0,1.0,"[61.27,61.27,61.27,61.27,45.95,30.0]","[45.27,45.27,45.27,45.27,29.95,14.0]","[8.0,8.0,8.0,8.0,8.0,8.0]","[22.4,22.4,22.4,22.4,22.4,22.4]","[6.4,6.4,6.4,6.4,6.4,6.4]","[8.0,8.0,8.0,8.0,8.0,8.0]",61.27,45.27,8.0,22.400000000000002,6.400000000000003,8.0,80.3270067793344,82.8270067793344,"[111689.373,111689.373,111689.373,111689.373,41247.326,8711.259]","[2823.489,2823.489,2823.489,2823.489,2823.489,2823.489]","[14568.179,14568.179,14568.179,14568.179,5380.086,1136.251]","[368.281,368.281,368.281,368.281,368.281,368.281]",11534.74799045362,114512.86146683994,1504.532346580907,14936.460191326949,-0.1372018442088742,0.0651858601168413,0.0651858601168413,0.16020448150544464,0.02467160279197314,0.0,0.0,0.0,0.0,2.220446049250313e-16,2.0269806481627057e-17,100.42150302953614,100.42150302953614,[100.422],fail,1377.2768177911848,False,False,geometry_validity|moment_closure,False,True,False,fail,True,False,True,False,fail,False,False,False,geometry_validity; negative_margins:radius_dominance_margin_min_m=-0.0012,geometry_validity,radius_dominance_margin_min_m,-0.0012000000000000023,"{""ei_dominance_margin_min_nm2"":3064.282330950952,""ei_ratio_margin_min"":1.0852823637316535,""equivalent_buckling_margin"":0.9144052645303619,""equivalent_failure_margin"":0.9515666366418024,""equivalent_tip_margin"":2.687201844208874,""equivalent_twist_margin"":2.0028431290776183,""ground_clearance_margin_m"":0.0651858601168413,""jig_curvature_margin_per_m"":0.11087952735848461,""jig_prebend_margin_m"":3.8663944628190805,""loaded_shape_main_z_margin_m"":0.025,""loaded_shape_twist_margin_deg"":0.15,""main_hollow_margin_min_m"":0.006999999999999999,""main_radius_taper_margin_min_m"":0.0,""main_thickness_ratio_margin_min_m"":0.004,""main_thickness_step_margin_min_m"":0.003,""radius_dominance_margin_min_m"":-0.0012000000000000023,""rear_hollow_margin_min_m"":0.0031000000000000016,""rear_inboard_ei_margin_min_nm2"":19514.386029566922,""rear_main_radius_ratio_margin_min_m"":0.011200000000000002,""rear_radius_taper_margin_min_m"":0.0,""rear_thickness_ratio_margin_min_m"":0.0009600000000000008,""rear_thickness_step_margin_min_m"":0.003}",1.4400000000000055e-06,1.4400000000000055e-06,0.0,0,0.07265495937132696,0.0,0.6666666666666666,2,0.03333333333333333,0.0,82.86034011266773,"[82.86034011266773,82.8270067793344,0.0,0.6666666666666666,0.16020448150544464]",analysis complete
2.025,target_main_tip_z_2p025m,16,baseline_or_coarse,coarse_grid,49d582f72521,"inboard_reinforced_mix|0.000000,0.000000,1.000000,0.000000,1.000000",inboard_reinforced_mix,Inboard reinforced two-family mix,0.0,0.0,1.0,0.0,1.0,1.0,0.0,1.12,0.0,1.0,"[61.27,61.27,61.27,61.27,45.95,30.0]","[45.27,45.27,45.27,45.27,29.95,14.0]","[8.0,8.0,8.0,8.0,8.0,8.0]","[22.4,22.4,22.4,22.4,22.4,22.4]","[6.4,6.4,6.4,6.4,6.4,6.4]","[8.0,8.0,8.0,8.0,8.0,8.0]",61.27,45.27,8.0,22.400000000000002,6.400000000000003,8.0,80.3270067793344,82.8270067793344,"[111689.373,111689.373,111689.373,111689.373,41247.326,8711.259]","[2823.489,2823.489,2823.489,2823.489,2823.489,2823.489]","[14568.179,14568.179,14568.179,14568.179,5380.086,1136.251]","[368.281,368.281,368.281,368.281,368.281,368.281]",11534.74799045362,114512.86146683994,1504.532346580907,14936.460191326949,-0.1372047200213648,0.0651858601168413,0.0651858601168413,0.16020448150544464,0.02467160279197314,0.0,0.0,0.0,0.0,2.220446049250313e-16,2.0269806481627057e-17,100.42150302953614,100.42150302953614,[100.422],fail,1377.2768177911848,False,False,geometry_validity|moment_closure,False,True,False,fail,True,False,True,False,fail,False,False,False,geometry_validity; negative_margins:radius_dominance_margin_min_m=-0.0012,geometry_validity,radius_dominance_margin_min_m,-0.0012000000000000023,"{""ei_dominance_margin_min_nm2"":3064.282330950952,""ei_ratio_margin_min"":1.0852823637316535,""equivalent_buckling_margin"":0.9144052651142093,""equivalent_failure_margin"":0.9515665182312786,""equivalent_tip_margin"":2.6872047200213647,""equivalent_twist_margin"":2.0089845223357172,""ground_clearance_margin_m"":0.0651858601168413,""jig_curvature_margin_per_m"":0.11087952735848461,""jig_prebend_margin_m"":3.8663944628190805,""loaded_shape_main_z_margin_m"":0.025,""loaded_shape_twist_margin_deg"":0.15,""main_hollow_margin_min_m"":0.006999999999999999,""main_radius_taper_margin_min_m"":0.0,""main_thickness_ratio_margin_min_m"":0.004,""main_thickness_step_margin_min_m"":0.003,""radius_dominance_margin_min_m"":-0.0012000000000000023,""rear_hollow_margin_min_m"":0.0031000000000000016,""rear_inboard_ei_margin_min_nm2"":19514.386029566922,""rear_main_radius_ratio_margin_min_m"":0.011200000000000002,""rear_radius_taper_margin_min_m"":0.0,""rear_thickness_ratio_margin_min_m"":0.0009600000000000008,""rear_thickness_step_margin_min_m"":0.003}",1.4400000000000055e-06,1.4400000000000055e-06,0.0,0,0.07265495937132696,0.0,0.6666666666666666,2,0.03333333333333333,0.0,83.01034011266773,"[83.01034011266773,82.8270067793344,0.0,0.6666666666666666,0.16020448150544464]",analysis complete
2.025,target_main_tip_z_2p025m,17,baseline_or_coarse,coarse_grid,35d15babc61c,"outboard_relaxed_mix|0.000000,0.000000,1.000000,0.000000,1.000000",outboard_relaxed_mix,Outboard relaxed two-family mix,0.0,0.0,1.0,0.0,1.0,1.0,0.0,1.12,0.0,1.0,"[61.27,61.27,61.27,61.27,45.95,30.0]","[45.27,45.27,45.27,45.27,29.95,14.0]","[8.0,8.0,8.0,8.0,8.0,8.0]","[22.4,22.4,22.4,22.4,22.4,22.4]","[6.4,6.4,6.4,6.4,6.4,6.4]","[8.0,8.0,8.0,8.0,8.0,8.0]",61.27,45.27,8.0,22.400000000000002,6.400000000000003,8.0,80.3270067793344,82.8270067793344,"[111689.373,111689.373,111689.373,111689.373,41247.326,8711.259]","[2823.489,2823.489,2823.489,2823.489,2823.489,2823.489]","[14568.179,14568.179,14568.179,14568.179,5380.086,1136.251]","[368.281,368.281,368.281,368.281,368.281,368.281]",11534.74799045362,114512.86146683994,1504.532346580907,14936.460191326949,-0.1371969233305928,0.0651858601168413,0.0651858601168413,0.16020448150544464,0.02467160279197314,0.0,0.0,0.0,0.0,2.220446049250313e-16,2.0269806481627057e-17,100.42150302953614,100.42150302953614,[100.422],fail,1377.2768177911848,False,False,geometry_validity|moment_closure,False,True,False,fail,True,False,True,False,fail,False,False,False,geometry_validity; negative_margins:radius_dominance_margin_min_m=-0.0012,geometry_validity,radius_dominance_margin_min_m,-0.0012000000000000023,"{""ei_dominance_margin_min_nm2"":3064.282330950952,""ei_ratio_margin_min"":1.0852823637316535,""equivalent_buckling_margin"":0.9144052624138396,""equivalent_failure_margin"":0.9515668337124443,""equivalent_tip_margin"":2.6871969233305926,""equivalent_twist_margin"":1.9923338926226335,""ground_clearance_margin_m"":0.0651858601168413,""jig_curvature_margin_per_m"":0.11087952735848461,""jig_prebend_margin_m"":3.8663944628190805,""loaded_shape_main_z_margin_m"":0.025,""loaded_shape_twist_margin_deg"":0.15,""main_hollow_margin_min_m"":0.006999999999999999,""main_radius_taper_margin_min_m"":0.0,""main_thickness_ratio_margin_min_m"":0.004,""main_thickness_step_margin_min_m"":0.003,""radius_dominance_margin_min_m"":-0.0012000000000000023,""rear_hollow_margin_min_m"":0.0031000000000000016,""rear_inboard_ei_margin_min_nm2"":19514.386029566922,""rear_main_radius_ratio_margin_min_m"":0.011200000000000002,""rear_radius_taper_margin_min_m"":0.0,""rear_thickness_ratio_margin_min_m"":0.0009600000000000008,""rear_thickness_step_margin_min_m"":0.003}",1.4400000000000055e-06,1.4400000000000055e-06,0.0,0,0.07265495937132696,0.0,0.6666666666666666,2,0.03333333333333333,0.0,83.01034011266773,"[83.01034011266773,82.8270067793344,0.0,0.6666666666666666,0.16020448150544464]",analysis complete
2.025,target_main_tip_z_2p025m,18,baseline_or_coarse,coarse_grid,6c40496808ba,"baseline_uniform|0.000000,0.000000,1.000000,1.000000,0.000000",baseline_uniform,Uniform baseline rib family,0.0,0.0,1.0,1.0,0.0,1.0,0.0,1.12,1.0,0.0,"[61.27,61.27,61.27,61.27,45.95,30.0]","[59.67,59.67,59.67,59.67,44.35,28.4]","[0.8,0.8,0.8,0.8,0.8,0.8]","[22.4,22.4,22.4,22.4,22.4,22.4]","[20.8,20.8,20.8,20.8,14.8,14.8]","[0.8,0.8,0.8,0.8,3.8,3.8]",61.27,59.67000000000001,0.8,22.400000000000002,20.800000000000004,0.8,13.613181510534492,16.113181510534492,"[15979.884,15979.884,15979.884,15979.884,6652.537,1800.33]","[729.179,729.179,729.179,729.179,2300.748,2300.748]","[2084.333,2084.333,2084.333,2084.333,867.722,234.826]","[95.11,95.11,95.11,95.11,300.098,300.098]",4101.077989284508,16709.06315884272,534.9232159936314,2179.4430207186156,2.0597976181792945,-0.7068643115518589,-0.7068643115518589,2.7204323893291185,0.10625917965658513,0.0,0.0,0.0,0.0,5.551115123125783e-17,5.067451620406764e-18,2936.892364949524,2936.892364949524,[2936.892],fail,1846.7455083322918,False,False,geometry_validity|moment_closure,False,True,False,fail,True,False,True,False,fail,False,False,False,geometry_validity|ground_clearance; negative_margins:ei_dominance_margin_min_nm2=-2801.16588|ei_ratio_margin_min=-1.21750228|ground_clearance_margin_m=-0.706864312|radius_dominance_margin_min_m=-0.0012,geometry_validity|ground_clearance,ei_dominance_margin_min_nm2,-2801.1658786028793,"{""ei_dominance_margin_min_nm2"":-2801.1658786028793,""ei_ratio_margin_min"":-1.217502278484511,""equivalent_buckling_margin"":0.841797230957431,""equivalent_failure_margin"":0.5773793945915133,""equivalent_tip_margin"":0.4902023818207053,""equivalent_twist_margin"":1.8659912051904506,""ground_clearance_margin_m"":-0.7068643115518589,""jig_curvature_margin_per_m"":0.02929195049387262,""jig_prebend_margin_m"":1.3061665549954067,""loaded_shape_main_z_margin_m"":0.025,""loaded_shape_twist_margin_deg"":0.15,""main_hollow_margin_min_m"":0.014199999999999999,""main_radius_taper_margin_min_m"":0.0,""main_thickness_ratio_margin_min_m"":0.0112,""main_thickness_step_margin_min_m"":0.003,""radius_dominance_margin_min_m"":-0.0012000000000000023,""rear_hollow_margin_min_m"":0.007300000000000002,""rear_inboard_ei_margin_min_nm2"":2466.7975471312398,""rear_main_radius_ratio_margin_min_m"":0.011200000000000002,""rear_radius_taper_margin_min_m"":0.0,""rear_thickness_ratio_margin_min_m"":0.005160000000000001,""rear_thickness_step_margin_min_m"":0.0}",7846532.261419434,7846532.261419434,5006.7204250920595,5,-0.6975414041541302,1251.6801062730149,1.0,3,0.05,0.0,1267.8432877835494,"[1267.8432877835494,16.113181510534492,5006.7204250920595,1.0,2.7204323893291185]",analysis complete
2.025,target_main_tip_z_2p025m,19,baseline_or_coarse,coarse_grid,33d5b6e5e4a4,"inboard_reinforced_mix|0.000000,0.000000,1.000000,1.000000,0.000000",inboard_reinforced_mix,Inboard reinforced two-family mix,0.0,0.0,1.0,1.0,0.0,1.0,0.0,1.12,1.0,0.0,"[61.27,61.27,61.27,61.27,45.95,30.0]","[59.67,59.67,59.67,59.67,44.35,28.4]","[0.8,0.8,0.8,0.8,0.8,0.8]","[22.4,22.4,22.4,22.4,22.4,22.4]","[20.8,20.8,20.8,20.8,14.8,14.8]","[0.8,0.8,0.8,0.8,3.8,3.8]",61.27,59.67000000000001,0.8,22.400000000000002,20.800000000000004,0.8,13.613181510534492,16.113181510534492,"[15979.884,15979.884,15979.884,15979.884,6652.537,1800.33]","[729.179,729.179,729.179,729.179,2300.748,2300.748]","[2084.333,2084.333,2084.333,2084.333,867.722,234.826]","[95.11,95.11,95.11,95.11,300.098,300.098]",4101.077989284508,16709.06315884272,534.9232159936314,2179.4430207186156,2.0597768617516716,-0.7068643115518589,-0.7068643115518589,2.7204323893291185,0.10625917965658513,0.0,0.0,0.0,0.0,5.551115123125783e-17,5.067451620406764e-18,2936.892364949524,2936.892364949524,[2936.892],fail,1846.7455083322918,False,False,geometry_validity|moment_closure,False,True,False,fail,True,False,True,False,fail,False,False,False,geometry_validity|ground_clearance; negative_margins:ei_dominance_margin_min_nm2=-2801.16588|ei_ratio_margin_min=-1.21750228|ground_clearance_margin_m=-0.706864312|radius_dominance_margin_min_m=-0.0012,geometry_validity|ground_clearance,ei_dominance_margin_min_nm2,-2801.1658786028793,"{""ei_dominance_margin_min_nm2"":-2801.1658786028793,""ei_ratio_margin_min"":-1.217502278484511,""equivalent_buckling_margin"":0.8417976791688875,""equivalent_failure_margin"":0.577380522928478,""equivalent_tip_margin"":0.4902231382483282,""equivalent_twist_margin"":1.9020698937190816,""ground_clearance_margin_m"":-0.7068643115518589,""jig_curvature_margin_per_m"":0.02929195049387262,""jig_prebend_margin_m"":1.3061665549954067,""loaded_shape_main_z_margin_m"":0.025,""loaded_shape_twist_margin_deg"":0.15,""main_hollow_margin_min_m"":0.014199999999999999,""main_radius_taper_margin_min_m"":0.0,""main_thickness_ratio_margin_min_m"":0.0112,""main_thickness_step_margin_min_m"":0.003,""radius_dominance_margin_min_m"":-0.0012000000000000023,""rear_hollow_margin_min_m"":0.007300000000000002,""rear_inboard_ei_margin_min_nm2"":2466.7975471312398,""rear_main_radius_ratio_margin_min_m"":0.011200000000000002,""rear_radius_taper_margin_min_m"":0.0,""rear_thickness_ratio_margin_min_m"":0.005160000000000001,""rear_thickness_step_margin_min_m"":0.0}",7846532.261419434,7846532.261419434,5006.7204250920595,5,-0.6975414041541302,1251.6801062730149,1.0,3,0.05,0.0,1267.9932877835495,"[1267.9932877835495,16.113181510534492,5006.7204250920595,1.0,2.7204323893291185]",analysis complete
2.025,target_main_tip_z_2p025m,20,baseline_or_coarse,coarse_grid,285db5d7e244,"outboard_relaxed_mix|0.000000,0.000000,1.000000,1.000000,0.000000",outboard_relaxed_mix,Outboard relaxed two-family mix,0.0,0.0,1.0,1.0,0.0,1.0,0.0,1.12,1.0,0.0,"[61.27,61.27,61.27,61.27,45.95,30.0]","[59.67,59.67,59.67,59.67,44.35,28.4]","[0.8,0.8,0.8,0.8,0.8,0.8]","[22.4,22.4,22.4,22.4,22.4,22.4]","[20.8,20.8,20.8,20.8,14.8,14.8]","[0.8,0.8,0.8,0.8,3.8,3.8]",61.27,59.67000000000001,0.8,22.400000000000002,20.800000000000004,0.8,13.613181510534492,16.113181510534492,"[15979.884,15979.884,15979.884,15979.884,6652.537,1800.33]","[729.179,729.179,729.179,729.179,2300.748,2300.748]","[2084.333,2084.333,2084.333,2084.333,867.722,234.826]","[95.11,95.11,95.11,95.11,300.098,300.098]",4101.077989284508,16709.06315884272,534.9232159936314,2179.4430207186156,2.0598331041214784,-0.7068643115518589,-0.7068643115518589,2.7204323893291185,0.10625917965658513,0.0,0.0,0.0,0.0,5.551115123125783e-17,5.067451620406764e-18,2936.892364949524,2936.892364949524,[2936.892],fail,1846.7455083322918,False,False,geometry_validity|moment_closure,False,True,False,fail,True,False,True,False,fail,False,False,False,geometry_validity|ground_clearance; negative_margins:ei_dominance_margin_min_nm2=-2801.16588|ei_ratio_margin_min=-1.21750228|ground_clearance_margin_m=-0.706864312|radius_dominance_margin_min_m=-0.0012,geometry_validity|ground_clearance,ei_dominance_margin_min_nm2,-2801.1658786028793,"{""ei_dominance_margin_min_nm2"":-2801.1658786028793,""ei_ratio_margin_min"":-1.217502278484511,""equivalent_buckling_margin"":0.8417964082266912,""equivalent_failure_margin"":0.5773774566927005,""equivalent_tip_margin"":0.49016689587852147,""equivalent_twist_margin"":1.8035458709525596,""ground_clearance_margin_m"":-0.7068643115518589,""jig_curvature_margin_per_m"":0.02929195049387262,""jig_prebend_margin_m"":1.3061665549954067,""loaded_shape_main_z_margin_m"":0.025,""loaded_shape_twist_margin_deg"":0.15,""main_hollow_margin_min_m"":0.014199999999999999,""main_radius_taper_margin_min_m"":0.0,""main_thickness_ratio_margin_min_m"":0.0112,""main_thickness_step_margin_min_m"":0.003,""radius_dominance_margin_min_m"":-0.0012000000000000023,""rear_hollow_margin_min_m"":0.007300000000000002,""rear_inboard_ei_margin_min_nm2"":2466.7975471312398,""rear_main_radius_ratio_margin_min_m"":0.011200000000000002,""rear_radius_taper_margin_min_m"":0.0,""rear_thickness_ratio_margin_min_m"":0.005160000000000001,""rear_thickness_step_margin_min_m"":0.0}",7846532.261419434,7846532.261419434,5006.7204250920595,5,-0.6975414041541302,1251.6801062730149,1.0,3,0.05,0.0,1267.9932877835495,"[1267.9932877835495,16.113181510534492,5006.7204250920595,1.0,2.7204323893291185]",analysis complete
2.025,target_main_tip_z_2p025m,21,baseline_or_coarse,coarse_grid,0fd6c78ad54a,"baseline_uniform|0.000000,0.000000,1.000000,1.000000,1.000000",baseline_uniform,Uniform baseline rib family,0.0,0.0,1.0,1.0,1.0,1.0,0.0,1.12,1.0,1.0,"[61.27,61.27,61.27,61.27,45.95,30.0]","[45.27,45.27,45.27,45.27,29.95,14.0]","[8.0,8.0,8.0,8.0,8.0,8.0]","[22.4,22.4,22.4,22.4,22.4,22.4]","[6.4,6.4,6.4,6.4,0.4,0.4]","[8.0,8.0,8.0,8.0,11.0,11.0]",61.27,45.27,8.0,22.400000000000002,6.400000000000003,8.0,81.0132033972182,83.5132033972182,"[111689.373,111689.373,111689.373,111689.373,41247.326,8711.259]","[2823.489,2823.489,2823.489,2823.489,2842.43,2842.43]","[14568.179,14568.179,14568.179,14568.179,5380.086,1136.251]","[368.281,368.281,368.281,368.281,370.752,370.752]",11553.689343712496,114512.86146683994,1507.002957875543,14936.460191326949,-0.15748899877519643,0.0651858601168413,0.0651858601168413,0.20010633825999946,0.026677589385339096,0.0,0.0,0.0,0.0,2.220446049250313e-16,2.485764517858114e-17,43.15755683340049,43.15755683340049,[43.158],fail,1364.084851683661,False,False,geometry_validity|moment_closure,False,True,False,fail,True,False,True,False,fail,False,False,False,geometry_validity; negative_margins:radius_dominance_margin_min_m=-0.0012|rear_thickness_ratio_margin_min_m=-0.00204,geometry_validity,rear_thickness_ratio_margin_min_m,-0.0020399999999999984,"{""ei_dominance_margin_min_nm2"":3026.3996244331993,""ei_ratio_margin_min"":1.0647226929293248,""equivalent_buckling_margin"":0.9143901147430084,""equivalent_failure_margin"":0.9504119727933419,""equivalent_tip_margin"":2.7074889987751964,""equivalent_twist_margin"":2.0020115842060604,""ground_clearance_margin_m"":0.0651858601168413,""jig_curvature_margin_per_m"":0.10887354076511865,""jig_prebend_margin_m"":3.8264926060645257,""loaded_shape_main_z_margin_m"":0.025,""loaded_shape_twist_margin_deg"":0.15,""main_hollow_margin_min_m"":0.006999999999999999,""main_radius_taper_margin_min_m"":0.0,""main_thickness_ratio_margin_min_m"":0.004,""main_thickness_step_margin_min_m"":0.003,""radius_dominance_margin_min_m"":-0.0012000000000000023,""rear_hollow_margin_min_m"":0.00010000000000000225,""rear_inboard_ei_margin_min_nm2"":19514.386029566922,""rear_main_radius_ratio_margin_min_m"":0.011200000000000002,""rear_radius_taper_margin_min_m"":0.0,""rear_thickness_ratio_margin_min_m"":-0.0020399999999999984,""rear_thickness_step_margin_min_m"":8.673617379884035e-19}",5.601599999999999e-06,5.601599999999999e-06,0.0,0,0.0726595952262956,0.0,0.9999999999999977,3,0.049999999999999885,0.0,83.5632033972182,"[83.5632033972182,83.5132033972182,0.0,0.9999999999999977,0.20010633825999946]",analysis complete
2.025,target_main_tip_z_2p025m,22,baseline_or_coarse,coarse_grid,e9df6d65084e,"inboard_reinforced_mix|0.000000,0.000000,1.000000,1.000000,1.000000",inboard_reinforced_mix,Inboard reinforced two-family mix,0.0,0.0,1.0,1.0,1.0,1.0,0.0,1.12,1.0,1.0,"[61.27,61.27,61.27,61.27,45.95,30.0]","[45.27,45.27,45.27,45.27,29.95,14.0]","[8.0,8.0,8.0,8.0,8.0,8.0]","[22.4,22.4,22.4,22.4,22.4,22.4]","[6.4,6.4,6.4,6.4,0.4,0.4]","[8.0,8.0,8.0,8.0,11.0,11.0]",61.27,45.27,8.0,22.400000000000002,6.400000000000003,8.0,81.0132033972182,83.5132033972182,"[111689.373,111689.373,111689.373,111689.373,41247.326,8711.259]","[2823.489,2823.489,2823.489,2823.489,2842.43,2842.43]","[14568.179,14568.179,14568.179,14568.179,5380.086,1136.251]","[368.281,368.281,368.281,368.281,370.752,370.752]",11553.689343712496,114512.86146683994,1507.002957875543,14936.460191326949,-0.15749194497828795,0.0651858601168413,0.0651858601168413,0.20010633825999946,0.026677589385339096,0.0,0.0,0.0,0.0,2.220446049250313e-16,2.485764517858114e-17,43.15755683340049,43.15755683340049,[43.158],fail,1364.084851683661,False,False,geometry_validity|moment_closure,False,True,False,fail,True,False,True,False,fail,False,False,False,geometry_validity; negative_margins:radius_dominance_margin_min_m=-0.0012|rear_thickness_ratio_margin_min_m=-0.00204,geometry_validity,rear_thickness_ratio_margin_min_m,-0.0020399999999999984,"{""ei_dominance_margin_min_nm2"":3026.3996244331993,""ei_ratio_margin_min"":1.0647226929293248,""equivalent_buckling_margin"":0.9143901151801488,""equivalent_failure_margin"":0.9504118442398503,""equivalent_tip_margin"":2.7074919449782877,""equivalent_twist_margin"":2.00815470115452,""ground_clearance_margin_m"":0.0651858601168413,""jig_curvature_margin_per_m"":0.10887354076511865,""jig_prebend_margin_m"":3.8264926060645257,""loaded_shape_main_z_margin_m"":0.025,""loaded_shape_twist_margin_deg"":0.15,""main_hollow_margin_min_m"":0.006999999999999999,""main_radius_taper_margin_min_m"":0.0,""main_thickness_ratio_margin_min_m"":0.004,""main_thickness_step_margin_min_m"":0.003,""radius_dominance_margin_min_m"":-0.0012000000000000023,""rear_hollow_margin_min_m"":0.00010000000000000225,""rear_inboard_ei_margin_min_nm2"":19514.386029566922,""rear_main_radius_ratio_margin_min_m"":0.011200000000000002,""rear_radius_taper_margin_min_m"":0.0,""rear_thickness_ratio_margin_min_m"":-0.0020399999999999984,""rear_thickness_step_margin_min_m"":8.673617379884035e-19}",5.601599999999999e-06,5.601599999999999e-06,0.0,0,0.0726595952262956,0.0,0.9999999999999977,3,0.049999999999999885,0.0,83.71320339721821,"[83.71320339721821,83.5132033972182,0.0,0.9999999999999977,0.20010633825999946]",analysis complete
2.025,target_main_tip_z_2p025m,23,baseline_or_coarse,coarse_grid,2250e886c5a6,"outboard_relaxed_mix|0.000000,0.000000,1.000000,1.000000,1.000000",outboard_relaxed_mix,Outboard relaxed two-family mix,0.0,0.0,1.0,1.0,1.0,1.0,0.0,1.12,1.0,1.0,"[61.27,61.27,61.27,61.27,45.95,30.0]","[45.27,45.27,45.27,45.27,29.95,14.0]","[8.0,8.0,8.0,8.0,8.0,8.0]","[22.4,22.4,22.4,22.4,22.4,22.4]","[6.4,6.4,6.4,6.4,0.4,0.4]","[8.0,8.0,8.0,8.0,11.0,11.0]",61.27,45.27,8.0,22.400000000000002,6.400000000000003,8.0,81.0132033972182,83.5132033972182,"[111689.373,111689.373,111689.373,111689.373,41247.326,8711.259]","[2823.489,2823.489,2823.489,2823.489,2842.43,2842.43]","[14568.179,14568.179,14568.179,14568.179,5380.086,1136.251]","[368.281,368.281,368.281,368.281,370.752,370.752]",11553.689343712496,114512.86146683994,1507.002957875543,14936.460191326949,-0.15748395771846033,0.0651858601168413,0.0651858601168413,0.20010633825999946,0.026677589385339096,0.0,0.0,0.0,0.0,2.220446049250313e-16,2.485764517858114e-17,43.15755683340049,43.15755683340049,[43.158],fail,1364.084851683661,False,False,geometry_validity|moment_closure,False,True,False,fail,True,False,True,False,fail,False,False,False,geometry_validity; negative_margins:radius_dominance_margin_min_m=-0.0012|rear_thickness_ratio_margin_min_m=-0.00204,geometry_validity,rear_thickness_ratio_margin_min_m,-0.0020399999999999984,"{""ei_dominance_margin_min_nm2"":3026.3996244331993,""ei_ratio_margin_min"":1.0647226929293248,""equivalent_buckling_margin"":0.9143901129575448,""equivalent_failure_margin"":0.9504121877987712,""equivalent_tip_margin"":2.70748395771846,""equivalent_twist_margin"":1.991499859744359,""ground_clearance_margin_m"":0.0651858601168413,""jig_curvature_margin_per_m"":0.10887354076511865,""jig_prebend_margin_m"":3.8264926060645257,""loaded_shape_main_z_margin_m"":0.025,""loaded_shape_twist_margin_deg"":0.15,""main_hollow_margin_min_m"":0.006999999999999999,""main_radius_taper_margin_min_m"":0.0,""main_thickness_ratio_margin_min_m"":0.004,""main_thickness_step_margin_min_m"":0.003,""radius_dominance_margin_min_m"":-0.0012000000000000023,""rear_hollow_margin_min_m"":0.00010000000000000225,""rear_inboard_ei_margin_min_nm2"":19514.386029566922,""rear_main_radius_ratio_margin_min_m"":0.011200000000000002,""rear_radius_taper_margin_min_m"":0.0,""rear_thickness_ratio_margin_min_m"":-0.0020399999999999984,""rear_thickness_step_margin_min_m"":8.673617379884035e-19}",5.601599999999999e-06,5.601599999999999e-06,0.0,0,0.0726595952262956,0.0,0.9999999999999977,3,0.049999999999999885,0.0,83.71320339721821,"[83.71320339721821,83.5132033972182,0.0,0.9999999999999977,0.20010633825999946]",analysis complete
2.025,target_main_tip_z_2p025m,24,baseline_or_coarse,coarse_grid,1e0cceeac087,"baseline_uniform|0.000000,1.000000,0.000000,0.000000,0.000000",baseline_uniform,Uniform baseline rib family,0.0,1.0,0.0,0.0,0.0,1.0,0.8,1.0,0.0,0.0,"[61.27,61.27,61.27,61.27,54.38628,47.219483]","[59.67,59.67,59.67,59.67,52.78628,45.619483]","[0.8,0.8,0.8,0.8,0.8,0.8]","[20.0,20.0,20.0,20.0,20.0,20.0]","[18.4,18.4,18.4,18.4,18.4,18.4]","[0.8,0.8,0.8,0.8,0.8,0.8]",61.27,59.67000000000001,0.8,20.0,18.4,0.8,10.410617270960177,12.910617270960177,"[15979.884,15979.884,15979.884,15979.884,11120.782,7229.489]","[512.312,512.312,512.312,512.312,512.312,512.312]","[2084.333,2084.333,2084.333,2084.333,1450.537,942.977]","[66.823,66.823,66.823,66.823,66.823,66.823]",7741.801002398776,16492.196152832916,1009.8001307476663,2151.156019934728,2.5005331415671064,-1.237001856858429,-1.237001856858429,3.2505699346356884,0.12156438063356312,0.0,0.0,0.0,0.0,5.551115123125783e-17,6.206335383118182e-18,3190.469671862785,3190.469671862785,[3190.47],fail,1871.333168379793,False,False,moment_closure,False,True,False,pass,True,True,True,False,fail,False,False,False,ground_clearance; negative_margins:ground_clearance_margin_m=-1.23700186,ground_clearance,ground_clearance_margin_m,-1.237001856858429,"{""ei_dominance_margin_min_nm2"":6204.864308834928,""ei_ratio_margin_min"":12.11148969535061,""equivalent_buckling_margin"":0.8175437281869018,""equivalent_failure_margin"":0.4963382170429345,""equivalent_tip_margin"":0.049466858432893446,""equivalent_twist_margin"":1.8541132796225106,""ground_clearance_margin_m"":-1.237001856858429,""jig_curvature_margin_per_m"":0.013986749516894631,""jig_prebend_margin_m"":0.7760290096888367,""loaded_shape_main_z_margin_m"":0.025,""loaded_shape_twist_margin_deg"":0.15,""main_hollow_margin_min_m"":0.022809741646027244,""main_radius_taper_margin_min_m"":0.0,""main_thickness_ratio_margin_min_m"":0.018087793316821796,""main_thickness_step_margin_min_m"":0.003,""radius_dominance_margin_min_m"":0.008609741646027243,""rear_hollow_margin_min_m"":0.0091,""rear_inboard_ei_margin_min_nm2"":2683.664553141044,""rear_main_radius_ratio_margin_min_m"":0.01,""rear_radius_taper_margin_min_m"":0.0,""rear_thickness_ratio_margin_min_m"":0.0072,""rear_thickness_step_margin_min_m"":0.003}",1.530173593871201,1.530173593871201,14496.59005637677,5,-1.193604099051635,3624.1475140941925,0.6666666666666666,2,0.03333333333333333,0.0,3637.091464698486,"[3637.091464698486,12.910617270960177,14496.59005637677,0.6666666666666666,3.2505699346356884]",analysis complete
2.025,target_main_tip_z_2p025m,25,baseline_or_coarse,coarse_grid,e35fe1171e1c,"inboard_reinforced_mix|0.000000,1.000000,0.000000,0.000000,0.000000",inboard_reinforced_mix,Inboard reinforced two-family mix,0.0,1.0,0.0,0.0,0.0,1.0,0.8,1.0,0.0,0.0,"[61.27,61.27,61.27,61.27,54.38628,47.219483]","[59.67,59.67,59.67,59.67,52.78628,45.619483]","[0.8,0.8,0.8,0.8,0.8,0.8]","[20.0,20.0,20.0,20.0,20.0,20.0]","[18.4,18.4,18.4,18.4,18.4,18.4]","[0.8,0.8,0.8,0.8,0.8,0.8]",61.27,59.67000000000001,0.8,20.0,18.4,0.8,10.410617270960177,12.910617270960177,"[15979.884,15979.884,15979.884,15979.884,11120.782,7229.489]","[512.312,512.312,512.312,512.312,512.312,512.312]","[2084.333,2084.333,2084.333,2084.333,1450.537,942.977]","[66.823,66.823,66.823,66.823,66.823,66.823]",7741.801002398776,16492.196152832916,1009.8001307476663,2151.156019934728,2.5005168775607545,-1.237001856858429,-1.237001856858429,3.2505699346356884,0.12156438063356312,0.0,0.0,0.0,0.0,5.551115123125783e-17,6.206335383118182e-18,3190.469671862785,3190.469671862785,[3190.47],fail,1871.333168379793,False,False,moment_closure,False,True,False,pass,True,True,True,False,fail,False,False,False,ground_clearance; negative_margins:ground_clearance_margin_m=-1.23700186,ground_clearance,ground_clearance_margin_m,-1.237001856858429,"{""ei_dominance_margin_min_nm2"":6204.864308834928,""ei_ratio_margin_min"":12.11148969535061,""equivalent_buckling_margin"":0.8175440494692038,""equivalent_failure_margin"":0.49633898118840214,""equivalent_tip_margin"":0.04948312243924535,""equivalent_twist_margin"":1.8935734284687409,""ground_clearance_margin_m"":-1.237001856858429,""jig_curvature_margin_per_m"":0.013986749516894631,""jig_prebend_margin_m"":0.7760290096888367,""loaded_shape_main_z_margin_m"":0.025,""loaded_shape_twist_margin_deg"":0.15,""main_hollow_margin_min_m"":0.022809741646027244,""main_radius_taper_margin_min_m"":0.0,""main_thickness_ratio_margin_min_m"":0.018087793316821796,""main_thickness_step_margin_min_m"":0.003,""radius_dominance_margin_min_m"":0.008609741646027243,""rear_hollow_margin_min_m"":0.0091,""rear_inboard_ei_margin_min_nm2"":2683.664553141044,""rear_main_radius_ratio_margin_min_m"":0.01,""rear_radius_taper_margin_min_m"":0.0,""rear_thickness_ratio_margin_min_m"":0.0072,""rear_thickness_step_margin_min_m"":0.003}",1.530173593871201,1.530173593871201,14496.59005637677,5,-1.193604099051635,3624.1475140941925,0.6666666666666666,2,0.03333333333333333,0.0,3637.241464698486,"[3637.241464698486,12.910617270960177,14496.59005637677,0.6666666666666666,3.2505699346356884]",analysis complete
2.025,target_main_tip_z_2p025m,26,baseline_or_coarse,coarse_grid,0e1b44eb59d8,"outboard_relaxed_mix|0.000000,1.000000,0.000000,0.000000,0.000000",outboard_relaxed_mix,Outboard relaxed two-family mix,0.0,1.0,0.0,0.0,0.0,1.0,0.8,1.0,0.0,0.0,"[61.27,61.27,61.27,61.27,54.38628,47.219483]","[59.67,59.67,59.67,59.67,52.78628,45.619483]","[0.8,0.8,0.8,0.8,0.8,0.8]","[20.0,20.0,20.0,20.0,20.0,20.0]","[18.4,18.4,18.4,18.4,18.4,18.4]","[0.8,0.8,0.8,0.8,0.8,0.8]",61.27,59.67000000000001,0.8,20.0,18.4,0.8,10.410617270960177,12.910617270960177,"[15979.884,15979.884,15979.884,15979.884,11120.782,7229.489]","[512.312,512.312,512.312,512.312,512.312,512.312]","[2084.333,2084.333,2084.333,2084.333,1450.537,942.977]","[66.823,66.823,66.823,66.823,66.823,66.823]",7741.801002398776,16492.196152832916,1009.8001307476663,2151.156019934728,2.5005609629822825,-1.237001856858429,-1.237001856858429,3.2505699346356884,0.12156438063356312,0.0,0.0,0.0,0.0,5.551115123125783e-17,6.206335383118182e-18,3190.469671862785,3190.469671862785,[3190.47],fail,1871.333168379793,False,False,moment_closure,False,True,False,pass,True,True,True,False,fail,False,False,False,ground_clearance; negative_margins:ground_clearance_margin_m=-1.23700186,ground_clearance,ground_clearance_margin_m,-1.237001856858429,"{""ei_dominance_margin_min_nm2"":6204.864308834928,""ei_ratio_margin_min"":12.11148969535061,""equivalent_buckling_margin"":0.817543132848178,""equivalent_failure_margin"":0.49633690209459297,""equivalent_tip_margin"":0.04943903701771735,""equivalent_twist_margin"":1.785496526002124,""ground_clearance_margin_m"":-1.237001856858429,""jig_curvature_margin_per_m"":0.013986749516894631,""jig_prebend_margin_m"":0.7760290096888367,""loaded_shape_main_z_margin_m"":0.025,""loaded_shape_twist_margin_deg"":0.15,""main_hollow_margin_min_m"":0.022809741646027244,""main_radius_taper_margin_min_m"":0.0,""main_thickness_ratio_margin_min_m"":0.018087793316821796,""main_thickness_step_margin_min_m"":0.003,""radius_dominance_margin_min_m"":0.008609741646027243,""rear_hollow_margin_min_m"":0.0091,""rear_inboard_ei_margin_min_nm2"":2683.664553141044,""rear_main_radius_ratio_margin_min_m"":0.01,""rear_radius_taper_margin_min_m"":0.0,""rear_thickness_ratio_margin_min_m"":0.0072,""rear_thickness_step_margin_min_m"":0.003}",1.530173593871201,1.530173593871201,14496.59005637677,5,-1.193604099051635,3624.1475140941925,0.6666666666666666,2,0.03333333333333333,0.0,3637.241464698486,"[3637.241464698486,12.910617270960177,14496.59005637677,0.6666666666666666,3.2505699346356884]",analysis complete
2.025,target_main_tip_z_2p025m,27,baseline_or_coarse,coarse_grid,8c58b4c701e3,"baseline_uniform|0.000000,1.000000,0.000000,0.000000,1.000000",baseline_uniform,Uniform baseline rib family,0.0,1.0,0.0,0.0,1.0,1.0,0.8,1.0,0.0,1.0,"[61.27,61.27,61.27,61.27,54.38628,47.219483]","[45.27,45.27,45.27,45.27,38.38628,31.219483]","[8.0,8.0,8.0,8.0,8.0,8.0]","[20.0,20.0,20.0,20.0,20.0,20.0]","[4.0,4.0,4.0,4.0,4.0,4.0]","[8.0,8.0,8.0,8.0,8.0,8.0]",61.27,45.27,8.0,20.0,4.0,8.0,84.22577555515677,86.72577555515677,"[111689.373,111689.373,111689.373,111689.373,74263.543,45403.318]","[1803.526,1803.526,1803.526,1803.526,1803.526,1803.526]","[14568.179,14568.179,14568.179,14568.179,9686.549,5922.172]","[235.242,235.242,235.242,235.242,235.242,235.242]",47206.843806734636,113492.89842424521,6157.414409574083,14803.421533597202,-0.26529954641948045,0.06518586011375119,0.06518586011375119,0.706833107655509,0.03218686397492654,1.1102230246251565e-16,6.409875621278546e-17,1.4405143744511406e-14,5.550467455245254e-14,2.220446049250313e-16,6.155702369008663e-17,0.0,0.0,[0.0],fail,1310.407213843158,False,False,moment_closure,False,True,False,pass,True,True,True,True,pass,True,False,False,eligible_but_higher_objective_than_reported_selected,,rear_thickness_ratio_margin_min_m,0.0,"{""ei_dominance_margin_min_nm2"":41796.26727501615,""ei_ratio_margin_min"":23.174758011457786,""equivalent_buckling_margin"":0.9142398112991458,""equivalent_failure_margin"":0.9438170120793737,""equivalent_tip_margin"":2.8152995464194803,""equivalent_twist_margin"":1.996052348927536,""ground_clearance_margin_m"":0.06518586011375119,""jig_curvature_margin_per_m"":0.10336426617553121,""jig_prebend_margin_m"":3.319765836669016,""loaded_shape_main_z_margin_m"":0.02499999999999989,""loaded_shape_twist_margin_deg"":0.1499999999999856,""main_hollow_margin_min_m"":0.015609741646027242,""main_radius_taper_margin_min_m"":0.0,""main_thickness_ratio_margin_min_m"":0.010887793316821794,""main_thickness_step_margin_min_m"":0.003,""radius_dominance_margin_min_m"":0.008609741646027243,""rear_hollow_margin_min_m"":0.0019,""rear_inboard_ei_margin_min_nm2"":20534.34907216165,""rear_main_radius_ratio_margin_min_m"":0.01,""rear_radius_taper_margin_min_m"":0.0,""rear_thickness_ratio_margin_min_m"":0.0,""rear_thickness_step_margin_min_m"":0.003}",0.0,0.0,0.0,0,0.07273567650200922,0.0,0.6666666666666666,2,0.03333333333333333,2.7752337276226273e-15,86.7591088884901,"[86.7591088884901,86.72577555515677,0.0,0.6666666666666666,0.706833107655509]",analysis complete
2.025,target_main_tip_z_2p025m,28,baseline_or_coarse,coarse_grid,68d51b2a30d4,"inboard_reinforced_mix|0.000000,1.000000,0.000000,0.000000,1.000000",inboard_reinforced_mix,Inboard reinforced two-family mix,0.0,1.0,0.0,0.0,1.0,1.0,0.8,1.0,0.0,1.0,"[61.27,61.27,61.27,61.27,54.38628,47.219483]","[45.27,45.27,45.27,45.27,38.38628,31.219483]","[8.0,8.0,8.0,8.0,8.0,8.0]","[20.0,20.0,20.0,20.0,20.0,20.0]","[4.0,4.0,4.0,4.0,4.0,4.0]","[8.0,8.0,8.0,8.0,8.0,8.0]",61.27,45.27,8.0,20.0,4.0,8.0,84.22577555515677,86.72577555515677,"[111689.373,111689.373,111689.373,111689.373,74263.543,45403.318]","[1803.526,1803.526,1803.526,1803.526,1803.526,1803.526]","[14568.179,14568.179,14568.179,14568.179,9686.549,5922.172]","[235.242,235.242,235.242,235.242,235.242,235.242]",47206.843806734636,113492.89842424521,6157.414409574083,14803.421533597202,-0.26530224589969253,0.06518586011375119,0.06518586011375119,0.706833107655509,0.03218686397492654,1.1102230246251565e-16,6.409875621278546e-17,1.4405143744511406e-14,5.550467455245254e-14,2.220446049250313e-16,6.155702369008663e-17,0.0,0.0,[0.0],fail,1310.407213843158,False,False,moment_closure,False,True,False,pass,True,True,True,True,pass,True,False,False,eligible_but_higher_objective_than_reported_selected,,rear_thickness_ratio_margin_min_m,0.0,"{""ei_dominance_margin_min_nm2"":41796.26727501615,""ei_ratio_margin_min"":23.174758011457786,""equivalent_buckling_margin"":0.9142398117225382,""equivalent_failure_margin"":0.943816936351898,""equivalent_tip_margin"":2.8153022458996926,""equivalent_twist_margin"":2.002811427124258,""ground_clearance_margin_m"":0.06518586011375119,""jig_curvature_margin_per_m"":0.10336426617553121,""jig_prebend_margin_m"":3.319765836669016,""loaded_shape_main_z_margin_m"":0.02499999999999989,""loaded_shape_twist_margin_deg"":0.1499999999999856,""main_hollow_margin_min_m"":0.015609741646027242,""main_radius_taper_margin_min_m"":0.0,""main_thickness_ratio_margin_min_m"":0.010887793316821794,""main_thickness_step_margin_min_m"":0.003,""radius_dominance_margin_min_m"":0.008609741646027243,""rear_hollow_margin_min_m"":0.0019,""rear_inboard_ei_margin_min_nm2"":20534.34907216165,""rear_main_radius_ratio_margin_min_m"":0.01,""rear_radius_taper_margin_min_m"":0.0,""rear_thickness_ratio_margin_min_m"":0.0,""rear_thickness_step_margin_min_m"":0.003}",0.0,0.0,0.0,0,0.07273567650200922,0.0,0.6666666666666666,2,0.03333333333333333,2.7752337276226273e-15,86.90910888849011,"[86.90910888849011,86.72577555515677,0.0,0.6666666666666666,0.706833107655509]",analysis complete
2.025,target_main_tip_z_2p025m,29,baseline_or_coarse,coarse_grid,0e9dfe720d0b,"outboard_relaxed_mix|0.000000,1.000000,0.000000,0.000000,1.000000",outboard_relaxed_mix,Outboard relaxed two-family mix,0.0,1.0,0.0,0.0,1.0,1.0,0.8,1.0,0.0,1.0,"[61.27,61.27,61.27,61.27,54.38628,47.219483]","[45.27,45.27,45.27,45.27,38.38628,31.219483]","[8.0,8.0,8.0,8.0,8.0,8.0]","[20.0,20.0,20.0,20.0,20.0,20.0]","[4.0,4.0,4.0,4.0,4.0,4.0]","[8.0,8.0,8.0,8.0,8.0,8.0]",61.27,45.27,8.0,20.0,4.0,8.0,84.22577555515677,86.72577555515677,"[111689.373,111689.373,111689.373,111689.373,74263.543,45403.318]","[1803.526,1803.526,1803.526,1803.526,1803.526,1803.526]","[14568.179,14568.179,14568.179,14568.179,9686.549,5922.172]","[235.242,235.242,235.242,235.242,235.242,235.242]",47206.843806734636,113492.89842424521,6157.414409574083,14803.421533597202,-0.2652949293340816,0.06518586011375119,0.06518586011375119,0.706833107655509,0.03218686397492654,1.1102230246251565e-16,6.409875621278546e-17,1.4405143744511406e-14,5.550467455245254e-14,2.220446049250313e-16,6.155702369008663e-17,0.0,0.0,[0.0],fail,1310.407213843158,False,False,moment_closure,False,True,False,pass,True,True,True,True,pass,True,False,False,eligible_but_higher_objective_than_reported_selected,,rear_thickness_ratio_margin_min_m,0.0,"{""ei_dominance_margin_min_nm2"":41796.26727501615,""ei_ratio_margin_min"":23.174758011457786,""equivalent_buckling_margin"":0.9142398097888784,""equivalent_failure_margin"":0.9438171371265739,""equivalent_tip_margin"":2.8152949293340814,""equivalent_twist_margin"":1.9844917521473673,""ground_clearance_margin_m"":0.06518586011375119,""jig_curvature_margin_per_m"":0.10336426617553121,""jig_prebend_margin_m"":3.319765836669016,""loaded_shape_main_z_margin_m"":0.02499999999999989,""loaded_shape_twist_margin_deg"":0.1499999999999856,""main_hollow_margin_min_m"":0.015609741646027242,""main_radius_taper_margin_min_m"":0.0,""main_thickness_ratio_margin_min_m"":0.010887793316821794,""main_thickness_step_margin_min_m"":0.003,""radius_dominance_margin_min_m"":0.008609741646027243,""rear_hollow_margin_min_m"":0.0019,""rear_inboard_ei_margin_min_nm2"":20534.34907216165,""rear_main_radius_ratio_margin_min_m"":0.01,""rear_radius_taper_margin_min_m"":0.0,""rear_thickness_ratio_margin_min_m"":0.0,""rear_thickness_step_margin_min_m"":0.003}",0.0,0.0,0.0,0,0.07273567650200922,0.0,0.6666666666666666,2,0.03333333333333333,2.7752337276226273e-15,86.90910888849011,"[86.90910888849011,86.72577555515677,0.0,0.6666666666666666,0.706833107655509]",analysis complete
2.025,target_main_tip_z_2p025m,30,baseline_or_coarse,coarse_grid,116fcd83d102,"baseline_uniform|0.000000,1.000000,0.000000,1.000000,0.000000",baseline_uniform,Uniform baseline rib family,0.0,1.0,0.0,1.0,0.0,1.0,0.8,1.0,1.0,0.0,"[61.27,61.27,61.27,61.27,54.38628,47.219483]","[59.67,59.67,59.67,59.67,52.78628,45.619483]","[0.8,0.8,0.8,0.8,0.8,0.8]","[20.0,20.0,20.0,20.0,20.0,20.0]","[18.4,18.4,18.4,18.4,12.4,12.4]","[0.8,0.8,0.8,0.8,3.8,3.8]",61.27,59.67000000000001,0.8,20.0,18.4,0.8,13.518684304904605,16.018684304904603,"[15979.884,15979.884,15979.884,15979.884,11120.782,7229.489]","[512.312,512.312,512.312,512.312,1539.494,1539.494]","[2084.333,2084.333,2084.333,2084.333,1450.537,942.977]","[66.823,66.823,66.823,66.823,200.804,200.804]",8768.982482433656,16492.196152832916,1143.7803237956941,2151.156019934728,1.952788082282214,-0.5738042713986937,-0.5738042713986937,2.578017547337855,0.11981764964265762,0.0,0.0,0.0,0.0,1.7763568394002505e-15,2.293966561376616e-16,2925.1213412621278,2925.1213412621278,[2925.121],fail,1861.8902866389585,False,False,moment_closure,False,True,False,pass,True,True,True,False,fail,False,False,False,ground_clearance; negative_margins:ground_clearance_margin_m=-0.573804271,ground_clearance,ground_clearance_margin_m,-0.5738042713986937,"{""ei_dominance_margin_min_nm2"":4150.50134876517,""ei_ratio_margin_min"":2.696017085687478,""equivalent_buckling_margin"":0.8416767158403506,""equivalent_failure_margin"":0.5764830910730964,""equivalent_tip_margin"":0.5972119177177859,""equivalent_twist_margin"":1.8516020549662318,""ground_clearance_margin_m"":-0.5738042713986937,""jig_curvature_margin_per_m"":0.01573348050780013,""jig_prebend_margin_m"":1.44858139698667,""loaded_shape_main_z_margin_m"":0.025,""loaded_shape_twist_margin_deg"":0.15,""main_hollow_margin_min_m"":0.022809741646027244,""main_radius_taper_margin_min_m"":0.0,""main_thickness_ratio_margin_min_m"":0.018087793316821796,""main_thickness_step_margin_min_m"":0.003,""radius_dominance_margin_min_m"":0.008609741646027243,""rear_hollow_margin_min_m"":0.0061,""rear_inboard_ei_margin_min_nm2"":2683.664553141044,""rear_main_radius_ratio_margin_min_m"":0.01,""rear_radius_taper_margin_min_m"":0.0,""rear_thickness_ratio_margin_min_m"":0.004200000000000001,""rear_thickness_step_margin_min_m"":0.0}",0.32925134187538574,0.32925134187538574,3389.1520163129303,5,-0.5721621078260155,847.2880040782326,1.0,3,0.05,0.0,863.3566883831371,"[863.3566883831371,16.018684304904603,3389.1520163129303,1.0,2.578017547337855]",analysis complete
2.025,target_main_tip_z_2p025m,31,baseline_or_coarse,coarse_grid,92f5738407a8,"inboard_reinforced_mix|0.000000,1.000000,0.000000,1.000000,0.000000",inboard_reinforced_mix,Inboard reinforced two-family mix,0.0,1.0,0.0,1.0,0.0,1.0,0.8,1.0,1.0,0.0,"[61.27,61.27,61.27,61.27,54.38628,47.219483]","[59.67,59.67,59.67,59.67,52.78628,45.619483]","[0.8,0.8,0.8,0.8,0.8,0.8]","[20.0,20.0,20.0,20.0,20.0,20.0]","[18.4,18.4,18.4,18.4,12.4,12.4]","[0.8,0.8,0.8,0.8,3.8,3.8]",61.27,59.67000000000001,0.8,20.0,18.4,0.8,13.518684304904605,16.018684304904603,"[15979.884,15979.884,15979.884,15979.884,11120.782,7229.489]","[512.312,512.312,512.312,512.312,1539.494,1539.494]","[2084.333,2084.333,2084.333,2084.333,1450.537,942.977]","[66.823,66.823,66.823,66.823,200.804,200.804]",8768.982482433656,16492.196152832916,1143.7803237956941,2151.156019934728,1.9527655508711717,-0.5738042713986937,-0.5738042713986937,2.578017547337855,0.11981764964265762,0.0,0.0,0.0,0.0,1.7763568394002505e-15,2.293966561376616e-16,2925.1213412621278,2925.1213412621278,[2925.121],fail,1861.8902866389585,False,False,moment_closure,False,True,False,pass,True,True,True,False,fail,False,False,False,ground_clearance; negative_margins:ground_clearance_margin_m=-0.573804271,ground_clearance,ground_clearance_margin_m,-0.5738042713986937,"{""ei_dominance_margin_min_nm2"":4150.50134876517,""ei_ratio_margin_min"":2.696017085687478,""equivalent_buckling_margin"":0.8416772838023803,""equivalent_failure_margin"":0.5764845551655895,""equivalent_tip_margin"":0.5972344491288282,""equivalent_twist_margin"":1.8905670498527205,""ground_clearance_margin_m"":-0.5738042713986937,""jig_curvature_margin_per_m"":0.01573348050780013,""jig_prebend_margin_m"":1.44858139698667,""loaded_shape_main_z_margin_m"":0.025,""loaded_shape_twist_margin_deg"":0.15,""main_hollow_margin_min_m"":0.022809741646027244,""main_radius_taper_margin_min_m"":0.0,""main_thickness_ratio_margin_min_m"":0.018087793316821796,""main_thickness_step_margin_min_m"":0.003,""radius_dominance_margin_min_m"":0.008609741646027243,""rear_hollow_margin_min_m"":0.0061,""rear_inboard_ei_margin_min_nm2"":2683.664553141044,""rear_main_radius_ratio_margin_min_m"":0.01,""rear_radius_taper_margin_min_m"":0.0,""rear_thickness_ratio_margin_min_m"":0.004200000000000001,""rear_thickness_step_margin_min_m"":0.0}",0.32925134187538574,0.32925134187538574,3389.1520163129303,5,-0.5721621078260155,847.2880040782326,1.0,3,0.05,0.0,863.5066883831371,"[863.5066883831371,16.018684304904603,3389.1520163129303,1.0,2.578017547337855]",analysis complete
2.025,target_main_tip_z_2p025m,32,baseline_or_coarse,coarse_grid,5f7c4d1b0380,"outboard_relaxed_mix|0.000000,1.000000,0.000000,1.000000,0.000000",outboard_relaxed_mix,Outboard relaxed two-family mix,0.0,1.0,0.0,1.0,0.0,1.0,0.8,1.0,1.0,0.0,"[61.27,61.27,61.27,61.27,54.38628,47.219483]","[59.67,59.67,59.67,59.67,52.78628,45.619483]","[0.8,0.8,0.8,0.8,0.8,0.8]","[20.0,20.0,20.0,20.0,20.0,20.0]","[18.4,18.4,18.4,18.4,12.4,12.4]","[0.8,0.8,0.8,0.8,3.8,3.8]",61.27,59.67000000000001,0.8,20.0,18.4,0.8,13.518684304904605,16.018684304904603,"[15979.884,15979.884,15979.884,15979.884,11120.782,7229.489]","[512.312,512.312,512.312,512.312,1539.494,1539.494]","[2084.333,2084.333,2084.333,2084.333,1450.537,942.977]","[66.823,66.823,66.823,66.823,200.804,200.804]",8768.982482433656,16492.196152832916,1143.7803237956941,2151.156019934728,1.9528265798271376,-0.5738042713986937,-0.5738042713986937,2.578017547337855,0.11981764964265762,0.0,0.0,0.0,0.0,1.7763568394002505e-15,2.293966561376616e-16,2925.1213412621278,2925.1213412621278,[2925.121],fail,1861.8902866389585,False,False,moment_closure,False,True,False,pass,True,True,True,False,fail,False,False,False,ground_clearance; negative_margins:ground_clearance_margin_m=-0.573804271,ground_clearance,ground_clearance_margin_m,-0.5738042713986937,"{""ei_dominance_margin_min_nm2"":4150.50134876517,""ei_ratio_margin_min"":2.696017085687478,""equivalent_buckling_margin"":0.8416756793686697,""equivalent_failure_margin"":0.5764805793199678,""equivalent_tip_margin"":0.5971734201728622,""equivalent_twist_margin"":1.7843563814147023,""ground_clearance_margin_m"":-0.5738042713986937,""jig_curvature_margin_per_m"":0.01573348050780013,""jig_prebend_margin_m"":1.44858139698667,""loaded_shape_main_z_margin_m"":0.025,""loaded_shape_twist_margin_deg"":0.15,""main_hollow_margin_min_m"":0.022809741646027244,""main_radius_taper_margin_min_m"":0.0,""main_thickness_ratio_margin_min_m"":0.018087793316821796,""main_thickness_step_margin_min_m"":0.003,""radius_dominance_margin_min_m"":0.008609741646027243,""rear_hollow_margin_min_m"":0.0061,""rear_inboard_ei_margin_min_nm2"":2683.664553141044,""rear_main_radius_ratio_margin_min_m"":0.01,""rear_radius_taper_margin_min_m"":0.0,""rear_thickness_ratio_margin_min_m"":0.004200000000000001,""rear_thickness_step_margin_min_m"":0.0}",0.32925134187538574,0.32925134187538574,3389.1520163129303,5,-0.5721621078260155,847.2880040782326,1.0,3,0.05,0.0,863.5066883831371,"[863.5066883831371,16.018684304904603,3389.1520163129303,1.0,2.578017547337855]",analysis complete
2.025,target_main_tip_z_2p025m,33,baseline_or_coarse,coarse_grid,b8d6e9013b33,"baseline_uniform|0.000000,1.000000,0.000000,1.000000,1.000000",baseline_uniform,Uniform baseline rib family,0.0,1.0,0.0,1.0,1.0,1.0,0.8,1.0,1.0,1.0,"[61.27,61.27,61.27,61.27,54.38628,47.219483]","[45.27,45.27,45.27,45.27,38.38628,31.219483]","[8.0,8.0,8.0,8.0,8.0,8.0]","[20.0,20.0,20.0,20.0,20.0,20.0]","[4.0,4.0,4.0,4.0,0.0,0.0]","[8.0,8.0,8.0,8.0,11.0,11.0]",61.27,45.27,8.0,20.0,4.0,8.0,84.42759808982849,86.92759808982849,"[111689.373,111689.373,111689.373,111689.373,74263.543,45403.318]","[1803.526,1803.526,1803.526,1803.526,1806.416,1806.416]","[14568.179,14568.179,14568.179,14568.179,9686.549,5922.172]","[235.242,235.242,235.242,235.242,235.619,235.619]",47209.73407197594,113492.89842424521,6157.791400692514,14803.421533597202,-0.2703079012772171,0.06518586011723813,0.06518586011723813,0.7312718597516321,0.03314311203131304,1.1102230246251565e-16,6.409875621278546e-17,1.4405143744511406e-14,5.550467455245254e-14,2.220446049250313e-16,5.985173094038517e-17,0.0,0.0,[0.0],fail,1306.8022850149162,False,False,geometry_validity|moment_closure,False,True,False,fail,True,False,True,False,fail,False,False,False,geometry_validity; negative_margins:rear_hollow_margin_min_m=-0.0011|rear_thickness_ratio_margin_min_m=-0.003,geometry_validity,rear_thickness_ratio_margin_min_m,-0.002999999999999999,"{""ei_dominance_margin_min_nm2"":41790.848027688706,""ei_ratio_margin_min"":23.136992097849237,""equivalent_buckling_margin"":0.914237945469967,""equivalent_failure_margin"":0.9434038541555367,""equivalent_tip_margin"":2.820307901277217,""equivalent_twist_margin"":1.9958877960208474,""ground_clearance_margin_m"":0.06518586011723813,""jig_curvature_margin_per_m"":0.10240801811914471,""jig_prebend_margin_m"":3.295327084572893,""loaded_shape_main_z_margin_m"":0.02499999999999989,""loaded_shape_twist_margin_deg"":0.1499999999999856,""main_hollow_margin_min_m"":0.015609741646027242,""main_radius_taper_margin_min_m"":0.0,""main_thickness_ratio_margin_min_m"":0.010887793316821794,""main_thickness_step_margin_min_m"":0.003,""radius_dominance_margin_min_m"":0.008609741646027243,""rear_hollow_margin_min_m"":-0.0010999999999999992,""rear_inboard_ei_margin_min_nm2"":20534.34907216165,""rear_main_radius_ratio_margin_min_m"":0.01,""rear_radius_taper_margin_min_m"":0.0,""rear_thickness_ratio_margin_min_m"":-0.002999999999999999,""rear_thickness_step_margin_min_m"":8.673617379884035e-19}",1.0209999999999994e-05,1.0209999999999994e-05,0.0,0,0.07274821604670585,0.0,0.9999999999999977,3,0.049999999999999885,2.7752337276226273e-15,86.97759808982849,"[86.97759808982849,86.92759808982849,0.0,0.9999999999999977,0.7312718597516321]",analysis complete
2.025,target_main_tip_z_2p025m,34,baseline_or_coarse,coarse_grid,1ea24098d50a,"inboard_reinforced_mix|0.000000,1.000000,0.000000,1.000000,1.000000",inboard_reinforced_mix,Inboard reinforced two-family mix,0.0,1.0,0.0,1.0,1.0,1.0,0.8,1.0,1.0,1.0,"[61.27,61.27,61.27,61.27,54.38628,47.219483]","[45.27,45.27,45.27,45.27,38.38628,31.219483]","[8.0,8.0,8.0,8.0,8.0,8.0]","[20.0,20.0,20.0,20.0,20.0,20.0]","[4.0,4.0,4.0,4.0,0.0,0.0]","[8.0,8.0,8.0,8.0,11.0,11.0]",61.27,45.27,8.0,20.0,4.0,8.0,84.42759808982849,86.92759808982849,"[111689.373,111689.373,111689.373,111689.373,74263.543,45403.318]","[1803.526,1803.526,1803.526,1803.526,1806.416,1806.416]","[14568.179,14568.179,14568.179,14568.179,9686.549,5922.172]","[235.242,235.242,235.242,235.242,235.619,235.619]",47209.73407197594,113492.89842424521,6157.791400692514,14803.421533597202,-0.2703106238969898,0.06518586011723813,0.06518586011723813,0.7312718597516321,0.03314311203131304,1.1102230246251565e-16,6.409875621278546e-17,1.4405143744511406e-14,5.550467455245254e-14,2.220446049250313e-16,5.985173094038517e-17,0.0,0.0,[0.0],fail,1306.8022850149162,False,False,geometry_validity|moment_closure,False,True,False,fail,True,False,True,False,fail,False,False,False,geometry_validity; negative_margins:rear_hollow_margin_min_m=-0.0011|rear_thickness_ratio_margin_min_m=-0.003,geometry_validity,rear_thickness_ratio_margin_min_m,-0.002999999999999999,"{""ei_dominance_margin_min_nm2"":41790.848027688706,""ei_ratio_margin_min"":23.136992097849237,""equivalent_buckling_margin"":0.9142379458594665,""equivalent_failure_margin"":0.9434037757844032,""equivalent_tip_margin"":2.8203106238969897,""equivalent_twist_margin"":2.0026424569475374,""ground_clearance_margin_m"":0.06518586011723813,""jig_curvature_margin_per_m"":0.10240801811914471,""jig_prebend_margin_m"":3.295327084572893,""loaded_shape_main_z_margin_m"":0.02499999999999989,""loaded_shape_twist_margin_deg"":0.1499999999999856,""main_hollow_margin_min_m"":0.015609741646027242,""main_radius_taper_margin_min_m"":0.0,""main_thickness_ratio_margin_min_m"":0.010887793316821794,""main_thickness_step_margin_min_m"":0.003,""radius_dominance_margin_min_m"":0.008609741646027243,""rear_hollow_margin_min_m"":-0.0010999999999999992,""rear_inboard_ei_margin_min_nm2"":20534.34907216165,""rear_main_radius_ratio_margin_min_m"":0.01,""rear_radius_taper_margin_min_m"":0.0,""rear_thickness_ratio_margin_min_m"":-0.002999999999999999,""rear_thickness_step_margin_min_m"":8.673617379884035e-19}",1.0209999999999994e-05,1.0209999999999994e-05,0.0,0,0.07274821604670585,0.0,0.9999999999999977,3,0.049999999999999885,2.7752337276226273e-15,87.1275980898285,"[87.1275980898285,86.92759808982849,0.0,0.9999999999999977,0.7312718597516321]",analysis complete
2.025,target_main_tip_z_2p025m,35,baseline_or_coarse,coarse_grid,bbcc774a8fdc,"outboard_relaxed_mix|0.000000,1.000000,0.000000,1.000000,1.000000",outboard_relaxed_mix,Outboard relaxed two-family mix,0.0,1.0,0.0,1.0,1.0,1.0,0.8,1.0,1.0,1.0,"[61.27,61.27,61.27,61.27,54.38628,47.219483]","[45.27,45.27,45.27,45.27,38.38628,31.219483]","[8.0,8.0,8.0,8.0,8.0,8.0]","[20.0,20.0,20.0,20.0,20.0,20.0]","[4.0,4.0,4.0,4.0,0.0,0.0]","[8.0,8.0,8.0,8.0,11.0,11.0]",61.27,45.27,8.0,20.0,4.0,8.0,84.42759808982849,86.92759808982849,"[111689.373,111689.373,111689.373,111689.373,74263.543,45403.318]","[1803.526,1803.526,1803.526,1803.526,1806.416,1806.416]","[14568.179,14568.179,14568.179,14568.179,9686.549,5922.172]","[235.242,235.242,235.242,235.242,235.619,235.619]",47209.73407197594,113492.89842424521,6157.791400692514,14803.421533597202,-0.27030324473313044,0.06518586011723813,0.06518586011723813,0.7312718597516321,0.03314311203131304,1.1102230246251565e-16,6.409875621278546e-17,1.4405143744511406e-14,5.550467455245254e-14,2.220446049250313e-16,5.985173094038517e-17,0.0,0.0,[0.0],fail,1306.8022850149162,False,False,geometry_validity|moment_closure,False,True,False,fail,True,False,True,False,fail,False,False,False,geometry_validity; negative_margins:rear_hollow_margin_min_m=-0.0011|rear_thickness_ratio_margin_min_m=-0.003,geometry_validity,rear_thickness_ratio_margin_min_m,-0.002999999999999999,"{""ei_dominance_margin_min_nm2"":41790.848027688706,""ei_ratio_margin_min"":23.136992097849237,""equivalent_buckling_margin"":0.9142379440279219,""equivalent_failure_margin"":0.9434039838042552,""equivalent_tip_margin"":2.82030324473313,""equivalent_twist_margin"":1.9843349804984072,""ground_clearance_margin_m"":0.06518586011723813,""jig_curvature_margin_per_m"":0.10240801811914471,""jig_prebend_margin_m"":3.295327084572893,""loaded_shape_main_z_margin_m"":0.02499999999999989,""loaded_shape_twist_margin_deg"":0.1499999999999856,""main_hollow_margin_min_m"":0.015609741646027242,""main_radius_taper_margin_min_m"":0.0,""main_thickness_ratio_margin_min_m"":0.010887793316821794,""main_thickness_step_margin_min_m"":0.003,""radius_dominance_margin_min_m"":0.008609741646027243,""rear_hollow_margin_min_m"":-0.0010999999999999992,""rear_inboard_ei_margin_min_nm2"":20534.34907216165,""rear_main_radius_ratio_margin_min_m"":0.01,""rear_radius_taper_margin_min_m"":0.0,""rear_thickness_ratio_margin_min_m"":-0.002999999999999999,""rear_thickness_step_margin_min_m"":8.673617379884035e-19}",1.0209999999999994e-05,1.0209999999999994e-05,0.0,0,0.07274821604670585,0.0,0.9999999999999977,3,0.049999999999999885,2.7752337276226273e-15,87.1275980898285,"[87.1275980898285,86.92759808982849,0.0,0.9999999999999977,0.7312718597516321]",analysis complete
2.025,target_main_tip_z_2p025m,36,baseline_or_coarse,coarse_grid,467161205b90,"baseline_uniform|0.000000,1.000000,1.000000,0.000000,0.000000",baseline_uniform,Uniform baseline rib family,0.0,1.0,1.0,0.0,0.0,1.0,0.8,1.12,0.0,0.0,"[61.27,61.27,61.27,61.27,54.38628,47.219483]","[59.67,59.67,59.67,59.67,52.78628,45.619483]","[0.8,0.8,0.8,0.8,0.8,0.8]","[22.4,22.4,22.4,22.4,22.4,22.4]","[20.8,20.8,20.8,20.8,20.8,20.8]","[0.8,0.8,0.8,0.8,0.8,0.8]",61.27,59.67000000000001,0.8,22.400000000000002,20.800000000000004,0.8,10.741957223534268,13.241957223534268,"[15979.884,15979.884,15979.884,15979.884,11120.782,7229.489]","[729.179,729.179,729.179,729.179,729.179,729.179]","[2084.333,2084.333,2084.333,2084.333,1450.537,942.977]","[95.11,95.11,95.11,95.11,95.11,95.11]",7958.66800840858,16709.06315884272,1038.087131531554,2179.4430207186156,2.443739291997092,-1.1718827550747126,-1.1718827550747126,3.185450832851972,0.1041375440569472,0.0,0.0,0.0,0.0,2.7755575615628914e-17,2.533725810203382e-18,3172.2760196826803,3172.2760196826803,[3172.276],fail,1909.926294702221,False,False,moment_closure,False,True,False,pass,True,True,True,False,fail,False,False,False,ground_clearance; negative_margins:ground_clearance_margin_m=-1.17188276,ground_clearance,ground_clearance_margin_m,-1.1718827550747126,"{""ei_dominance_margin_min_nm2"":5771.1302968153195,""ei_ratio_margin_min"":7.9145565348155795,""equivalent_buckling_margin"":0.8203448095977968,""equivalent_failure_margin"":0.5058332667212889,""equivalent_tip_margin"":0.10626070800290766,""equivalent_twist_margin"":1.8697803883378006,""ground_clearance_margin_m"":-1.1718827550747126,""jig_curvature_margin_per_m"":0.031413586093510554,""jig_prebend_margin_m"":0.841148111472553,""loaded_shape_main_z_margin_m"":0.025,""loaded_shape_twist_margin_deg"":0.15,""main_hollow_margin_min_m"":0.022809741646027244,""main_radius_taper_margin_min_m"":0.0,""main_thickness_ratio_margin_min_m"":0.018087793316821796,""main_thickness_step_margin_min_m"":0.003,""radius_dominance_margin_min_m"":0.0074097416460272405,""rear_hollow_margin_min_m"":0.010300000000000002,""rear_inboard_ei_margin_min_nm2"":2466.7975471312398,""rear_main_radius_ratio_margin_min_m"":0.011200000000000002,""rear_radius_taper_margin_min_m"":0.0,""rear_thickness_ratio_margin_min_m"":0.00816,""rear_thickness_step_margin_min_m"":0.003}",1.3733091916414988,1.3733091916414988,13009.575315066573,5,-1.1301909799974692,3252.3938287666433,0.6666666666666666,2,0.03333333333333333,0.0,3265.669119323511,"[3265.669119323511,13.241957223534268,13009.575315066573,0.6666666666666666,3.185450832851972]",analysis complete
2.025,target_main_tip_z_2p025m,37,baseline_or_coarse,coarse_grid,a3ca6a1943c5,"inboard_reinforced_mix|0.000000,1.000000,1.000000,0.000000,0.000000",inboard_reinforced_mix,Inboard reinforced two-family mix,0.0,1.0,1.0,0.0,0.0,1.0,0.8,1.12,0.0,0.0,"[61.27,61.27,61.27,61.27,54.38628,47.219483]","[59.67,59.67,59.67,59.67,52.78628,45.619483]","[0.8,0.8,0.8,0.8,0.8,0.8]","[22.4,22.4,22.4,22.4,22.4,22.4]","[20.8,20.8,20.8,20.8,20.8,20.8]","[0.8,0.8,0.8,0.8,0.8,0.8]",61.27,59.67000000000001,0.8,22.400000000000002,20.800000000000004,0.8,10.741957223534268,13.241957223534268,"[15979.884,15979.884,15979.884,15979.884,11120.782,7229.489]","[729.179,729.179,729.179,729.179,729.179,729.179]","[2084.333,2084.333,2084.333,2084.333,1450.537,942.977]","[95.11,95.11,95.11,95.11,95.11,95.11]",7958.66800840858,16709.06315884272,1038.087131531554,2179.4430207186156,2.4437239615846518,-1.1718827550747126,-1.1718827550747126,3.185450832851972,0.1041375440569472,0.0,0.0,0.0,0.0,2.7755575615628914e-17,2.533725810203382e-18,3172.2760196826803,3172.2760196826803,[3172.276],fail,1909.926294702221,False,False,moment_closure,False,True,False,pass,True,True,True,False,fail,False,False,False,ground_clearance; negative_margins:ground_clearance_margin_m=-1.17188276,ground_clearance,ground_clearance_margin_m,-1.1718827550747126,"{""ei_dominance_margin_min_nm2"":5771.1302968153195,""ei_ratio_margin_min"":7.9145565348155795,""equivalent_buckling_margin"":0.8203451132554449,""equivalent_failure_margin"":0.5058340120234115,""equivalent_tip_margin"":0.10627603841534805,""equivalent_twist_margin"":1.9058699425996772,""ground_clearance_margin_m"":-1.1718827550747126,""jig_curvature_margin_per_m"":0.031413586093510554,""jig_prebend_margin_m"":0.841148111472553,""loaded_shape_main_z_margin_m"":0.025,""loaded_shape_twist_margin_deg"":0.15,""main_hollow_margin_min_m"":0.022809741646027244,""main_radius_taper_margin_min_m"":0.0,""main_thickness_ratio_margin_min_m"":0.018087793316821796,""main_thickness_step_margin_min_m"":0.003,""radius_dominance_margin_min_m"":0.0074097416460272405,""rear_hollow_margin_min_m"":0.010300000000000002,""rear_inboard_ei_margin_min_nm2"":2466.7975471312398,""rear_main_radius_ratio_margin_min_m"":0.011200000000000002,""rear_radius_taper_margin_min_m"":0.0,""rear_thickness_ratio_margin_min_m"":0.00816,""rear_thickness_step_margin_min_m"":0.003}",1.3733091916414988,1.3733091916414988,13009.575315066573,5,-1.1301909799974692,3252.3938287666433,0.6666666666666666,2,0.03333333333333333,0.0,3265.819119323511,"[3265.819119323511,13.241957223534268,13009.575315066573,0.6666666666666666,3.185450832851972]",analysis complete
2.025,target_main_tip_z_2p025m,38,baseline_or_coarse,coarse_grid,6c9d921e0a99,"outboard_relaxed_mix|0.000000,1.000000,1.000000,0.000000,0.000000",outboard_relaxed_mix,Outboard relaxed two-family mix,0.0,1.0,1.0,0.0,0.0,1.0,0.8,1.12,0.0,0.0,"[61.27,61.27,61.27,61.27,54.38628,47.219483]","[59.67,59.67,59.67,59.67,52.78628,45.619483]","[0.8,0.8,0.8,0.8,0.8,0.8]","[22.4,22.4,22.4,22.4,22.4,22.4]","[20.8,20.8,20.8,20.8,20.8,20.8]","[0.8,0.8,0.8,0.8,0.8,0.8]",61.27,59.67000000000001,0.8,22.400000000000002,20.800000000000004,0.8,10.741957223534268,13.241957223534268,"[15979.884,15979.884,15979.884,15979.884,11120.782,7229.489]","[729.179,729.179,729.179,729.179,729.179,729.179]","[2084.333,2084.333,2084.333,2084.333,1450.537,942.977]","[95.11,95.11,95.11,95.11,95.11,95.11]",7958.66800840858,16709.06315884272,1038.087131531554,2179.4430207186156,2.443765519464392,-1.1718827550747126,-1.1718827550747126,3.185450832851972,0.1041375440569472,0.0,0.0,0.0,0.0,2.7755575615628914e-17,2.533725810203382e-18,3172.2760196826803,3172.2760196826803,[3172.276],fail,1909.926294702221,False,False,moment_closure,False,True,False,pass,True,True,True,False,fail,False,False,False,ground_clearance; negative_margins:ground_clearance_margin_m=-1.17188276,ground_clearance,ground_clearance_margin_m,-1.1718827550747126,"{""ei_dominance_margin_min_nm2"":5771.1302968153195,""ei_ratio_margin_min"":7.9145565348155795,""equivalent_buckling_margin"":0.8203442503114075,""equivalent_failure_margin"":0.5058319848905161,""equivalent_tip_margin"":0.10623448053560791,""equivalent_twist_margin"":1.8068190265181574,""ground_clearance_margin_m"":-1.1718827550747126,""jig_curvature_margin_per_m"":0.031413586093510554,""jig_prebend_margin_m"":0.841148111472553,""loaded_shape_main_z_margin_m"":0.025,""loaded_shape_twist_margin_deg"":0.15,""main_hollow_margin_min_m"":0.022809741646027244,""main_radius_taper_margin_min_m"":0.0,""main_thickness_ratio_margin_min_m"":0.018087793316821796,""main_thickness_step_margin_min_m"":0.003,""radius_dominance_margin_min_m"":0.0074097416460272405,""rear_hollow_margin_min_m"":0.010300000000000002,""rear_inboard_ei_margin_min_nm2"":2466.7975471312398,""rear_main_radius_ratio_margin_min_m"":0.011200000000000002,""rear_radius_taper_margin_min_m"":0.0,""rear_thickness_ratio_margin_min_m"":0.00816,""rear_thickness_step_margin_min_m"":0.003}",1.3733091916414988,1.3733091916414988,13009.575315066573,5,-1.1301909799974692,3252.3938287666433,0.6666666666666666,2,0.03333333333333333,0.0,3265.819119323511,"[3265.819119323511,13.241957223534268,13009.575315066573,0.6666666666666666,3.185450832851972]",analysis complete
2.025,target_main_tip_z_2p025m,39,baseline_or_coarse,coarse_grid,cc872b5f77fc,"baseline_uniform|0.000000,1.000000,1.000000,0.000000,1.000000",baseline_uniform,Uniform baseline rib family,0.0,1.0,1.0,0.0,1.0,1.0,0.8,1.12,0.0,1.0,"[61.27,61.27,61.27,61.27,54.38628,47.219483]","[45.27,45.27,45.27,45.27,38.38628,31.219483]","[8.0,8.0,8.0,8.0,8.0,8.0]","[22.4,22.4,22.4,22.4,22.4,22.4]","[6.4,6.4,6.4,6.4,6.4,6.4]","[8.0,8.0,8.0,8.0,8.0,8.0]",61.27,45.27,8.0,22.400000000000002,6.400000000000003,8.0,87.53917508089764,90.03917508089764,"[111689.373,111689.373,111689.373,111689.373,74263.543,45403.318]","[2823.489,2823.489,2823.489,2823.489,2823.489,2823.489]","[14568.179,14568.179,14568.179,14568.179,9686.549,5922.172]","[368.281,368.281,368.281,368.281,368.281,368.281]",48226.80684932936,114512.86146683994,6290.45306730383,14936.460191326949,-0.2946498439553759,0.0651858601168413,0.0651858601168413,0.8445430671883454,0.024668898095757896,0.0,0.0,0.0,0.0,2.220446049250313e-16,6.397344083151129e-17,0.0,0.0,[0.0],fail,1316.443097577638,False,False,moment_closure,False,True,False,pass,True,True,True,True,pass,True,False,False,eligible_but_higher_objective_than_reported_selected,,main_radius_taper_margin_min_m,0.0,"{""ei_dominance_margin_min_nm2"":39756.34118982669,""ei_ratio_margin_min"":14.080574594582892,""equivalent_buckling_margin"":0.9141980656333126,""equivalent_failure_margin"":0.9411846522185681,""equivalent_tip_margin"":2.844649843955376,""equivalent_twist_margin"":1.9987544281878908,""ground_clearance_margin_m"":0.0651858601168413,""jig_curvature_margin_per_m"":0.11088223205469985,""jig_prebend_margin_m"":3.1820558771361798,""loaded_shape_main_z_margin_m"":0.025,""loaded_shape_twist_margin_deg"":0.15,""main_hollow_margin_min_m"":0.015609741646027242,""main_radius_taper_margin_min_m"":0.0,""main_thickness_ratio_margin_min_m"":0.010887793316821794,""main_thickness_step_margin_min_m"":0.003,""radius_dominance_margin_min_m"":0.0074097416460272405,""rear_hollow_margin_min_m"":0.0031000000000000016,""rear_inboard_ei_margin_min_nm2"":19514.386029566922,""rear_main_radius_ratio_margin_min_m"":0.011200000000000002,""rear_radius_taper_margin_min_m"":0.0,""rear_thickness_ratio_margin_min_m"":0.0009600000000000008,""rear_thickness_step_margin_min_m"":0.003}",0.0,0.0,0.0,0,0.07301646362016821,0.0,0.6666666666666666,2,0.03333333333333333,0.0,90.07250841423097,"[90.07250841423097,90.03917508089764,0.0,0.6666666666666666,0.8445430671883454]",analysis complete
2.025,target_main_tip_z_2p025m,40,baseline_or_coarse,coarse_grid,934b1c2c0c4f,"inboard_reinforced_mix|0.000000,1.000000,1.000000,0.000000,1.000000",inboard_reinforced_mix,Inboard reinforced two-family mix,0.0,1.0,1.0,0.0,1.0,1.0,0.8,1.12,0.0,1.0,"[61.27,61.27,61.27,61.27,54.38628,47.219483]","[45.27,45.27,45.27,45.27,38.38628,31.219483]","[8.0,8.0,8.0,8.0,8.0,8.0]","[22.4,22.4,22.4,22.4,22.4,22.4]","[6.4,6.4,6.4,6.4,6.4,6.4]","[8.0,8.0,8.0,8.0,8.0,8.0]",61.27,45.27,8.0,22.400000000000002,6.400000000000003,8.0,87.53917508089764,90.03917508089764,"[111689.373,111689.373,111689.373,111689.373,74263.543,45403.318]","[2823.489,2823.489,2823.489,2823.489,2823.489,2823.489]","[14568.179,14568.179,14568.179,14568.179,9686.549,5922.172]","[368.281,368.281,368.281,368.281,368.281,368.281]",48226.80684932936,114512.86146683994,6290.45306730383,14936.460191326949,-0.29465235584183586,0.0651858601168413,0.0651858601168413,0.8445430671883454,0.024668898095757896,0.0,0.0,0.0,0.0,2.220446049250313e-16,6.397344083151129e-17,0.0,0.0,[0.0],fail,1316.443097577638,False,False,moment_closure,False,True,False,pass,True,True,True,True,pass,True,False,False,eligible_but_higher_objective_than_reported_selected,,main_radius_taper_margin_min_m,0.0,"{""ei_dominance_margin_min_nm2"":39756.34118982669,""ei_ratio_margin_min"":14.080574594582892,""equivalent_buckling_margin"":0.9141980656532849,""equivalent_failure_margin"":0.9411845690706127,""equivalent_tip_margin"":2.8446523558418355,""equivalent_twist_margin"":2.004756396297409,""ground_clearance_margin_m"":0.0651858601168413,""jig_curvature_margin_per_m"":0.11088223205469985,""jig_prebend_margin_m"":3.1820558771361798,""loaded_shape_main_z_margin_m"":0.025,""loaded_shape_twist_margin_deg"":0.15,""main_hollow_margin_min_m"":0.015609741646027242,""main_radius_taper_margin_min_m"":0.0,""main_thickness_ratio_margin_min_m"":0.010887793316821794,""main_thickness_step_margin_min_m"":0.003,""radius_dominance_margin_min_m"":0.0074097416460272405,""rear_hollow_margin_min_m"":0.0031000000000000016,""rear_inboard_ei_margin_min_nm2"":19514.386029566922,""rear_main_radius_ratio_margin_min_m"":0.011200000000000002,""rear_radius_taper_margin_min_m"":0.0,""rear_thickness_ratio_margin_min_m"":0.0009600000000000008,""rear_thickness_step_margin_min_m"":0.003}",0.0,0.0,0.0,0,0.07301646362016821,0.0,0.6666666666666666,2,0.03333333333333333,0.0,90.22250841423097,"[90.22250841423097,90.03917508089764,0.0,0.6666666666666666,0.8445430671883454]",analysis complete
2.025,target_main_tip_z_2p025m,41,baseline_or_coarse,coarse_grid,a94abdc99bd5,"outboard_relaxed_mix|0.000000,1.000000,1.000000,0.000000,1.000000",outboard_relaxed_mix,Outboard relaxed two-family mix,0.0,1.0,1.0,0.0,1.0,1.0,0.8,1.12,0.0,1.0,"[61.27,61.27,61.27,61.27,54.38628,47.219483]","[45.27,45.27,45.27,45.27,38.38628,31.219483]","[8.0,8.0,8.0,8.0,8.0,8.0]","[22.4,22.4,22.4,22.4,22.4,22.4]","[6.4,6.4,6.4,6.4,6.4,6.4]","[8.0,8.0,8.0,8.0,8.0,8.0]",61.27,45.27,8.0,22.400000000000002,6.400000000000003,8.0,87.53917508089764,90.03917508089764,"[111689.373,111689.373,111689.373,111689.373,74263.543,45403.318]","[2823.489,2823.489,2823.489,2823.489,2823.489,2823.489]","[14568.179,14568.179,14568.179,14568.179,9686.549,5922.172]","[368.281,368.281,368.281,368.281,368.281,368.281]",48226.80684932936,114512.86146683994,6290.45306730383,14936.460191326949,-0.29464554671152376,0.0651858601168413,0.0651858601168413,0.8445430671883454,0.024668898095757896,0.0,0.0,0.0,0.0,2.220446049250313e-16,6.397344083151129e-17,0.0,0.0,[0.0],fail,1316.443097577638,False,False,moment_closure,False,True,False,pass,True,True,True,True,pass,True,False,False,eligible_but_higher_objective_than_reported_selected,,main_radius_taper_margin_min_m,0.0,"{""ei_dominance_margin_min_nm2"":39756.34118982669,""ei_ratio_margin_min"":14.080574594582892,""equivalent_buckling_margin"":0.9141980650141392,""equivalent_failure_margin"":0.9411847913356919,""equivalent_tip_margin"":2.8446455467115235,""equivalent_twist_margin"":1.988486177412423,""ground_clearance_margin_m"":0.0651858601168413,""jig_curvature_margin_per_m"":0.11088223205469985,""jig_prebend_margin_m"":3.1820558771361798,""loaded_shape_main_z_margin_m"":0.025,""loaded_shape_twist_margin_deg"":0.15,""main_hollow_margin_min_m"":0.015609741646027242,""main_radius_taper_margin_min_m"":0.0,""main_thickness_ratio_margin_min_m"":0.010887793316821794,""main_thickness_step_margin_min_m"":0.003,""radius_dominance_margin_min_m"":0.0074097416460272405,""rear_hollow_margin_min_m"":0.0031000000000000016,""rear_inboard_ei_margin_min_nm2"":19514.386029566922,""rear_main_radius_ratio_margin_min_m"":0.011200000000000002,""rear_radius_taper_margin_min_m"":0.0,""rear_thickness_ratio_margin_min_m"":0.0009600000000000008,""rear_thickness_step_margin_min_m"":0.003}",0.0,0.0,0.0,0,0.07301646362016821,0.0,0.6666666666666666,2,0.03333333333333333,0.0,90.22250841423097,"[90.22250841423097,90.03917508089764,0.0,0.6666666666666666,0.8445430671883454]",analysis complete
2.025,target_main_tip_z_2p025m,42,baseline_or_coarse,coarse_grid,1a2a935d1e90,"baseline_uniform|0.000000,1.000000,1.000000,1.000000,0.000000",baseline_uniform,Uniform baseline rib family,0.0,1.0,1.0,1.0,0.0,1.0,0.8,1.12,1.0,0.0,"[61.27,61.27,61.27,61.27,54.38628,47.219483]","[59.67,59.67,59.67,59.67,52.78628,45.619483]","[0.8,0.8,0.8,0.8,0.8,0.8]","[22.4,22.4,22.4,22.4,22.4,22.4]","[20.8,20.8,20.8,20.8,14.8,14.8]","[0.8,0.8,0.8,0.8,3.8,3.8]",61.27,59.67000000000001,0.8,22.400000000000002,20.800000000000004,0.8,14.33439834069081,16.83439834069081,"[15979.884,15979.884,15979.884,15979.884,11120.782,7229.489]","[729.179,729.179,729.179,729.179,2300.748,2300.748]","[2084.333,2084.333,2084.333,2084.333,1450.537,942.977]","[95.11,95.11,95.11,95.11,300.098,300.098]",9530.23672717329,16709.06315884272,1243.074355718255,2179.4430207186156,1.817330342564903,-0.4464189899180917,-0.4464189899180917,2.43716296313682,0.10433087237272967,0.0,0.0,0.0,0.0,2.7755575615628914e-17,2.533725810203382e-18,2866.180223574788,2866.180223574788,[2866.18],fail,1886.305617101814,False,False,moment_closure,False,True,False,pass,True,True,True,False,fail,False,False,False,ground_clearance; negative_margins:ground_clearance_margin_m=-0.44641899,ground_clearance,ground_clearance_margin_m,-0.4464189899180917,"{""ei_dominance_margin_min_nm2"":2627.9928592859023,""ei_ratio_margin_min"":1.1422341384571806,""equivalent_buckling_margin"":0.847704242766037,""equivalent_failure_margin"":0.5973548732207419,""equivalent_tip_margin"":0.7326696574350968,""equivalent_twist_margin"":1.865907378981173,""ground_clearance_margin_m"":-0.4464189899180917,""jig_curvature_margin_per_m"":0.031220257777728078,""jig_prebend_margin_m"":1.5894359811877052,""loaded_shape_main_z_margin_m"":0.025,""loaded_shape_twist_margin_deg"":0.15,""main_hollow_margin_min_m"":0.022809741646027244,""main_radius_taper_margin_min_m"":0.0,""main_thickness_ratio_margin_min_m"":0.018087793316821796,""main_thickness_step_margin_min_m"":0.003,""radius_dominance_margin_min_m"":0.0074097416460272405,""rear_hollow_margin_min_m"":0.007300000000000002,""rear_inboard_ei_margin_min_nm2"":2466.7975471312398,""rear_main_radius_ratio_margin_min_m"":0.011200000000000002,""rear_radius_taper_margin_min_m"":0.0,""rear_thickness_ratio_margin_min_m"":0.005160000000000001,""rear_thickness_step_margin_min_m"":0.0}",0.19928991455948927,0.19928991455948927,2065.1776105336944,5,-0.44443886662326904,516.2944026334236,1.0,3,0.05,0.0,533.1788009741143,"[533.1788009741143,16.83439834069081,2065.1776105336944,1.0,2.43716296313682]",analysis complete
2.025,target_main_tip_z_2p025m,43,baseline_or_coarse,coarse_grid,fa61dd27fa17,"inboard_reinforced_mix|0.000000,1.000000,1.000000,1.000000,0.000000",inboard_reinforced_mix,Inboard reinforced two-family mix,0.0,1.0,1.0,1.0,0.0,1.0,0.8,1.12,1.0,0.0,"[61.27,61.27,61.27,61.27,54.38628,47.219483]","[59.67,59.67,59.67,59.67,52.78628,45.619483]","[0.8,0.8,0.8,0.8,0.8,0.8]","[22.4,22.4,22.4,22.4,22.4,22.4]","[20.8,20.8,20.8,20.8,14.8,14.8]","[0.8,0.8,0.8,0.8,3.8,3.8]",61.27,59.67000000000001,0.8,22.400000000000002,20.800000000000004,0.8,14.33439834069081,16.83439834069081,"[15979.884,15979.884,15979.884,15979.884,11120.782,7229.489]","[729.179,729.179,729.179,729.179,2300.748,2300.748]","[2084.333,2084.333,2084.333,2084.333,1450.537,942.977]","[95.11,95.11,95.11,95.11,300.098,300.098]",9530.23672717329,16709.06315884272,1243.074355718255,2179.4430207186156,1.81730918412596,-0.4464189899180917,-0.4464189899180917,2.43716296313682,0.10433087237272967,0.0,0.0,0.0,0.0,2.7755575615628914e-17,2.533725810203382e-18,2866.180223574788,2866.180223574788,[2866.18],fail,1886.305617101814,False,False,moment_closure,False,True,False,pass,True,True,True,False,fail,False,False,False,ground_clearance; negative_margins:ground_clearance_margin_m=-0.44641899,ground_clearance,ground_clearance_margin_m,-0.4464189899180917,"{""ei_dominance_margin_min_nm2"":2627.9928592859023,""ei_ratio_margin_min"":1.1422341384571806,""equivalent_buckling_margin"":0.8477047821751138,""equivalent_failure_margin"":0.5973562894512408,""equivalent_tip_margin"":0.7326908158740397,""equivalent_twist_margin"":1.9019615982012714,""ground_clearance_margin_m"":-0.4464189899180917,""jig_curvature_margin_per_m"":0.031220257777728078,""jig_prebend_margin_m"":1.5894359811877052,""loaded_shape_main_z_margin_m"":0.025,""loaded_shape_twist_margin_deg"":0.15,""main_hollow_margin_min_m"":0.022809741646027244,""main_radius_taper_margin_min_m"":0.0,""main_thickness_ratio_margin_min_m"":0.018087793316821796,""main_thickness_step_margin_min_m"":0.003,""radius_dominance_margin_min_m"":0.0074097416460272405,""rear_hollow_margin_min_m"":0.007300000000000002,""rear_inboard_ei_margin_min_nm2"":2466.7975471312398,""rear_main_radius_ratio_margin_min_m"":0.011200000000000002,""rear_radius_taper_margin_min_m"":0.0,""rear_thickness_ratio_margin_min_m"":0.005160000000000001,""rear_thickness_step_margin_min_m"":0.0}",0.19928991455948927,0.19928991455948927,2065.1776105336944,5,-0.44443886662326904,516.2944026334236,1.0,3,0.05,0.0,533.3288009741143,"[533.3288009741143,16.83439834069081,2065.1776105336944,1.0,2.43716296313682]",analysis complete
2.025,target_main_tip_z_2p025m,44,baseline_or_coarse,coarse_grid,4f6916306591,"outboard_relaxed_mix|0.000000,1.000000,1.000000,1.000000,0.000000",outboard_relaxed_mix,Outboard relaxed two-family mix,0.0,1.0,1.0,1.0,0.0,1.0,0.8,1.12,1.0,0.0,"[61.27,61.27,61.27,61.27,54.38628,47.219483]","[59.67,59.67,59.67,59.67,52.78628,45.619483]","[0.8,0.8,0.8,0.8,0.8,0.8]","[22.4,22.4,22.4,22.4,22.4,22.4]","[20.8,20.8,20.8,20.8,14.8,14.8]","[0.8,0.8,0.8,0.8,3.8,3.8]",61.27,59.67000000000001,0.8,22.400000000000002,20.800000000000004,0.8,14.33439834069081,16.83439834069081,"[15979.884,15979.884,15979.884,15979.884,11120.782,7229.489]","[729.179,729.179,729.179,729.179,2300.748,2300.748]","[2084.333,2084.333,2084.333,2084.333,1450.537,942.977]","[95.11,95.11,95.11,95.11,300.098,300.098]",9530.23672717329,16709.06315884272,1243.074355718255,2179.4430207186156,1.8173665001685777,-0.4464189899180917,-0.4464189899180917,2.43716296313682,0.10433087237272967,0.0,0.0,0.0,0.0,2.7755575615628914e-17,2.533725810203382e-18,2866.180223574788,2866.180223574788,[2866.18],fail,1886.305617101814,False,False,moment_closure,False,True,False,pass,True,True,True,False,fail,False,False,False,ground_clearance; negative_margins:ground_clearance_margin_m=-0.44641899,ground_clearance,ground_clearance_margin_m,-0.4464189899180917,"{""ei_dominance_margin_min_nm2"":2627.9928592859023,""ei_ratio_margin_min"":1.1422341384571806,""equivalent_buckling_margin"":0.8477032591317308,""equivalent_failure_margin"":0.5973524438137441,""equivalent_tip_margin"":0.7326334998314221,""equivalent_twist_margin"":1.803639907995035,""ground_clearance_margin_m"":-0.4464189899180917,""jig_curvature_margin_per_m"":0.031220257777728078,""jig_prebend_margin_m"":1.5894359811877052,""loaded_shape_main_z_margin_m"":0.025,""loaded_shape_twist_margin_deg"":0.15,""main_hollow_margin_min_m"":0.022809741646027244,""main_radius_taper_margin_min_m"":0.0,""main_thickness_ratio_margin_min_m"":0.018087793316821796,""main_thickness_step_margin_min_m"":0.003,""radius_dominance_margin_min_m"":0.0074097416460272405,""rear_hollow_margin_min_m"":0.007300000000000002,""rear_inboard_ei_margin_min_nm2"":2466.7975471312398,""rear_main_radius_ratio_margin_min_m"":0.011200000000000002,""rear_radius_taper_margin_min_m"":0.0,""rear_thickness_ratio_margin_min_m"":0.005160000000000001,""rear_thickness_step_margin_min_m"":0.0}",0.19928991455948927,0.19928991455948927,2065.1776105336944,5,-0.44443886662326904,516.2944026334236,1.0,3,0.05,0.0,533.3288009741143,"[533.3288009741143,16.83439834069081,2065.1776105336944,1.0,2.43716296313682]",analysis complete
2.025,target_main_tip_z_2p025m,45,baseline_or_coarse,coarse_grid,102b3a6d2eb8,"baseline_uniform|0.000000,1.000000,1.000000,1.000000,1.000000",baseline_uniform,Uniform baseline rib family,0.0,1.0,1.0,1.0,1.0,1.0,0.8,1.12,1.0,1.0,"[61.27,61.27,61.27,61.27,54.38628,47.219483]","[45.27,45.27,45.27,45.27,38.38628,31.219483]","[8.0,8.0,8.0,8.0,8.0,8.0]","[22.4,22.4,22.4,22.4,22.4,22.4]","[6.4,6.4,6.4,6.4,0.4,0.4]","[8.0,8.0,8.0,8.0,11.0,11.0]",61.27,45.27,8.0,22.400000000000002,6.400000000000003,8.0,88.2253716987815,90.7253716987815,"[111689.373,111689.373,111689.373,111689.373,74263.543,45403.318]","[2823.489,2823.489,2823.489,2823.489,2842.43,2842.43]","[14568.179,14568.179,14568.179,14568.179,9686.549,5922.172]","[368.281,368.281,368.281,368.281,370.752,370.752]",48245.74820258824,114512.86146683994,6292.923678598466,14936.460191326949,-0.3114892399928665,0.06518586011735035,0.06518586011735035,0.9211246891591651,0.026674711803741147,0.0,0.0,0.0,0.0,2.220446049250313e-16,7.191051314432215e-17,0.0,0.0,[0.0],fail,1302.1203276414255,False,False,geometry_validity|moment_closure,False,True,False,fail,True,False,True,False,fail,False,False,False,geometry_validity; negative_margins:rear_thickness_ratio_margin_min_m=-0.00204,geometry_validity,rear_thickness_ratio_margin_min_m,-0.0020399999999999984,"{""ei_dominance_margin_min_nm2"":39718.45848330895,""ei_ratio_margin_min"":13.973417037834327,""equivalent_buckling_margin"":0.9141831874726284,""equivalent_failure_margin"":0.939649033913804,""equivalent_tip_margin"":2.861489239992866,""equivalent_twist_margin"":1.9981370208360423,""ground_clearance_margin_m"":0.06518586011735035,""jig_curvature_margin_per_m"":0.1088764183467166,""jig_prebend_margin_m"":3.10547425516536,""loaded_shape_main_z_margin_m"":0.025,""loaded_shape_twist_margin_deg"":0.15,""main_hollow_margin_min_m"":0.015609741646027242,""main_radius_taper_margin_min_m"":0.0,""main_thickness_ratio_margin_min_m"":0.010887793316821794,""main_thickness_step_margin_min_m"":0.003,""radius_dominance_margin_min_m"":0.0074097416460272405,""rear_hollow_margin_min_m"":0.00010000000000000225,""rear_inboard_ei_margin_min_nm2"":19514.386029566922,""rear_main_radius_ratio_margin_min_m"":0.011200000000000002,""rear_radius_taper_margin_min_m"":0.0,""rear_thickness_ratio_margin_min_m"":-0.0020399999999999984,""rear_thickness_step_margin_min_m"":8.673617379884035e-19}",4.161599999999993e-06,4.161599999999993e-06,0.0,0,0.07305730307830494,0.0,0.9999999999999977,3,0.049999999999999885,0.0,90.7753716987815,"[90.7753716987815,90.7253716987815,0.0,0.9999999999999977,0.9211246891591651]",analysis complete
2.025,target_main_tip_z_2p025m,46,baseline_or_coarse,coarse_grid,c5e96242d6c8,"inboard_reinforced_mix|0.000000,1.000000,1.000000,1.000000,1.000000",inboard_reinforced_mix,Inboard reinforced two-family mix,0.0,1.0,1.0,1.0,1.0,1.0,0.8,1.12,1.0,1.0,"[61.27,61.27,61.27,61.27,54.38628,47.219483]","[45.27,45.27,45.27,45.27,38.38628,31.219483]","[8.0,8.0,8.0,8.0,8.0,8.0]","[22.4,22.4,22.4,22.4,22.4,22.4]","[6.4,6.4,6.4,6.4,0.4,0.4]","[8.0,8.0,8.0,8.0,11.0,11.0]",61.27,45.27,8.0,22.400000000000002,6.400000000000003,8.0,88.2253716987815,90.7253716987815,"[111689.373,111689.373,111689.373,111689.373,74263.543,45403.318]","[2823.489,2823.489,2823.489,2823.489,2842.43,2842.43]","[14568.179,14568.179,14568.179,14568.179,9686.549,5922.172]","[368.281,368.281,368.281,368.281,370.752,370.752]",48245.74820258824,114512.86146683994,6292.923678598466,14936.460191326949,-0.3114918164485175,0.06518586011735035,0.06518586011735035,0.9211246891591651,0.026674711803741147,0.0,0.0,0.0,0.0,2.220446049250313e-16,7.191051314432215e-17,0.0,0.0,[0.0],fail,1302.1203276414255,False,False,geometry_validity|moment_closure,False,True,False,fail,True,False,True,False,fail,False,False,False,geometry_validity; negative_margins:rear_thickness_ratio_margin_min_m=-0.00204,geometry_validity,rear_thickness_ratio_margin_min_m,-0.0020399999999999984,"{""ei_dominance_margin_min_nm2"":39718.45848330895,""ei_ratio_margin_min"":13.973417037834327,""equivalent_buckling_margin"":0.9141831874029825,""equivalent_failure_margin"":0.9396489431064394,""equivalent_tip_margin"":2.8614918164485172,""equivalent_twist_margin"":2.004137335820123,""ground_clearance_margin_m"":0.06518586011735035,""jig_curvature_margin_per_m"":0.1088764183467166,""jig_prebend_margin_m"":3.10547425516536,""loaded_shape_main_z_margin_m"":0.025,""loaded_shape_twist_margin_deg"":0.15,""main_hollow_margin_min_m"":0.015609741646027242,""main_radius_taper_margin_min_m"":0.0,""main_thickness_ratio_margin_min_m"":0.010887793316821794,""main_thickness_step_margin_min_m"":0.003,""radius_dominance_margin_min_m"":0.0074097416460272405,""rear_hollow_margin_min_m"":0.00010000000000000225,""rear_inboard_ei_margin_min_nm2"":19514.386029566922,""rear_main_radius_ratio_margin_min_m"":0.011200000000000002,""rear_radius_taper_margin_min_m"":0.0,""rear_thickness_ratio_margin_min_m"":-0.0020399999999999984,""rear_thickness_step_margin_min_m"":8.673617379884035e-19}",4.161599999999993e-06,4.161599999999993e-06,0.0,0,0.07305730307830494,0.0,0.9999999999999977,3,0.049999999999999885,0.0,90.9253716987815,"[90.9253716987815,90.7253716987815,0.0,0.9999999999999977,0.9211246891591651]",analysis complete
2.025,target_main_tip_z_2p025m,47,baseline_or_coarse,coarse_grid,33406cb31968,"outboard_relaxed_mix|0.000000,1.000000,1.000000,1.000000,1.000000",outboard_relaxed_mix,Outboard relaxed two-family mix,0.0,1.0,1.0,1.0,1.0,1.0,0.8,1.12,1.0,1.0,"[61.27,61.27,61.27,61.27,54.38628,47.219483]","[45.27,45.27,45.27,45.27,38.38628,31.219483]","[8.0,8.0,8.0,8.0,8.0,8.0]","[22.4,22.4,22.4,22.4,22.4,22.4]","[6.4,6.4,6.4,6.4,0.4,0.4]","[8.0,8.0,8.0,8.0,11.0,11.0]",61.27,45.27,8.0,22.400000000000002,6.400000000000003,8.0,88.2253716987815,90.7253716987815,"[111689.373,111689.373,111689.373,111689.373,74263.543,45403.318]","[2823.489,2823.489,2823.489,2823.489,2842.43,2842.43]","[14568.179,14568.179,14568.179,14568.179,9686.549,5922.172]","[368.281,368.281,368.281,368.281,370.752,370.752]",48245.74820258824,114512.86146683994,6292.923678598466,14936.460191326949,-0.3114848324814587,0.06518586011735035,0.06518586011735035,0.9211246891591651,0.026674711803741147,0.0,0.0,0.0,0.0,2.220446049250313e-16,7.191051314432215e-17,0.0,0.0,[0.0],fail,1302.1203276414255,False,False,geometry_validity|moment_closure,False,True,False,fail,True,False,True,False,fail,False,False,False,geometry_validity; negative_margins:rear_thickness_ratio_margin_min_m=-0.00204,geometry_validity,rear_thickness_ratio_margin_min_m,-0.0020399999999999984,"{""ei_dominance_margin_min_nm2"":39718.45848330895,""ei_ratio_margin_min"":13.973417037834327,""equivalent_buckling_margin"":0.9141831870257056,""equivalent_failure_margin"":0.9396491863158316,""equivalent_tip_margin"":2.8614848324814584,""equivalent_twist_margin"":1.9878721365312728,""ground_clearance_margin_m"":0.06518586011735035,""jig_curvature_margin_per_m"":0.1088764183467166,""jig_prebend_margin_m"":3.10547425516536,""loaded_shape_main_z_margin_m"":0.025,""loaded_shape_twist_margin_deg"":0.15,""main_hollow_margin_min_m"":0.015609741646027242,""main_radius_taper_margin_min_m"":0.0,""main_thickness_ratio_margin_min_m"":0.010887793316821794,""main_thickness_step_margin_min_m"":0.003,""radius_dominance_margin_min_m"":0.0074097416460272405,""rear_hollow_margin_min_m"":0.00010000000000000225,""rear_inboard_ei_margin_min_nm2"":19514.386029566922,""rear_main_radius_ratio_margin_min_m"":0.011200000000000002,""rear_radius_taper_margin_min_m"":0.0,""rear_thickness_ratio_margin_min_m"":-0.0020399999999999984,""rear_thickness_step_margin_min_m"":8.673617379884035e-19}",4.161599999999993e-06,4.161599999999993e-06,0.0,0,0.07305730307830494,0.0,0.9999999999999977,3,0.049999999999999885,0.0,90.9253716987815,"[90.9253716987815,90.7253716987815,0.0,0.9999999999999977,0.9211246891591651]",analysis complete
2.025,target_main_tip_z_2p025m,48,baseline_or_coarse,coarse_grid,dbfee591f174,"baseline_uniform|1.000000,0.000000,0.000000,0.000000,0.000000",baseline_uniform,Uniform baseline rib family,1.0,0.0,0.0,0.0,0.0,1.14,0.0,1.0,0.0,0.0,"[69.8478,69.8478,69.8478,69.8478,54.5278,38.5778]","[68.2478,68.2478,68.2478,68.2478,52.9278,36.9778]","[0.8,0.8,0.8,0.8,0.8,0.8]","[20.0,20.0,20.0,20.0,20.0,20.0]","[18.4,18.4,18.4,18.4,18.4,18.4]","[0.8,0.8,0.8,0.8,0.8,0.8]",69.8478,68.2478,0.8,20.0,18.4,0.8,10.8736370429664,13.3736370429664,"[23789.512,23789.512,23789.512,23789.512,11209.111,3897.467]","[512.312,512.312,512.312,512.312,512.312,512.312]","[3102.98,3102.98,3102.98,3102.98,1462.058,508.365]","[66.823,66.823,66.823,66.823,66.823,66.823]",4409.778904784518,24301.82466272743,575.1885527979807,3169.803216877491,1.8670314475214276,-0.5918865228583523,-0.5918865228583523,2.605454600635612,0.1049298760800779,0.0,0.0,0.0,0.0,2.7755575615628914e-17,2.533725810203382e-18,3164.051195652132,3164.051195652132,[3164.051],fail,1648.423517983015,False,False,moment_closure,False,True,False,pass,True,True,True,False,fail,False,False,False,ground_clearance; negative_margins:ground_clearance_margin_m=-0.591886523,ground_clearance,ground_clearance_margin_m,-0.5918865228583523,"{""ei_dominance_margin_min_nm2"":2872.84221122067,""ei_ratio_margin_min"":5.607600280319533,""equivalent_buckling_margin"":0.832792588706319,""equivalent_failure_margin"":0.605395244614349,""equivalent_tip_margin"":0.6829685524785722,""equivalent_twist_margin"":1.8568187887742373,""ground_clearance_margin_m"":-0.5918865228583523,""jig_curvature_margin_per_m"":0.030621254070379855,""jig_prebend_margin_m"":1.4211443436889133,""loaded_shape_main_z_margin_m"":0.025,""loaded_shape_twist_margin_deg"":0.15,""main_hollow_margin_min_m"":0.0184889,""main_radius_taper_margin_min_m"":0.0,""main_thickness_ratio_margin_min_m"":0.01463112,""main_thickness_step_margin_min_m"":0.003,""radius_dominance_margin_min_m"":0.004288899999999997,""rear_hollow_margin_min_m"":0.0091,""rear_inboard_ei_margin_min_nm2"":4245.590255119947,""rear_main_radius_ratio_margin_min_m"":0.01,""rear_radius_taper_margin_min_m"":0.0,""rear_thickness_ratio_margin_min_m"":0.0072,""rear_thickness_step_margin_min_m"":0.003}",0.3503296559413508,0.3503296559413508,3571.4185499366126,5,-0.5875994147730271,892.8546374841532,0.6666666666666666,2,0.03333333333333333,0.0,906.2616078604528,"[906.2616078604528,13.3736370429664,3571.4185499366126,0.6666666666666666,2.605454600635612]",analysis complete
2.025,target_main_tip_z_2p025m,49,baseline_or_coarse,coarse_grid,73fcf782daab,"inboard_reinforced_mix|1.000000,0.000000,0.000000,0.000000,0.000000",inboard_reinforced_mix,Inboard reinforced two-family mix,1.0,0.0,0.0,0.0,0.0,1.14,0.0,1.0,0.0,0.0,"[69.8478,69.8478,69.8478,69.8478,54.5278,38.5778]","[68.2478,68.2478,68.2478,68.2478,52.9278,36.9778]","[0.8,0.8,0.8,0.8,0.8,0.8]","[20.0,20.0,20.0,20.0,20.0,20.0]","[18.4,18.4,18.4,18.4,18.4,18.4]","[0.8,0.8,0.8,0.8,0.8,0.8]",69.8478,68.2478,0.8,20.0,18.4,0.8,10.8736370429664,13.3736370429664,"[23789.512,23789.512,23789.512,23789.512,11209.111,3897.467]","[512.312,512.312,512.312,512.312,512.312,512.312]","[3102.98,3102.98,3102.98,3102.98,1462.058,508.365]","[66.823,66.823,66.823,66.823,66.823,66.823]",4409.778904784518,24301.82466272743,575.1885527979807,3169.803216877491,1.8670168524759274,-0.5918865228583523,-0.5918865228583523,2.605454600635612,0.1049298760800779,0.0,0.0,0.0,0.0,2.7755575615628914e-17,2.533725810203382e-18,3164.051195652132,3164.051195652132,[3164.051],fail,1648.423517983015,False,False,moment_closure,False,True,False,pass,True,True,True,False,fail,False,False,False,ground_clearance; negative_margins:ground_clearance_margin_m=-0.591886523,ground_clearance,ground_clearance_margin_m,-0.5918865228583523,"{""ei_dominance_margin_min_nm2"":2872.84221122067,""ei_ratio_margin_min"":5.607600280319533,""equivalent_buckling_margin"":0.832792949263792,""equivalent_failure_margin"":0.6053958033651594,""equivalent_tip_margin"":0.6829831475240724,""equivalent_twist_margin"":1.8956529076801334,""ground_clearance_margin_m"":-0.5918865228583523,""jig_curvature_margin_per_m"":0.030621254070379855,""jig_prebend_margin_m"":1.4211443436889133,""loaded_shape_main_z_margin_m"":0.025,""loaded_shape_twist_margin_deg"":0.15,""main_hollow_margin_min_m"":0.0184889,""main_radius_taper_margin_min_m"":0.0,""main_thickness_ratio_margin_min_m"":0.01463112,""main_thickness_step_margin_min_m"":0.003,""radius_dominance_margin_min_m"":0.004288899999999997,""rear_hollow_margin_min_m"":0.0091,""rear_inboard_ei_margin_min_nm2"":4245.590255119947,""rear_main_radius_ratio_margin_min_m"":0.01,""rear_radius_taper_margin_min_m"":0.0,""rear_thickness_ratio_margin_min_m"":0.0072,""rear_thickness_step_margin_min_m"":0.003}",0.3503296559413508,0.3503296559413508,3571.4185499366126,5,-0.5875994147730271,892.8546374841532,0.6666666666666666,2,0.03333333333333333,0.0,906.4116078604528,"[906.4116078604528,13.3736370429664,3571.4185499366126,0.6666666666666666,2.605454600635612]",analysis complete
2.025,target_main_tip_z_2p025m,50,baseline_or_coarse,coarse_grid,337d7ecc3de7,"outboard_relaxed_mix|1.000000,0.000000,0.000000,0.000000,0.000000",outboard_relaxed_mix,Outboard relaxed two-family mix,1.0,0.0,0.0,0.0,0.0,1.14,0.0,1.0,0.0,0.0,"[69.8478,69.8478,69.8478,69.8478,54.5278,38.5778]","[68.2478,68.2478,68.2478,68.2478,52.9278,36.9778]","[0.8,0.8,0.8,0.8,0.8,0.8]","[20.0,20.0,20.0,20.0,20.0,20.0]","[18.4,18.4,18.4,18.4,18.4,18.4]","[0.8,0.8,0.8,0.8,0.8,0.8]",69.8478,68.2478,0.8,20.0,18.4,0.8,10.8736370429664,13.3736370429664,"[23789.512,23789.512,23789.512,23789.512,11209.111,3897.467]","[512.312,512.312,512.312,512.312,512.312,512.312]","[3102.98,3102.98,3102.98,3102.98,1462.058,508.365]","[66.823,66.823,66.823,66.823,66.823,66.823]",4409.778904784518,24301.82466272743,575.1885527979807,3169.803216877491,1.8670564047139562,-0.5918865228583523,-0.5918865228583523,2.605454600635612,0.1049298760800779,0.0,0.0,0.0,0.0,2.7755575615628914e-17,2.533725810203382e-18,3164.051195652132,3164.051195652132,[3164.051],fail,1648.423517983015,False,False,moment_closure,False,True,False,pass,True,True,True,False,fail,False,False,False,ground_clearance; negative_margins:ground_clearance_margin_m=-0.591886523,ground_clearance,ground_clearance_margin_m,-0.5918865228583523,"{""ei_dominance_margin_min_nm2"":2872.84221122067,""ei_ratio_margin_min"":5.607600280319533,""equivalent_buckling_margin"":0.8327918821498215,""equivalent_failure_margin"":0.6053942771916778,""equivalent_tip_margin"":0.6829435952860436,""equivalent_twist_margin"":1.7899301859711245,""ground_clearance_margin_m"":-0.5918865228583523,""jig_curvature_margin_per_m"":0.030621254070379855,""jig_prebend_margin_m"":1.4211443436889133,""loaded_shape_main_z_margin_m"":0.025,""loaded_shape_twist_margin_deg"":0.15,""main_hollow_margin_min_m"":0.0184889,""main_radius_taper_margin_min_m"":0.0,""main_thickness_ratio_margin_min_m"":0.01463112,""main_thickness_step_margin_min_m"":0.003,""radius_dominance_margin_min_m"":0.004288899999999997,""rear_hollow_margin_min_m"":0.0091,""rear_inboard_ei_margin_min_nm2"":4245.590255119947,""rear_main_radius_ratio_margin_min_m"":0.01,""rear_radius_taper_margin_min_m"":0.0,""rear_thickness_ratio_margin_min_m"":0.0072,""rear_thickness_step_margin_min_m"":0.003}",0.3503296559413508,0.3503296559413508,3571.4185499366126,5,-0.5875994147730271,892.8546374841532,0.6666666666666666,2,0.03333333333333333,0.0,906.4116078604528,"[906.4116078604528,13.3736370429664,3571.4185499366126,0.6666666666666666,2.605454600635612]",analysis complete
2.025,target_main_tip_z_2p025m,51,baseline_or_coarse,coarse_grid,124243cefdb2,"baseline_uniform|1.000000,0.000000,0.000000,0.000000,1.000000",baseline_uniform,Uniform baseline rib family,1.0,0.0,0.0,0.0,1.0,1.14,0.0,1.0,0.0,1.0,"[69.8478,69.8478,69.8478,69.8478,54.5278,38.5778]","[53.8478,53.8478,53.8478,53.8478,38.5278,22.5778]","[8.0,8.0,8.0,8.0,8.0,8.0]","[20.0,20.0,20.0,20.0,20.0,20.0]","[4.0,4.0,4.0,4.0,4.0,4.0]","[8.0,8.0,8.0,8.0,8.0,8.0]",69.8478,53.8478,8.0,20.0,4.0,8.0,88.85597327521855,91.35597327521855,"[173802.772,173802.772,173802.772,173802.772,74932.181,22072.435]","[1803.526,1803.526,1803.526,1803.526,1803.526,1803.526]","[22669.927,22669.927,22669.927,22669.927,9773.763,2879.013]","[235.242,235.242,235.242,235.242,235.242,235.242]",23875.960083876053,175606.2976085889,3114.255663114268,22905.169253294207,-0.14440315307693433,0.06518586011173139,0.06518586011173139,0.4114787594568954,0.03218888725402236,4.440892098500626e-16,2.5639502485114184e-16,8.748557434046234e-14,3.3688827614634e-13,4.440892098500626e-16,6.804598867406499e-17,0.0,0.0,[0.0],fail,1201.23059106267,False,False,moment_closure,False,True,False,pass,True,True,True,True,pass,True,False,False,eligible_but_higher_objective_than_reported_selected,,rear_thickness_ratio_margin_min_m,0.0,"{""ei_dominance_margin_min_nm2"":18465.383552157567,""ei_ratio_margin_min"":10.238493131318485,""equivalent_buckling_margin"":0.914360713745685,""equivalent_failure_margin"":0.9514923119675821,""equivalent_tip_margin"":2.694403153076934,""equivalent_twist_margin"":2.0005565843711692,""ground_clearance_margin_m"":0.06518586011173139,""jig_curvature_margin_per_m"":0.10336224289643539,""jig_prebend_margin_m"":3.6151201848676298,""loaded_shape_main_z_margin_m"":0.024999999999999557,""loaded_shape_twist_margin_deg"":0.1499999999999125,""main_hollow_margin_min_m"":0.011288899999999998,""main_radius_taper_margin_min_m"":0.0,""main_thickness_ratio_margin_min_m"":0.007431119999999999,""main_thickness_step_margin_min_m"":0.003,""radius_dominance_margin_min_m"":0.004288899999999997,""rear_hollow_margin_min_m"":0.0019,""rear_inboard_ei_margin_min_nm2"":32957.02890903039,""rear_main_radius_ratio_margin_min_m"":0.01,""rear_radius_taper_margin_min_m"":0.0,""rear_thickness_ratio_margin_min_m"":0.0,""rear_thickness_step_margin_min_m"":0.003}",0.0,0.0,0.0,0,0.07294247358138692,0.0,0.6666666666666666,2,0.03333333333333333,1.6844413807317002e-14,91.38930660855189,"[91.38930660855189,91.35597327521855,0.0,0.6666666666666666,0.4114787594568954]",analysis complete
2.025,target_main_tip_z_2p025m,52,baseline_or_coarse,coarse_grid,a2339049dc1a,"inboard_reinforced_mix|1.000000,0.000000,0.000000,0.000000,1.000000",inboard_reinforced_mix,Inboard reinforced two-family mix,1.0,0.0,0.0,0.0,1.0,1.14,0.0,1.0,0.0,1.0,"[69.8478,69.8478,69.8478,69.8478,54.5278,38.5778]","[53.8478,53.8478,53.8478,53.8478,38.5278,22.5778]","[8.0,8.0,8.0,8.0,8.0,8.0]","[20.0,20.0,20.0,20.0,20.0,20.0]","[4.0,4.0,4.0,4.0,4.0,4.0]","[8.0,8.0,8.0,8.0,8.0,8.0]",69.8478,53.8478,8.0,20.0,4.0,8.0,88.85597327521855,91.35597327521855,"[173802.772,173802.772,173802.772,173802.772,74932.181,22072.435]","[1803.526,1803.526,1803.526,1803.526,1803.526,1803.526]","[22669.927,22669.927,22669.927,22669.927,9773.763,2879.013]","[235.242,235.242,235.242,235.242,235.242,235.242]",23875.960083876053,175606.2976085889,3114.255663114268,22905.169253294207,-0.14440562184963948,0.06518586011173139,0.06518586011173139,0.4114787594568954,0.03218888725402236,4.440892098500626e-16,2.5639502485114184e-16,8.748557434046234e-14,3.3688827614634e-13,4.440892098500626e-16,6.804598867406499e-17,0.0,0.0,[0.0],fail,1201.23059106267,False,False,moment_closure,False,True,False,pass,True,True,True,True,pass,True,False,False,eligible_but_higher_objective_than_reported_selected,,rear_thickness_ratio_margin_min_m,0.0,"{""ei_dominance_margin_min_nm2"":18465.383552157567,""ei_ratio_margin_min"":10.238493131318485,""equivalent_buckling_margin"":0.9143607162970674,""equivalent_failure_margin"":0.9514922549251414,""equivalent_tip_margin"":2.6944056218496395,""equivalent_twist_margin"":2.007212809534755,""ground_clearance_margin_m"":0.06518586011173139,""jig_curvature_margin_per_m"":0.10336224289643539,""jig_prebend_margin_m"":3.6151201848676298,""loaded_shape_main_z_margin_m"":0.024999999999999557,""loaded_shape_twist_margin_deg"":0.1499999999999125,""main_hollow_margin_min_m"":0.011288899999999998,""main_radius_taper_margin_min_m"":0.0,""main_thickness_ratio_margin_min_m"":0.007431119999999999,""main_thickness_step_margin_min_m"":0.003,""radius_dominance_margin_min_m"":0.004288899999999997,""rear_hollow_margin_min_m"":0.0019,""rear_inboard_ei_margin_min_nm2"":32957.02890903039,""rear_main_radius_ratio_margin_min_m"":0.01,""rear_radius_taper_margin_min_m"":0.0,""rear_thickness_ratio_margin_min_m"":0.0,""rear_thickness_step_margin_min_m"":0.003}",0.0,0.0,0.0,0,0.07294247358138692,0.0,0.6666666666666666,2,0.03333333333333333,1.6844413807317002e-14,91.5393066085519,"[91.5393066085519,91.35597327521855,0.0,0.6666666666666666,0.4114787594568954]",analysis complete
2.025,target_main_tip_z_2p025m,53,baseline_or_coarse,coarse_grid,628a82cbbeae,"outboard_relaxed_mix|1.000000,0.000000,0.000000,0.000000,1.000000",outboard_relaxed_mix,Outboard relaxed two-family mix,1.0,0.0,0.0,0.0,1.0,1.14,0.0,1.0,0.0,1.0,"[69.8478,69.8478,69.8478,69.8478,54.5278,38.5778]","[53.8478,53.8478,53.8478,53.8478,38.5278,22.5778]","[8.0,8.0,8.0,8.0,8.0,8.0]","[20.0,20.0,20.0,20.0,20.0,20.0]","[4.0,4.0,4.0,4.0,4.0,4.0]","[8.0,8.0,8.0,8.0,8.0,8.0]",69.8478,53.8478,8.0,20.0,4.0,8.0,88.85597327521855,91.35597327521855,"[173802.772,173802.772,173802.772,173802.772,74932.181,22072.435]","[1803.526,1803.526,1803.526,1803.526,1803.526,1803.526]","[22669.927,22669.927,22669.927,22669.927,9773.763,2879.013]","[235.242,235.242,235.242,235.242,235.242,235.242]",23875.960083876053,175606.2976085889,3114.255663114268,22905.169253294207,-0.14439893264965908,0.06518586011173139,0.06518586011173139,0.4114787594568954,0.03218888725402236,4.440892098500626e-16,2.5639502485114184e-16,8.748557434046234e-14,3.3688827614634e-13,4.440892098500626e-16,6.804598867406499e-17,0.0,0.0,[0.0],fail,1201.23059106267,False,False,moment_closure,False,True,False,pass,True,True,True,True,pass,True,False,False,eligible_but_higher_objective_than_reported_selected,,rear_thickness_ratio_margin_min_m,0.0,"{""ei_dominance_margin_min_nm2"":18465.383552157567,""ei_ratio_margin_min"":10.238493131318485,""equivalent_buckling_margin"":0.9143607074309072,""equivalent_failure_margin"":0.9514924009915057,""equivalent_tip_margin"":2.694398932649659,""equivalent_twist_margin"":1.9891772032722053,""ground_clearance_margin_m"":0.06518586011173139,""jig_curvature_margin_per_m"":0.10336224289643539,""jig_prebend_margin_m"":3.6151201848676298,""loaded_shape_main_z_margin_m"":0.024999999999999557,""loaded_shape_twist_margin_deg"":0.1499999999999125,""main_hollow_margin_min_m"":0.011288899999999998,""main_radius_taper_margin_min_m"":0.0,""main_thickness_ratio_margin_min_m"":0.007431119999999999,""main_thickness_step_margin_min_m"":0.003,""radius_dominance_margin_min_m"":0.004288899999999997,""rear_hollow_margin_min_m"":0.0019,""rear_inboard_ei_margin_min_nm2"":32957.02890903039,""rear_main_radius_ratio_margin_min_m"":0.01,""rear_radius_taper_margin_min_m"":0.0,""rear_thickness_ratio_margin_min_m"":0.0,""rear_thickness_step_margin_min_m"":0.003}",0.0,0.0,0.0,0,0.07294247358138692,0.0,0.6666666666666666,2,0.03333333333333333,1.6844413807317002e-14,91.5393066085519,"[91.5393066085519,91.35597327521855,0.0,0.6666666666666666,0.4114787594568954]",analysis complete
2.025,target_main_tip_z_2p025m,54,baseline_or_coarse,coarse_grid,03ed2cc96008,"baseline_uniform|1.000000,0.000000,0.000000,1.000000,0.000000",baseline_uniform,Uniform baseline rib family,1.0,0.0,0.0,1.0,0.0,1.14,0.0,1.0,1.0,0.0,"[69.8478,69.8478,69.8478,69.8478,54.5278,38.5778]","[68.2478,68.2478,68.2478,68.2478,52.9278,36.9778]","[0.8,0.8,0.8,0.8,0.8,0.8]","[20.0,20.0,20.0,20.0,20.0,20.0]","[18.4,18.4,18.4,18.4,12.4,12.4]","[0.8,0.8,0.8,0.8,3.8,3.8]",69.8478,68.2478,0.8,20.0,18.4,0.8,13.981704076910821,16.481704076910823,"[23789.512,23789.512,23789.512,23789.512,11209.111,3897.467]","[512.312,512.312,512.312,512.312,1539.494,1539.494]","[3102.98,3102.98,3102.98,3102.98,1462.058,508.365]","[66.823,66.823,66.823,66.823,200.804,200.804]",5436.960384819397,24301.82466272743,709.1687458460084,3169.803216877491,1.4422293406134696,-0.18579774642709324,-0.18579774642709324,2.0844176349073797,0.10362241739759315,0.0,0.0,0.0,0.0,0.0,0.0,2900.8328149453414,2900.8328149453414,[2900.833],fail,1646.961763192462,False,False,moment_closure,False,True,False,pass,True,True,True,False,fail,False,False,False,ground_clearance; negative_margins:ground_clearance_margin_m=-0.185797746,ground_clearance,ground_clearance_margin_m,-0.18579774642709324,"{""ei_dominance_margin_min_nm2"":818.4792511509122,""ei_ratio_margin_min"":0.531654819493085,""equivalent_buckling_margin"":0.8534695447618955,""equivalent_failure_margin"":0.6671799213597888,""equivalent_tip_margin"":1.1077706593865302,""equivalent_twist_margin"":1.8564149544447859,""ground_clearance_margin_m"":-0.18579774642709324,""jig_curvature_margin_per_m"":0.0319287127528646,""jig_prebend_margin_m"":1.9421813094171454,""loaded_shape_main_z_margin_m"":0.025,""loaded_shape_twist_margin_deg"":0.15,""main_hollow_margin_min_m"":0.0184889,""main_radius_taper_margin_min_m"":0.0,""main_thickness_ratio_margin_min_m"":0.01463112,""main_thickness_step_margin_min_m"":0.003,""radius_dominance_margin_min_m"":0.004288899999999997,""rear_hollow_margin_min_m"":0.0061,""rear_inboard_ei_margin_min_nm2"":4245.590255119947,""rear_main_radius_ratio_margin_min_m"":0.01,""rear_radius_taper_margin_min_m"":0.0,""rear_thickness_ratio_margin_min_m"":0.004200000000000001,""rear_thickness_step_margin_min_m"":0.0}",0.03452080257738644,0.03452080257738644,368.94314940252315,5,-0.1820533691909358,92.23578735063079,1.0,3,0.05,0.0,108.7674914275416,"[108.7674914275416,16.481704076910823,368.94314940252315,1.0,2.0844176349073797]",analysis complete
2.025,target_main_tip_z_2p025m,55,baseline_or_coarse,coarse_grid,cca00cc103c9,"inboard_reinforced_mix|1.000000,0.000000,0.000000,1.000000,0.000000",inboard_reinforced_mix,Inboard reinforced two-family mix,1.0,0.0,0.0,1.0,0.0,1.14,0.0,1.0,1.0,0.0,"[69.8478,69.8478,69.8478,69.8478,54.5278,38.5778]","[68.2478,68.2478,68.2478,68.2478,52.9278,36.9778]","[0.8,0.8,0.8,0.8,0.8,0.8]","[20.0,20.0,20.0,20.0,20.0,20.0]","[18.4,18.4,18.4,18.4,12.4,12.4]","[0.8,0.8,0.8,0.8,3.8,3.8]",69.8478,68.2478,0.8,20.0,18.4,0.8,13.981704076910821,16.481704076910823,"[23789.512,23789.512,23789.512,23789.512,11209.111,3897.467]","[512.312,512.312,512.312,512.312,1539.494,1539.494]","[3102.98,3102.98,3102.98,3102.98,1462.058,508.365]","[66.823,66.823,66.823,66.823,200.804,200.804]",5436.960384819397,24301.82466272743,709.1687458460084,3169.803216877491,1.4422105393904627,-0.18579774642709324,-0.18579774642709324,2.0844176349073797,0.10362241739759315,0.0,0.0,0.0,0.0,0.0,0.0,2900.8328149453414,2900.8328149453414,[2900.833],fail,1646.961763192462,False,False,moment_closure,False,True,False,pass,True,True,True,False,fail,False,False,False,ground_clearance; negative_margins:ground_clearance_margin_m=-0.185797746,ground_clearance,ground_clearance_margin_m,-0.18579774642709324,"{""ei_dominance_margin_min_nm2"":818.4792511509122,""ei_ratio_margin_min"":0.531654819493085,""equivalent_buckling_margin"":0.8534701333729239,""equivalent_failure_margin"":0.6671809368322701,""equivalent_tip_margin"":1.107789460609537,""equivalent_twist_margin"":1.894389978301163,""ground_clearance_margin_m"":-0.18579774642709324,""jig_curvature_margin_per_m"":0.0319287127528646,""jig_prebend_margin_m"":1.9421813094171454,""loaded_shape_main_z_margin_m"":0.025,""loaded_shape_twist_margin_deg"":0.15,""main_hollow_margin_min_m"":0.0184889,""main_radius_taper_margin_min_m"":0.0,""main_thickness_ratio_margin_min_m"":0.01463112,""main_thickness_step_margin_min_m"":0.003,""radius_dominance_margin_min_m"":0.004288899999999997,""rear_hollow_margin_min_m"":0.0061,""rear_inboard_ei_margin_min_nm2"":4245.590255119947,""rear_main_radius_ratio_margin_min_m"":0.01,""rear_radius_taper_margin_min_m"":0.0,""rear_thickness_ratio_margin_min_m"":0.004200000000000001,""rear_thickness_step_margin_min_m"":0.0}",0.03452080257738644,0.03452080257738644,368.94314940252315,5,-0.1820533691909358,92.23578735063079,1.0,3,0.05,0.0,108.9174914275416,"[108.9174914275416,16.481704076910823,368.94314940252315,1.0,2.0844176349073797]",analysis complete
2.025,target_main_tip_z_2p025m,56,baseline_or_coarse,coarse_grid,2bacdf16e57e,"outboard_relaxed_mix|1.000000,0.000000,0.000000,1.000000,0.000000",outboard_relaxed_mix,Outboard relaxed two-family mix,1.0,0.0,0.0,1.0,0.0,1.14,0.0,1.0,1.0,0.0,"[69.8478,69.8478,69.8478,69.8478,54.5278,38.5778]","[68.2478,68.2478,68.2478,68.2478,52.9278,36.9778]","[0.8,0.8,0.8,0.8,0.8,0.8]","[20.0,20.0,20.0,20.0,20.0,20.0]","[18.4,18.4,18.4,18.4,12.4,12.4]","[0.8,0.8,0.8,0.8,3.8,3.8]",69.8478,68.2478,0.8,20.0,18.4,0.8,13.981704076910821,16.481704076910823,"[23789.512,23789.512,23789.512,23789.512,11209.111,3897.467]","[512.312,512.312,512.312,512.312,1539.494,1539.494]","[3102.98,3102.98,3102.98,3102.98,1462.058,508.365]","[66.823,66.823,66.823,66.823,200.804,200.804]",5436.960384819397,24301.82466272743,709.1687458460084,3169.803216877491,1.4422614551858266,-0.18579774642709324,-0.18579774642709324,2.0844176349073797,0.10362241739759315,0.0,0.0,0.0,0.0,0.0,0.0,2900.8328149453414,2900.8328149453414,[2900.833],fail,1646.961763192462,False,False,moment_closure,False,True,False,pass,True,True,True,False,fail,False,False,False,ground_clearance; negative_margins:ground_clearance_margin_m=-0.185797746,ground_clearance,ground_clearance_margin_m,-0.18579774642709324,"{""ei_dominance_margin_min_nm2"":818.4792511509122,""ei_ratio_margin_min"":0.531654819493085,""equivalent_buckling_margin"":0.8534684079889168,""equivalent_failure_margin"":0.6671781713427747,""equivalent_tip_margin"":1.1077385448141732,""equivalent_twist_margin"":1.7909579498058759,""ground_clearance_margin_m"":-0.18579774642709324,""jig_curvature_margin_per_m"":0.0319287127528646,""jig_prebend_margin_m"":1.9421813094171454,""loaded_shape_main_z_margin_m"":0.025,""loaded_shape_twist_margin_deg"":0.15,""main_hollow_margin_min_m"":0.0184889,""main_radius_taper_margin_min_m"":0.0,""main_thickness_ratio_margin_min_m"":0.01463112,""main_thickness_step_margin_min_m"":0.003,""radius_dominance_margin_min_m"":0.004288899999999997,""rear_hollow_margin_min_m"":0.0061,""rear_inboard_ei_margin_min_nm2"":4245.590255119947,""rear_main_radius_ratio_margin_min_m"":0.01,""rear_radius_taper_margin_min_m"":0.0,""rear_thickness_ratio_margin_min_m"":0.004200000000000001,""rear_thickness_step_margin_min_m"":0.0}",0.03452080257738644,0.03452080257738644,368.94314940252315,5,-0.1820533691909358,92.23578735063079,1.0,3,0.05,0.0,108.9174914275416,"[108.9174914275416,16.481704076910823,368.94314940252315,1.0,2.0844176349073797]",analysis complete
2.025,target_main_tip_z_2p025m,57,baseline_or_coarse,coarse_grid,818e1b22072f,"baseline_uniform|1.000000,0.000000,0.000000,1.000000,1.000000",baseline_uniform,Uniform baseline rib family,1.0,0.0,0.0,1.0,1.0,1.14,0.0,1.0,1.0,1.0,"[69.8478,69.8478,69.8478,69.8478,54.5278,38.5778]","[53.8478,53.8478,53.8478,53.8478,38.5278,22.5778]","[8.0,8.0,8.0,8.0,8.0,8.0]","[20.0,20.0,20.0,20.0,20.0,20.0]","[4.0,4.0,4.0,4.0,0.0,0.0]","[8.0,8.0,8.0,8.0,11.0,11.0]",69.8478,53.8478,8.0,20.0,4.0,8.0,89.05779580989022,91.55779580989022,"[173802.772,173802.772,173802.772,173802.772,74932.181,22072.435]","[1803.526,1803.526,1803.526,1803.526,1806.416,1806.416]","[22669.927,22669.927,22669.927,22669.927,9773.763,2879.013]","[235.242,235.242,235.242,235.242,235.619,235.619]",23878.850349117354,175606.2976085889,3114.6326542326988,22905.169253294207,-0.14812232306400475,0.0651858601168413,0.0651858601168413,0.4292118314540656,0.03314516615588481,0.0,0.0,0.0,0.0,2.220446049250313e-16,6.018598871056556e-17,0.0,0.0,[0.0],fail,1198.9594568585574,False,False,geometry_validity|moment_closure,False,True,False,fail,True,False,True,False,fail,False,False,False,geometry_validity; negative_margins:rear_hollow_margin_min_m=-0.0011|rear_thickness_ratio_margin_min_m=-0.003,geometry_validity,rear_thickness_ratio_margin_min_m,-0.002999999999999999,"{""ei_dominance_margin_min_nm2"":18459.964304830126,""ei_ratio_margin_min"":10.22013355566394,""equivalent_buckling_margin"":0.9143595461367066,""equivalent_failure_margin"":0.9512460506478002,""equivalent_tip_margin"":2.6981223230640046,""equivalent_twist_margin"":2.0004266799081174,""ground_clearance_margin_m"":0.0651858601168413,""jig_curvature_margin_per_m"":0.10240596399457294,""jig_prebend_margin_m"":3.5973871128704595,""loaded_shape_main_z_margin_m"":0.025,""loaded_shape_twist_margin_deg"":0.15,""main_hollow_margin_min_m"":0.011288899999999998,""main_radius_taper_margin_min_m"":0.0,""main_thickness_ratio_margin_min_m"":0.007431119999999999,""main_thickness_step_margin_min_m"":0.003,""radius_dominance_margin_min_m"":0.004288899999999997,""rear_hollow_margin_min_m"":-0.0010999999999999992,""rear_inboard_ei_margin_min_nm2"":32957.02890903039,""rear_main_radius_ratio_margin_min_m"":0.01,""rear_radius_taper_margin_min_m"":0.0,""rear_thickness_ratio_margin_min_m"":-0.002999999999999999,""rear_thickness_step_margin_min_m"":8.673617379884035e-19}",1.0209999999999994e-05,1.0209999999999994e-05,0.0,0,0.07295109344021997,0.0,0.9999999999999977,3,0.049999999999999885,0.0,91.60779580989022,"[91.60779580989022,91.55779580989022,0.0,0.9999999999999977,0.4292118314540656]",analysis complete
2.025,target_main_tip_z_2p025m,58,baseline_or_coarse,coarse_grid,cd1a61f78060,"inboard_reinforced_mix|1.000000,0.000000,0.000000,1.000000,1.000000",inboard_reinforced_mix,Inboard reinforced two-family mix,1.0,0.0,0.0,1.0,1.0,1.14,0.0,1.0,1.0,1.0,"[69.8478,69.8478,69.8478,69.8478,54.5278,38.5778]","[53.8478,53.8478,53.8478,53.8478,38.5278,22.5778]","[8.0,8.0,8.0,8.0,8.0,8.0]","[20.0,20.0,20.0,20.0,20.0,20.0]","[4.0,4.0,4.0,4.0,0.0,0.0]","[8.0,8.0,8.0,8.0,11.0,11.0]",69.8478,53.8478,8.0,20.0,4.0,8.0,89.05779580989022,91.55779580989022,"[173802.772,173802.772,173802.772,173802.772,74932.181,22072.435]","[1803.526,1803.526,1803.526,1803.526,1806.416,1806.416]","[22669.927,22669.927,22669.927,22669.927,9773.763,2879.013]","[235.242,235.242,235.242,235.242,235.619,235.619]",23878.850349117354,175606.2976085889,3114.6326542326988,22905.169253294207,-0.14812481024135365,0.0651858601168413,0.0651858601168413,0.4292118314540656,0.03314516615588481,0.0,0.0,0.0,0.0,2.220446049250313e-16,6.018598871056556e-17,0.0,0.0,[0.0],fail,1198.9594568585574,False,False,geometry_validity|moment_closure,False,True,False,fail,True,False,True,False,fail,False,False,False,geometry_validity; negative_margins:rear_hollow_margin_min_m=-0.0011|rear_thickness_ratio_margin_min_m=-0.003,geometry_validity,rear_thickness_ratio_margin_min_m,-0.002999999999999999,"{""ei_dominance_margin_min_nm2"":18459.964304830126,""ei_ratio_margin_min"":10.22013355566394,""equivalent_buckling_margin"":0.9143595486369966,""equivalent_failure_margin"":0.9512459913667253,""equivalent_tip_margin"":2.6981248102413535,""equivalent_twist_margin"":2.007079169146379,""ground_clearance_margin_m"":0.0651858601168413,""jig_curvature_margin_per_m"":0.10240596399457294,""jig_prebend_margin_m"":3.5973871128704595,""loaded_shape_main_z_margin_m"":0.025,""loaded_shape_twist_margin_deg"":0.15,""main_hollow_margin_min_m"":0.011288899999999998,""main_radius_taper_margin_min_m"":0.0,""main_thickness_ratio_margin_min_m"":0.007431119999999999,""main_thickness_step_margin_min_m"":0.003,""radius_dominance_margin_min_m"":0.004288899999999997,""rear_hollow_margin_min_m"":-0.0010999999999999992,""rear_inboard_ei_margin_min_nm2"":32957.02890903039,""rear_main_radius_ratio_margin_min_m"":0.01,""rear_radius_taper_margin_min_m"":0.0,""rear_thickness_ratio_margin_min_m"":-0.002999999999999999,""rear_thickness_step_margin_min_m"":8.673617379884035e-19}",1.0209999999999994e-05,1.0209999999999994e-05,0.0,0,0.07295109344021997,0.0,0.9999999999999977,3,0.049999999999999885,0.0,91.75779580989023,"[91.75779580989023,91.55779580989022,0.0,0.9999999999999977,0.4292118314540656]",analysis complete
2.025,target_main_tip_z_2p025m,59,baseline_or_coarse,coarse_grid,92e6e6f090aa,"outboard_relaxed_mix|1.000000,0.000000,0.000000,1.000000,1.000000",outboard_relaxed_mix,Outboard relaxed two-family mix,1.0,0.0,0.0,1.0,1.0,1.14,0.0,1.0,1.0,1.0,"[69.8478,69.8478,69.8478,69.8478,54.5278,38.5778]","[53.8478,53.8478,53.8478,53.8478,38.5278,22.5778]","[8.0,8.0,8.0,8.0,8.0,8.0]","[20.0,20.0,20.0,20.0,20.0,20.0]","[4.0,4.0,4.0,4.0,0.0,0.0]","[8.0,8.0,8.0,8.0,11.0,11.0]",69.8478,53.8478,8.0,20.0,4.0,8.0,89.05779580989022,91.55779580989022,"[173802.772,173802.772,173802.772,173802.772,74932.181,22072.435]","[1803.526,1803.526,1803.526,1803.526,1806.416,1806.416]","[22669.927,22669.927,22669.927,22669.927,9773.763,2879.013]","[235.242,235.242,235.242,235.242,235.619,235.619]",23878.850349117354,175606.2976085889,3114.6326542326988,22905.169253294207,-0.14811807128417442,0.0651858601168413,0.0651858601168413,0.4292118314540656,0.03314516615588481,0.0,0.0,0.0,0.0,2.220446049250313e-16,6.018598871056556e-17,0.0,0.0,[0.0],fail,1198.9594568585574,False,False,geometry_validity|moment_closure,False,True,False,fail,True,False,True,False,fail,False,False,False,geometry_validity; negative_margins:rear_hollow_margin_min_m=-0.0011|rear_thickness_ratio_margin_min_m=-0.003,geometry_validity,rear_thickness_ratio_margin_min_m,-0.002999999999999999,"{""ei_dominance_margin_min_nm2"":18459.964304830126,""ei_ratio_margin_min"":10.22013355566394,""equivalent_buckling_margin"":0.9143595399402281,""equivalent_failure_margin"":0.9512461436762262,""equivalent_tip_margin"":2.698118071284174,""equivalent_twist_margin"":1.9890539282206061,""ground_clearance_margin_m"":0.0651858601168413,""jig_curvature_margin_per_m"":0.10240596399457294,""jig_prebend_margin_m"":3.5973871128704595,""loaded_shape_main_z_margin_m"":0.025,""loaded_shape_twist_margin_deg"":0.15,""main_hollow_margin_min_m"":0.011288899999999998,""main_radius_taper_margin_min_m"":0.0,""main_thickness_ratio_margin_min_m"":0.007431119999999999,""main_thickness_step_margin_min_m"":0.003,""radius_dominance_margin_min_m"":0.004288899999999997,""rear_hollow_margin_min_m"":-0.0010999999999999992,""rear_inboard_ei_margin_min_nm2"":32957.02890903039,""rear_main_radius_ratio_margin_min_m"":0.01,""rear_radius_taper_margin_min_m"":0.0,""rear_thickness_ratio_margin_min_m"":-0.002999999999999999,""rear_thickness_step_margin_min_m"":8.673617379884035e-19}",1.0209999999999994e-05,1.0209999999999994e-05,0.0,0,0.07295109344021997,0.0,0.9999999999999977,3,0.049999999999999885,0.0,91.75779580989023,"[91.75779580989023,91.55779580989022,0.0,0.9999999999999977,0.4292118314540656]",analysis complete
2.025,target_main_tip_z_2p025m,60,baseline_or_coarse,coarse_grid,d587222d133a,"baseline_uniform|1.000000,0.000000,1.000000,0.000000,0.000000",baseline_uniform,Uniform baseline rib family,1.0,0.0,1.0,0.0,0.0,1.14,0.0,1.12,0.0,0.0,"[69.8478,69.8478,69.8478,69.8478,54.5278,38.5778]","[68.2478,68.2478,68.2478,68.2478,52.9278,36.9778]","[0.8,0.8,0.8,0.8,0.8,0.8]","[22.4,22.4,22.4,22.4,22.4,22.4]","[20.8,20.8,20.8,20.8,20.8,20.8]","[0.8,0.8,0.8,0.8,0.8,0.8]",69.8478,68.2478,0.8,22.400000000000002,20.800000000000004,0.8,11.204976995540493,13.704976995540493,"[23789.512,23789.512,23789.512,23789.512,11209.111,3897.467]","[729.179,729.179,729.179,729.179,729.179,729.179]","[3102.98,3102.98,3102.98,3102.98,1462.058,508.365]","[95.11,95.11,95.11,95.11,95.11,95.11]",4626.645910794323,24518.691668737236,603.4755535818682,3198.0902176613786,1.8288820572883013,-0.5513670384355787,-0.5513670384355787,2.564935116212838,0.09352691861455298,0.0,0.0,0.0,0.0,2.7755575615628914e-17,2.533725810203382e-18,3146.0561834157943,3146.0561834157943,[3146.056],fail,1689.0495128821913,False,False,moment_closure,False,True,False,pass,True,True,True,False,fail,False,False,False,ground_clearance; negative_margins:ground_clearance_margin_m=-0.551367038,ground_clearance,ground_clearance_margin_m,-0.5513670384355787,"{""ei_dominance_margin_min_nm2"":2439.108199201062,""ei_ratio_margin_min"":3.345005006690249,""equivalent_buckling_margin"":0.8347146992448948,""equivalent_failure_margin"":0.6112564979734905,""equivalent_tip_margin"":0.7211179427116985,""equivalent_twist_margin"":1.872680749157673,""ground_clearance_margin_m"":-0.5513670384355787,""jig_curvature_margin_per_m"":0.04202421153590477,""jig_prebend_margin_m"":1.461663828111687,""loaded_shape_main_z_margin_m"":0.025,""loaded_shape_twist_margin_deg"":0.15,""main_hollow_margin_min_m"":0.0184889,""main_radius_taper_margin_min_m"":0.0,""main_thickness_ratio_margin_min_m"":0.01463112,""main_thickness_step_margin_min_m"":0.003,""radius_dominance_margin_min_m"":0.003088899999999996,""rear_hollow_margin_min_m"":0.010300000000000002,""rear_inboard_ei_margin_min_nm2"":4028.723249110143,""rear_main_radius_ratio_margin_min_m"":0.011200000000000002,""rear_radius_taper_margin_min_m"":0.0,""rear_thickness_ratio_margin_min_m"":0.00816,""rear_thickness_step_margin_min_m"":0.003}",0.3040056110732209,0.3040056110732209,3106.6769111723906,5,-0.5473619743440187,776.6692277930977,0.6666666666666666,2,0.03333333333333333,0.0,790.4075381219715,"[790.4075381219715,13.704976995540493,3106.6769111723906,0.6666666666666666,2.564935116212838]",analysis complete
2.025,target_main_tip_z_2p025m,61,baseline_or_coarse,coarse_grid,701ad531f7f0,"inboard_reinforced_mix|1.000000,0.000000,1.000000,0.000000,0.000000",inboard_reinforced_mix,Inboard reinforced two-family mix,1.0,0.0,1.0,0.0,0.0,1.14,0.0,1.12,0.0,0.0,"[69.8478,69.8478,69.8478,69.8478,54.5278,38.5778]","[68.2478,68.2478,68.2478,68.2478,52.9278,36.9778]","[0.8,0.8,0.8,0.8,0.8,0.8]","[22.4,22.4,22.4,22.4,22.4,22.4]","[20.8,20.8,20.8,20.8,20.8,20.8]","[0.8,0.8,0.8,0.8,0.8,0.8]",69.8478,68.2478,0.8,22.400000000000002,20.800000000000004,0.8,11.204976995540493,13.704976995540493,"[23789.512,23789.512,23789.512,23789.512,11209.111,3897.467]","[729.179,729.179,729.179,729.179,729.179,729.179]","[3102.98,3102.98,3102.98,3102.98,1462.058,508.365]","[95.11,95.11,95.11,95.11,95.11,95.11]",4626.645910794323,24518.691668737236,603.4755535818682,3198.0902176613786,1.8288684103228434,-0.5513670384355787,-0.5513670384355787,2.564935116212838,0.09352691861455298,0.0,0.0,0.0,0.0,2.7755575615628914e-17,2.533725810203382e-18,3146.0561834157943,3146.0561834157943,[3146.056],fail,1689.0495128821913,False,False,moment_closure,False,True,False,pass,True,True,True,False,fail,False,False,False,ground_clearance; negative_margins:ground_clearance_margin_m=-0.551367038,ground_clearance,ground_clearance_margin_m,-0.5513670384355787,"{""ei_dominance_margin_min_nm2"":2439.108199201062,""ei_ratio_margin_min"":3.345005006690249,""equivalent_buckling_margin"":0.8347150304555223,""equivalent_failure_margin"":0.6112570405421921,""equivalent_tip_margin"":0.7211315896771564,""equivalent_twist_margin"":1.908222636754423,""ground_clearance_margin_m"":-0.5513670384355787,""jig_curvature_margin_per_m"":0.04202421153590477,""jig_prebend_margin_m"":1.461663828111687,""loaded_shape_main_z_margin_m"":0.025,""loaded_shape_twist_margin_deg"":0.15,""main_hollow_margin_min_m"":0.0184889,""main_radius_taper_margin_min_m"":0.0,""main_thickness_ratio_margin_min_m"":0.01463112,""main_thickness_step_margin_min_m"":0.003,""radius_dominance_margin_min_m"":0.003088899999999996,""rear_hollow_margin_min_m"":0.010300000000000002,""rear_inboard_ei_margin_min_nm2"":4028.723249110143,""rear_main_radius_ratio_margin_min_m"":0.011200000000000002,""rear_radius_taper_margin_min_m"":0.0,""rear_thickness_ratio_margin_min_m"":0.00816,""rear_thickness_step_margin_min_m"":0.003}",0.3040056110732209,0.3040056110732209,3106.6769111723906,5,-0.5473619743440187,776.6692277930977,0.6666666666666666,2,0.03333333333333333,0.0,790.5575381219714,"[790.5575381219714,13.704976995540493,3106.6769111723906,0.6666666666666666,2.564935116212838]",analysis complete
2.025,target_main_tip_z_2p025m,62,baseline_or_coarse,coarse_grid,65a2690229f8,"outboard_relaxed_mix|1.000000,0.000000,1.000000,0.000000,0.000000",outboard_relaxed_mix,Outboard relaxed two-family mix,1.0,0.0,1.0,0.0,0.0,1.14,0.0,1.12,0.0,0.0,"[69.8478,69.8478,69.8478,69.8478,54.5278,38.5778]","[68.2478,68.2478,68.2478,68.2478,52.9278,36.9778]","[0.8,0.8,0.8,0.8,0.8,0.8]","[22.4,22.4,22.4,22.4,22.4,22.4]","[20.8,20.8,20.8,20.8,20.8,20.8]","[0.8,0.8,0.8,0.8,0.8,0.8]",69.8478,68.2478,0.8,22.400000000000002,20.800000000000004,0.8,11.204976995540493,13.704976995540493,"[23789.512,23789.512,23789.512,23789.512,11209.111,3897.467]","[729.179,729.179,729.179,729.179,729.179,729.179]","[3102.98,3102.98,3102.98,3102.98,1462.058,508.365]","[95.11,95.11,95.11,95.11,95.11,95.11]",4626.645910794323,24518.691668737236,603.4755535818682,3198.0902176613786,1.8289053970216194,-0.5513670384355787,-0.5513670384355787,2.564935116212838,0.09352691861455298,0.0,0.0,0.0,0.0,2.7755575615628914e-17,2.533725810203382e-18,3146.0561834157943,3146.0561834157943,[3146.056],fail,1689.0495128821913,False,False,moment_closure,False,True,False,pass,True,True,True,False,fail,False,False,False,ground_clearance; negative_margins:ground_clearance_margin_m=-0.551367038,ground_clearance,ground_clearance_margin_m,-0.5513670384355787,"{""ei_dominance_margin_min_nm2"":2439.108199201062,""ei_ratio_margin_min"":3.345005006690249,""equivalent_buckling_margin"":0.8347140552107701,""equivalent_failure_margin"":0.6112555597609254,""equivalent_tip_margin"":0.7210946029783805,""equivalent_twist_margin"":1.8113937811617706,""ground_clearance_margin_m"":-0.5513670384355787,""jig_curvature_margin_per_m"":0.04202421153590477,""jig_prebend_margin_m"":1.461663828111687,""loaded_shape_main_z_margin_m"":0.025,""loaded_shape_twist_margin_deg"":0.15,""main_hollow_margin_min_m"":0.0184889,""main_radius_taper_margin_min_m"":0.0,""main_thickness_ratio_margin_min_m"":0.01463112,""main_thickness_step_margin_min_m"":0.003,""radius_dominance_margin_min_m"":0.003088899999999996,""rear_hollow_margin_min_m"":0.010300000000000002,""rear_inboard_ei_margin_min_nm2"":4028.723249110143,""rear_main_radius_ratio_margin_min_m"":0.011200000000000002,""rear_radius_taper_margin_min_m"":0.0,""rear_thickness_ratio_margin_min_m"":0.00816,""rear_thickness_step_margin_min_m"":0.003}",0.3040056110732209,0.3040056110732209,3106.6769111723906,5,-0.5473619743440187,776.6692277930977,0.6666666666666666,2,0.03333333333333333,0.0,790.5575381219714,"[790.5575381219714,13.704976995540493,3106.6769111723906,0.6666666666666666,2.564935116212838]",analysis complete
2.025,target_main_tip_z_2p025m,63,baseline_or_coarse,coarse_grid,8a379bc5d81a,"baseline_uniform|1.000000,0.000000,1.000000,0.000000,1.000000",baseline_uniform,Uniform baseline rib family,1.0,0.0,1.0,0.0,1.0,1.14,0.0,1.12,0.0,1.0,"[69.8478,69.8478,69.8478,69.8478,54.5278,38.5778]","[53.8478,53.8478,53.8478,53.8478,38.5278,22.5778]","[8.0,8.0,8.0,8.0,8.0,8.0]","[22.4,22.4,22.4,22.4,22.4,22.4]","[6.4,6.4,6.4,6.4,6.4,6.4]","[8.0,8.0,8.0,8.0,8.0,8.0]",69.8478,53.8478,8.0,22.400000000000002,6.400000000000003,8.0,92.16937280095941,94.66937280095941,"[173802.772,173802.772,173802.772,173802.772,74932.181,22072.435]","[2823.489,2823.489,2823.489,2823.489,2823.489,2823.489]","[22669.927,22669.927,22669.927,22669.927,9773.763,2879.013]","[368.281,368.281,368.281,368.281,368.281,368.281]",24895.92312647078,176626.26065118363,3247.2943208440147,23038.207911023954,-0.1664215956412642,0.0651858601168413,0.0651858601168413,0.4959026970723568,0.024671050104710268,0.0,0.0,0.0,0.0,2.220446049250313e-16,4.927754733697934e-17,0.0,0.0,[0.0],fail,1216.6348188086126,False,False,moment_closure,False,True,False,pass,True,True,True,True,pass,True,False,False,eligible_but_higher_objective_than_reported_selected,,main_radius_taper_margin_min_m,0.0,"{""ei_dominance_margin_min_nm2"":16425.457466968113,""ei_ratio_margin_min"":5.81743370219832,""equivalent_buckling_margin"":0.914326294035406,""equivalent_failure_margin"":0.9500535167960987,""equivalent_tip_margin"":2.716421595641264,""equivalent_twist_margin"":2.003494988614118,""ground_clearance_margin_m"":0.0651858601168413,""jig_curvature_margin_per_m"":0.11088008004574748,""jig_prebend_margin_m"":3.5306962472521684,""loaded_shape_main_z_margin_m"":0.025,""loaded_shape_twist_margin_deg"":0.15,""main_hollow_margin_min_m"":0.011288899999999998,""main_radius_taper_margin_min_m"":0.0,""main_thickness_ratio_margin_min_m"":0.007431119999999999,""main_thickness_step_margin_min_m"":0.003,""radius_dominance_margin_min_m"":0.003088899999999996,""rear_hollow_margin_min_m"":0.0031000000000000016,""rear_inboard_ei_margin_min_nm2"":31937.065866435663,""rear_main_radius_ratio_margin_min_m"":0.011200000000000002,""rear_radius_taper_margin_min_m"":0.0,""rear_thickness_ratio_margin_min_m"":0.0009600000000000008,""rear_thickness_step_margin_min_m"":0.003}",0.0,0.0,0.0,0,0.07312244894148663,0.0,0.6666666666666666,2,0.03333333333333333,0.0,94.70270613429274,"[94.70270613429274,94.66937280095941,0.0,0.6666666666666666,0.4959026970723568]",analysis complete
2.025,target_main_tip_z_2p025m,64,baseline_or_coarse,coarse_grid,02cb87b9d80e,"inboard_reinforced_mix|1.000000,0.000000,1.000000,0.000000,1.000000",inboard_reinforced_mix,Inboard reinforced two-family mix,1.0,0.0,1.0,0.0,1.0,1.14,0.0,1.12,0.0,1.0,"[69.8478,69.8478,69.8478,69.8478,54.5278,38.5778]","[53.8478,53.8478,53.8478,53.8478,38.5278,22.5778]","[8.0,8.0,8.0,8.0,8.0,8.0]","[22.4,22.4,22.4,22.4,22.4,22.4]","[6.4,6.4,6.4,6.4,6.4,6.4]","[8.0,8.0,8.0,8.0,8.0,8.0]",69.8478,53.8478,8.0,22.400000000000002,6.400000000000003,8.0,92.16937280095941,94.66937280095941,"[173802.772,173802.772,173802.772,173802.772,74932.181,22072.435]","[2823.489,2823.489,2823.489,2823.489,2823.489,2823.489]","[22669.927,22669.927,22669.927,22669.927,9773.763,2879.013]","[368.281,368.281,368.281,368.281,368.281,368.281]",24895.92312647078,176626.26065118363,3247.2943208440147,23038.207911023954,-0.16642386562965392,0.0651858601168413,0.0651858601168413,0.4959026970723568,0.024671050104710268,0.0,0.0,0.0,0.0,2.220446049250313e-16,4.927754733697934e-17,0.0,0.0,[0.0],fail,1216.6348188086126,False,False,moment_closure,False,True,False,pass,True,True,True,True,pass,True,False,False,eligible_but_higher_objective_than_reported_selected,,main_radius_taper_margin_min_m,0.0,"{""ei_dominance_margin_min_nm2"":16425.457466968113,""ei_ratio_margin_min"":5.81743370219832,""equivalent_buckling_margin"":0.9143262955088844,""equivalent_failure_margin"":0.9500534529341892,""equivalent_tip_margin"":2.7164238656296535,""equivalent_twist_margin"":2.009394805263764,""ground_clearance_margin_m"":0.0651858601168413,""jig_curvature_margin_per_m"":0.11088008004574748,""jig_prebend_margin_m"":3.5306962472521684,""loaded_shape_main_z_margin_m"":0.025,""loaded_shape_twist_margin_deg"":0.15,""main_hollow_margin_min_m"":0.011288899999999998,""main_radius_taper_margin_min_m"":0.0,""main_thickness_ratio_margin_min_m"":0.007431119999999999,""main_thickness_step_margin_min_m"":0.003,""radius_dominance_margin_min_m"":0.003088899999999996,""rear_hollow_margin_min_m"":0.0031000000000000016,""rear_inboard_ei_margin_min_nm2"":31937.065866435663,""rear_main_radius_ratio_margin_min_m"":0.011200000000000002,""rear_radius_taper_margin_min_m"":0.0,""rear_thickness_ratio_margin_min_m"":0.0009600000000000008,""rear_thickness_step_margin_min_m"":0.003}",0.0,0.0,0.0,0,0.07312244894148663,0.0,0.6666666666666666,2,0.03333333333333333,0.0,94.85270613429275,"[94.85270613429275,94.66937280095941,0.0,0.6666666666666666,0.4959026970723568]",analysis complete
2.025,target_main_tip_z_2p025m,65,baseline_or_coarse,coarse_grid,1f9ce4812c23,"outboard_relaxed_mix|1.000000,0.000000,1.000000,0.000000,1.000000",outboard_relaxed_mix,Outboard relaxed two-family mix,1.0,0.0,1.0,0.0,1.0,1.14,0.0,1.12,0.0,1.0,"[69.8478,69.8478,69.8478,69.8478,54.5278,38.5778]","[53.8478,53.8478,53.8478,53.8478,38.5278,22.5778]","[8.0,8.0,8.0,8.0,8.0,8.0]","[22.4,22.4,22.4,22.4,22.4,22.4]","[6.4,6.4,6.4,6.4,6.4,6.4]","[8.0,8.0,8.0,8.0,8.0,8.0]",69.8478,53.8478,8.0,22.400000000000002,6.400000000000003,8.0,92.16937280095941,94.66937280095941,"[173802.772,173802.772,173802.772,173802.772,74932.181,22072.435]","[2823.489,2823.489,2823.489,2823.489,2823.489,2823.489]","[22669.927,22669.927,22669.927,22669.927,9773.763,2879.013]","[368.281,368.281,368.281,368.281,368.281,368.281]",24895.92312647078,176626.26065118363,3247.2943208440147,23038.207911023954,-0.16641771378252457,0.0651858601168413,0.0651858601168413,0.4959026970723568,0.024671050104710268,0.0,0.0,0.0,0.0,2.220446049250313e-16,4.927754733697934e-17,0.0,0.0,[0.0],fail,1216.6348188086126,False,False,moment_closure,False,True,False,pass,True,True,True,True,pass,True,False,False,eligible_but_higher_objective_than_reported_selected,,main_radius_taper_margin_min_m,0.0,"{""ei_dominance_margin_min_nm2"":16425.457466968113,""ei_ratio_margin_min"":5.81743370219832,""equivalent_buckling_margin"":0.9143262901173289,""equivalent_failure_margin"":0.9500536200658785,""equivalent_tip_margin"":2.7164177137825245,""equivalent_twist_margin"":1.9934054154379919,""ground_clearance_margin_m"":0.0651858601168413,""jig_curvature_margin_per_m"":0.11088008004574748,""jig_prebend_margin_m"":3.5306962472521684,""loaded_shape_main_z_margin_m"":0.025,""loaded_shape_twist_margin_deg"":0.15,""main_hollow_margin_min_m"":0.011288899999999998,""main_radius_taper_margin_min_m"":0.0,""main_thickness_ratio_margin_min_m"":0.007431119999999999,""main_thickness_step_margin_min_m"":0.003,""radius_dominance_margin_min_m"":0.003088899999999996,""rear_hollow_margin_min_m"":0.0031000000000000016,""rear_inboard_ei_margin_min_nm2"":31937.065866435663,""rear_main_radius_ratio_margin_min_m"":0.011200000000000002,""rear_radius_taper_margin_min_m"":0.0,""rear_thickness_ratio_margin_min_m"":0.0009600000000000008,""rear_thickness_step_margin_min_m"":0.003}",0.0,0.0,0.0,0,0.07312244894148663,0.0,0.6666666666666666,2,0.03333333333333333,0.0,94.85270613429275,"[94.85270613429275,94.66937280095941,0.0,0.6666666666666666,0.4959026970723568]",analysis complete
2.025,target_main_tip_z_2p025m,66,baseline_or_coarse,coarse_grid,c4c15d0adb19,"baseline_uniform|1.000000,0.000000,1.000000,1.000000,0.000000",baseline_uniform,Uniform baseline rib family,1.0,0.0,1.0,1.0,0.0,1.14,0.0,1.12,1.0,0.0,"[69.8478,69.8478,69.8478,69.8478,54.5278,38.5778]","[68.2478,68.2478,68.2478,68.2478,52.9278,36.9778]","[0.8,0.8,0.8,0.8,0.8,0.8]","[22.4,22.4,22.4,22.4,22.4,22.4]","[20.8,20.8,20.8,20.8,14.8,14.8]","[0.8,0.8,0.8,0.8,3.8,3.8]",69.8478,68.2478,0.8,22.400000000000002,20.800000000000004,0.8,14.797418112697029,17.29741811269703,"[23789.512,23789.512,23789.512,23789.512,11209.111,3897.467]","[729.179,729.179,729.179,729.179,2300.748,2300.748]","[3102.98,3102.98,3102.98,3102.98,1462.058,508.365]","[95.11,95.11,95.11,95.11,300.098,300.098]",6198.214629559031,24518.691668737236,808.4627777685694,3198.0902176613786,1.3424557402776773,-0.10616228584032439,-0.10616228584032439,1.9830848732033188,0.09261446861705014,0.0,0.0,0.0,0.0,0.0,0.0,2842.0734880052246,2842.0734880052246,[2842.073],fail,1678.6246690523267,False,False,geometry_validity|moment_closure,False,True,False,fail,True,False,True,False,fail,False,False,False,geometry_validity|ground_clearance; negative_margins:ei_dominance_margin_min_nm2=-704.029238|ei_ratio_margin_min=-0.306000158|ground_clearance_margin_m=-0.106162286,geometry_validity|ground_clearance,ei_dominance_margin_min_nm2,-704.0292383283554,"{""ei_dominance_margin_min_nm2"":-704.0292383283554,""ei_ratio_margin_min"":-0.3060001581241618,""equivalent_buckling_margin"":0.8582251258005599,""equivalent_failure_margin"":0.682090329586446,""equivalent_tip_margin"":1.2075442597223225,""equivalent_twist_margin"":1.8707411927850994,""ground_clearance_margin_m"":-0.10616228584032439,""jig_curvature_margin_per_m"":0.04293666153340761,""jig_prebend_margin_m"":2.0435140711212063,""loaded_shape_main_z_margin_m"":0.025,""loaded_shape_twist_margin_deg"":0.15,""main_hollow_margin_min_m"":0.0184889,""main_radius_taper_margin_min_m"":0.0,""main_thickness_ratio_margin_min_m"":0.01463112,""main_thickness_step_margin_min_m"":0.003,""radius_dominance_margin_min_m"":0.003088899999999996,""rear_hollow_margin_min_m"":0.007300000000000002,""rear_inboard_ei_margin_min_nm2"":4028.723249110143,""rear_main_radius_ratio_margin_min_m"":0.011200000000000002,""rear_radius_taper_margin_min_m"":0.0,""rear_thickness_ratio_margin_min_m"":0.005160000000000001,""rear_thickness_step_margin_min_m"":0.0}",495657.27332773193,495657.27332773193,125.85495573499581,5,-0.10214103751223505,31.463738933748953,1.0,3,0.05,0.0,48.811157046445985,"[48.811157046445985,17.29741811269703,125.85495573499581,1.0,1.9830848732033188]",analysis complete
2.025,target_main_tip_z_2p025m,67,baseline_or_coarse,coarse_grid,759af5ce89fe,"inboard_reinforced_mix|1.000000,0.000000,1.000000,1.000000,0.000000",inboard_reinforced_mix,Inboard reinforced two-family mix,1.0,0.0,1.0,1.0,0.0,1.14,0.0,1.12,1.0,0.0,"[69.8478,69.8478,69.8478,69.8478,54.5278,38.5778]","[68.2478,68.2478,68.2478,68.2478,52.9278,36.9778]","[0.8,0.8,0.8,0.8,0.8,0.8]","[22.4,22.4,22.4,22.4,22.4,22.4]","[20.8,20.8,20.8,20.8,14.8,14.8]","[0.8,0.8,0.8,0.8,3.8,3.8]",69.8478,68.2478,0.8,22.400000000000002,20.800000000000004,0.8,14.797418112697029,17.29741811269703,"[23789.512,23789.512,23789.512,23789.512,11209.111,3897.467]","[729.179,729.179,729.179,729.179,2300.748,2300.748]","[3102.98,3102.98,3102.98,3102.98,1462.058,508.365]","[95.11,95.11,95.11,95.11,300.098,300.098]",6198.214629559031,24518.691668737236,808.4627777685694,3198.0902176613786,1.3424383043994348,-0.10616228584032439,-0.10616228584032439,1.9830848732033188,0.09261446861705014,0.0,0.0,0.0,0.0,0.0,0.0,2842.0734880052246,2842.0734880052246,[2842.073],fail,1678.6246690523267,False,False,geometry_validity|moment_closure,False,True,False,fail,True,False,True,False,fail,False,False,False,geometry_validity|ground_clearance; negative_margins:ei_dominance_margin_min_nm2=-704.029238|ei_ratio_margin_min=-0.306000158|ground_clearance_margin_m=-0.106162286,geometry_validity|ground_clearance,ei_dominance_margin_min_nm2,-704.0292383283554,"{""ei_dominance_margin_min_nm2"":-704.0292383283554,""ei_ratio_margin_min"":-0.3060001581241618,""equivalent_buckling_margin"":0.8582256801781631,""equivalent_failure_margin"":0.6820913093326285,""equivalent_tip_margin"":1.207561695600565,""equivalent_twist_margin"":1.9058149644361124,""ground_clearance_margin_m"":-0.10616228584032439,""jig_curvature_margin_per_m"":0.04293666153340761,""jig_prebend_margin_m"":2.0435140711212063,""loaded_shape_main_z_margin_m"":0.025,""loaded_shape_twist_margin_deg"":0.15,""main_hollow_margin_min_m"":0.0184889,""main_radius_taper_margin_min_m"":0.0,""main_thickness_ratio_margin_min_m"":0.01463112,""main_thickness_step_margin_min_m"":0.003,""radius_dominance_margin_min_m"":0.003088899999999996,""rear_hollow_margin_min_m"":0.007300000000000002,""rear_inboard_ei_margin_min_nm2"":4028.723249110143,""rear_main_radius_ratio_margin_min_m"":0.011200000000000002,""rear_radius_taper_margin_min_m"":0.0,""rear_thickness_ratio_margin_min_m"":0.005160000000000001,""rear_thickness_step_margin_min_m"":0.0}",495657.27332773193,495657.27332773193,125.85495573499581,5,-0.10214103751223505,31.463738933748953,1.0,3,0.05,0.0,48.96115704644598,"[48.96115704644598,17.29741811269703,125.85495573499581,1.0,1.9830848732033188]",analysis complete
2.025,target_main_tip_z_2p025m,68,baseline_or_coarse,coarse_grid,dc55d0bd1b4d,"outboard_relaxed_mix|1.000000,0.000000,1.000000,1.000000,0.000000",outboard_relaxed_mix,Outboard relaxed two-family mix,1.0,0.0,1.0,1.0,0.0,1.14,0.0,1.12,1.0,0.0,"[69.8478,69.8478,69.8478,69.8478,54.5278,38.5778]","[68.2478,68.2478,68.2478,68.2478,52.9278,36.9778]","[0.8,0.8,0.8,0.8,0.8,0.8]","[22.4,22.4,22.4,22.4,22.4,22.4]","[20.8,20.8,20.8,20.8,14.8,14.8]","[0.8,0.8,0.8,0.8,3.8,3.8]",69.8478,68.2478,0.8,22.400000000000002,20.800000000000004,0.8,14.797418112697029,17.29741811269703,"[23789.512,23789.512,23789.512,23789.512,11209.111,3897.467]","[729.179,729.179,729.179,729.179,2300.748,2300.748]","[3102.98,3102.98,3102.98,3102.98,1462.058,508.365]","[95.11,95.11,95.11,95.11,300.098,300.098]",6198.214629559031,24518.691668737236,808.4627777685694,3198.0902176613786,1.342485529274169,-0.10616228584032439,-0.10616228584032439,1.9830848732033188,0.09261446861705014,0.0,0.0,0.0,0.0,0.0,0.0,2842.0734880052246,2842.0734880052246,[2842.073],fail,1678.6246690523267,False,False,geometry_validity|moment_closure,False,True,False,fail,True,False,True,False,fail,False,False,False,geometry_validity|ground_clearance; negative_margins:ei_dominance_margin_min_nm2=-704.029238|ei_ratio_margin_min=-0.306000158|ground_clearance_margin_m=-0.106162286,geometry_validity|ground_clearance,ei_dominance_margin_min_nm2,-704.0292383283554,"{""ei_dominance_margin_min_nm2"":-704.0292383283554,""ei_ratio_margin_min"":-0.3060001581241618,""equivalent_buckling_margin"":0.8582240561603518,""equivalent_failure_margin"":0.6820886417973272,""equivalent_tip_margin"":1.2075144707258307,""equivalent_twist_margin"":1.8102460915889158,""ground_clearance_margin_m"":-0.10616228584032439,""jig_curvature_margin_per_m"":0.04293666153340761,""jig_prebend_margin_m"":2.0435140711212063,""loaded_shape_main_z_margin_m"":0.025,""loaded_shape_twist_margin_deg"":0.15,""main_hollow_margin_min_m"":0.0184889,""main_radius_taper_margin_min_m"":0.0,""main_thickness_ratio_margin_min_m"":0.01463112,""main_thickness_step_margin_min_m"":0.003,""radius_dominance_margin_min_m"":0.003088899999999996,""rear_hollow_margin_min_m"":0.007300000000000002,""rear_inboard_ei_margin_min_nm2"":4028.723249110143,""rear_main_radius_ratio_margin_min_m"":0.011200000000000002,""rear_radius_taper_margin_min_m"":0.0,""rear_thickness_ratio_margin_min_m"":0.005160000000000001,""rear_thickness_step_margin_min_m"":0.0}",495657.27332773193,495657.27332773193,125.85495573499581,5,-0.10214103751223505,31.463738933748953,1.0,3,0.05,0.0,48.96115704644598,"[48.96115704644598,17.29741811269703,125.85495573499581,1.0,1.9830848732033188]",analysis complete
2.025,target_main_tip_z_2p025m,69,baseline_or_coarse,coarse_grid,eabe19e26a6a,"baseline_uniform|1.000000,0.000000,1.000000,1.000000,1.000000",baseline_uniform,Uniform baseline rib family,1.0,0.0,1.0,1.0,1.0,1.14,0.0,1.12,1.0,1.0,"[69.8478,69.8478,69.8478,69.8478,54.5278,38.5778]","[53.8478,53.8478,53.8478,53.8478,38.5278,22.5778]","[8.0,8.0,8.0,8.0,8.0,8.0]","[22.4,22.4,22.4,22.4,22.4,22.4]","[6.4,6.4,6.4,6.4,0.4,0.4]","[8.0,8.0,8.0,8.0,11.0,11.0]",69.8478,53.8478,8.0,22.400000000000002,6.400000000000003,8.0,92.85556941884323,95.35556941884323,"[173802.772,173802.772,173802.772,173802.772,74932.181,22072.435]","[2823.489,2823.489,2823.489,2823.489,2842.43,2842.43]","[22669.927,22669.927,22669.927,22669.927,9773.763,2879.013]","[368.281,368.281,368.281,368.281,370.752,370.752]",24914.86447972966,176626.26065118363,3249.7649321386507,23038.207911023954,-0.17892062932631045,0.06518586011948894,0.06518586011948894,0.5503145812189114,0.026676967013695485,1.1102230246251565e-16,6.409875621278546e-17,1.4405143744511406e-14,5.550467455245254e-14,2.220446049250313e-16,6.006587019668841e-17,0.0,0.0,[0.0],fail,1207.2532766914867,False,False,geometry_validity|moment_closure,False,True,False,fail,True,False,True,False,fail,False,False,False,geometry_validity; negative_margins:rear_thickness_ratio_margin_min_m=-0.00204,geometry_validity,rear_thickness_ratio_margin_min_m,-0.0020399999999999984,"{""ei_dominance_margin_min_nm2"":16387.57476045036,""ei_ratio_margin_min"":5.7653399731686585,""equivalent_buckling_margin"":0.9143140636130284,""equivalent_failure_margin"":0.9491407238914468,""equivalent_tip_margin"":2.72892062932631,""equivalent_twist_margin"":2.0029959561476596,""ground_clearance_margin_m"":0.06518586011948894,""jig_curvature_margin_per_m"":0.10887416313676226,""jig_prebend_margin_m"":3.4762843631056137,""loaded_shape_main_z_margin_m"":0.02499999999999989,""loaded_shape_twist_margin_deg"":0.1499999999999856,""main_hollow_margin_min_m"":0.011288899999999998,""main_radius_taper_margin_min_m"":0.0,""main_thickness_ratio_margin_min_m"":0.007431119999999999,""main_thickness_step_margin_min_m"":0.003,""radius_dominance_margin_min_m"":0.003088899999999996,""rear_hollow_margin_min_m"":0.00010000000000000225,""rear_inboard_ei_margin_min_nm2"":31937.065866435663,""rear_main_radius_ratio_margin_min_m"":0.011200000000000002,""rear_radius_taper_margin_min_m"":0.0,""rear_thickness_ratio_margin_min_m"":-0.0020399999999999984,""rear_thickness_step_margin_min_m"":8.673617379884035e-19}",4.161599999999993e-06,4.161599999999993e-06,0.0,0,0.07315068311339527,0.0,0.9999999999999977,3,0.049999999999999885,2.7752337276226273e-15,95.40556941884323,"[95.40556941884323,95.35556941884323,0.0,0.9999999999999977,0.5503145812189114]",analysis complete
2.025,target_main_tip_z_2p025m,70,baseline_or_coarse,coarse_grid,c9d43436ff4c,"inboard_reinforced_mix|1.000000,0.000000,1.000000,1.000000,1.000000",inboard_reinforced_mix,Inboard reinforced two-family mix,1.0,0.0,1.0,1.0,1.0,1.14,0.0,1.12,1.0,1.0,"[69.8478,69.8478,69.8478,69.8478,54.5278,38.5778]","[53.8478,53.8478,53.8478,53.8478,38.5278,22.5778]","[8.0,8.0,8.0,8.0,8.0,8.0]","[22.4,22.4,22.4,22.4,22.4,22.4]","[6.4,6.4,6.4,6.4,0.4,0.4]","[8.0,8.0,8.0,8.0,11.0,11.0]",69.8478,53.8478,8.0,22.400000000000002,6.400000000000003,8.0,92.85556941884323,95.35556941884323,"[173802.772,173802.772,173802.772,173802.772,74932.181,22072.435]","[2823.489,2823.489,2823.489,2823.489,2842.43,2842.43]","[22669.927,22669.927,22669.927,22669.927,9773.763,2879.013]","[368.281,368.281,368.281,368.281,370.752,370.752]",24914.86447972966,176626.26065118363,3249.7649321386507,23038.207911023954,-0.1789229498919833,0.06518586011948894,0.06518586011948894,0.5503145812189114,0.026676967013695485,1.1102230246251565e-16,6.409875621278546e-17,1.4405143744511406e-14,5.550467455245254e-14,2.220446049250313e-16,6.006587019668841e-17,0.0,0.0,[0.0],fail,1207.2532766914867,False,False,geometry_validity|moment_closure,False,True,False,fail,True,False,True,False,fail,False,False,False,geometry_validity; negative_margins:rear_thickness_ratio_margin_min_m=-0.00204,geometry_validity,rear_thickness_ratio_margin_min_m,-0.0020399999999999984,"{""ei_dominance_margin_min_nm2"":16387.57476045036,""ei_ratio_margin_min"":5.7653399731686585,""equivalent_buckling_margin"":0.9143140649510723,""equivalent_failure_margin"":0.9491406539406069,""equivalent_tip_margin"":2.728922949891983,""equivalent_twist_margin"":2.008896281290341,""ground_clearance_margin_m"":0.06518586011948894,""jig_curvature_margin_per_m"":0.10887416313676226,""jig_prebend_margin_m"":3.4762843631056137,""loaded_shape_main_z_margin_m"":0.02499999999999989,""loaded_shape_twist_margin_deg"":0.1499999999999856,""main_hollow_margin_min_m"":0.011288899999999998,""main_radius_taper_margin_min_m"":0.0,""main_thickness_ratio_margin_min_m"":0.007431119999999999,""main_thickness_step_margin_min_m"":0.003,""radius_dominance_margin_min_m"":0.003088899999999996,""rear_hollow_margin_min_m"":0.00010000000000000225,""rear_inboard_ei_margin_min_nm2"":31937.065866435663,""rear_main_radius_ratio_margin_min_m"":0.011200000000000002,""rear_radius_taper_margin_min_m"":0.0,""rear_thickness_ratio_margin_min_m"":-0.0020399999999999984,""rear_thickness_step_margin_min_m"":8.673617379884035e-19}",4.161599999999993e-06,4.161599999999993e-06,0.0,0,0.07315068311339527,0.0,0.9999999999999977,3,0.049999999999999885,2.7752337276226273e-15,95.55556941884323,"[95.55556941884323,95.35556941884323,0.0,0.9999999999999977,0.5503145812189114]",analysis complete
2.025,target_main_tip_z_2p025m,71,baseline_or_coarse,coarse_grid,5c1de90752da,"outboard_relaxed_mix|1.000000,0.000000,1.000000,1.000000,1.000000",outboard_relaxed_mix,Outboard relaxed two-family mix,1.0,0.0,1.0,1.0,1.0,1.14,0.0,1.12,1.0,1.0,"[69.8478,69.8478,69.8478,69.8478,54.5278,38.5778]","[53.8478,53.8478,53.8478,53.8478,38.5278,22.5778]","[8.0,8.0,8.0,8.0,8.0,8.0]","[22.4,22.4,22.4,22.4,22.4,22.4]","[6.4,6.4,6.4,6.4,0.4,0.4]","[8.0,8.0,8.0,8.0,11.0,11.0]",69.8478,53.8478,8.0,22.400000000000002,6.400000000000003,8.0,92.85556941884323,95.35556941884323,"[173802.772,173802.772,173802.772,173802.772,74932.181,22072.435]","[2823.489,2823.489,2823.489,2823.489,2842.43,2842.43]","[22669.927,22669.927,22669.927,22669.927,9773.763,2879.013]","[368.281,368.281,368.281,368.281,370.752,370.752]",24914.86447972966,176626.26065118363,3249.7649321386507,23038.207911023954,-0.17891666122661917,0.06518586011948894,0.06518586011948894,0.5503145812189114,0.026676967013695485,1.1102230246251565e-16,6.409875621278546e-17,1.4405143744511406e-14,5.550467455245254e-14,2.220446049250313e-16,6.006587019668841e-17,0.0,0.0,[0.0],fail,1207.2532766914867,False,False,geometry_validity|moment_closure,False,True,False,fail,True,False,True,False,fail,False,False,False,geometry_validity; negative_margins:rear_thickness_ratio_margin_min_m=-0.00204,geometry_validity,rear_thickness_ratio_margin_min_m,-0.0020399999999999984,"{""ei_dominance_margin_min_nm2"":16387.57476045036,""ei_ratio_margin_min"":5.7653399731686585,""equivalent_buckling_margin"":0.9143140599836882,""equivalent_failure_margin"":0.9491408379431256,""equivalent_tip_margin"":2.728916661226619,""equivalent_twist_margin"":1.9929060193713302,""ground_clearance_margin_m"":0.06518586011948894,""jig_curvature_margin_per_m"":0.10887416313676226,""jig_prebend_margin_m"":3.4762843631056137,""loaded_shape_main_z_margin_m"":0.02499999999999989,""loaded_shape_twist_margin_deg"":0.1499999999999856,""main_hollow_margin_min_m"":0.011288899999999998,""main_radius_taper_margin_min_m"":0.0,""main_thickness_ratio_margin_min_m"":0.007431119999999999,""main_thickness_step_margin_min_m"":0.003,""radius_dominance_margin_min_m"":0.003088899999999996,""rear_hollow_margin_min_m"":0.00010000000000000225,""rear_inboard_ei_margin_min_nm2"":31937.065866435663,""rear_main_radius_ratio_margin_min_m"":0.011200000000000002,""rear_radius_taper_margin_min_m"":0.0,""rear_thickness_ratio_margin_min_m"":-0.0020399999999999984,""rear_thickness_step_margin_min_m"":8.673617379884035e-19}",4.161599999999993e-06,4.161599999999993e-06,0.0,0,0.07315068311339527,0.0,0.9999999999999977,3,0.049999999999999885,2.7752337276226273e-15,95.55556941884323,"[95.55556941884323,95.35556941884323,0.0,0.9999999999999977,0.5503145812189114]",analysis complete
2.025,target_main_tip_z_2p025m,72,baseline_or_coarse,coarse_grid,3ef4af05b56e,"baseline_uniform|1.000000,1.000000,0.000000,0.000000,0.000000",baseline_uniform,Uniform baseline rib family,1.0,1.0,0.0,0.0,0.0,1.14,0.8,1.0,0.0,0.0,"[69.8478,69.8478,69.8478,69.8478,62.96408,55.797283]","[68.2478,68.2478,68.2478,68.2478,61.36408,54.197283]","[0.8,0.8,0.8,0.8,0.8,0.8]","[20.0,20.0,20.0,20.0,20.0,20.0]","[18.4,18.4,18.4,18.4,18.4,18.4]","[0.8,0.8,0.8,0.8,0.8,0.8]",69.8478,68.2478,0.8,20.0,18.4,0.8,11.594853873122727,14.094853873122727,"[23789.512,23789.512,23789.512,23789.512,17360.737,12022.459]","[512.312,512.312,512.312,512.312,512.312,512.312]","[3102.98,3102.98,3102.98,3102.98,2264.444,1568.147]","[66.823,66.823,66.823,66.823,66.823,66.823]",12534.771191017577,24301.82466272743,1634.9701553501188,3169.803216877491,1.6350675525840723,-0.3816884745245397,-0.3816884745245397,2.36324017092206,0.1036778472892338,0.0,0.0,0.0,0.0,3.552713678800501e-15,3.2432680092146184e-16,3096.48275610501,3096.48275610501,[3096.483],fail,1679.040229878806,False,False,moment_closure,False,True,False,pass,True,True,True,False,fail,False,False,False,ground_clearance; negative_margins:ground_clearance_margin_m=-0.381688475,ground_clearance,ground_clearance_margin_m,-0.3816884745245397,"{""ei_dominance_margin_min_nm2"":10997.834497453729,""ei_ratio_margin_min"":21.467054323399534,""equivalent_buckling_margin"":0.8381746417396574,""equivalent_failure_margin"":0.6209861181799907,""equivalent_tip_margin"":0.9149324474159275,""equivalent_twist_margin"":1.8565200459345275,""ground_clearance_margin_m"":-0.3816884745245397,""jig_curvature_margin_per_m"":0.031873282861223956,""jig_prebend_margin_m"":1.6633587734024653,""loaded_shape_main_z_margin_m"":0.025,""loaded_shape_twist_margin_deg"":0.15,""main_hollow_margin_min_m"":0.027098641646027242,""main_radius_taper_margin_min_m"":0.0,""main_thickness_ratio_margin_min_m"":0.021518913316821795,""main_thickness_step_margin_min_m"":0.003,""radius_dominance_margin_min_m"":0.012898641646027238,""rear_hollow_margin_min_m"":0.0091,""rear_inboard_ei_margin_min_nm2"":4245.590255119947,""rear_main_radius_ratio_margin_min_m"":0.01,""rear_radius_taper_margin_min_m"":0.0,""rear_thickness_ratio_margin_min_m"":0.0072,""rear_thickness_step_margin_min_m"":0.003}",0.14568609158487017,0.14568609158487017,1513.3901125130128,5,-0.37901830510455553,378.3475281282532,0.6666666666666666,2,0.03333333333333333,0.0,392.47571533470926,"[392.47571533470926,14.094853873122727,1513.3901125130128,0.6666666666666666,2.36324017092206]",analysis complete
2.025,target_main_tip_z_2p025m,73,baseline_or_coarse,coarse_grid,e617cc2ab0e0,"inboard_reinforced_mix|1.000000,1.000000,0.000000,0.000000,0.000000",inboard_reinforced_mix,Inboard reinforced two-family mix,1.0,1.0,0.0,0.0,0.0,1.14,0.8,1.0,0.0,0.0,"[69.8478,69.8478,69.8478,69.8478,62.96408,55.797283]","[68.2478,68.2478,68.2478,68.2478,61.36408,54.197283]","[0.8,0.8,0.8,0.8,0.8,0.8]","[20.0,20.0,20.0,20.0,20.0,20.0]","[18.4,18.4,18.4,18.4,18.4,18.4]","[0.8,0.8,0.8,0.8,0.8,0.8]",69.8478,68.2478,0.8,20.0,18.4,0.8,11.594853873122727,14.094853873122727,"[23789.512,23789.512,23789.512,23789.512,17360.737,12022.459]","[512.312,512.312,512.312,512.312,512.312,512.312]","[3102.98,3102.98,3102.98,3102.98,2264.444,1568.147]","[66.823,66.823,66.823,66.823,66.823,66.823]",12534.771191017577,24301.82466272743,1634.9701553501188,3169.803216877491,1.6350538225540157,-0.3816884745245397,-0.3816884745245397,2.36324017092206,0.1036778472892338,0.0,0.0,0.0,0.0,3.552713678800501e-15,3.2432680092146184e-16,3096.48275610501,3096.48275610501,[3096.483],fail,1679.040229878806,False,False,moment_closure,False,True,False,pass,True,True,True,False,fail,False,False,False,ground_clearance; negative_margins:ground_clearance_margin_m=-0.381688475,ground_clearance,ground_clearance_margin_m,-0.3816884745245397,"{""ei_dominance_margin_min_nm2"":10997.834497453729,""ei_ratio_margin_min"":21.467054323399534,""equivalent_buckling_margin"":0.8381750291393993,""equivalent_failure_margin"":0.6209867333898491,""equivalent_tip_margin"":0.9149461774459842,""equivalent_twist_margin"":1.8953094075100478,""ground_clearance_margin_m"":-0.3816884745245397,""jig_curvature_margin_per_m"":0.031873282861223956,""jig_prebend_margin_m"":1.6633587734024653,""loaded_shape_main_z_margin_m"":0.025,""loaded_shape_twist_margin_deg"":0.15,""main_hollow_margin_min_m"":0.027098641646027242,""main_radius_taper_margin_min_m"":0.0,""main_thickness_ratio_margin_min_m"":0.021518913316821795,""main_thickness_step_margin_min_m"":0.003,""radius_dominance_margin_min_m"":0.012898641646027238,""rear_hollow_margin_min_m"":0.0091,""rear_inboard_ei_margin_min_nm2"":4245.590255119947,""rear_main_radius_ratio_margin_min_m"":0.01,""rear_radius_taper_margin_min_m"":0.0,""rear_thickness_ratio_margin_min_m"":0.0072,""rear_thickness_step_margin_min_m"":0.003}",0.14568609158487017,0.14568609158487017,1513.3901125130128,5,-0.37901830510455553,378.3475281282532,0.6666666666666666,2,0.03333333333333333,0.0,392.62571533470924,"[392.62571533470924,14.094853873122727,1513.3901125130128,0.6666666666666666,2.36324017092206]",analysis complete
2.025,target_main_tip_z_2p025m,74,baseline_or_coarse,coarse_grid,8312f74b338e,"outboard_relaxed_mix|1.000000,1.000000,0.000000,0.000000,0.000000",outboard_relaxed_mix,Outboard relaxed two-family mix,1.0,1.0,0.0,0.0,0.0,1.14,0.8,1.0,0.0,0.0,"[69.8478,69.8478,69.8478,69.8478,62.96408,55.797283]","[68.2478,68.2478,68.2478,68.2478,61.36408,54.197283]","[0.8,0.8,0.8,0.8,0.8,0.8]","[20.0,20.0,20.0,20.0,20.0,20.0]","[18.4,18.4,18.4,18.4,18.4,18.4]","[0.8,0.8,0.8,0.8,0.8,0.8]",69.8478,68.2478,0.8,20.0,18.4,0.8,11.594853873122727,14.094853873122727,"[23789.512,23789.512,23789.512,23789.512,17360.737,12022.459]","[512.312,512.312,512.312,512.312,512.312,512.312]","[3102.98,3102.98,3102.98,3102.98,2264.444,1568.147]","[66.823,66.823,66.823,66.823,66.823,66.823]",12534.771191017577,24301.82466272743,1634.9701553501188,3169.803216877491,1.6350910267939256,-0.3816884745245397,-0.3816884745245397,2.36324017092206,0.1036778472892338,0.0,0.0,0.0,0.0,3.552713678800501e-15,3.2432680092146184e-16,3096.48275610501,3096.48275610501,[3096.483],fail,1679.040229878806,False,False,moment_closure,False,True,False,pass,True,True,True,False,fail,False,False,False,ground_clearance; negative_margins:ground_clearance_margin_m=-0.381688475,ground_clearance,ground_clearance_margin_m,-0.3816884745245397,"{""ei_dominance_margin_min_nm2"":10997.834497453729,""ei_ratio_margin_min"":21.467054323399534,""equivalent_buckling_margin"":0.8381738826350281,""equivalent_failure_margin"":0.6209850539166758,""equivalent_tip_margin"":0.9149089732060742,""equivalent_twist_margin"":1.7897742701571007,""ground_clearance_margin_m"":-0.3816884745245397,""jig_curvature_margin_per_m"":0.031873282861223956,""jig_prebend_margin_m"":1.6633587734024653,""loaded_shape_main_z_margin_m"":0.025,""loaded_shape_twist_margin_deg"":0.15,""main_hollow_margin_min_m"":0.027098641646027242,""main_radius_taper_margin_min_m"":0.0,""main_thickness_ratio_margin_min_m"":0.021518913316821795,""main_thickness_step_margin_min_m"":0.003,""radius_dominance_margin_min_m"":0.012898641646027238,""rear_hollow_margin_min_m"":0.0091,""rear_inboard_ei_margin_min_nm2"":4245.590255119947,""rear_main_radius_ratio_margin_min_m"":0.01,""rear_radius_taper_margin_min_m"":0.0,""rear_thickness_ratio_margin_min_m"":0.0072,""rear_thickness_step_margin_min_m"":0.003}",0.14568609158487017,0.14568609158487017,1513.3901125130128,5,-0.37901830510455553,378.3475281282532,0.6666666666666666,2,0.03333333333333333,0.0,392.62571533470924,"[392.62571533470924,14.094853873122727,1513.3901125130128,0.6666666666666666,2.36324017092206]",analysis complete
2.025,target_main_tip_z_2p025m,75,baseline_or_coarse,coarse_grid,ed4dc67a1fa9,"baseline_uniform|1.000000,1.000000,0.000000,0.000000,1.000000",baseline_uniform,Uniform baseline rib family,1.0,1.0,0.0,0.0,1.0,1.14,0.8,1.0,0.0,1.0,"[69.8478,69.8478,69.8478,69.8478,62.96408,55.797283]","[53.8478,53.8478,53.8478,53.8478,46.96408,39.797283]","[8.0,8.0,8.0,8.0,8.0,8.0]","[20.0,20.0,20.0,20.0,20.0,20.0]","[4.0,4.0,4.0,4.0,4.0,4.0]","[8.0,8.0,8.0,8.0,8.0,8.0]",69.8478,53.8478,8.0,20.0,4.0,8.0,96.06814157678178,98.56814157678178,"[173802.772,173802.772,173802.772,173802.772,122523.36,81112.228]","[1803.526,1803.526,1803.526,1803.526,1803.526,1803.526]","[22669.927,22669.927,22669.927,22669.927,15981.308,10579.856]","[235.242,235.242,235.242,235.242,235.242,235.242]",82915.75399132045,175606.2976085889,10815.09834669397,22905.169253294207,-0.24326090909231415,0.0651858601141123,0.0651858601141123,0.9021836898137465,0.032186901971866355,4.440892098500626e-16,2.5639502485114184e-16,8.748557434046234e-14,3.3688827614634e-13,4.440892098500626e-16,8.362254863220798e-17,0.0,0.0,[0.0],fail,1144.5964321349643,False,False,moment_closure,False,True,False,pass,True,True,True,True,pass,True,False,False,eligible_but_higher_objective_than_reported_selected,,rear_thickness_ratio_margin_min_m,0.0,"{""ei_dominance_margin_min_nm2"":77505.17745960197,""ei_ratio_margin_min"":42.974261802920154,""equivalent_buckling_margin"":0.9141953802267261,""equivalent_failure_margin"":0.9426019332018836,""equivalent_tip_margin"":2.793260909092314,""equivalent_twist_margin"":1.9980839416496872,""ground_clearance_margin_m"":0.0651858601141123,""jig_curvature_margin_per_m"":0.1033642281785914,""jig_prebend_margin_m"":3.1244152545107786,""loaded_shape_main_z_margin_m"":0.024999999999999557,""loaded_shape_twist_margin_deg"":0.1499999999999125,""main_hollow_margin_min_m"":0.01989864164602724,""main_radius_taper_margin_min_m"":0.0,""main_thickness_ratio_margin_min_m"":0.014318913316821794,""main_thickness_step_margin_min_m"":0.003,""radius_dominance_margin_min_m"":0.012898641646027238,""rear_hollow_margin_min_m"":0.0019,""rear_inboard_ei_margin_min_nm2"":32957.02890903039,""rear_main_radius_ratio_margin_min_m"":0.01,""rear_radius_taper_margin_min_m"":0.0,""rear_thickness_ratio_margin_min_m"":0.0,""rear_thickness_step_margin_min_m"":0.003}",0.0,0.0,0.0,0,0.07321848889619303,0.0,0.6666666666666666,2,0.03333333333333333,1.6844413807317002e-14,98.60147491011513,"[98.60147491011513,98.56814157678178,0.0,0.6666666666666666,0.9021836898137465]",analysis complete
2.025,target_main_tip_z_2p025m,76,baseline_or_coarse,coarse_grid,36d559b5aee8,"inboard_reinforced_mix|1.000000,1.000000,0.000000,0.000000,1.000000",inboard_reinforced_mix,Inboard reinforced two-family mix,1.0,1.0,0.0,0.0,1.0,1.14,0.8,1.0,0.0,1.0,"[69.8478,69.8478,69.8478,69.8478,62.96408,55.797283]","[53.8478,53.8478,53.8478,53.8478,46.96408,39.797283]","[8.0,8.0,8.0,8.0,8.0,8.0]","[20.0,20.0,20.0,20.0,20.0,20.0]","[4.0,4.0,4.0,4.0,4.0,4.0]","[8.0,8.0,8.0,8.0,8.0,8.0]",69.8478,53.8478,8.0,20.0,4.0,8.0,96.06814157678178,98.56814157678178,"[173802.772,173802.772,173802.772,173802.772,122523.36,81112.228]","[1803.526,1803.526,1803.526,1803.526,1803.526,1803.526]","[22669.927,22669.927,22669.927,22669.927,15981.308,10579.856]","[235.242,235.242,235.242,235.242,235.242,235.242]",82915.75399132045,175606.2976085889,10815.09834669397,22905.169253294207,-0.2432631564093047,0.0651858601141123,0.0651858601141123,0.9021836898137465,0.032186901971866355,4.440892098500626e-16,2.5639502485114184e-16,8.748557434046234e-14,3.3688827614634e-13,4.440892098500626e-16,8.362254863220798e-17,0.0,0.0,[0.0],fail,1144.5964321349643,False,False,moment_closure,False,True,False,pass,True,True,True,True,pass,True,False,False,eligible_but_higher_objective_than_reported_selected,,rear_thickness_ratio_margin_min_m,0.0,"{""ei_dominance_margin_min_nm2"":77505.17745960197,""ei_ratio_margin_min"":42.974261802920154,""equivalent_buckling_margin"":0.9141953820338735,""equivalent_failure_margin"":0.9426018791120777,""equivalent_tip_margin"":2.7932631564093047,""equivalent_twist_margin"":2.004644197287762,""ground_clearance_margin_m"":0.0651858601141123,""jig_curvature_margin_per_m"":0.1033642281785914,""jig_prebend_margin_m"":3.1244152545107786,""loaded_shape_main_z_margin_m"":0.024999999999999557,""loaded_shape_twist_margin_deg"":0.1499999999999125,""main_hollow_margin_min_m"":0.01989864164602724,""main_radius_taper_margin_min_m"":0.0,""main_thickness_ratio_margin_min_m"":0.014318913316821794,""main_thickness_step_margin_min_m"":0.003,""radius_dominance_margin_min_m"":0.012898641646027238,""rear_hollow_margin_min_m"":0.0019,""rear_inboard_ei_margin_min_nm2"":32957.02890903039,""rear_main_radius_ratio_margin_min_m"":0.01,""rear_radius_taper_margin_min_m"":0.0,""rear_thickness_ratio_margin_min_m"":0.0,""rear_thickness_step_margin_min_m"":0.003}",0.0,0.0,0.0,0,0.07321848889619303,0.0,0.6666666666666666,2,0.03333333333333333,1.6844413807317002e-14,98.75147491011514,"[98.75147491011514,98.56814157678178,0.0,0.6666666666666666,0.9021836898137465]",analysis complete
2.025,target_main_tip_z_2p025m,77,baseline_or_coarse,coarse_grid,f1886af40bd1,"outboard_relaxed_mix|1.000000,1.000000,0.000000,0.000000,1.000000",outboard_relaxed_mix,Outboard relaxed two-family mix,1.0,1.0,0.0,0.0,1.0,1.14,0.8,1.0,0.0,1.0,"[69.8478,69.8478,69.8478,69.8478,62.96408,55.797283]","[53.8478,53.8478,53.8478,53.8478,46.96408,39.797283]","[8.0,8.0,8.0,8.0,8.0,8.0]","[20.0,20.0,20.0,20.0,20.0,20.0]","[4.0,4.0,4.0,4.0,4.0,4.0]","[8.0,8.0,8.0,8.0,8.0,8.0]",69.8478,53.8478,8.0,20.0,4.0,8.0,96.06814157678178,98.56814157678178,"[173802.772,173802.772,173802.772,173802.772,122523.36,81112.228]","[1803.526,1803.526,1803.526,1803.526,1803.526,1803.526]","[22669.927,22669.927,22669.927,22669.927,15981.308,10579.856]","[235.242,235.242,235.242,235.242,235.242,235.242]",82915.75399132045,175606.2976085889,10815.09834669397,22905.169253294207,-0.24325706800710908,0.0651858601141123,0.0651858601141123,0.9021836898137465,0.032186901971866355,4.440892098500626e-16,2.5639502485114184e-16,8.748557434046234e-14,3.3688827614634e-13,4.440892098500626e-16,8.362254863220798e-17,0.0,0.0,[0.0],fail,1144.5964321349643,False,False,moment_closure,False,True,False,pass,True,True,True,True,pass,True,False,False,eligible_but_higher_objective_than_reported_selected,,rear_thickness_ratio_margin_min_m,0.0,"{""ei_dominance_margin_min_nm2"":77505.17745960197,""ei_ratio_margin_min"":42.974261802920154,""equivalent_buckling_margin"":0.9141953758826147,""equivalent_failure_margin"":0.9426020203546253,""equivalent_tip_margin"":2.793257068007109,""equivalent_twist_margin"":1.9868713869313492,""ground_clearance_margin_m"":0.0651858601141123,""jig_curvature_margin_per_m"":0.1033642281785914,""jig_prebend_margin_m"":3.1244152545107786,""loaded_shape_main_z_margin_m"":0.024999999999999557,""loaded_shape_twist_margin_deg"":0.1499999999999125,""main_hollow_margin_min_m"":0.01989864164602724,""main_radius_taper_margin_min_m"":0.0,""main_thickness_ratio_margin_min_m"":0.014318913316821794,""main_thickness_step_margin_min_m"":0.003,""radius_dominance_margin_min_m"":0.012898641646027238,""rear_hollow_margin_min_m"":0.0019,""rear_inboard_ei_margin_min_nm2"":32957.02890903039,""rear_main_radius_ratio_margin_min_m"":0.01,""rear_radius_taper_margin_min_m"":0.0,""rear_thickness_ratio_margin_min_m"":0.0,""rear_thickness_step_margin_min_m"":0.003}",0.0,0.0,0.0,0,0.07321848889619303,0.0,0.6666666666666666,2,0.03333333333333333,1.6844413807317002e-14,98.75147491011514,"[98.75147491011514,98.56814157678178,0.0,0.6666666666666666,0.9021836898137465]",analysis complete
2.025,target_main_tip_z_2p025m,78,baseline_or_coarse,coarse_grid,9a51827a493a,"baseline_uniform|1.000000,1.000000,0.000000,1.000000,0.000000",baseline_uniform,Uniform baseline rib family,1.0,1.0,0.0,1.0,0.0,1.14,0.8,1.0,1.0,0.0,"[69.8478,69.8478,69.8478,69.8478,62.96408,55.797283]","[68.2478,68.2478,68.2478,68.2478,61.36408,54.197283]","[0.8,0.8,0.8,0.8,0.8,0.8]","[20.0,20.0,20.0,20.0,20.0,20.0]","[18.4,18.4,18.4,18.4,12.4,12.4]","[0.8,0.8,0.8,0.8,3.8,3.8]",69.8478,68.2478,0.8,20.0,18.4,0.8,14.702920907067146,17.202920907067146,"[23789.512,23789.512,23789.512,23789.512,17360.737,12022.459]","[512.312,512.312,512.312,512.312,1539.494,1539.494]","[3102.98,3102.98,3102.98,3102.98,2264.444,1568.147]","[66.823,66.823,66.823,66.823,200.804,200.804]",13561.952671052457,24301.82466272743,1768.9503483981464,3169.803216877491,1.2718219767371874,-0.06632148480414468,-0.06632148480414468,1.8827062188312649,0.10205646290805412,0.0,0.0,0.0,0.0,0.0,0.0,2830.9847849511266,2830.9847849511266,[2830.985],fail,1684.2804991916266,False,False,moment_closure,False,True,False,pass,True,True,True,False,fail,False,False,False,ground_clearance; negative_margins:ground_clearance_margin_m=-0.0663214848,ground_clearance,ground_clearance_margin_m,-0.06632148480414468,"{""ei_dominance_margin_min_nm2"":8943.471537383972,""ei_ratio_margin_min"":5.809358928969007,""equivalent_buckling_margin"":0.8585899632261206,""equivalent_failure_margin"":0.6827606876268841,""equivalent_tip_margin"":1.2781780232628124,""equivalent_twist_margin"":1.8563983152774368,""ground_clearance_margin_m"":-0.06632148480414468,""jig_curvature_margin_per_m"":0.03349466724240363,""jig_prebend_margin_m"":2.1438927254932603,""loaded_shape_main_z_margin_m"":0.025,""loaded_shape_twist_margin_deg"":0.15,""main_hollow_margin_min_m"":0.027098641646027242,""main_radius_taper_margin_min_m"":0.0,""main_thickness_ratio_margin_min_m"":0.021518913316821795,""main_thickness_step_margin_min_m"":0.003,""radius_dominance_margin_min_m"":0.012898641646027238,""rear_hollow_margin_min_m"":0.0061,""rear_inboard_ei_margin_min_nm2"":4245.590255119947,""rear_main_radius_ratio_margin_min_m"":0.01,""rear_radius_taper_margin_min_m"":0.0,""rear_thickness_ratio_margin_min_m"":0.004200000000000001,""rear_thickness_step_margin_min_m"":0.0}",0.004398539346626394,0.004398539346626394,53.65806572633653,5,-0.06319742023587427,13.414516431584133,1.0,3,0.05,0.0,30.66743733865128,"[30.66743733865128,17.202920907067146,53.65806572633653,1.0,1.8827062188312649]",analysis complete
2.025,target_main_tip_z_2p025m,79,baseline_or_coarse,coarse_grid,cd061b3a7f24,"inboard_reinforced_mix|1.000000,1.000000,0.000000,1.000000,0.000000",inboard_reinforced_mix,Inboard reinforced two-family mix,1.0,1.0,0.0,1.0,0.0,1.14,0.8,1.0,1.0,0.0,"[69.8478,69.8478,69.8478,69.8478,62.96408,55.797283]","[68.2478,68.2478,68.2478,68.2478,61.36408,54.197283]","[0.8,0.8,0.8,0.8,0.8,0.8]","[20.0,20.0,20.0,20.0,20.0,20.0]","[18.4,18.4,18.4,18.4,12.4,12.4]","[0.8,0.8,0.8,0.8,3.8,3.8]",69.8478,68.2478,0.8,20.0,18.4,0.8,14.702920907067146,17.202920907067146,"[23789.512,23789.512,23789.512,23789.512,17360.737,12022.459]","[512.312,512.312,512.312,512.312,1539.494,1539.494]","[3102.98,3102.98,3102.98,3102.98,2264.444,1568.147]","[66.823,66.823,66.823,66.823,200.804,200.804]",13561.952671052457,24301.82466272743,1768.9503483981464,3169.803216877491,1.2718035927907845,-0.06632148480414468,-0.06632148480414468,1.8827062188312649,0.10205646290805412,0.0,0.0,0.0,0.0,0.0,0.0,2830.9847849511266,2830.9847849511266,[2830.985],fail,1684.2804991916266,False,False,moment_closure,False,True,False,pass,True,True,True,False,fail,False,False,False,ground_clearance; negative_margins:ground_clearance_margin_m=-0.0663214848,ground_clearance,ground_clearance_margin_m,-0.06632148480414468,"{""ei_dominance_margin_min_nm2"":8943.471537383972,""ei_ratio_margin_min"":5.809358928969007,""equivalent_buckling_margin"":0.8585906305341604,""equivalent_failure_margin"":0.682761892734234,""equivalent_tip_margin"":1.2781964072092153,""equivalent_twist_margin"":1.894317240131878,""ground_clearance_margin_m"":-0.06632148480414468,""jig_curvature_margin_per_m"":0.03349466724240363,""jig_prebend_margin_m"":2.1438927254932603,""loaded_shape_main_z_margin_m"":0.025,""loaded_shape_twist_margin_deg"":0.15,""main_hollow_margin_min_m"":0.027098641646027242,""main_radius_taper_margin_min_m"":0.0,""main_thickness_ratio_margin_min_m"":0.021518913316821795,""main_thickness_step_margin_min_m"":0.003,""radius_dominance_margin_min_m"":0.012898641646027238,""rear_hollow_margin_min_m"":0.0061,""rear_inboard_ei_margin_min_nm2"":4245.590255119947,""rear_main_radius_ratio_margin_min_m"":0.01,""rear_radius_taper_margin_min_m"":0.0,""rear_thickness_ratio_margin_min_m"":0.004200000000000001,""rear_thickness_step_margin_min_m"":0.0}",0.004398539346626394,0.004398539346626394,53.65806572633653,5,-0.06319742023587427,13.414516431584133,1.0,3,0.05,0.0,30.817437338651278,"[30.817437338651278,17.202920907067146,53.65806572633653,1.0,1.8827062188312649]",analysis complete
2.025,target_main_tip_z_2p025m,80,baseline_or_coarse,coarse_grid,4b4b9d70a734,"outboard_relaxed_mix|1.000000,1.000000,0.000000,1.000000,0.000000",outboard_relaxed_mix,Outboard relaxed two-family mix,1.0,1.0,0.0,1.0,0.0,1.14,0.8,1.0,1.0,0.0,"[69.8478,69.8478,69.8478,69.8478,62.96408,55.797283]","[68.2478,68.2478,68.2478,68.2478,61.36408,54.197283]","[0.8,0.8,0.8,0.8,0.8,0.8]","[20.0,20.0,20.0,20.0,20.0,20.0]","[18.4,18.4,18.4,18.4,12.4,12.4]","[0.8,0.8,0.8,0.8,3.8,3.8]",69.8478,68.2478,0.8,20.0,18.4,0.8,14.702920907067146,17.202920907067146,"[23789.512,23789.512,23789.512,23789.512,17360.737,12022.459]","[512.312,512.312,512.312,512.312,1539.494,1539.494]","[3102.98,3102.98,3102.98,3102.98,2264.444,1568.147]","[66.823,66.823,66.823,66.823,200.804,200.804]",13561.952671052457,24301.82466272743,1768.9503483981464,3169.803216877491,1.2718533677710209,-0.06632148480414468,-0.06632148480414468,1.8827062188312649,0.10205646290805412,0.0,0.0,0.0,0.0,0.0,0.0,2830.9847849511266,2830.9847849511266,[2830.985],fail,1684.2804991916266,False,False,moment_closure,False,True,False,pass,True,True,True,False,fail,False,False,False,ground_clearance; negative_margins:ground_clearance_margin_m=-0.0663214848,ground_clearance,ground_clearance_margin_m,-0.06632148480414468,"{""ei_dominance_margin_min_nm2"":8943.471537383972,""ei_ratio_margin_min"":5.809358928969007,""equivalent_buckling_margin"":0.858588678325534,""equivalent_failure_margin"":0.6827586136807905,""equivalent_tip_margin"":1.278146632228979,""equivalent_twist_margin"":1.791153779166736,""ground_clearance_margin_m"":-0.06632148480414468,""jig_curvature_margin_per_m"":0.03349466724240363,""jig_prebend_margin_m"":2.1438927254932603,""loaded_shape_main_z_margin_m"":0.025,""loaded_shape_twist_margin_deg"":0.15,""main_hollow_margin_min_m"":0.027098641646027242,""main_radius_taper_margin_min_m"":0.0,""main_thickness_ratio_margin_min_m"":0.021518913316821795,""main_thickness_step_margin_min_m"":0.003,""radius_dominance_margin_min_m"":0.012898641646027238,""rear_hollow_margin_min_m"":0.0061,""rear_inboard_ei_margin_min_nm2"":4245.590255119947,""rear_main_radius_ratio_margin_min_m"":0.01,""rear_radius_taper_margin_min_m"":0.0,""rear_thickness_ratio_margin_min_m"":0.004200000000000001,""rear_thickness_step_margin_min_m"":0.0}",0.004398539346626394,0.004398539346626394,53.65806572633653,5,-0.06319742023587427,13.414516431584133,1.0,3,0.05,0.0,30.817437338651278,"[30.817437338651278,17.202920907067146,53.65806572633653,1.0,1.8827062188312649]",analysis complete
2.025,target_main_tip_z_2p025m,81,baseline_or_coarse,coarse_grid,130692e8b9f6,"baseline_uniform|1.000000,1.000000,0.000000,1.000000,1.000000",baseline_uniform,Uniform baseline rib family,1.0,1.0,0.0,1.0,1.0,1.14,0.8,1.0,1.0,1.0,"[69.8478,69.8478,69.8478,69.8478,62.96408,55.797283]","[53.8478,53.8478,53.8478,53.8478,46.96408,39.797283]","[8.0,8.0,8.0,8.0,8.0,8.0]","[20.0,20.0,20.0,20.0,20.0,20.0]","[4.0,4.0,4.0,4.0,0.0,0.0]","[8.0,8.0,8.0,8.0,11.0,11.0]",69.8478,53.8478,8.0,20.0,4.0,8.0,96.26996411145352,98.76996411145352,"[173802.772,173802.772,173802.772,173802.772,122523.36,81112.228]","[1803.526,1803.526,1803.526,1803.526,1806.416,1806.416]","[22669.927,22669.927,22669.927,22669.927,15981.308,10579.856]","[235.242,235.242,235.242,235.242,235.619,235.619]",82918.64425656176,175606.2976085889,10815.4753378124,22905.169253294207,-0.24646378249989837,0.0651858601168413,0.0651858601168413,0.9194418828640885,0.03314317850882631,4.440892098500626e-16,2.5639502485114184e-16,8.748557434046234e-14,3.3688827614634e-13,4.440892098500626e-16,8.43582310418541e-17,0.0,0.0,[0.0],fail,1141.8725186713557,False,False,geometry_validity|moment_closure,False,True,False,fail,True,False,True,False,fail,False,False,False,geometry_validity; negative_margins:rear_hollow_margin_min_m=-0.0011|rear_thickness_ratio_margin_min_m=-0.003,geometry_validity,rear_thickness_ratio_margin_min_m,-0.002999999999999999,"{""ei_dominance_margin_min_nm2"":77499.75821227452,""ei_ratio_margin_min"":42.906793663401814,""equivalent_buckling_margin"":0.914193718703157,""equivalent_failure_margin"":0.9422665656124093,""equivalent_tip_margin"":2.7964637824998984,""equivalent_twist_margin"":1.9979866284174803,""ground_clearance_margin_m"":0.0651858601168413,""jig_curvature_margin_per_m"":0.10240795164163144,""jig_prebend_margin_m"":3.1071570614604367,""loaded_shape_main_z_margin_m"":0.024999999999999557,""loaded_shape_twist_margin_deg"":0.1499999999999125,""main_hollow_margin_min_m"":0.01989864164602724,""main_radius_taper_margin_min_m"":0.0,""main_thickness_ratio_margin_min_m"":0.014318913316821794,""main_thickness_step_margin_min_m"":0.003,""radius_dominance_margin_min_m"":0.012898641646027238,""rear_hollow_margin_min_m"":-0.0010999999999999992,""rear_inboard_ei_margin_min_nm2"":32957.02890903039,""rear_main_radius_ratio_margin_min_m"":0.01,""rear_radius_taper_margin_min_m"":0.0,""rear_thickness_ratio_margin_min_m"":-0.002999999999999999,""rear_thickness_step_margin_min_m"":8.673617379884035e-19}",1.0209999999999994e-05,1.0209999999999994e-05,0.0,0,0.07322679031623121,0.0,0.9999999999999977,3,0.049999999999999885,1.6844413807317002e-14,98.81996411145353,"[98.81996411145353,98.76996411145352,0.0,0.9999999999999977,0.9194418828640885]",analysis complete
2.025,target_main_tip_z_2p025m,82,baseline_or_coarse,coarse_grid,18c1b41ecc63,"inboard_reinforced_mix|1.000000,1.000000,0.000000,1.000000,1.000000",inboard_reinforced_mix,Inboard reinforced two-family mix,1.0,1.0,0.0,1.0,1.0,1.14,0.8,1.0,1.0,1.0,"[69.8478,69.8478,69.8478,69.8478,62.96408,55.797283]","[53.8478,53.8478,53.8478,53.8478,46.96408,39.797283]","[8.0,8.0,8.0,8.0,8.0,8.0]","[20.0,20.0,20.0,20.0,20.0,20.0]","[4.0,4.0,4.0,4.0,0.0,0.0]","[8.0,8.0,8.0,8.0,11.0,11.0]",69.8478,53.8478,8.0,20.0,4.0,8.0,96.26996411145352,98.76996411145352,"[173802.772,173802.772,173802.772,173802.772,122523.36,81112.228]","[1803.526,1803.526,1803.526,1803.526,1806.416,1806.416]","[22669.927,22669.927,22669.927,22669.927,15981.308,10579.856]","[235.242,235.242,235.242,235.242,235.619,235.619]",82918.64425656176,175606.2976085889,10815.4753378124,22905.169253294207,-0.24646604550938456,0.0651858601168413,0.0651858601168413,0.9194418828640885,0.03314317850882631,4.440892098500626e-16,2.5639502485114184e-16,8.748557434046234e-14,3.3688827614634e-13,4.440892098500626e-16,8.43582310418541e-17,0.0,0.0,[0.0],fail,1141.8725186713557,False,False,geometry_validity|moment_closure,False,True,False,fail,True,False,True,False,fail,False,False,False,geometry_validity; negative_margins:rear_hollow_margin_min_m=-0.0011|rear_thickness_ratio_margin_min_m=-0.003,geometry_validity,rear_thickness_ratio_margin_min_m,-0.002999999999999999,"{""ei_dominance_margin_min_nm2"":77499.75821227452,""ei_ratio_margin_min"":42.906793663401814,""equivalent_buckling_margin"":0.914193720467266,""equivalent_failure_margin"":0.9422665095056666,""equivalent_tip_margin"":2.7964660455093844,""equivalent_twist_margin"":2.0045425418606095,""ground_clearance_margin_m"":0.0651858601168413,""jig_curvature_margin_per_m"":0.10240795164163144,""jig_prebend_margin_m"":3.1071570614604367,""loaded_shape_main_z_margin_m"":0.024999999999999557,""loaded_shape_twist_margin_deg"":0.1499999999999125,""main_hollow_margin_min_m"":0.01989864164602724,""main_radius_taper_margin_min_m"":0.0,""main_thickness_ratio_margin_min_m"":0.014318913316821794,""main_thickness_step_margin_min_m"":0.003,""radius_dominance_margin_min_m"":0.012898641646027238,""rear_hollow_margin_min_m"":-0.0010999999999999992,""rear_inboard_ei_margin_min_nm2"":32957.02890903039,""rear_main_radius_ratio_margin_min_m"":0.01,""rear_radius_taper_margin_min_m"":0.0,""rear_thickness_ratio_margin_min_m"":-0.002999999999999999,""rear_thickness_step_margin_min_m"":8.673617379884035e-19}",1.0209999999999994e-05,1.0209999999999994e-05,0.0,0,0.07322679031623121,0.0,0.9999999999999977,3,0.049999999999999885,1.6844413807317002e-14,98.96996411145354,"[98.96996411145354,98.76996411145352,0.0,0.9999999999999977,0.9194418828640885]",analysis complete
2.025,target_main_tip_z_2p025m,83,baseline_or_coarse,coarse_grid,c31d14d6af6a,"outboard_relaxed_mix|1.000000,1.000000,0.000000,1.000000,1.000000",outboard_relaxed_mix,Outboard relaxed two-family mix,1.0,1.0,0.0,1.0,1.0,1.14,0.8,1.0,1.0,1.0,"[69.8478,69.8478,69.8478,69.8478,62.96408,55.797283]","[53.8478,53.8478,53.8478,53.8478,46.96408,39.797283]","[8.0,8.0,8.0,8.0,8.0,8.0]","[20.0,20.0,20.0,20.0,20.0,20.0]","[4.0,4.0,4.0,4.0,0.0,0.0]","[8.0,8.0,8.0,8.0,11.0,11.0]",69.8478,53.8478,8.0,20.0,4.0,8.0,96.26996411145352,98.76996411145352,"[173802.772,173802.772,173802.772,173802.772,122523.36,81112.228]","[1803.526,1803.526,1803.526,1803.526,1806.416,1806.416]","[22669.927,22669.927,22669.927,22669.927,15981.308,10579.856]","[235.242,235.242,235.242,235.242,235.619,235.619]",82918.64425656176,175606.2976085889,10815.4753378124,22905.169253294207,-0.24645991468136497,0.0651858601168413,0.0651858601168413,0.9194418828640885,0.03314317850882631,4.440892098500626e-16,2.5639502485114184e-16,8.748557434046234e-14,3.3688827614634e-13,4.440892098500626e-16,8.43582310418541e-17,0.0,0.0,[0.0],fail,1141.8725186713557,False,False,geometry_validity|moment_closure,False,True,False,fail,True,False,True,False,fail,False,False,False,geometry_validity; negative_margins:rear_hollow_margin_min_m=-0.0011|rear_thickness_ratio_margin_min_m=-0.003,geometry_validity,rear_thickness_ratio_margin_min_m,-0.002999999999999999,"{""ei_dominance_margin_min_nm2"":77499.75821227452,""ei_ratio_margin_min"":42.906793663401814,""equivalent_buckling_margin"":0.9141937144420386,""equivalent_failure_margin"":0.9422666562837063,""equivalent_tip_margin"":2.796459914681365,""equivalent_twist_margin"":1.9867817046306455,""ground_clearance_margin_m"":0.0651858601168413,""jig_curvature_margin_per_m"":0.10240795164163144,""jig_prebend_margin_m"":3.1071570614604367,""loaded_shape_main_z_margin_m"":0.024999999999999557,""loaded_shape_twist_margin_deg"":0.1499999999999125,""main_hollow_margin_min_m"":0.01989864164602724,""main_radius_taper_margin_min_m"":0.0,""main_thickness_ratio_margin_min_m"":0.014318913316821794,""main_thickness_step_margin_min_m"":0.003,""radius_dominance_margin_min_m"":0.012898641646027238,""rear_hollow_margin_min_m"":-0.0010999999999999992,""rear_inboard_ei_margin_min_nm2"":32957.02890903039,""rear_main_radius_ratio_margin_min_m"":0.01,""rear_radius_taper_margin_min_m"":0.0,""rear_thickness_ratio_margin_min_m"":-0.002999999999999999,""rear_thickness_step_margin_min_m"":8.673617379884035e-19}",1.0209999999999994e-05,1.0209999999999994e-05,0.0,0,0.07322679031623121,0.0,0.9999999999999977,3,0.049999999999999885,1.6844413807317002e-14,98.96996411145354,"[98.96996411145354,98.76996411145352,0.0,0.9999999999999977,0.9194418828640885]",analysis complete
2.025,target_main_tip_z_2p025m,84,baseline_or_coarse,coarse_grid,d9b92ed8f41b,"baseline_uniform|1.000000,1.000000,1.000000,0.000000,0.000000",baseline_uniform,Uniform baseline rib family,1.0,1.0,1.0,0.0,0.0,1.14,0.8,1.12,0.0,0.0,"[69.8478,69.8478,69.8478,69.8478,62.96408,55.797283]","[68.2478,68.2478,68.2478,68.2478,61.36408,54.197283]","[0.8,0.8,0.8,0.8,0.8,0.8]","[22.4,22.4,22.4,22.4,22.4,22.4]","[20.8,20.8,20.8,20.8,20.8,20.8]","[0.8,0.8,0.8,0.8,0.8,0.8]",69.8478,68.2478,0.8,22.400000000000002,20.800000000000004,0.8,11.926193825696817,14.426193825696817,"[23789.512,23789.512,23789.512,23789.512,17360.737,12022.459]","[729.179,729.179,729.179,729.179,729.179,729.179]","[3102.98,3102.98,3102.98,3102.98,2264.444,1568.147]","[95.11,95.11,95.11,95.11,95.11,95.11]",12751.638197027381,24518.691668737236,1663.2571561340062,3198.0902176613786,1.60483181024251,-0.3460544770947185,-0.3460544770947185,2.3282877361803274,0.09234983890532625,0.0,0.0,0.0,0.0,2.7755575615628914e-17,3.5832294041243814e-18,3078.2227733646523,3078.2227733646523,[3078.223],fail,1721.87016420966,False,False,moment_closure,False,True,False,pass,True,True,True,False,fail,False,False,False,ground_clearance; negative_margins:ground_clearance_margin_m=-0.346054477,ground_clearance,ground_clearance_margin_m,-0.3460544770947185,"{""ei_dominance_margin_min_nm2"":10564.10048543412,""ei_ratio_margin_min"":14.487659475922701,""equivalent_buckling_margin"":0.8400327058055262,""equivalent_failure_margin"":0.6267226862426905,""equivalent_tip_margin"":0.9451681897574897,""equivalent_twist_margin"":1.87242807513885,""ground_clearance_margin_m"":-0.3460544770947185,""jig_curvature_margin_per_m"":0.0432012912451315,""jig_prebend_margin_m"":1.6983112081441978,""loaded_shape_main_z_margin_m"":0.025,""loaded_shape_twist_margin_deg"":0.15,""main_hollow_margin_min_m"":0.027098641646027242,""main_radius_taper_margin_min_m"":0.0,""main_thickness_ratio_margin_min_m"":0.021518913316821795,""main_thickness_step_margin_min_m"":0.003,""radius_dominance_margin_min_m"":0.011698641646027238,""rear_hollow_margin_min_m"":0.010300000000000002,""rear_inboard_ei_margin_min_nm2"":4028.723249110143,""rear_main_radius_ratio_margin_min_m"":0.011200000000000002,""rear_radius_taper_margin_min_m"":0.0,""rear_thickness_ratio_margin_min_m"":0.00816,""rear_thickness_step_margin_min_m"":0.003}",0.11975370111729904,0.11975370111729904,1249.3204000691746,5,-0.34345225089377324,312.33010001729366,0.6666666666666666,2,0.03333333333333333,0.0,326.78962717632385,"[326.78962717632385,14.426193825696817,1249.3204000691746,0.6666666666666666,2.3282877361803274]",analysis complete
2.025,target_main_tip_z_2p025m,85,baseline_or_coarse,coarse_grid,2473cc5e9eaa,"inboard_reinforced_mix|1.000000,1.000000,1.000000,0.000000,0.000000",inboard_reinforced_mix,Inboard reinforced two-family mix,1.0,1.0,1.0,0.0,0.0,1.14,0.8,1.12,0.0,0.0,"[69.8478,69.8478,69.8478,69.8478,62.96408,55.797283]","[68.2478,68.2478,68.2478,68.2478,61.36408,54.197283]","[0.8,0.8,0.8,0.8,0.8,0.8]","[22.4,22.4,22.4,22.4,22.4,22.4]","[20.8,20.8,20.8,20.8,20.8,20.8]","[0.8,0.8,0.8,0.8,0.8,0.8]",69.8478,68.2478,0.8,22.400000000000002,20.800000000000004,0.8,11.926193825696817,14.426193825696817,"[23789.512,23789.512,23789.512,23789.512,17360.737,12022.459]","[729.179,729.179,729.179,729.179,729.179,729.179]","[3102.98,3102.98,3102.98,3102.98,2264.444,1568.147]","[95.11,95.11,95.11,95.11,95.11,95.11]",12751.638197027381,24518.691668737236,1663.2571561340062,3198.0902176613786,1.604818930165187,-0.3460544770947185,-0.3460544770947185,2.3282877361803274,0.09234983890532625,0.0,0.0,0.0,0.0,2.7755575615628914e-17,3.5832294041243814e-18,3078.2227733646523,3078.2227733646523,[3078.223],fail,1721.87016420966,False,False,moment_closure,False,True,False,pass,True,True,True,False,fail,False,False,False,ground_clearance; negative_margins:ground_clearance_margin_m=-0.346054477,ground_clearance,ground_clearance_margin_m,-0.3460544770947185,"{""ei_dominance_margin_min_nm2"":10564.10048543412,""ei_ratio_margin_min"":14.487659475922701,""equivalent_buckling_margin"":0.8400330628377631,""equivalent_failure_margin"":0.626723286613941,""equivalent_tip_margin"":0.9451810698348129,""equivalent_twist_margin"":1.9079306115754349,""ground_clearance_margin_m"":-0.3460544770947185,""jig_curvature_margin_per_m"":0.0432012912451315,""jig_prebend_margin_m"":1.6983112081441978,""loaded_shape_main_z_margin_m"":0.025,""loaded_shape_twist_margin_deg"":0.15,""main_hollow_margin_min_m"":0.027098641646027242,""main_radius_taper_margin_min_m"":0.0,""main_thickness_ratio_margin_min_m"":0.021518913316821795,""main_thickness_step_margin_min_m"":0.003,""radius_dominance_margin_min_m"":0.011698641646027238,""rear_hollow_margin_min_m"":0.010300000000000002,""rear_inboard_ei_margin_min_nm2"":4028.723249110143,""rear_main_radius_ratio_margin_min_m"":0.011200000000000002,""rear_radius_taper_margin_min_m"":0.0,""rear_thickness_ratio_margin_min_m"":0.00816,""rear_thickness_step_margin_min_m"":0.003}",0.11975370111729904,0.11975370111729904,1249.3204000691746,5,-0.34345225089377324,312.33010001729366,0.6666666666666666,2,0.03333333333333333,0.0,326.9396271763238,"[326.9396271763238,14.426193825696817,1249.3204000691746,0.6666666666666666,2.3282877361803274]",analysis complete
2.025,target_main_tip_z_2p025m,86,baseline_or_coarse,coarse_grid,01bb350a8bae,"outboard_relaxed_mix|1.000000,1.000000,1.000000,0.000000,0.000000",outboard_relaxed_mix,Outboard relaxed two-family mix,1.0,1.0,1.0,0.0,0.0,1.14,0.8,1.12,0.0,0.0,"[69.8478,69.8478,69.8478,69.8478,62.96408,55.797283]","[68.2478,68.2478,68.2478,68.2478,61.36408,54.197283]","[0.8,0.8,0.8,0.8,0.8,0.8]","[22.4,22.4,22.4,22.4,22.4,22.4]","[20.8,20.8,20.8,20.8,20.8,20.8]","[0.8,0.8,0.8,0.8,0.8,0.8]",69.8478,68.2478,0.8,22.400000000000002,20.800000000000004,0.8,11.926193825696817,14.426193825696817,"[23789.512,23789.512,23789.512,23789.512,17360.737,12022.459]","[729.179,729.179,729.179,729.179,729.179,729.179]","[3102.98,3102.98,3102.98,3102.98,2264.444,1568.147]","[95.11,95.11,95.11,95.11,95.11,95.11]",12751.638197027381,24518.691668737236,1663.2571561340062,3198.0902176613786,1.6048538345744898,-0.3460544770947185,-0.3460544770947185,2.3282877361803274,0.09234983890532625,0.0,0.0,0.0,0.0,2.7755575615628914e-17,3.5832294041243814e-18,3078.2227733646523,3078.2227733646523,[3078.223],fail,1721.87016420966,False,False,moment_closure,False,True,False,pass,True,True,True,False,fail,False,False,False,ground_clearance; negative_margins:ground_clearance_margin_m=-0.346054477,ground_clearance,ground_clearance_margin_m,-0.3460544770947185,"{""ei_dominance_margin_min_nm2"":10564.10048543412,""ei_ratio_margin_min"":14.487659475922701,""equivalent_buckling_margin"":0.8400320117975486,""equivalent_failure_margin"":0.6267216489821317,""equivalent_tip_margin"":0.94514616542551,""equivalent_twist_margin"":1.8112933085654952,""ground_clearance_margin_m"":-0.3460544770947185,""jig_curvature_margin_per_m"":0.0432012912451315,""jig_prebend_margin_m"":1.6983112081441978,""loaded_shape_main_z_margin_m"":0.025,""loaded_shape_twist_margin_deg"":0.15,""main_hollow_margin_min_m"":0.027098641646027242,""main_radius_taper_margin_min_m"":0.0,""main_thickness_ratio_margin_min_m"":0.021518913316821795,""main_thickness_step_margin_min_m"":0.003,""radius_dominance_margin_min_m"":0.011698641646027238,""rear_hollow_margin_min_m"":0.010300000000000002,""rear_inboard_ei_margin_min_nm2"":4028.723249110143,""rear_main_radius_ratio_margin_min_m"":0.011200000000000002,""rear_radius_taper_margin_min_m"":0.0,""rear_thickness_ratio_margin_min_m"":0.00816,""rear_thickness_step_margin_min_m"":0.003}",0.11975370111729904,0.11975370111729904,1249.3204000691746,5,-0.34345225089377324,312.33010001729366,0.6666666666666666,2,0.03333333333333333,0.0,326.9396271763238,"[326.9396271763238,14.426193825696817,1249.3204000691746,0.6666666666666666,2.3282877361803274]",analysis complete
2.025,target_main_tip_z_2p025m,87,baseline_or_coarse,coarse_grid,042cdb371c4c,"baseline_uniform|1.000000,1.000000,1.000000,0.000000,1.000000",baseline_uniform,Uniform baseline rib family,1.0,1.0,1.0,0.0,1.0,1.14,0.8,1.12,0.0,1.0,"[69.8478,69.8478,69.8478,69.8478,62.96408,55.797283]","[53.8478,53.8478,53.8478,53.8478,46.96408,39.797283]","[8.0,8.0,8.0,8.0,8.0,8.0]","[22.4,22.4,22.4,22.4,22.4,22.4]","[6.4,6.4,6.4,6.4,6.4,6.4]","[8.0,8.0,8.0,8.0,8.0,8.0]",69.8478,53.8478,8.0,22.400000000000002,6.400000000000003,8.0,99.38154110252266,101.88154110252266,"[173802.772,173802.772,173802.772,173802.772,122523.36,81112.228]","[2823.489,2823.489,2823.489,2823.489,2823.489,2823.489]","[22669.927,22669.927,22669.927,22669.927,15981.308,10579.856]","[368.281,368.281,368.281,368.281,368.281,368.281]",83935.71703391518,176626.26065118363,10948.137004423717,23038.207911023954,-0.26230122110682735,0.0651858601219392,0.0651858601219392,0.9795028049362586,0.024669090288080397,4.440892098500626e-16,2.5639502485114184e-16,8.748557434046234e-14,3.3688827614634e-13,4.440892098500626e-16,9.265437241224024e-17,0.0,0.0,[0.0],fail,1151.6278031884606,False,False,moment_closure,False,True,False,pass,True,True,True,True,pass,True,False,False,eligible_but_higher_objective_than_reported_selected,,main_radius_taper_margin_min_m,0.0,"{""ei_dominance_margin_min_nm2"":75465.25137441252,""ei_ratio_margin_min"":26.72766329785582,""equivalent_buckling_margin"":0.9141604950025436,""equivalent_failure_margin"":0.9404461511117116,""equivalent_tip_margin"":2.8123012211068272,""equivalent_twist_margin"":2.0011614747817363,""ground_clearance_margin_m"":0.0651858601219392,""jig_curvature_margin_per_m"":0.11088203986237735,""jig_prebend_margin_m"":3.0470961393882665,""loaded_shape_main_z_margin_m"":0.024999999999999557,""loaded_shape_twist_margin_deg"":0.1499999999999125,""main_hollow_margin_min_m"":0.01989864164602724,""main_radius_taper_margin_min_m"":0.0,""main_thickness_ratio_margin_min_m"":0.014318913316821794,""main_thickness_step_margin_min_m"":0.003,""radius_dominance_margin_min_m"":0.011698641646027238,""rear_hollow_margin_min_m"":0.0031000000000000016,""rear_inboard_ei_margin_min_nm2"":31937.065866435663,""rear_main_radius_ratio_margin_min_m"":0.011200000000000002,""rear_radius_taper_margin_min_m"":0.0,""rear_thickness_ratio_margin_min_m"":0.0009600000000000008,""rear_thickness_step_margin_min_m"":0.003}",0.0,0.0,0.0,0,0.07339388855580212,0.0,0.6666666666666666,2,0.03333333333333333,1.6844413807317002e-14,101.914874435856,"[101.914874435856,101.88154110252266,0.0,0.6666666666666666,0.9795028049362586]",analysis complete
2.025,target_main_tip_z_2p025m,88,baseline_or_coarse,coarse_grid,58a0c125e36e,"inboard_reinforced_mix|1.000000,1.000000,1.000000,0.000000,1.000000",inboard_reinforced_mix,Inboard reinforced two-family mix,1.0,1.0,1.0,0.0,1.0,1.14,0.8,1.12,0.0,1.0,"[69.8478,69.8478,69.8478,69.8478,62.96408,55.797283]","[53.8478,53.8478,53.8478,53.8478,46.96408,39.797283]","[8.0,8.0,8.0,8.0,8.0,8.0]","[22.4,22.4,22.4,22.4,22.4,22.4]","[6.4,6.4,6.4,6.4,6.4,6.4]","[8.0,8.0,8.0,8.0,8.0,8.0]",69.8478,53.8478,8.0,22.400000000000002,6.400000000000003,8.0,99.38154110252266,101.88154110252266,"[173802.772,173802.772,173802.772,173802.772,122523.36,81112.228]","[2823.489,2823.489,2823.489,2823.489,2823.489,2823.489]","[22669.927,22669.927,22669.927,22669.927,15981.308,10579.856]","[368.281,368.281,368.281,368.281,368.281,368.281]",83935.71703391518,176626.26065118363,10948.137004423717,23038.207911023954,-0.26230328949816806,0.0651858601219392,0.0651858601219392,0.9795028049362586,0.024669090288080397,4.440892098500626e-16,2.5639502485114184e-16,8.748557434046234e-14,3.3688827614634e-13,4.440892098500626e-16,9.265437241224024e-17,0.0,0.0,[0.0],fail,1151.6278031884606,False,False,moment_closure,False,True,False,pass,True,True,True,True,pass,True,False,False,eligible_but_higher_objective_than_reported_selected,,main_radius_taper_margin_min_m,0.0,"{""ei_dominance_margin_min_nm2"":75465.25137441252,""ei_ratio_margin_min"":26.72766329785582,""equivalent_buckling_margin"":0.9141604962118122,""equivalent_failure_margin"":0.9404460905373689,""equivalent_tip_margin"":2.8123032894981677,""equivalent_twist_margin"":2.0069663954823995,""ground_clearance_margin_m"":0.0651858601219392,""jig_curvature_margin_per_m"":0.11088203986237735,""jig_prebend_margin_m"":3.0470961393882665,""loaded_shape_main_z_margin_m"":0.024999999999999557,""loaded_shape_twist_margin_deg"":0.1499999999999125,""main_hollow_margin_min_m"":0.01989864164602724,""main_radius_taper_margin_min_m"":0.0,""main_thickness_ratio_margin_min_m"":0.014318913316821794,""main_thickness_step_margin_min_m"":0.003,""radius_dominance_margin_min_m"":0.011698641646027238,""rear_hollow_margin_min_m"":0.0031000000000000016,""rear_inboard_ei_margin_min_nm2"":31937.065866435663,""rear_main_radius_ratio_margin_min_m"":0.011200000000000002,""rear_radius_taper_margin_min_m"":0.0,""rear_thickness_ratio_margin_min_m"":0.0009600000000000008,""rear_thickness_step_margin_min_m"":0.003}",0.0,0.0,0.0,0,0.07339388855580212,0.0,0.6666666666666666,2,0.03333333333333333,1.6844413807317002e-14,102.06487443585601,"[102.06487443585601,101.88154110252266,0.0,0.6666666666666666,0.9795028049362586]",analysis complete
2.025,target_main_tip_z_2p025m,89,baseline_or_coarse,coarse_grid,e5607bd3b404,"outboard_relaxed_mix|1.000000,1.000000,1.000000,0.000000,1.000000",outboard_relaxed_mix,Outboard relaxed two-family mix,1.0,1.0,1.0,0.0,1.0,1.14,0.8,1.12,0.0,1.0,"[69.8478,69.8478,69.8478,69.8478,62.96408,55.797283]","[53.8478,53.8478,53.8478,53.8478,46.96408,39.797283]","[8.0,8.0,8.0,8.0,8.0,8.0]","[22.4,22.4,22.4,22.4,22.4,22.4]","[6.4,6.4,6.4,6.4,6.4,6.4]","[8.0,8.0,8.0,8.0,8.0,8.0]",69.8478,53.8478,8.0,22.400000000000002,6.400000000000003,8.0,99.38154110252266,101.88154110252266,"[173802.772,173802.772,173802.772,173802.772,122523.36,81112.228]","[2823.489,2823.489,2823.489,2823.489,2823.489,2823.489]","[22669.927,22669.927,22669.927,22669.927,15981.308,10579.856]","[368.281,368.281,368.281,368.281,368.281,368.281]",83935.71703391518,176626.26065118363,10948.137004423717,23038.207911023954,-0.26229768469610837,0.0651858601219392,0.0651858601219392,0.9795028049362586,0.024669090288080397,4.440892098500626e-16,2.5639502485114184e-16,8.748557434046234e-14,3.3688827614634e-13,4.440892098500626e-16,9.265437241224024e-17,0.0,0.0,[0.0],fail,1151.6278031884606,False,False,moment_closure,False,True,False,pass,True,True,True,True,pass,True,False,False,eligible_but_higher_objective_than_reported_selected,,main_radius_taper_margin_min_m,0.0,"{""ei_dominance_margin_min_nm2"":75465.25137441252,""ei_ratio_margin_min"":26.72766329785582,""equivalent_buckling_margin"":0.9141604919747338,""equivalent_failure_margin"":0.940446250906162,""equivalent_tip_margin"":2.8122976846961083,""equivalent_twist_margin"":1.9912364225052805,""ground_clearance_margin_m"":0.0651858601219392,""jig_curvature_margin_per_m"":0.11088203986237735,""jig_prebend_margin_m"":3.0470961393882665,""loaded_shape_main_z_margin_m"":0.024999999999999557,""loaded_shape_twist_margin_deg"":0.1499999999999125,""main_hollow_margin_min_m"":0.01989864164602724,""main_radius_taper_margin_min_m"":0.0,""main_thickness_ratio_margin_min_m"":0.014318913316821794,""main_thickness_step_margin_min_m"":0.003,""radius_dominance_margin_min_m"":0.011698641646027238,""rear_hollow_margin_min_m"":0.0031000000000000016,""rear_inboard_ei_margin_min_nm2"":31937.065866435663,""rear_main_radius_ratio_margin_min_m"":0.011200000000000002,""rear_radius_taper_margin_min_m"":0.0,""rear_thickness_ratio_margin_min_m"":0.0009600000000000008,""rear_thickness_step_margin_min_m"":0.003}",0.0,0.0,0.0,0,0.07339388855580212,0.0,0.6666666666666666,2,0.03333333333333333,1.6844413807317002e-14,102.06487443585601,"[102.06487443585601,101.88154110252266,0.0,0.6666666666666666,0.9795028049362586]",analysis complete
2.025,target_main_tip_z_2p025m,90,baseline_or_coarse,coarse_grid,af16a58c3b00,"baseline_uniform|1.000000,1.000000,1.000000,1.000000,0.000000",baseline_uniform,Uniform baseline rib family,1.0,1.0,1.0,1.0,0.0,1.14,0.8,1.12,1.0,0.0,"[69.8478,69.8478,69.8478,69.8478,62.96408,55.797283]","[68.2478,68.2478,68.2478,68.2478,61.36408,54.197283]","[0.8,0.8,0.8,0.8,0.8,0.8]","[22.4,22.4,22.4,22.4,22.4,22.4]","[20.8,20.8,20.8,20.8,14.8,14.8]","[0.8,0.8,0.8,0.8,3.8,3.8]",69.8478,68.2478,0.8,22.400000000000002,20.800000000000004,0.8,15.518634942853357,18.018634942853357,"[23789.512,23789.512,23789.512,23789.512,17360.737,12022.459]","[729.179,729.179,729.179,729.179,2300.748,2300.748]","[3102.98,3102.98,3102.98,3102.98,2264.444,1568.147]","[95.11,95.11,95.11,95.11,300.098,300.098]",14323.20691579209,24518.691668737236,1868.2443803207075,3198.0902176613786,1.1879160311433992,0.000271897390967224,0.000271897390967224,1.7967887074252265,0.0913182603269026,0.0,0.0,0.0,0.0,2.7755575615628914e-17,2.533725810203382e-18,2772.48580159213,2772.48580159213,[2772.486],fail,1712.3496022302859,False,False,moment_closure,False,True,False,pass,True,True,True,True,pass,True,True,True,selected_by_reported_outcome,,main_radius_taper_margin_min_m,0.0,"{""ei_dominance_margin_min_nm2"":7420.963047904704,""ei_ratio_margin_min"":3.225456760125784,""equivalent_buckling_margin"":0.8631960861049985,""equivalent_failure_margin"":0.6975440294065891,""equivalent_tip_margin"":1.3620839688566007,""equivalent_twist_margin"":1.8707593569061687,""ground_clearance_margin_m"":0.000271897390967224,""jig_curvature_margin_per_m"":0.04423286982355515,""jig_prebend_margin_m"":2.229810236899299,""loaded_shape_main_z_margin_m"":0.025,""loaded_shape_twist_margin_deg"":0.15,""main_hollow_margin_min_m"":0.027098641646027242,""main_radius_taper_margin_min_m"":0.0,""main_thickness_ratio_margin_min_m"":0.021518913316821795,""main_thickness_step_margin_min_m"":0.003,""radius_dominance_margin_min_m"":0.011698641646027238,""rear_hollow_margin_min_m"":0.007300000000000002,""rear_inboard_ei_margin_min_nm2"":4028.723249110143,""rear_main_radius_ratio_margin_min_m"":0.011200000000000002,""rear_radius_taper_margin_min_m"":0.0,""rear_thickness_ratio_margin_min_m"":0.005160000000000001,""rear_thickness_step_margin_min_m"":0.0}",0.0,0.0,0.8441640887073165,5,0.0008219218091528813,0.21104102217682913,1.0,3,0.05,0.0,18.279675965030187,"[18.279675965030187,18.018634942853357,0.8441640887073165,1.0,1.7967887074252265]",analysis complete
2.025,target_main_tip_z_2p025m,91,baseline_or_coarse,coarse_grid,5aab903bd0ff,"inboard_reinforced_mix|1.000000,1.000000,1.000000,1.000000,0.000000",inboard_reinforced_mix,Inboard reinforced two-family mix,1.0,1.0,1.0,1.0,0.0,1.14,0.8,1.12,1.0,0.0,"[69.8478,69.8478,69.8478,69.8478,62.96408,55.797283]","[68.2478,68.2478,68.2478,68.2478,61.36408,54.197283]","[0.8,0.8,0.8,0.8,0.8,0.8]","[22.4,22.4,22.4,22.4,22.4,22.4]","[20.8,20.8,20.8,20.8,14.8,14.8]","[0.8,0.8,0.8,0.8,3.8,3.8]",69.8478,68.2478,0.8,22.400000000000002,20.800000000000004,0.8,15.518634942853357,18.018634942853357,"[23789.512,23789.512,23789.512,23789.512,17360.737,12022.459]","[729.179,729.179,729.179,729.179,2300.748,2300.748]","[3102.98,3102.98,3102.98,3102.98,2264.444,1568.147]","[95.11,95.11,95.11,95.11,300.098,300.098]",14323.20691579209,24518.691668737236,1868.2443803207075,3198.0902176613786,1.1878987265486882,0.000271897390967224,0.000271897390967224,1.7967887074252265,0.0913182603269026,0.0,0.0,0.0,0.0,2.7755575615628914e-17,2.533725810203382e-18,2772.48580159213,2772.48580159213,[2772.486],fail,1712.3496022302859,False,False,moment_closure,False,True,False,pass,True,True,True,True,pass,True,False,False,eligible_but_higher_objective_than_reported_selected,,main_radius_taper_margin_min_m,0.0,"{""ei_dominance_margin_min_nm2"":7420.963047904704,""ei_ratio_margin_min"":3.225456760125784,""equivalent_buckling_margin"":0.8631967144884782,""equivalent_failure_margin"":0.6975451990021959,""equivalent_tip_margin"":1.3621012734513116,""equivalent_twist_margin"":1.9057623905282808,""ground_clearance_margin_m"":0.000271897390967224,""jig_curvature_margin_per_m"":0.04423286982355515,""jig_prebend_margin_m"":2.229810236899299,""loaded_shape_main_z_margin_m"":0.025,""loaded_shape_twist_margin_deg"":0.15,""main_hollow_margin_min_m"":0.027098641646027242,""main_radius_taper_margin_min_m"":0.0,""main_thickness_ratio_margin_min_m"":0.021518913316821795,""main_thickness_step_margin_min_m"":0.003,""radius_dominance_margin_min_m"":0.011698641646027238,""rear_hollow_margin_min_m"":0.007300000000000002,""rear_inboard_ei_margin_min_nm2"":4028.723249110143,""rear_main_radius_ratio_margin_min_m"":0.011200000000000002,""rear_radius_taper_margin_min_m"":0.0,""rear_thickness_ratio_margin_min_m"":0.005160000000000001,""rear_thickness_step_margin_min_m"":0.0}",0.0,0.0,0.8441640887073165,5,0.0008219218091528813,0.21104102217682913,1.0,3,0.05,0.0,18.429675965030185,"[18.429675965030185,18.018634942853357,0.8441640887073165,1.0,1.7967887074252265]",analysis complete
2.025,target_main_tip_z_2p025m,92,baseline_or_coarse,coarse_grid,f052732085ef,"outboard_relaxed_mix|1.000000,1.000000,1.000000,1.000000,0.000000",outboard_relaxed_mix,Outboard relaxed two-family mix,1.0,1.0,1.0,1.0,0.0,1.14,0.8,1.12,1.0,0.0,"[69.8478,69.8478,69.8478,69.8478,62.96408,55.797283]","[68.2478,68.2478,68.2478,68.2478,61.36408,54.197283]","[0.8,0.8,0.8,0.8,0.8,0.8]","[22.4,22.4,22.4,22.4,22.4,22.4]","[20.8,20.8,20.8,20.8,14.8,14.8]","[0.8,0.8,0.8,0.8,3.8,3.8]",69.8478,68.2478,0.8,22.400000000000002,20.800000000000004,0.8,15.518634942853357,18.018634942853357,"[23789.512,23789.512,23789.512,23789.512,17360.737,12022.459]","[729.179,729.179,729.179,729.179,2300.748,2300.748]","[3102.98,3102.98,3102.98,3102.98,2264.444,1568.147]","[95.11,95.11,95.11,95.11,300.098,300.098]",14323.20691579209,24518.691668737236,1868.2443803207075,3198.0902176613786,1.1879455851727176,0.000271897390967224,0.000271897390967224,1.7967887074252265,0.0913182603269026,0.0,0.0,0.0,0.0,2.7755575615628914e-17,2.533725810203382e-18,2772.48580159213,2772.48580159213,[2772.486],fail,1712.3496022302859,False,False,moment_closure,False,True,False,pass,True,True,True,True,pass,True,False,False,eligible_but_higher_objective_than_reported_selected,,main_radius_taper_margin_min_m,0.0,"{""ei_dominance_margin_min_nm2"":7420.963047904704,""ei_ratio_margin_min"":3.225456760125784,""equivalent_buckling_margin"":0.8631948767769257,""equivalent_failure_margin"":0.6975420173312571,""equivalent_tip_margin"":1.3620544148272822,""equivalent_twist_margin"":1.8105034684577235,""ground_clearance_margin_m"":0.000271897390967224,""jig_curvature_margin_per_m"":0.04423286982355515,""jig_prebend_margin_m"":2.229810236899299,""loaded_shape_main_z_margin_m"":0.025,""loaded_shape_twist_margin_deg"":0.15,""main_hollow_margin_min_m"":0.027098641646027242,""main_radius_taper_margin_min_m"":0.0,""main_thickness_ratio_margin_min_m"":0.021518913316821795,""main_thickness_step_margin_min_m"":0.003,""radius_dominance_margin_min_m"":0.011698641646027238,""rear_hollow_margin_min_m"":0.007300000000000002,""rear_inboard_ei_margin_min_nm2"":4028.723249110143,""rear_main_radius_ratio_margin_min_m"":0.011200000000000002,""rear_radius_taper_margin_min_m"":0.0,""rear_thickness_ratio_margin_min_m"":0.005160000000000001,""rear_thickness_step_margin_min_m"":0.0}",0.0,0.0,0.8441640887073165,5,0.0008219218091528813,0.21104102217682913,1.0,3,0.05,0.0,18.429675965030185,"[18.429675965030185,18.018634942853357,0.8441640887073165,1.0,1.7967887074252265]",analysis complete
2.025,target_main_tip_z_2p025m,93,baseline_or_coarse,coarse_grid,8310eb223a8e,"baseline_uniform|1.000000,1.000000,1.000000,1.000000,1.000000",baseline_uniform,Uniform baseline rib family,1.0,1.0,1.0,1.0,1.0,1.14,0.8,1.12,1.0,1.0,"[69.8478,69.8478,69.8478,69.8478,62.96408,55.797283]","[53.8478,53.8478,53.8478,53.8478,46.96408,39.797283]","[8.0,8.0,8.0,8.0,8.0,8.0]","[22.4,22.4,22.4,22.4,22.4,22.4]","[6.4,6.4,6.4,6.4,0.4,0.4]","[8.0,8.0,8.0,8.0,11.0,11.0]",69.8478,53.8478,8.0,22.400000000000002,6.400000000000003,8.0,100.06773772040648,102.56773772040648,"[173802.772,173802.772,173802.772,173802.772,122523.36,81112.228]","[2823.489,2823.489,2823.489,2823.489,2842.43,2842.43]","[22669.927,22669.927,22669.927,22669.927,15981.308,10579.856]","[368.281,368.281,368.281,368.281,370.752,370.752]",83954.65838717406,176626.26065118363,10950.607615718354,23038.207911023954,-0.2731133875827444,0.0651858601168413,0.0651858601168413,1.0323213669034397,0.02667499905084547,0.0,0.0,0.0,0.0,2.220446049250313e-16,6.988445714636385e-17,0.0,0.0,[0.0],fail,1140.6468426831577,False,False,geometry_validity|moment_closure,False,True,False,fail,True,False,True,False,fail,False,False,False,geometry_validity; negative_margins:rear_thickness_ratio_margin_min_m=-0.00204,geometry_validity,rear_thickness_ratio_margin_min_m,-0.0020399999999999984,"{""ei_dominance_margin_min_nm2"":75427.36866789476,""ei_ratio_margin_min"":26.536228210011963,""equivalent_buckling_margin"":0.9141481313736769,""equivalent_failure_margin"":0.9392291611995979,""equivalent_tip_margin"":2.8231133875827443,""equivalent_twist_margin"":2.0007687711208075,""ground_clearance_margin_m"":0.0651858601168413,""jig_curvature_margin_per_m"":0.10887613109961228,""jig_prebend_margin_m"":2.9942775774210855,""loaded_shape_main_z_margin_m"":0.025,""loaded_shape_twist_margin_deg"":0.15,""main_hollow_margin_min_m"":0.01989864164602724,""main_radius_taper_margin_min_m"":0.0,""main_thickness_ratio_margin_min_m"":0.014318913316821794,""main_thickness_step_margin_min_m"":0.003,""radius_dominance_margin_min_m"":0.011698641646027238,""rear_hollow_margin_min_m"":0.00010000000000000225,""rear_inboard_ei_margin_min_nm2"":31937.065866435663,""rear_main_radius_ratio_margin_min_m"":0.011200000000000002,""rear_radius_taper_margin_min_m"":0.0,""rear_thickness_ratio_margin_min_m"":-0.0020399999999999984,""rear_thickness_step_margin_min_m"":8.673617379884035e-19}",4.161599999999993e-06,4.161599999999993e-06,0.0,0,0.07342104102426726,0.0,0.9999999999999977,3,0.049999999999999885,0.0,102.61773772040648,"[102.61773772040648,102.56773772040648,0.0,0.9999999999999977,1.0323213669034397]",analysis complete
2.025,target_main_tip_z_2p025m,94,baseline_or_coarse,coarse_grid,2b1898ec3151,"inboard_reinforced_mix|1.000000,1.000000,1.000000,1.000000,1.000000",inboard_reinforced_mix,Inboard reinforced two-family mix,1.0,1.0,1.0,1.0,1.0,1.14,0.8,1.12,1.0,1.0,"[69.8478,69.8478,69.8478,69.8478,62.96408,55.797283]","[53.8478,53.8478,53.8478,53.8478,46.96408,39.797283]","[8.0,8.0,8.0,8.0,8.0,8.0]","[22.4,22.4,22.4,22.4,22.4,22.4]","[6.4,6.4,6.4,6.4,0.4,0.4]","[8.0,8.0,8.0,8.0,11.0,11.0]",69.8478,53.8478,8.0,22.400000000000002,6.400000000000003,8.0,100.06773772040648,102.56773772040648,"[173802.772,173802.772,173802.772,173802.772,122523.36,81112.228]","[2823.489,2823.489,2823.489,2823.489,2842.43,2842.43]","[22669.927,22669.927,22669.927,22669.927,15981.308,10579.856]","[368.281,368.281,368.281,368.281,370.752,370.752]",83954.65838717406,176626.26065118363,10950.607615718354,23038.207911023954,-0.2731155008102737,0.0651858601168413,0.0651858601168413,1.0323213669034397,0.02667499905084547,0.0,0.0,0.0,0.0,2.220446049250313e-16,6.988445714636385e-17,0.0,0.0,[0.0],fail,1140.6468426831577,False,False,geometry_validity|moment_closure,False,True,False,fail,True,False,True,False,fail,False,False,False,geometry_validity; negative_margins:rear_thickness_ratio_margin_min_m=-0.00204,geometry_validity,rear_thickness_ratio_margin_min_m,-0.0020399999999999984,"{""ei_dominance_margin_min_nm2"":75427.36866789476,""ei_ratio_margin_min"":26.536228210011963,""equivalent_buckling_margin"":0.91414813249369,""equivalent_failure_margin"":0.9392290948044384,""equivalent_tip_margin"":2.8231155008102737,""equivalent_twist_margin"":2.006572136242524,""ground_clearance_margin_m"":0.0651858601168413,""jig_curvature_margin_per_m"":0.10887613109961228,""jig_prebend_margin_m"":2.9942775774210855,""loaded_shape_main_z_margin_m"":0.025,""loaded_shape_twist_margin_deg"":0.15,""main_hollow_margin_min_m"":0.01989864164602724,""main_radius_taper_margin_min_m"":0.0,""main_thickness_ratio_margin_min_m"":0.014318913316821794,""main_thickness_step_margin_min_m"":0.003,""radius_dominance_margin_min_m"":0.011698641646027238,""rear_hollow_margin_min_m"":0.00010000000000000225,""rear_inboard_ei_margin_min_nm2"":31937.065866435663,""rear_main_radius_ratio_margin_min_m"":0.011200000000000002,""rear_radius_taper_margin_min_m"":0.0,""rear_thickness_ratio_margin_min_m"":-0.0020399999999999984,""rear_thickness_step_margin_min_m"":8.673617379884035e-19}",4.161599999999993e-06,4.161599999999993e-06,0.0,0,0.07342104102426726,0.0,0.9999999999999977,3,0.049999999999999885,0.0,102.76773772040649,"[102.76773772040649,102.56773772040648,0.0,0.9999999999999977,1.0323213669034397]",analysis complete
2.025,target_main_tip_z_2p025m,95,baseline_or_coarse,coarse_grid,c012d8d34476,"outboard_relaxed_mix|1.000000,1.000000,1.000000,1.000000,1.000000",outboard_relaxed_mix,Outboard relaxed two-family mix,1.0,1.0,1.0,1.0,1.0,1.14,0.8,1.12,1.0,1.0,"[69.8478,69.8478,69.8478,69.8478,62.96408,55.797283]","[53.8478,53.8478,53.8478,53.8478,46.96408,39.797283]","[8.0,8.0,8.0,8.0,8.0,8.0]","[22.4,22.4,22.4,22.4,22.4,22.4]","[6.4,6.4,6.4,6.4,0.4,0.4]","[8.0,8.0,8.0,8.0,11.0,11.0]",69.8478,53.8478,8.0,22.400000000000002,6.400000000000003,8.0,100.06773772040648,102.56773772040648,"[173802.772,173802.772,173802.772,173802.772,122523.36,81112.228]","[2823.489,2823.489,2823.489,2823.489,2842.43,2842.43]","[22669.927,22669.927,22669.927,22669.927,15981.308,10579.856]","[368.281,368.281,368.281,368.281,370.752,370.752]",83954.65838717406,176626.26065118363,10950.607615718354,23038.207911023954,-0.27310977468455355,0.0651858601168413,0.0651858601168413,1.0323213669034397,0.02667499905084547,0.0,0.0,0.0,0.0,2.220446049250313e-16,6.988445714636385e-17,0.0,0.0,[0.0],fail,1140.6468426831577,False,False,geometry_validity|moment_closure,False,True,False,fail,True,False,True,False,fail,False,False,False,geometry_validity; negative_margins:rear_thickness_ratio_margin_min_m=-0.00204,geometry_validity,rear_thickness_ratio_margin_min_m,-0.0020399999999999984,"{""ei_dominance_margin_min_nm2"":75427.36866789476,""ei_ratio_margin_min"":26.536228210011963,""equivalent_buckling_margin"":0.9141481285157431,""equivalent_failure_margin"":0.9392292711115358,""equivalent_tip_margin"":2.8231097746845535,""equivalent_twist_margin"":1.9908468887154807,""ground_clearance_margin_m"":0.0651858601168413,""jig_curvature_margin_per_m"":0.10887613109961228,""jig_prebend_margin_m"":2.9942775774210855,""loaded_shape_main_z_margin_m"":0.025,""loaded_shape_twist_margin_deg"":0.15,""main_hollow_margin_min_m"":0.01989864164602724,""main_radius_taper_margin_min_m"":0.0,""main_thickness_ratio_margin_min_m"":0.014318913316821794,""main_thickness_step_margin_min_m"":0.003,""radius_dominance_margin_min_m"":0.011698641646027238,""rear_hollow_margin_min_m"":0.00010000000000000225,""rear_inboard_ei_margin_min_nm2"":31937.065866435663,""rear_main_radius_ratio_margin_min_m"":0.011200000000000002,""rear_radius_taper_margin_min_m"":0.0,""rear_thickness_ratio_margin_min_m"":-0.0020399999999999984,""rear_thickness_step_margin_min_m"":8.673617379884035e-19}",4.161599999999993e-06,4.161599999999993e-06,0.0,0,0.07342104102426726,0.0,0.9999999999999977,3,0.049999999999999885,0.0,102.76773772040649,"[102.76773772040649,102.56773772040648,0.0,0.9999999999999977,1.0323213669034397]",analysis complete
2.025,target_main_tip_z_2p025m,96,active_wall_probe,probe:main_plateau_scale:minus,93d61bf50e50,"baseline_uniform|0.970000,1.000000,1.000000,1.000000,0.000000",baseline_uniform,Uniform baseline rib family,0.97,1.0,1.0,1.0,0.0,1.1355276292889067,0.8,1.12,1.0,0.0,"[69.573778,69.573778,69.573778,69.573778,62.690058,55.523261]","[67.973778,67.973778,67.973778,67.973778,61.090058,53.923261]","[0.8,0.8,0.8,0.8,0.8,0.8]","[22.4,22.4,22.4,22.4,22.4,22.4]","[20.8,20.8,20.8,20.8,14.8,14.8]","[0.8,0.8,0.8,0.8,3.8,3.8]",69.57377784653131,67.97377784653132,0.8,22.400000000000002,20.800000000000004,0.8,15.480803906463949,17.980803906463947,"[23507.428,23507.428,23507.428,23507.428,17132.192,11843.673]","[729.179,729.179,729.179,729.179,2300.748,2300.748]","[3066.186,3066.186,3066.186,3066.186,2234.634,1544.827]","[95.11,95.11,95.11,95.11,300.098,300.098]",14144.421437431069,24236.607206739052,1844.924535317096,3161.2965921833547,1.2034032812834112,-0.009341602438722285,-0.009341602438722285,1.8129525384160967,0.09174049500605838,0.0,0.0,0.0,0.0,5.551115123125783e-17,5.665583147960493e-18,2775.636571784934,2775.636571784934,[2775.637],fail,1717.3907672203072,False,False,moment_closure,False,True,False,pass,True,True,True,False,fail,False,False,False,ground_clearance; negative_margins:ground_clearance_margin_m=-0.00934160244,ground_clearance,ground_clearance_margin_m,-0.009341602438722285,"{""ei_dominance_margin_min_nm2"":7242.177569543682,""ei_ratio_margin_min"":3.1477492138047305,""equivalent_buckling_margin"":0.8627689474339207,""equivalent_failure_margin"":0.6948990605249676,""equivalent_tip_margin"":1.3465967187165886,""equivalent_twist_margin"":1.8706261054241677,""ground_clearance_margin_m"":-0.009341602438722285,""jig_curvature_margin_per_m"":0.04381063514439937,""jig_prebend_margin_m"":2.2136464059084284,""loaded_shape_main_z_margin_m"":0.025,""loaded_shape_twist_margin_deg"":0.15,""main_hollow_margin_min_m"":0.0269616305692929,""main_radius_taper_margin_min_m"":0.0,""main_thickness_ratio_margin_min_m"":0.021409304455434323,""main_thickness_step_margin_min_m"":0.003,""radius_dominance_margin_min_m"":0.011561630569292897,""rear_hollow_margin_min_m"":0.007300000000000002,""rear_inboard_ei_margin_min_nm2"":3972.3063567105064,""rear_main_radius_ratio_margin_min_m"":0.011200000000000002,""rear_radius_taper_margin_min_m"":0.0,""rear_thickness_ratio_margin_min_m"":0.005160000000000001,""rear_thickness_step_margin_min_m"":0.0}",8.726553612314215e-05,8.726553612314215e-05,3.317107348052299,5,-0.008192420899117226,0.8292768370130748,1.0,3,0.05,0.0,18.860080743477024,"[18.860080743477024,17.980803906463947,3.317107348052299,1.0,1.8129525384160967]",analysis complete
2.025,target_main_tip_z_2p025m,97,active_wall_probe,probe:main_taper_fill:minus,722ef5f7ccdd,"baseline_uniform|1.000000,0.970000,1.000000,1.000000,0.000000",baseline_uniform,Uniform baseline rib family,1.0,0.97,1.0,1.0,0.0,1.14,0.776,1.12,1.0,0.0,"[69.8478,69.8478,69.8478,69.8478,62.796873,55.455992]","[68.2478,68.2478,68.2478,68.2478,61.196873,53.855992]","[0.8,0.8,0.8,0.8,0.8,0.8]","[22.4,22.4,22.4,22.4,22.4,22.4]","[20.8,20.8,20.8,20.8,14.8,14.8]","[0.8,0.8,0.8,0.8,3.8,3.8]",69.8478,68.2478,0.8,22.400000000000002,20.800000000000004,0.8,15.504340368379932,18.004340368379932,"[23789.512,23789.512,23789.512,23789.512,17221.039,11800.056]","[729.179,729.179,729.179,729.179,2300.748,2300.748]","[3102.98,3102.98,3102.98,3102.98,2246.223,1539.138]","[95.11,95.11,95.11,95.11,300.098,300.098]",14100.804293066512,24518.691668737236,1839.235342573893,3198.0902176613786,1.1905612659563338,-0.0015385290998741752,-0.0015385290998741752,1.8001172661356764,0.09134161385470616,0.0,0.0,0.0,0.0,1.7763568394002505e-15,1.6215845185301646e-16,2773.866146545362,2773.866146545362,[2773.866],fail,1711.6994529158173,False,False,moment_closure,False,True,False,pass,True,True,True,False,fail,False,False,False,ground_clearance; negative_margins:ground_clearance_margin_m=-0.0015385291,ground_clearance,ground_clearance_margin_m,-0.0015385290998741752,"{""ei_dominance_margin_min_nm2"":7198.560425179126,""ei_ratio_margin_min"":3.128791403040835,""equivalent_buckling_margin"":0.8630986573553834,""equivalent_failure_margin"":0.6972377842924843,""equivalent_tip_margin"":1.359438734043666,""equivalent_twist_margin"":1.8707591562091097,""ground_clearance_margin_m"":-0.0015385290998741752,""jig_curvature_margin_per_m"":0.044209516295751594,""jig_prebend_margin_m"":2.226481678188849,""loaded_shape_main_z_margin_m"":0.025,""loaded_shape_twist_margin_deg"":0.15,""main_hollow_margin_min_m"":0.0269279958873455,""main_radius_taper_margin_min_m"":0.0,""main_thickness_ratio_margin_min_m"":0.021382396709876402,""main_thickness_step_margin_min_m"":0.003,""radius_dominance_margin_min_m"":0.011527995887345495,""rear_hollow_margin_min_m"":0.007300000000000002,""rear_inboard_ei_margin_min_nm2"":4028.723249110143,""rear_main_radius_ratio_margin_min_m"":0.011200000000000002,""rear_radius_taper_margin_min_m"":0.0,""rear_thickness_ratio_margin_min_m"":0.005160000000000001,""rear_thickness_step_margin_min_m"":0.0}",2.36707179115964e-06,2.36707179115964e-06,1.162438886869451,5,-0.0007665737046337106,0.29060972171736277,1.0,3,0.05,0.0,18.344950090097296,"[18.344950090097296,18.004340368379932,1.162438886869451,1.0,1.8001172661356764]",analysis complete
2.025,target_main_tip_z_2p025m,98,active_wall_probe,probe:rear_radius_scale:minus,0effe1deea67,"baseline_uniform|1.000000,1.000000,0.970000,1.000000,0.000000",baseline_uniform,Uniform baseline rib family,1.0,1.0,0.97,1.0,0.0,1.14,0.8,1.1161986219130922,1.0,0.0,"[69.8478,69.8478,69.8478,69.8478,62.96408,55.797283]","[68.2478,68.2478,68.2478,68.2478,61.36408,54.197283]","[0.8,0.8,0.8,0.8,0.8,0.8]","[22.323972,22.323972,22.323972,22.323972,22.323972,22.323972]","[20.723972,20.723972,20.723972,20.723972,14.723972,14.723972]","[0.8,0.8,0.8,0.8,3.8,3.8]",69.8478,68.2478,0.8,22.323972438261844,20.723972438261843,0.8,15.492794630679843,17.992794630679843,"[23789.512,23789.512,23789.512,23789.512,17360.737,12022.459]","[721.514,721.514,721.514,721.514,2273.399,2273.399]","[3102.98,3102.98,3102.98,3102.98,2264.444,1568.147]","[94.11,94.11,94.11,94.11,296.53,296.53]",14295.858117957898,24511.026049575597,1864.6771458205953,3197.0903542924693,1.1905884891065812,-0.0017597889799065847,-0.0017597889799065847,1.799602594249264,0.09164489080253482,0.0,0.0,0.0,0.0,0.0,0.0,2774.3478246265204,2774.3478246265204,[2774.348],fail,1711.6552923465176,False,False,moment_closure,False,True,False,pass,True,True,True,False,fail,False,False,False,ground_clearance; negative_margins:ground_clearance_margin_m=-0.00175978898,ground_clearance,ground_clearance_margin_m,-0.0017597889799065847,"{""ei_dominance_margin_min_nm2"":7475.660643573086,""ei_ratio_margin_min"":3.2883185589493786,""equivalent_buckling_margin"":0.8630501747300647,""equivalent_failure_margin"":0.6970696282726403,""equivalent_tip_margin"":1.3594115108934186,""equivalent_twist_margin"":1.8703559628764745,""ground_clearance_margin_m"":-0.0017597889799065847,""jig_curvature_margin_per_m"":0.043906239347922926,""jig_prebend_margin_m"":2.226996350075261,""loaded_shape_main_z_margin_m"":0.025,""loaded_shape_twist_margin_deg"":0.15,""main_hollow_margin_min_m"":0.027098641646027242,""main_radius_taper_margin_min_m"":0.0,""main_thickness_ratio_margin_min_m"":0.021518913316821795,""main_thickness_step_margin_min_m"":0.003,""radius_dominance_margin_min_m"":0.011736655426896319,""rear_hollow_margin_min_m"":0.007261986219130922,""rear_inboard_ei_margin_min_nm2"":4036.388868271781,""rear_main_radius_ratio_margin_min_m"":0.011161986219130922,""rear_radius_taper_margin_min_m"":0.0,""rear_thickness_ratio_margin_min_m"":0.005129588975304739,""rear_thickness_step_margin_min_m"":0.0}",3.0968572538006577e-06,3.0968572538006577e-06,1.2108810471752096,5,-0.000989129633082797,0.3027202617938024,1.0,3,0.05,0.0,18.345514892473645,"[18.345514892473645,17.992794630679843,1.2108810471752096,1.0,1.799602594249264]",analysis complete
2.025,target_main_tip_z_2p025m,99,active_wall_probe,probe:rear_outboard_fraction:minus,7301cba89364,"baseline_uniform|1.000000,1.000000,1.000000,0.970000,0.000000",baseline_uniform,Uniform baseline rib family,1.0,1.0,1.0,0.97,0.0,1.14,0.8,1.12,0.97,0.0,"[69.8478,69.8478,69.8478,69.8478,62.96408,55.797283]","[68.2478,68.2478,68.2478,68.2478,61.36408,54.197283]","[0.8,0.8,0.8,0.8,0.8,0.8]","[22.4,22.4,22.4,22.4,22.4,22.4]","[20.8,20.8,20.8,20.8,14.98,14.98]","[0.8,0.8,0.8,0.8,3.71,3.71]",69.8478,68.2478,0.8,22.400000000000002,20.800000000000004,0.8,15.428480816615501,17.9284808166155,"[23789.512,23789.512,23789.512,23789.512,17360.737,12022.459]","[729.179,729.179,729.179,729.179,2273.911,2273.911]","[3102.98,3102.98,3102.98,3102.98,2264.444,1568.147]","[95.11,95.11,95.11,95.11,296.597,296.597]",14296.370149102278,24518.691668737236,1864.7439324916013,3198.0902176613786,1.1981047235916786,-0.006528189482347457,-0.006528189482347457,1.8092753907847527,0.091294786865187,0.0,0.0,0.0,0.0,0.0,0.0,2780.069271194849,2780.069271194849,[2780.069],fail,1713.8913191092986,False,False,moment_closure,False,True,False,pass,True,True,True,False,fail,False,False,False,ground_clearance; negative_margins:ground_clearance_margin_m=-0.00652818948,ground_clearance,ground_clearance_margin_m,-0.006528189482347457,"{""ei_dominance_margin_min_nm2"":7474.636581284328,""ei_ratio_margin_min"":3.2871277543936177,""equivalent_buckling_margin"":0.8626374498749604,""equivalent_failure_margin"":0.6957678779863077,""equivalent_tip_margin"":1.3518952764083212,""equivalent_twist_margin"":1.8709350479138789,""ground_clearance_margin_m"":-0.006528189482347457,""jig_curvature_margin_per_m"":0.044256343285270755,""jig_prebend_margin_m"":2.2173235535397726,""loaded_shape_main_z_margin_m"":0.025,""loaded_shape_twist_margin_deg"":0.15,""main_hollow_margin_min_m"":0.027098641646027242,""main_radius_taper_margin_min_m"":0.0,""main_thickness_ratio_margin_min_m"":0.021518913316821795,""main_thickness_step_margin_min_m"":0.003,""radius_dominance_margin_min_m"":0.011698641646027238,""rear_hollow_margin_min_m"":0.007390000000000002,""rear_inboard_ei_margin_min_nm2"":4028.723249110143,""rear_main_radius_ratio_margin_min_m"":0.011200000000000002,""rear_radius_taper_margin_min_m"":0.0,""rear_thickness_ratio_margin_min_m"":0.005250000000000001,""rear_thickness_step_margin_min_m"":8.99999999999998e-05}",4.261725791743196e-05,4.261725791743196e-05,2.4007225530097935,5,-0.00547533996964975,0.6001806382524484,0.8032000000000004,3,0.04016000000000002,0.0,18.56882145486795,"[18.56882145486795,17.9284808166155,2.4007225530097935,0.8032000000000004,1.8092753907847527]",analysis complete
2.025,target_main_tip_z_2p025m,100,active_wall_probe,probe:wall_thickness_fraction:plus,c8e45a506202,"baseline_uniform|1.000000,1.000000,1.000000,1.000000,0.030000",baseline_uniform,Uniform baseline rib family,1.0,1.0,1.0,1.0,0.03,1.14,0.8,1.12,1.0,0.03,"[69.8478,69.8478,69.8478,69.8478,62.96408,55.797283]","[67.8158,67.8158,67.8158,67.8158,60.93208,53.765283]","[1.016,1.016,1.016,1.016,1.016,1.016]","[22.4,22.4,22.4,22.4,22.4,22.4]","[20.368,20.368,20.368,20.368,14.368,14.368]","[1.016,1.016,1.016,1.016,4.016,4.016]",69.8478,67.8158,1.016,22.400000000000002,20.368000000000006,1.016,18.575775627654878,21.075775627654878,"[29932.53,29932.53,29932.53,29932.53,21821.359,15091.326]","[899.348,899.348,899.348,899.348,2361.277,2361.277]","[3904.243,3904.243,3904.243,3904.243,2846.264,1968.434]","[117.306,117.306,117.306,117.306,307.993,307.993]",17452.603174198903,30831.87721735243,2276.4265009824653,4021.549202263361,0.8544644093222346,0.05563129203065131,0.05563129203065131,1.406378238491961,0.07537069130412234,0.0,0.0,0.0,0.0,2.7755575615628914e-17,2.533725810203382e-18,2605.492896559545,2605.492896559545,[2605.493],fail,1682.6519328501172,False,False,moment_closure,False,True,False,pass,True,True,True,True,pass,True,False,False,eligible_but_higher_objective_than_reported_selected,,rear_thickness_step_margin_min_m,-1.3010426069826053e-18,"{""ei_dominance_margin_min_nm2"":10368.770969787625,""ei_ratio_margin_min"":4.3911702044540535,""equivalent_buckling_margin"":0.8947947283907213,""equivalent_failure_margin"":0.7776481722262735,""equivalent_tip_margin"":1.6955355906777654,""equivalent_twist_margin"":1.904235896592808,""ground_clearance_margin_m"":0.05563129203065131,""jig_curvature_margin_per_m"":0.06018043884633541,""jig_prebend_margin_m"":2.620220705832564,""loaded_shape_main_z_margin_m"":0.025,""loaded_shape_twist_margin_deg"":0.15,""main_hollow_margin_min_m"":0.02688264164602724,""main_radius_taper_margin_min_m"":0.0,""main_thickness_ratio_margin_min_m"":0.021302913316821794,""main_thickness_step_margin_min_m"":0.003,""radius_dominance_margin_min_m"":0.011698641646027238,""rear_hollow_margin_min_m"":0.007084,""rear_inboard_ei_margin_min_nm2"":5087.158421348757,""rear_main_radius_ratio_margin_min_m"":0.011200000000000002,""rear_radius_taper_margin_min_m"":0.0,""rear_thickness_ratio_margin_min_m"":0.004944,""rear_thickness_step_margin_min_m"":-1.3010426069826053e-18}",1.692711865184094e-36,1.692711865184094e-36,0.0,0,0.05842587041543619,0.0,1.0000000000000033,3,0.05000000000000017,0.0,21.12577562765488,"[21.12577562765488,21.075775627654878,0.0,1.0000000000000033,1.406378238491961]",analysis complete
