{
  "status": "captured",
  "requested_surface_tags": [],
  "selected_surface_tags": [
    6,
    8,
    11,
    5
  ],
  "hotspot_surface_counts": {
    "1": 1,
    "2": 1,
    "4": 2,
    "5": 5,
    "6": 6,
    "8": 1,
    "9": 1,
    "11": 3
  },
  "surface_reports": [
    {
      "surface_id": 6,
      "surface_area": 0.24,
      "surface_bbox": {
        "x_min": -1e-07,
        "y_min": -1e-07,
        "z_min": 0.1799999,
        "x_max": 1.0000001,
        "y_max": 0.2400001,
        "z_max": 0.1800001
      },
      "surface_role": "aircraft",
      "surface_triangle_count": 8,
      "surface_triangle_quality": {
        "triangle_count": 8,
        "min_area": 0.03,
        "gamma": {
          "count": 8,
          "min": 0.5147253514320586,
          "p01": 0.5147253514320586,
          "p05": 0.5147253514320586,
          "p50": 0.7489570392644334,
          "p95": 0.9831887270968083,
          "p99": 0.9831887270968083,
          "max": 0.9831887270968083
        },
        "aspect_ratio": {
          "count": 8,
          "min": 1.1554520519885039,
          "p01": 1.1554520519885039,
          "p05": 1.1554520519885036,
          "p50": 1.4792490834625256,
          "p95": 1.803046114936547,
          "p99": 1.8030461149365473,
          "max": 1.8030461149365473
        },
        "min_edge_length": 0.24,
        "max_edge_length": 0.5
      },
      "boundary_curves": [
        {
          "curve_id": 4,
          "curve_length": 0.24,
          "owner_surface_tags": [
            1,
            6
          ],
          "node_count": 2,
          "min_edge_length": 0.24,
          "max_edge_length": 0.24,
          "max_min_edge_ratio": 1.0
        },
        {
          "curve_id": 6,
          "curve_length": 1.0,
          "owner_surface_tags": [
            2,
            6
          ],
          "node_count": 3,
          "min_edge_length": 0.5,
          "max_edge_length": 0.5,
          "max_min_edge_ratio": 1.0
        },
        {
          "curve_id": 10,
          "curve_length": 0.24,
          "owner_surface_tags": [
            3,
            6
          ],
          "node_count": 2,
          "min_edge_length": 0.24,
          "max_edge_length": 0.24,
          "max_min_edge_ratio": 1.0
        },
        {
          "curve_id": 12,
          "curve_length": 1.0,
          "owner_surface_tags": [
            4,
            6
          ],
          "node_count": 3,
          "min_edge_length": 0.5,
          "max_edge_length": 0.5,
          "max_min_edge_ratio": 1.0
        }
      ],
      "adjacent_surfaces": [
        1,
        2,
        3,
        4
      ],
      "local_target_size_hint": 0.5,
      "family_hints": [
        "tiny_face_candidate",
        "high_aspect_strip_candidate",
        "span_extreme_candidate",
        "span_extreme_strip_candidate"
      ],
      "worst_tets_near_this_surface": {
        "count": 6,
        "min_gamma": 0.24042523808814004,
        "min_sicn": 0.26988141353097633,
        "min_sige": 0.3076202374066302,
        "min_volume": 0.0013462528495851215,
        "entries": [
          {
            "element_id": 11470,
            "barycenter": [
              -0.30385292192546265,
              0.14366165948329426,
              0.19482505332324346
            ],
            "distance_to_surface": 0.014825053323243464,
            "nearest_surface_id": 6,
            "nearest_curve_id": 4,
            "local_tetra_edge_length_min": 0.15,
            "local_tetra_edge_length_max": 0.7429760901863468,
            "min_sicn": 0.26988141353097633,
            "min_sige": 0.45595203337845164,
            "gamma": 0.2931910002625272,
            "volume": 0.00486765630884985
          },
          {
            "element_id": 7854,
            "barycenter": [
              1.093489781221189,
              0.10290513514219218,
              0.24664669244482484
            ],
            "distance_to_surface": 0.06664669244482485,
            "nearest_surface_id": 6,
            "nearest_curve_id": 10,
            "local_tetra_edge_length_min": 0.15,
            "local_tetra_edge_length_max": 0.5864818159999412,
            "min_sicn": 0.2871755399505867,
            "min_sige": 0.4578496166198818,
            "gamma": 0.24042523808814004,
            "volume": 0.0013462528495851215
          },
          {
            "element_id": 8906,
            "barycenter": [
              -0.128435846241383,
              0.13261903772966685,
              0.2313334987225531
            ],
            "distance_to_surface": 0.051333498722553106,
            "nearest_surface_id": 6,
            "nearest_curve_id": 4,
            "local_tetra_edge_length_min": 0.15,
            "local_tetra_edge_length_max": 0.6441757485542724,
            "min_sicn": 0.3096013170462478,
            "min_sige": 0.5441891203149706,
            "gamma": 0.28966998165807556,
            "volume": 0.0018494761858759148
          },
          {
            "element_id": 9434,
            "barycenter": [
              3.7569919076228566,
              -1.1400185948888968,
              0.45250442994535955
            ],
            "distance_to_surface": 0.27250442994535956,
            "nearest_surface_id": 6,
            "nearest_curve_id": 10,
            "local_tetra_edge_length_min": 0.50749257301597,
            "local_tetra_edge_length_max": 0.7603389054233191,
            "min_sicn": 0.31178622677147744,
            "min_sige": 0.3076202374066302,
            "gamma": 0.30817894757977676,
            "volume": 0.0074981920608452185
          },
          {
            "element_id": 4318,
            "barycenter": [
              -0.2648136296012957,
              -0.07864586892019497,
              0.17713055554889792
            ],
            "distance_to_surface": 0.002869444451102071,
            "nearest_surface_id": 6,
            "nearest_curve_id": 4,
            "local_tetra_edge_length_min": 0.18,
            "local_tetra_edge_length_max": 0.7180635796052848,
            "min_sicn": 0.31270682235123315,
            "min_sige": 0.5099122989897307,
            "gamma": 0.32569385786285865,
            "volume": 0.008025631242003048
          },
          {
            "element_id": 5426,
            "barycenter": [
              1.993196345182335,
              -1.1225873557312176,
              0.7925341135043639
            ],
            "distance_to_surface": 0.6125341135043638,
            "nearest_surface_id": 6,
            "nearest_curve_id": 10,
            "local_tetra_edge_length_min": 0.5026172783439044,
            "local_tetra_edge_length_max": 0.8718481239267952,
            "min_sicn": 0.3146330051898348,
            "min_sige": 0.31586322399776995,
            "gamma": 0.3112281052115838,
            "volume": 0.011037553291518332
          }
        ]
      }
    },
    {
      "surface_id": 8,
      "surface_area": null,
      "surface_bbox": null,
      "surface_role": null,
      "surface_triangle_count": 520,
      "surface_triangle_quality": {
        "triangle_count": 520,
        "min_area": 0.05004259183483682,
        "gamma": {
          "count": 520,
          "min": 0.7656202658633848,
          "p01": 0.8842676967244798,
          "p05": 0.9024585652322468,
          "p50": 0.9999641590000532,
          "p95": 1.0,
          "p99": 1.0000000000000002,
          "max": 1.0000000000000002
        },
        "aspect_ratio": {
          "count": 520,
          "min": 1.0000000000000002,
          "p01": 1.0000000000000009,
          "p05": 1.0000000000000115,
          "p50": 1.0066727405669875,
          "p95": 1.3636511903500048,
          "p99": 1.426405347308124,
          "max": 1.6622530302398917
        },
        "min_edge_length": 0.3241708896418846,
        "max_edge_length": 0.6807186738045032
      },
      "boundary_curves": [],
      "adjacent_surfaces": [],
      "local_target_size_hint": 0.5,
      "family_hints": [],