{
  "status": "captured",
  "requested_surface_tags": [],
  "selected_surface_tags": [
    8,
    7,
    3,
    4
  ],
  "hotspot_surface_counts": {
    "1": 2,
    "2": 1,
    "3": 1,
    "4": 3,
    "5": 1,
    "6": 4,
    "7": 5,
    "8": 3
  },
  "surface_reports": [
    {
      "surface_id": 8,
      "surface_area": 0.23768022408064743,
      "surface_bbox": {
        "x_min": 1.4086813889871477,
        "y_min": -1.0000000000016075e-07,
        "z_min": 0.04546235691095781,
        "x_max": 2.8176664452664038,
        "y_max": 0.19705929178244225,
        "z_max": 0.6065534199608783
      },
      "surface_role": "aircraft",
      "surface_triangle_count": 25,
      "surface_triangle_quality": {
        "triangle_count": 25,
        "min_area": 0.0003013596547744272,
        "gamma": {
          "count": 25,
          "min": 0.036611848263014425,
          "p01": 0.05425156886869417,
          "p05": 0.1252562459133869,
          "p50": 0.8687332907726433,
          "p95": 0.9893746983925051,
          "p99": 0.9965593029143834,
          "max": 0.9983863234827466
        },
        "aspect_ratio": {
          "count": 25,
          "min": 1.044661528522436,
          "p01": 1.060218328943839,
          "p05": 1.1189732547510545,
          "p50": 1.6088951929348647,
          "p95": 3.9838691574534923,
          "p99": 7.28665236212762,
          "max": 8.31262513218843
        },
        "min_edge_length": 0.021667879674971136,
        "max_edge_length": 0.2349474912945012
      },
      "boundary_curves": [
        {
          "curve_id": 8,
          "curve_length": 0.48303967953862403,
          "owner_surface_tags": [
            4,
            8
          ],
          "node_count": 4,
          "min_edge_length": 0.15380696026080984,
          "max_edge_length": 0.16073420595582594,
          "max_min_edge_ratio": 1.045038570967592
        },
        {
          "curve_id": 9,
          "curve_length": 1.443279876689393,
          "owner_surface_tags": [
            5,
            8
          ],
          "node_count": 9,
          "min_edge_length": 0.17984716364189082,
          "max_edge_length": 0.18040598267882413,
          "max_min_edge_ratio": 1.0031071884905898
        },
        {
          "curve_id": 12,
          "curve_length": 1.5443037919913147,
          "owner_surface_tags": [
            7,
            8
          ],
          "node_count": 9,
          "min_edge_length": 0.19258508396316473,
          "max_edge_length": 0.19303797268325873,
          "max_min_edge_ratio": 1.0023516292683425
        }
      ],
      "adjacent_surfaces": [
        4,
        5,
        7
      ],
      "local_target_size_hint": 0.2,
      "family_hints": [
        "span_extreme_candidate",
        "root_plane_cap_candidate"
      ],
      "worst_tets_near_this_surface": {
        "count": 3,
        "min_gamma": 0.00023717815181186917,
        "min_sicn": 0.01151635805047023,
        "min_sige": 0.011963541145045747,
        "min_volume": 2.143323815175693e-05,
        "entries": [
          {
            "element_id": 165651,
            "barycenter": [
              2.603405768029489,
              0.05160163126703288,
              0.09947815763922993
            ],
            "distance_to_surface": 0.05164031991695385,
            "nearest_surface_id": 8,
            "nearest_curve_id": 9,
            "local_tetra_edge_length_min": 0.18011696114739992,
            "local_tetra_edge_length_max": 0.3875442429285186,
            "min_sicn": 0.01151635805047023,
            "min_sige": 0.011963541145045747,
            "gamma": 0.00023717815181186917,
            "volume": 2.143323815175693e-05
          },
          {
            "element_id": 172002,
            "barycenter": [
              2.6630306801477257,
              0.0465619520167377,
              0.10641305653383157
            ],
            "distance_to_surface": 0.05298459607776629,
            "nearest_surface_id": 8,
            "nearest_curve_id": 12,
            "local_tetra_edge_length_min": 0.06124130578488732,
            "local_tetra_edge_length_max": 0.3875442429285186,
            "min_sicn": 0.06738094276689749,
            "min_sige": 0.09312979889718519,
            "gamma": 0.021867895391105736,
            "volume": 5.5908550210139386e-05
          },
          {
            "element_id": 172001,
            "barycenter": [
              2.6147711869769115,
              0.0465619520167377,
              0.10641305653383157
            ],
            "distance_to_surface": 0.052119847231613906,
            "nearest_surface_id": 8,
            "nearest_curve_id": 12,
            "local_tetra_edge_length_min": 0.021667879674971136,
            "local_tetra_edge_length_max": 0.2954609734639697,
            "min_sicn": 0.1514157179334001,
            "min_sige": 0.4395064860708406,
            "gamma": 0.13014654293497166,
            "volume": 4.480479188813649e-05
          }
        ]
      }
    },
    {
      "surface_id": 7,
      "surface_area": 0.07772106715503566,
      "surface_bbox": {
        "x_min": 1.4086813889871477,
        "y_min": -0.19705466202699418,
        "z_min": 0.04546235691095791,
        "x_max": 2.8176664452664038,
        "y_max": 1.0000000066623977e-07,
        "z_max": 0.6065534199608783
      },
      "surface_role": "aircraft",
      "surface_triangle_count": 25,
      "surface_triangle_quality": {
        "triangle_count": 25,
        "min_area": 0.0009146179139145832,
        "gamma": {
          "count": 25,
          "min": 0.15105663249220083,
          "p01": 0.1536105880960151,
          "p05": 0.1779016571741277,
          "p50": 0.8637321221404097,
          "p95": 0.9894443860170244,
          "p99": 0.9920681917176966,
          "max": 0.9927831760515027
        },
        "aspect_ratio": {
          "count": 25,
          "min": 1.1085915983529135,
          "p01": 1.110962044693838,
          "p05": 1.1218622807317349,
          "p50": 1.6139900076484108,
          "p95": 4.923383484595795,
          "p99": 8.02171110829865,
          "max": 8.908946772593744
        },
        "min_edge_length": 0.021667878101718392,
        "max_edge_length": 0.2484048998769587
      },
      "boundary_curves": [
        {
          "curve_id": 6,
          "curve_length": 0.48303965719700304,
          "owner_surface_tags": [
            3,
            7
          ],
          "node_count": 4,
          "min_edge_length": 0.15380695353491844,
          "max_edge_length": 0.1607342204493347,
          "max_min_edge_ratio": 1.0450387108983572
        },
        {
          "curve_id": 11,
          "curve_length": 1.4432798766893926,
          "owner_surface_tags": [
            6,
            7
          ],
          "node_count": 9,
          "min_edge_length": 0.1798471574947844,
          "max_edge_length": 0.180405985611545,
          "max_min_edge_ratio": 1.0031072390831466
        },
        {
          "curve_id": 12,
          "curve_length": 1.5443037919913147,
          "owner_surface_tags": [
            7,
            8
          ],
          "node_count": 9,
          "min_edge_length": 0.19258508396316473,
          "max_edge_length": 0.19303797268325873,
          "max_min_edge_ratio": 1.0023516292683425
        }
      ],
      "adjacent_surfaces": [
        3,
        6,
        8
      ],
      "local_target_size_hint": 0.2,
      "family_hints": [
        "tiny_face_candidate",
        "span_extreme_candidate",
        "root_plane_cap_candidate"
      ],
      "worst_tets_near_this_surface": {
        "count": 5,
        "min_gamma": 0.002969636540860357,
        "min_sicn": 0.029911176695922883,
        "min_sige": 0.04263744504490871,
        "min_volume": 2.077549730286295e-05,
        "entries": [
          {
            "element_id": 172066,
            "barycenter": [
              2.721015330870368,
              -3.657411666777629e-05,
              0.13095577658775692
            ],