z_state,case_label,shape_name,station_index,eta,y_m,main_z_m,rear_z_m,main_slope_dzdy,main_curvature_d2zdy2,eta_at_max_abs_curvature,eta_at_max_abs_slope
6deg,target_main_tip_z_1p804m,requested_loaded,0,0.0,0.0,0.07143912961806514,0.0651858601168413,0.023295392129766827,0.000879338195289024,0.5254237288135593,1.0
6deg,target_main_tip_z_1p804m,requested_loaded,1,0.01694915254237288,0.29095157627118645,0.0782169606780762,0.07251816470923678,0.02355123696376163,0.0013201070682629865,0.5254237288135593,1.0
6deg,target_main_tip_z_1p804m,requested_loaded,2,0.03389830508474576,0.5819031525423729,0.0851436686535505,0.08000542476311598,0.024063566594482527,0.0017630754918960337,0.5254237288135593,1.0
6deg,target_main_tip_z_1p804m,requested_loaded,3,0.05084745762711864,0.8728547288135593,0.09221962594081892,0.08764771889034495,0.024577176150666125,0.0017674745932141148,0.5254237288135593,1.0
6deg,target_main_tip_z_1p804m,requested_loaded,4,0.06779661016949153,1.1638063050847458,0.09944520493621234,0.09544512570648377,0.025092065632312366,0.001771873694532189,0.5254237288135593,1.0
6deg,target_main_tip_z_1p804m,requested_loaded,5,0.0847457627118644,1.4547578813559323,0.10682077803606162,0.10339772383036998,0.025608235039421307,0.0017762727958504504,0.5254237288135593,1.0
6deg,target_main_tip_z_1p804m,requested_loaded,6,0.10169491525423728,1.7457094576271186,0.11434671763669765,0.11150559188370199,0.026125684371993002,0.001780671897168587,0.5254237288135593,1.0
6deg,target_main_tip_z_1p804m,requested_loaded,7,0.11864406779661016,2.036661033898305,0.12202339613445133,0.11976880849062242,0.026644413630027314,0.0017850709984866611,0.5254237288135593,1.0
6deg,target_main_tip_z_1p804m,requested_loaded,8,0.13559322033898305,2.3276126101694916,0.12985118592565353,0.12818745227730152,0.027164422813524353,0.009985320914938783,0.5254237288135593,1.0
6deg,target_main_tip_z_1p804m,requested_loaded,9,0.15254237288135591,2.618564186440678,0.1378304594066351,0.13676160187152053,0.032454903349577485,0.024866334312488227,0.5254237288135593,1.0
6deg,target_main_tip_z_1p804m,requested_loaded,10,0.1694915254237288,2.9095157627118646,0.1487367965002307,0.14812146977659976,0.04163422114213383,0.023664848357982736,0.5254237288135593,1.0
6deg,target_main_tip_z_1p804m,requested_loaded,11,0.1864406779661017,3.200467338983051,0.1620575439428891,0.16178397587098087,0.04622555321352484,0.009411070892869897,0.5254237288135593,1.0
6deg,target_main_tip_z_1p804m,requested_loaded,12,0.20338983050847456,3.491418915254237,0.175635591643196,0.1757054623496417,0.04711055296349459,0.0030440083114261773,0.5254237288135593,1.0
6deg,target_main_tip_z_1p804m,requested_loaded,13,0.22033898305084743,3.7823704915254237,0.18947132323036098,0.1898861404294182,0.047996871246308914,0.00304854010624081,0.5254237288135593,1.0
6deg,target_main_tip_z_1p804m,requested_loaded,14,0.23728813559322032,4.07332206779661,0.20356512233359356,0.20432622132700368,0.04888450806196798,0.0030530719010558177,0.5254237288135593,1.0
6deg,target_main_tip_z_1p804m,requested_loaded,15,0.2542372881355932,4.364273644067797,0.21791737258210322,0.21902591625894133,0.04977346341047184,0.0030576036958705755,0.5254237288135593,1.0
6deg,target_main_tip_z_1p804m,requested_loaded,16,0.2711864406779661,4.655225220338983,0.23252845760509952,0.2339854364416158,0.05066373729182028,0.003062135490685222,0.5254237288135593,1.0
6deg,target_main_tip_z_1p804m,requested_loaded,17,0.28813559322033894,4.946176796610169,0.24739876103179198,0.24920499309124491,0.05155532970601345,0.0030666672855002297,0.5254237288135593,1.0
6deg,target_main_tip_z_1p804m,requested_loaded,18,0.30508474576271183,5.237128372881356,0.26252866649139023,0.2646847974238721,0.052448240653051426,0.003071199080315168,0.5254237288135593,1.0
6deg,target_main_tip_z_1p804m,requested_loaded,19,0.3220338983050847,5.528079949152542,0.27791855761310363,0.2804250606553574,0.05334247013293408,0.008959115380827234,0.5254237288135593,1.0
6deg,target_main_tip_z_1p804m,requested_loaded,20,0.3389830508474576,5.819031525423729,0.29356881802614193,0.29642599400137026,0.057661578137145675,0.025988472377641902,0.5254237288135593,1.0
6deg,target_main_tip_z_1p804m,requested_loaded,21,0.3559322033898305,6.109983101694915,0.31147201171167704,0.31450372280659317,0.06846524413924426,0.03156985610202401,0.5254237288135593,1.0
6deg,target_main_tip_z_1p804m,requested_loaded,22,0.3728813559322034,6.400934677966102,0.3334089594303515,0.3362874562917947,0.0760321769282225,0.015187199018011188,0.5254237288135593,1.0
6deg,target_main_tip_z_1p804m,requested_loaded,23,0.38983050847457623,6.691886254237288,0.35571537516086915,0.35844011365821754,0.07730272312611342,0.0043692203912321925,0.5254237288135593,1.0
6deg,target_main_tip_z_1p804m,requested_loaded,24,0.4067796610169491,6.982837830508474,0.378391657717547,0.38096217252498166,0.07857464004803294,0.004373931567044076,0.5254237288135593,1.0
6deg,target_main_tip_z_1p804m,requested_loaded,25,0.423728813559322,7.273789406779661,0.40143820591470175,0.40385411050785835,0.07984792769398097,0.00437864274285657,0.5254237288135593,1.0
6deg,target_main_tip_z_1p804m,requested_loaded,26,0.44067796610169485,7.564740983050847,0.42485541856665,0.42711640521991623,0.08112258606395795,0.0043833539186690085,0.5254237288135593,1.0
6deg,target_main_tip_z_1p804m,requested_loaded,27,0.4576271186440678,7.855692559322034,0.44864369448770886,0.4507495342721672,0.08239861515796343,0.004388065094480531,0.5254237288135593,1.0
6deg,target_main_tip_z_1p804m,requested_loaded,28,0.47457627118644063,8.14664413559322,0.47280343249219464,0.47475397527421137,0.0836760149759973,0.004392776270292803,0.5254237288135593,1.0
6deg,target_main_tip_z_1p804m,requested_loaded,29,0.4915254237288135,8.437595711864407,0.49733503139442453,0.4991302058348838,0.08495478551806013,0.010124874702928777,0.5254237288135593,1.0
6deg,target_main_tip_z_1p804m,requested_loaded,30,0.5084745762711864,8.728547288135594,0.522238890008715,0.5238787035628991,0.08956771148472809,0.02823290620910121,0.5254237288135593,1.0
6deg,target_main_tip_z_1p804m,requested_loaded,31,0.5254237288135593,9.01949886440678,0.5494547650733934,0.5508101584727717,0.1013836026465692,0.03519727934376382,0.5254237288135593,1.0
6deg,target_main_tip_z_1p804m,requested_loaded,32,0.5423728813559322,9.310450440677966,0.5812343280048569,0.5820322007967375,0.11004911929577876,0.017720966126651777,0.5254237288135593,1.0
6deg,target_main_tip_z_1p804m,requested_loaded,33,0.559322033898305,9.601402016949153,0.6134926945261189,0.6137352300294547,0.11169548870176449,0.0056610513305521415,0.5254237288135593,1.0
6deg,target_main_tip_z_1p804m,requested_loaded,34,0.5762711864406779,9.892353593220339,0.6462302850051745,0.6459199665334517,0.11334330291173123,0.0056660171190165975,0.5254237288135593,1.0
6deg,target_main_tip_z_1p804m,requested_loaded,35,0.5932203389830508,10.183305169491526,0.6794475198100204,0.6785871307043573,0.1149925619256793,0.005670982907480887,0.5254237288135593,1.0
6deg,target_main_tip_z_1p804m,requested_loaded,36,0.6101694915254237,10.474256745762712,0.7131448193086515,0.7117374429762771,0.11664326574360828,0.0056759486959448435,0.5254237288135593,1.0
6deg,target_main_tip_z_1p804m,requested_loaded,37,0.6271186440677966,10.7652083220339,0.7473226038690639,0.7453716238271733,0.11829541436551838,0.005680914484408051,0.5254237288135593,1.0
6deg,target_main_tip_z_1p804m,requested_loaded,38,0.6440677966101694,11.056159898305085,0.7819812938592529,0.7794903937842437,0.11994900779140893,0.00568588027287234,0.5254237288135593,1.0
6deg,target_main_tip_z_1p804m,requested_loaded,39,0.6610169491525423,11.347111474576272,0.8171213096472144,0.8140944734293032,0.12160404602128128,0.005690846061337379,0.5254237288135593,1.0
6deg,target_main_tip_z_1p804m,requested_loaded,40,0.6779661016949152,11.638063050847459,0.8527430716009443,0.8491845834041658,0.12326052905513452,0.017458383737345845,0.5254237288135593,1.0
6deg,target_main_tip_z_1p804m,requested_loaded,41,0.6949152542372881,11.929014627118644,0.8888470000884378,0.8847614444160288,0.13176313455633726,0.034495118096664834,0.5254237288135593,1.0
6deg,target_main_tip_z_1p804m,requested_loaded,42,0.711864406779661,12.21996620338983,0.9294164549881418,0.9247654953811096,0.14333334702290523,0.028275143482735243,0.5254237288135593,1.0
6deg,target_main_tip_z_1p804m,requested_loaded,43,0.7288135593220338,12.510917779661018,0.9722531265855164,0.9670248031806522,0.14821652968752885,0.0117852977959029,0.5254237288135593,1.0
6deg,target_main_tip_z_1p804m,requested_loaded,44,0.7457627118644068,12.801869355932205,1.0156641208722053,1.0098655952783762,0.15019124896399183,0.006789764178530111,0.5254237288135593,1.0
6deg,target_main_tip_z_1p804m,requested_loaded,45,0.7627118644067796,13.09282093220339,1.0596498878419396,1.0532886826746373,0.15216751486803481,0.006795079934508619,0.5254237288135593,1.0
6deg,target_main_tip_z_1p804m,requested_loaded,46,0.7796610169491525,13.383772508474577,1.1042108774884531,1.0972948765004331,0.1541453273996598,0.006800395690487071,0.5254237288135593,1.0
6deg,target_main_tip_z_1p804m,requested_loaded,47,0.7966101694915254,13.674724084745764,1.149347539805478,1.14188498802476,0.1561246865588648,0.014121990663596151,0.5254237288135593,1.0
6deg,target_main_tip_z_1p804m,requested_loaded,48,0.8135593220338982,13.965675661016949,1.1950603247867462,1.1870598286619753,0.16236295828698033,0.026074218398757343,0.5254237288135593,1.0
6deg,target_main_tip_z_1p804m,requested_loaded,49,0.8305084745762711,14.256627237288136,1.2438270570887777,1.2354054673617412,0.17129735644518007,0.023574816887655392,0.5254237288135593,1.0
6deg,target_main_tip_z_1p804m,requested_loaded,50,0.847457627118644,14.547578813559323,1.294738796524371,1.2859706677169396,0.1760812185545162,0.011995183770268092,0.5254237288135593,1.0
6deg,target_main_tip_z_1p804m,requested_loaded,51,0.864406779661017,14.83853038983051,1.3462892732691534,1.3371831189618393,0.1782773916964242,0.007551110141632511,0.5254237288135593,1.0
6deg,target_main_tip_z_1p804m,requested_loaded,52,0.8813559322033897,15.129481966101695,1.3984789727795515,1.3890435871561233,0.1804752333511268,0.014676697806496442,0.5254237288135593,1.0
6deg,target_main_tip_z_1p804m,requested_loaded,53,0.8983050847457626,15.420433542372882,1.4513083805119944,1.4415528384738336,0.18681780841893625,0.0227073748312151,0.5254237288135593,1.0
6deg,target_main_tip_z_1p804m,requested_loaded,54,0.9152542372881356,15.711385118644069,1.5071888444495876,1.4971361552113198,0.19368872635137224,0.016618458272688985,0.5254237288135593,1.0
6deg,target_main_tip_z_1p804m,requested_loaded,55,0.9322033898305083,16.002336694915254,1.5640164609877747,1.5536791344949414,0.19648814167820783,0.014529205168592907,0.5254237288135593,1.0
6deg,target_main_tip_z_1p804m,requested_loaded,56,0.9491525423728813,16.29328827118644,1.621525913529329,1.6109153203775304,0.2021433166429114,0.01983813373207033,0.5254237288135593,1.0
6deg,target_main_tip_z_1p804m,requested_loaded,57,0.9661016949152542,16.584239847457628,1.6816442942076562,1.6711574887114558,0.20803201423745676,0.014654576967474464,0.5254237288135593,1.0
6deg,target_main_tip_z_1p804m,requested_loaded,58,0.983050847457627,16.875191423728815,1.742580398443845,1.7322420692417217,0.21067086117945966,0.006654778773044601,0.5254237288135593,1.0
6deg,target_main_tip_z_1p804m,requested_loaded,59,1.0,17.166143,1.8042343324768007,1.794048719360518,0.2119044509849635,0.004239845754793391,0.5254237288135593,1.0
6deg,target_main_tip_z_1p804m,jig_unloaded,0,-2.1976562958467678e-26,-3.771191658869107e-25,0.07143912961806514,0.0651858601168413,0.022994872301922903,-0.00012019840389424318,0.6951511270875238,1.0
6deg,target_main_tip_z_1p804m,jig_unloaded,1,0.01695508499467554,0.2909502965872123,0.07812949453429469,0.07116714170182258,0.022959900540660563,-0.00015400584004690576,0.6951511270875238,1.0
6deg,target_main_tip_z_1p804m,jig_unloaded,2,0.03391036853227883,0.5819040001832206,0.08479958734818484,0.07536290633957528,0.022905255457182222,-0.0001410893886607048,0.6951511270875238,1.0
6deg,target_main_tip_z_1p804m,jig_unloaded,3,0.05086584186955478,0.8728609607532323,0.0914583068221269,0.0789144706271979,0.022877799425159495,-5.993419179228798e-05,0.6951511270875238,1.0
6deg,target_main_tip_z_1p804m,jig_unloaded,4,0.0678215008279531,1.1638211065930686,0.09811257014111699,0.08300115749083169,0.022870378945060804,6.13856188829906e-05,0.6951511270875238,1.0
6deg,target_main_tip_z_1p804m,jig_unloaded,5,0.08477735172806847,1.454784546164521,0.10476711973993953,0.08884029624253455,0.022913521736974196,0.00036642934275976646,0.6951511270875238,1.0
6deg,target_main_tip_z_1p804m,jig_unloaded,6,0.10173328056787083,1.7457493231857744,0.1114465950958058,0.09616444509967477,0.02308361510254081,0.0008095746798939263,0.6951511270875238,1.0
6deg,target_main_tip_z_1p804m,jig_unloaded,7,0.11868928514205976,2.0367153998137377,0.11820018791278515,0.10354318122561108,0.02338463880633765,0.0011878586731819546,0.6951511270875238,1.0
6deg,target_main_tip_z_1p804m,jig_unloaded,8,0.13564537172943505,2.327682883793001,0.12505490170883568,0.1105561659649498,0.023774870361197187,0.00967035353710629,0.6951511270875238,1.0
6deg,target_main_tip_z_1p804m,jig_unloaded,9,0.15260150153226992,2.6186511093521956,0.13203563428674817,0.116821165605654,0.02901217520699484,0.024778648026948805,0.6951511270875238,1.0
6deg,target_main_tip_z_1p804m,jig_unloaded,10,0.16955811694660528,2.9096276680344704,0.14193846942886346,0.12469720531160709,0.03819478832432727,0.023730415183753212,0.6951511270875238,1.0
6deg,target_main_tip_z_1p804m,jig_unloaded,11,0.18651511231678333,3.200610746782269,0.15426351372122438,0.1338698496453005,0.04282221695064742,0.009559455598467645,0.6951511270875238,1.0
6deg,target_main_tip_z_1p804m,jig_unloaded,12,0.20347209916759756,3.491593679337263,0.1668595440866253,0.14284766447536945,0.04375806842387864,0.003225898736322924,0.6951511270875238,1.0
6deg,target_main_tip_z_1p804m,jig_unloaded,13,0.22042904878187644,3.7825759729110304,0.1797291873055851,0.15227929742177176,0.04469957782577105,0.0032336331633828624,0.6951511270875238,1.0
6deg,target_main_tip_z_1p804m,jig_unloaded,14,0.23738596627019035,4.073557715201272,0.19287309027987953,0.1628523055252512,0.045639926632340067,0.0032353645562139405,0.6951511270875238,1.0
6deg,target_main_tip_z_1p804m,jig_unloaded,15,0.2543428753654588,4.36453931346634,0.20628995133613356,0.17529315533661932,0.046582441389747264,0.0033158349618672145,0.6951511270875238,1.0
6deg,target_main_tip_z_1p804m,jig_unloaded,16,0.2712996445957716,4.655518511640205,0.21998224269837507,0.18978221838964054,0.047569612219206414,0.0035134074093490786,0.6951511270875238,1.0
6deg,target_main_tip_z_1p804m,jig_unloaded,17,0.2882563073597382,4.94649588284505,0.23397339779287335,0.20551153444094722,0.04862709147103511,0.003732392199889467,0.6951511270875238,1.0
6deg,target_main_tip_z_1p804m,jig_unloaded,18,0.3052128799849848,5.237471707263944,0.2482809322916087,0.2218266811537148,0.04974168948358815,0.0039181568516701015,0.6951511270875238,1.0
6deg,target_main_tip_z_1p804m,jig_unloaded,19,0.32216931179268127,5.528445115245053,0.2629205330474398,0.2381125549194941,0.05090725941990554,0.009956660498698464,0.6951511270875238,1.0
6deg,target_main_tip_z_1p804m,jig_unloaded,20,0.339125569022849,5.8194155274650825,0.277906093750927,0.25379337094685356,0.055535870875883964,0.02707738301443624,0.6951511270875238,1.0
6deg,target_main_tip_z_1p804m,jig_unloaded,21,0.3560817930293189,6.110385369564423,0.2952390872692273,0.2702052108194606,0.06666466584127773,0.032671184552081595,0.6951511270875238,1.0
6deg,target_main_tip_z_1p804m,jig_unloaded,22,0.37303804406678254,6.401355675517269,0.3167009458424812,0.2889318517177935,0.07454853967820774,0.016222218169437808,0.6951511270875238,1.0
6deg,target_main_tip_z_1p804m,jig_unloaded,23,0.3899940789721718,6.692322272630488,0.33862162772572946,0.3072287272170583,0.07610505389480804,0.005271245330673302,0.6951511270875238,1.0
6deg,target_main_tip_z_1p804m,jig_unloaded,24,0.40694987033917196,6.983284690610038,0.36098867848328847,0.3258356464671649,0.07761603093553449,0.005105202574063161,0.6951511270875238,1.0
6deg,target_main_tip_z_1p804m,jig_unloaded,25,0.4239054636800023,7.27424371044839,0.38378805499322544,0.3455338683847983,0.07907588131396615,0.004930272608802272,0.6951511270875238,1.0
6deg,target_main_tip_z_1p804m,jig_unloaded,26,0.44086092228732016,7.565200418251419,0.407004174183978,0.36714610185520224,0.08048503451091993,0.004865080190961185,0.6951511270875238,1.0
6deg,target_main_tip_z_1p804m,jig_unloaded,27,0.45781625493998235,7.856154964664845,0.43062319937681437,0.39111539285930563,0.08190692613504535,0.0050070122134112105,0.6951511270875238,1.0
6deg,target_main_tip_z_1p804m,jig_unloaded,28,0.47477142267110106,8.147106681014488,0.454666323338224,0.41670770797092416,0.08339864559629084,0.005237571581089118,0.6951511270875238,1.0
6deg,target_main_tip_z_1p804m,jig_unloaded,29,0.4917263774430833,8.43805474297231,0.4791528471874151,0.4430927227635414,0.0849546670690634,0.011165907103190514,0.6951511270875238,1.0
6deg,target_main_tip_z_1p804m,jig_unloaded,30,0.5086810727214207,8.7289983520033,0.5041007294504578,0.46948174832793077,0.08989594212659557,0.02940975618830613,0.6951511270875238,1.0
6deg,target_main_tip_z_1p804m,jig_unloaded,31,0.5256354020922257,9.01993568203863,0.531461530323175,0.4969872396686741,0.10206748757197237,0.03643893776044249,0.6951511270875238,1.0
6deg,target_main_tip_z_1p804m,jig_unloaded,32,0.5425891942268508,9.310863793068222,0.5634901251831672,0.5274528864568231,0.11109860022114326,0.018961677511166675,0.6951511270875238,1.0
6deg,target_main_tip_z_1p804m,jig_unloaded,33,0.5595426358289828,9.60178588893877,0.5961042617277029,0.5575112189939467,0.1131004888886924,0.006832619293731301,0.6951511270875238,1.0
6deg,target_main_tip_z_1p804m,jig_unloaded,34,0.5764956706806367,9.89270100494621,0.6292961844187299,0.5877539768176271,0.11507407305878292,0.0067289719115818936,0.6951511270875238,1.0
6deg,target_main_tip_z_1p804m,jig_unloaded,35,0.5934483299430174,10.183609675818728,0.6630570820644285,0.6188166129347218,0.11701556551812686,0.0067992324858484054,0.6951511270875238,1.0
6deg,target_main_tip_z_1p804m,jig_unloaded,36,0.6104006384571042,10.474512327829046,0.6973771538067843,0.651378293869245,0.11902994199713923,0.007323489086196622,0.6951511270875238,1.0
6deg,target_main_tip_z_1p804m,jig_unloaded,37,0.627352572784638,10.765408558775205,0.7323085558458884,0.6858616151960365,0.12127635816493743,0.008030945633002107,0.6951511270875238,1.0
6deg,target_main_tip_z_1p804m,jig_unloaded,38,0.6443037033814352,11.056290997652717,0.7679331191965613,0.7218516425288939,0.12370216635408604,0.008454532785748148,0.6951511270875238,1.0
6deg,target_main_tip_z_1p804m,jig_unloaded,39,0.6612538418652882,11.347156411811364,0.80427198360732,0.7588688230177417,0.1261947605440914,0.00866085052113258,0.6951511270875238,1.0
6deg,target_main_tip_z_1p804m,jig_unloaded,40,0.6782029921433916,11.638004868298845,0.8413423190366099,0.7964747437665259,0.1287403001384122,0.02055327523736522,0.6951511270875238,1.0
6deg,target_main_tip_z_1p804m,jig_unloaded,41,0.6951511270875238,11.928835901593214,0.8791575309488715,0.8342721321565667,0.13814976798209222,0.037605467722369834,0.6951511270875238,1.0
6deg,target_main_tip_z_1p804m,jig_unloaded,42,0.7120971346326872,12.21963042859103,0.921693162046888,0.8758719338456044,0.1506122179533398,0.03128794623491363,0.6951511270875238,1.0
6deg,target_main_tip_z_1p804m,jig_unloaded,43,0.7290415463346075,12.510397570821087,0.9667475862279794,0.9192108333301083,0.1563462717983608,0.014581813245158337,0.6951511270875238,1.0
6deg,target_main_tip_z_1p804m,jig_unloaded,44,0.7459848547290174,12.801145780226717,1.0126108664068505,0.9629590548805198,0.15909196078090715,0.009277341417226082,0.6951511270875238,1.0
6deg,target_main_tip_z_1p804m,jig_unloaded,45,0.762927139339669,13.091876421440372,1.0592561493035222,1.0075147924007173,0.16174085546148653,0.008923317582915091,0.6951511270875238,1.0
6deg,target_main_tip_z_1p804m,jig_unloaded,46,0.7798684691082822,13.382590677506188,1.106654218920047,1.0533178622502684,0.16428038441192094,0.008719299593140717,0.6951511270875238,1.0
6deg,target_main_tip_z_1p804m,jig_unloaded,47,0.7968095531909813,13.673300717586676,1.1547727457225605,1.1017184439250411,0.16681046822675993,0.016185721182118085,0.6951511270875238,1.0
6deg,target_main_tip_z_1p804m,jig_unloaded,48,0.8137499247796774,13.96399853122645,1.2036391036917402,1.1534286569997712,0.17369070685797272,0.028459517435850235,0.6951511270875238,1.0
6deg,target_main_tip_z_1p804m,jig_unloaded,49,0.8306881268326005,14.254659115499528,1.2557488805577808,1.2105538926210888,0.18335529094187653,0.02624137907435642,0.6951511270875238,1.0
6deg,target_main_tip_z_1p804m,jig_unloaded,50,0.8476245844741177,14.54528976556608,1.3102216831477498,1.2717654836460441,0.1889450100889305,0.014819967355189312,0.6951511270875238,1.0
6deg,target_main_tip_z_1p804m,jig_unloaded,51,0.8645598120007026,14.83589930678508,1.3655712503918622,1.335161058444278,0.19196943790643717,0.010351181233931528,0.6951511270875238,1.0
6deg,target_main_tip_z_1p804m,jig_unloaded,52,0.8814937779907185,15.126487199959316,1.4217937626015862,1.4004200808626224,0.194961092489768,0.017213335738151647,0.6951511270875238,1.0
6deg,target_main_tip_z_1p804m,jig_unloaded,53,0.8984265996062144,15.417055455596726,1.4788740298447058,1.467259812325897,0.20197280211031687,0.02484789922419267,0.6951511270875238,1.0
6deg,target_main_tip_z_1p804m,jig_unloaded,54,0.9153572524159952,15.70758649439528,1.539159603868877,1.5377751921233873,0.20940013584093808,0.01841362074024916,0.6951511270875238,1.0
6deg,target_main_tip_z_1p804m,jig_unloaded,55,0.9322869520216722,15.998101176153051,1.6005450205427252,1.6097194842595581,0.21267219157521433,0.015611629444699515,0.6951511270875238,1.0
6deg,target_main_tip_z_1p804m,jig_unloaded,56,0.9492159915095963,16.288604530249767,1.662725951785772,1.682665428423406,0.2184706755988377,0.020095200441708982,0.6951511270875238,1.0
6deg,target_main_tip_z_1p804m,jig_unloaded,57,0.9661441328385553,16.57909247188365,1.727474445035472,1.758553704432087,0.2243473239543099,0.014769020201743588,0.6951511270875238,1.0
6deg,target_main_tip_z_1p804m,jig_unloaded,58,0.9830721164121548,16.869577706425908,1.7930657212904335,1.8353534943733554,0.22705110974250253,0.006809104364027374,0.6951511270875238,1.0
6deg,target_main_tip_z_1p804m,jig_unloaded,59,1.0,17.1600612252065,1.8593840409065214,1.912900252638509,0.22830320940231758,0.004310398280326435,0.6951511270875238,1.0
6deg,target_main_tip_z_1p804m,realizable_loaded,0,0.0,0.0,0.07143912961806514,0.0651858601168413,0.023295392129766827,0.000879338195289024,0.5254237288135593,1.0
6deg,target_main_tip_z_1p804m,realizable_loaded,1,0.01694915254237288,0.29095157627118645,0.0782169606780762,0.07251816470923678,0.02355123696376163,0.0013201070682629865,0.5254237288135593,1.0
6deg,target_main_tip_z_1p804m,realizable_loaded,2,0.03389830508474576,0.5819031525423729,0.0851436686535505,0.08000542476311598,0.024063566594482527,0.0017630754918960337,0.5254237288135593,1.0
6deg,target_main_tip_z_1p804m,realizable_loaded,3,0.05084745762711864,0.8728547288135593,0.09221962594081892,0.08764771889034495,0.024577176150666125,0.0017674745932141148,0.5254237288135593,1.0
6deg,target_main_tip_z_1p804m,realizable_loaded,4,0.06779661016949153,1.1638063050847458,0.09944520493621234,0.09544512570648377,0.025092065632312366,0.001771873694532189,0.5254237288135593,1.0
6deg,target_main_tip_z_1p804m,realizable_loaded,5,0.0847457627118644,1.4547578813559323,0.10682077803606162,0.10339772383036998,0.025608235039421307,0.0017762727958504504,0.5254237288135593,1.0
6deg,target_main_tip_z_1p804m,realizable_loaded,6,0.10169491525423728,1.7457094576271186,0.11434671763669765,0.11150559188370199,0.026125684371993002,0.001780671897168587,0.5254237288135593,1.0
6deg,target_main_tip_z_1p804m,realizable_loaded,7,0.11864406779661016,2.036661033898305,0.12202339613445133,0.11976880849062242,0.026644413630027314,0.0017850709984866611,0.5254237288135593,1.0
6deg,target_main_tip_z_1p804m,realizable_loaded,8,0.13559322033898305,2.3276126101694916,0.12985118592565353,0.12818745227730152,0.027164422813524353,0.009985320914938783,0.5254237288135593,1.0
6deg,target_main_tip_z_1p804m,realizable_loaded,9,0.15254237288135591,2.618564186440678,0.1378304594066351,0.13676160187152053,0.032454903349577485,0.024866334312488227,0.5254237288135593,1.0
6deg,target_main_tip_z_1p804m,realizable_loaded,10,0.1694915254237288,2.9095157627118646,0.1487367965002307,0.14812146977659976,0.04163422114213383,0.023664848357982736,0.5254237288135593,1.0
6deg,target_main_tip_z_1p804m,realizable_loaded,11,0.1864406779661017,3.200467338983051,0.1620575439428891,0.16178397587098087,0.04622555321352484,0.009411070892869897,0.5254237288135593,1.0
6deg,target_main_tip_z_1p804m,realizable_loaded,12,0.20338983050847456,3.491418915254237,0.175635591643196,0.17570546234964168,0.04711055296349459,0.0030440083114261773,0.5254237288135593,1.0
6deg,target_main_tip_z_1p804m,realizable_loaded,13,0.22033898305084743,3.7823704915254237,0.18947132323036098,0.1898861404294182,0.047996871246308914,0.00304854010624081,0.5254237288135593,1.0
6deg,target_main_tip_z_1p804m,realizable_loaded,14,0.23728813559322032,4.07332206779661,0.20356512233359356,0.20432622132700368,0.04888450806196798,0.0030530719010558177,0.5254237288135593,1.0
6deg,target_main_tip_z_1p804m,realizable_loaded,15,0.2542372881355932,4.364273644067797,0.21791737258210322,0.21902591625894133,0.04977346341047184,0.0030576036958705755,0.5254237288135593,1.0
6deg,target_main_tip_z_1p804m,realizable_loaded,16,0.2711864406779661,4.655225220338983,0.23252845760509952,0.2339854364416158,0.05066373729182028,0.003062135490685222,0.5254237288135593,1.0
6deg,target_main_tip_z_1p804m,realizable_loaded,17,0.28813559322033894,4.946176796610169,0.24739876103179198,0.24920499309124491,0.05155532970601345,0.0030666672855002297,0.5254237288135593,1.0
6deg,target_main_tip_z_1p804m,realizable_loaded,18,0.30508474576271183,5.237128372881356,0.26252866649139023,0.2646847974238721,0.052448240653051426,0.003071199080315168,0.5254237288135593,1.0
6deg,target_main_tip_z_1p804m,realizable_loaded,19,0.3220338983050847,5.528079949152542,0.27791855761310363,0.2804250606553574,0.05334247013293408,0.008959115380827234,0.5254237288135593,1.0
6deg,target_main_tip_z_1p804m,realizable_loaded,20,0.3389830508474576,5.819031525423729,0.29356881802614193,0.29642599400137026,0.057661578137145675,0.025988472377641902,0.5254237288135593,1.0
6deg,target_main_tip_z_1p804m,realizable_loaded,21,0.3559322033898305,6.109983101694915,0.31147201171167704,0.3145037228065931,0.06846524413924426,0.03156985610202401,0.5254237288135593,1.0
6deg,target_main_tip_z_1p804m,realizable_loaded,22,0.3728813559322034,6.400934677966102,0.3334089594303515,0.3362874562917947,0.0760321769282225,0.015187199018011188,0.5254237288135593,1.0
6deg,target_main_tip_z_1p804m,realizable_loaded,23,0.38983050847457623,6.691886254237288,0.35571537516086915,0.35844011365821754,0.07730272312611342,0.0043692203912321925,0.5254237288135593,1.0
6deg,target_main_tip_z_1p804m,realizable_loaded,24,0.4067796610169491,6.982837830508474,0.378391657717547,0.38096217252498166,0.07857464004803294,0.004373931567044076,0.5254237288135593,1.0
6deg,target_main_tip_z_1p804m,realizable_loaded,25,0.423728813559322,7.273789406779661,0.40143820591470175,0.40385411050785835,0.07984792769398097,0.00437864274285657,0.5254237288135593,1.0
6deg,target_main_tip_z_1p804m,realizable_loaded,26,0.44067796610169485,7.564740983050847,0.42485541856665,0.42711640521991623,0.08112258606395795,0.0043833539186690085,0.5254237288135593,1.0
6deg,target_main_tip_z_1p804m,realizable_loaded,27,0.4576271186440678,7.855692559322034,0.44864369448770886,0.4507495342721672,0.08239861515796343,0.004388065094480531,0.5254237288135593,1.0
6deg,target_main_tip_z_1p804m,realizable_loaded,28,0.47457627118644063,8.14664413559322,0.47280343249219464,0.47475397527421137,0.0836760149759973,0.004392776270292803,0.5254237288135593,1.0
6deg,target_main_tip_z_1p804m,realizable_loaded,29,0.4915254237288135,8.437595711864407,0.49733503139442453,0.4991302058348838,0.08495478551806013,0.010124874702928777,0.5254237288135593,1.0
6deg,target_main_tip_z_1p804m,realizable_loaded,30,0.5084745762711864,8.728547288135594,0.522238890008715,0.5238787035628991,0.08956771148472809,0.02823290620910121,0.5254237288135593,1.0
6deg,target_main_tip_z_1p804m,realizable_loaded,31,0.5254237288135593,9.01949886440678,0.5494547650733934,0.5508101584727717,0.1013836026465692,0.03519727934376382,0.5254237288135593,1.0
6deg,target_main_tip_z_1p804m,realizable_loaded,32,0.5423728813559322,9.310450440677966,0.5812343280048569,0.5820322007967375,0.11004911929577876,0.017720966126651777,0.5254237288135593,1.0
6deg,target_main_tip_z_1p804m,realizable_loaded,33,0.559322033898305,9.601402016949153,0.6134926945261189,0.6137352300294547,0.11169548870176449,0.0056610513305521415,0.5254237288135593,1.0
6deg,target_main_tip_z_1p804m,realizable_loaded,34,0.5762711864406779,9.892353593220339,0.6462302850051745,0.6459199665334517,0.11334330291173123,0.0056660171190165975,0.5254237288135593,1.0
6deg,target_main_tip_z_1p804m,realizable_loaded,35,0.5932203389830508,10.183305169491526,0.6794475198100204,0.6785871307043573,0.1149925619256793,0.005670982907480887,0.5254237288135593,1.0
6deg,target_main_tip_z_1p804m,realizable_loaded,36,0.6101694915254237,10.474256745762712,0.7131448193086514,0.7117374429762771,0.11664326574360828,0.005675948695945232,0.5254237288135593,1.0
6deg,target_main_tip_z_1p804m,realizable_loaded,37,0.6271186440677966,10.7652083220339,0.7473226038690639,0.7453716238271733,0.1182954143655186,0.005680914484408051,0.5254237288135593,1.0
6deg,target_main_tip_z_1p804m,realizable_loaded,38,0.6440677966101694,11.056159898305085,0.7819812938592529,0.7794903937842437,0.11994900779140893,0.0056858802728719515,0.5254237288135593,1.0
6deg,target_main_tip_z_1p804m,realizable_loaded,39,0.6610169491525423,11.347111474576272,0.8171213096472144,0.8140944734293032,0.12160404602128128,0.005690846061337379,0.5254237288135593,1.0
6deg,target_main_tip_z_1p804m,realizable_loaded,40,0.6779661016949152,11.638063050847459,0.8527430716009443,0.8491845834041658,0.12326052905513452,0.017458383737345845,0.5254237288135593,1.0
6deg,target_main_tip_z_1p804m,realizable_loaded,41,0.6949152542372881,11.929014627118644,0.8888470000884378,0.8847614444160288,0.13176313455633726,0.034495118096664834,0.5254237288135593,1.0
6deg,target_main_tip_z_1p804m,realizable_loaded,42,0.711864406779661,12.21996620338983,0.9294164549881418,0.9247654953811096,0.14333334702290523,0.028275143482735243,0.5254237288135593,1.0
6deg,target_main_tip_z_1p804m,realizable_loaded,43,0.7288135593220338,12.510917779661018,0.9722531265855164,0.9670248031806522,0.14821652968752885,0.0117852977959029,0.5254237288135593,1.0
6deg,target_main_tip_z_1p804m,realizable_loaded,44,0.7457627118644068,12.801869355932205,1.0156641208722053,1.0098655952783762,0.15019124896399183,0.006789764178530111,0.5254237288135593,1.0
6deg,target_main_tip_z_1p804m,realizable_loaded,45,0.7627118644067796,13.09282093220339,1.0596498878419396,1.0532886826746373,0.15216751486803481,0.006795079934508619,0.5254237288135593,1.0
6deg,target_main_tip_z_1p804m,realizable_loaded,46,0.7796610169491525,13.383772508474577,1.1042108774884531,1.0972948765004331,0.1541453273996598,0.006800395690487071,0.5254237288135593,1.0
6deg,target_main_tip_z_1p804m,realizable_loaded,47,0.7966101694915254,13.674724084745764,1.149347539805478,1.14188498802476,0.1561246865588648,0.014121990663596151,0.5254237288135593,1.0
6deg,target_main_tip_z_1p804m,realizable_loaded,48,0.8135593220338982,13.965675661016949,1.1950603247867462,1.1870598286619753,0.16236295828698033,0.026074218398757343,0.5254237288135593,1.0
6deg,target_main_tip_z_1p804m,realizable_loaded,49,0.8305084745762711,14.256627237288136,1.2438270570887777,1.2354054673617412,0.17129735644518007,0.023574816887655392,0.5254237288135593,1.0
6deg,target_main_tip_z_1p804m,realizable_loaded,50,0.847457627118644,14.547578813559323,1.294738796524371,1.2859706677169396,0.1760812185545162,0.011995183770268092,0.5254237288135593,1.0
6deg,target_main_tip_z_1p804m,realizable_loaded,51,0.864406779661017,14.83853038983051,1.3462892732691534,1.3371831189618393,0.1782773916964242,0.007551110141632511,0.5254237288135593,1.0
6deg,target_main_tip_z_1p804m,realizable_loaded,52,0.8813559322033897,15.129481966101695,1.3984789727795515,1.3890435871561233,0.1804752333511268,0.014676697806496442,0.5254237288135593,1.0
6deg,target_main_tip_z_1p804m,realizable_loaded,53,0.8983050847457626,15.420433542372882,1.4513083805119944,1.4415528384738336,0.18681780841893625,0.0227073748312151,0.5254237288135593,1.0
6deg,target_main_tip_z_1p804m,realizable_loaded,54,0.9152542372881356,15.711385118644069,1.5071888444495876,1.4971361552113198,0.19368872635137224,0.016618458272688985,0.5254237288135593,1.0
6deg,target_main_tip_z_1p804m,realizable_loaded,55,0.9322033898305083,16.002336694915254,1.5640164609877747,1.5536791344949414,0.19648814167820783,0.014529205168592907,0.5254237288135593,1.0
6deg,target_main_tip_z_1p804m,realizable_loaded,56,0.9491525423728813,16.29328827118644,1.621525913529329,1.6109153203775304,0.2021433166429114,0.01983813373207033,0.5254237288135593,1.0
6deg,target_main_tip_z_1p804m,realizable_loaded,57,0.9661016949152542,16.584239847457628,1.6816442942076562,1.6711574887114558,0.20803201423745676,0.014654576967474464,0.5254237288135593,1.0
6deg,target_main_tip_z_1p804m,realizable_loaded,58,0.983050847457627,16.875191423728815,1.742580398443845,1.7322420692417217,0.21067086117945966,0.006654778773044601,0.5254237288135593,1.0
6deg,target_main_tip_z_1p804m,realizable_loaded,59,1.0,17.166143,1.8042343324768007,1.794048719360518,0.2119044509849635,0.004239845754793391,0.5254237288135593,1.0
7deg,target_main_tip_z_2p108m,requested_loaded,0,0.0,0.0,0.07143912961806514,0.0651858601168413,0.024578788252212158,0.001214777508876555,0.6949152542372881,1.0
7deg,target_main_tip_z_2p108m,requested_loaded,1,0.01694915254237288,0.29095157627118645,0.07859036680288199,0.07286436490197444,0.024932229683238577,0.0018237175688688503,0.6949152542372881,1.0
7deg,target_main_tip_z_2p108m,requested_loaded,2,0.03389830508474576,0.5819031525423729,0.08594727267065219,0.08076053294375093,0.025640015254883852,0.0024357602399692688,0.6949152542372881,1.0
7deg,target_main_tip_z_2p108m,requested_loaded,3,0.05084745762711864,0.8728547288135593,0.09351037251093344,0.08887447503234745,0.026349606245714058,0.002441965462185565,0.6949152542372881,1.0
7deg,target_main_tip_z_2p108m,requested_loaded,4,0.06779661016949153,1.1638063050847458,0.1012801916132834,0.09720630196606424,0.02706100265572922,0.00244817068440209,0.6949152542372881,1.0
7deg,target_main_tip_z_2p108m,requested_loaded,5,0.0847457627118644,1.4547578813559323,0.1092572552672598,0.105756124550737,0.027774204484929454,0.0024543759066187262,0.6949152542372881,1.0
7deg,target_main_tip_z_2p108m,requested_loaded,6,0.10169491525423728,1.7457094576271186,0.11744208876242036,0.11452405359914926,0.0284892117333147,0.0024605811288351195,0.6949152542372881,1.0
7deg,target_main_tip_z_2p108m,requested_loaded,7,0.11864406779661016,2.036661033898305,0.12583521738832276,0.12351019993044414,0.029206024400884878,0.002466786351051506,0.6949152542372881,1.0
7deg,target_main_tip_z_2p108m,requested_loaded,8,0.13559322033898305,2.3276126101694916,0.13443716643452475,0.13271467436953677,0.02992464248764007,0.01102304337046136,0.6949152542372881,1.0
7deg,target_main_tip_z_2p108m,requested_loaded,9,0.15254237288135591,2.618564186440678,0.14324846119058396,0.1421375877465261,0.035620368088767645,0.026637074381357893,0.6949152542372881,1.0
7deg,target_main_tip_z_2p108m,requested_loaded,10,0.1694915254237288,2.9095157627118646,0.15516477092009837,0.15452285155407877,0.04542484004465791,0.025586766081728815,0.6949152542372881,1.0
7deg,target_main_tip_z_2p108m,requested_loaded,11,0.1864406779661017,3.200467338983051,0.1696813188163034,0.1693948811096837,0.05050938793508991,0.01085672087621696,0.6949152542372881,1.0
7deg,target_main_tip_z_2p108m,requested_loaded,12,0.20338983050847456,3.491418915254237,0.18455634299251286,0.1846297625195192,0.05174240014880116,0.004241056770496743,0.6949152542372881,1.0
7deg,target_main_tip_z_2p108m,requested_loaded,13,0.22033898305084743,3.7823704915254237,0.19979038458299975,0.20022779371868474,0.05297727223995313,0.004247449165631981,0.6949152542372881,1.0
7deg,target_main_tip_z_2p108m,requested_loaded,14,0.23728813559322032,4.07332206779661,0.21538398472203715,0.2161892726421356,0.054214004208545885,0.00425384156076733,0.6949152542372881,1.0
7deg,target_main_tip_z_2p108m,requested_loaded,15,0.2542372881355932,4.364273644067797,0.23133768454389814,0.23251449722467185,0.05545259605457942,0.004260233955902609,0.6949152542372881,1.0
7deg,target_main_tip_z_2p108m,requested_loaded,16,0.2711864406779661,4.655225220338983,0.24765202518285565,0.2492037654009265,0.05669304777805367,0.004266626351037861,0.6949152542372881,1.0
7deg,target_main_tip_z_2p108m,requested_loaded,17,0.28813559322033894,4.946176796610169,0.2643275477731829,0.2662573751053543,0.05793535937896871,0.004273018746172932,0.6949152542372881,1.0
7deg,target_main_tip_z_2p108m,requested_loaded,18,0.30508474576271183,5.237128372881356,0.2813647934491529,0.28367562427222026,0.05917953085732436,0.004279411141307712,0.6949152542372881,1.0
7deg,target_main_tip_z_2p108m,requested_loaded,19,0.3220338983050847,5.528079949152542,0.29876430334503856,0.30145881083558784,0.06042556221312062,0.010647730361402888,0.6949152542372881,1.0
7deg,target_main_tip_z_2p108m,requested_loaded,20,0.3389830508474576,5.819031525423729,0.3165266185951131,0.319607232729308,0.06537547872204585,0.029134197691653846,0.6949152542372881,1.0
7deg,target_main_tip_z_2p108m,requested_loaded,21,0.3559322033898305,6.109983101694915,0.3368065005123639,0.340084804713219,0.07737884369668668,0.035345972087582084,0.6949152542372881,1.0
7deg,target_main_tip_z_2p108m,requested_loaded,22,0.3728813559322034,6.400934677966102,0.36155361168229866,0.36467509629461714,0.08594341130948457,0.017770674235974282,0.6949152542372881,1.0
7deg,target_main_tip_z_2p108m,requested_loaded,23,0.38983050847457623,6.691886254237288,0.3868172424935987,0.38978021768572757,0.08771965505740364,0.006108269008085282,0.6949152542372881,1.0
7deg,target_main_tip_z_2p108m,requested_loaded,24,0.4067796610169491,6.982837830508474,0.41259795550013123,0.4154008427533223,0.08949783230186625,0.006114914431934654,0.6949152542372881,1.0
7deg,target_main_tip_z_2p108m,requested_loaded,25,0.423728813559322,7.273789406779661,0.4388963132557634,0.4415376453549294,0.09127794304287329,0.0061215598557844975,0.6949152542372881,1.0
7deg,target_main_tip_z_2p108m,requested_loaded,26,0.44067796610169485,7.564740983050847,0.4657128783143623,0.4681912993397441,0.09305998728042408,0.006128205279633897,0.6949152542372881,1.0
7deg,target_main_tip_z_2p108m,requested_loaded,27,0.4576271186440678,7.855692559322034,0.49304821322979536,0.4953624785495409,0.09484396501451908,0.006134850703482797,0.6949152542372881,1.0
7deg,target_main_tip_z_2p108m,requested_loaded,28,0.47457627118644063,8.14664413559322,0.5209028805559295,0.5230518568195839,0.09662987624515751,0.006141496127331836,0.6949152542372881,1.0
7deg,target_main_tip_z_2p108m,requested_loaded,29,0.4915254237288135,8.437595711864407,0.5492774428466319,0.5512601079795393,0.09841772097234025,0.012503934651036663,0.6949152542372881,1.0
7deg,target_main_tip_z_2p108m,requested_loaded,30,0.5084745762711864,8.728547288135594,0.5781724626557699,0.5799879058543856,0.10390595523777957,0.03266146332833503,0.6949152542372881,1.0
7deg,target_main_tip_z_2p108m,requested_loaded,31,0.5254237288135593,9.01949886440678,0.6097406457674224,0.6112447522000883,0.11742352944974543,0.04054551515547472,0.6949152542372881,1.0
7deg,target_main_tip_z_2p108m,requested_loaded,32,0.5423728813559322,9.310450440677966,0.646501584625229,0.6473890511760274,0.12749951832820483,0.021277585811954797,0.6949152542372881,1.0
7deg,target_main_tip_z_2p108m,requested_loaded,33,0.559322033898305,9.601402016949153,0.6839330174302389,0.6842034005009918,0.1298050237122128,0.00792751979269854,0.6949152542372881,1.0
7deg,target_main_tip_z_2p108m,requested_loaded,34,0.5762711864406779,9.892353593220339,0.722035537139203,0.7216888171392067,0.13211256708741814,0.007934524364467704,0.6949152542372881,1.0
7deg,target_main_tip_z_2p108m,requested_loaded,35,0.5932203389830508,10.183305169491526,0.7608097367088732,0.7598463180637809,0.13442214845382083,0.007941528936235759,0.6949152542372881,1.0
7deg,target_main_tip_z_2p108m,requested_loaded,36,0.6101694915254237,10.474256745762712,0.8002562090960004,0.7986769202643024,0.13673376781142021,0.00794853350800423,0.6949152542372881,1.0
7deg,target_main_tip_z_2p108m,requested_loaded,37,0.6271186440677966,10.7652083220339,0.8403755472573357,0.8381816407544364,0.13904742516021718,0.007955538079771951,0.6949152542372881,1.0
7deg,target_main_tip_z_2p108m,requested_loaded,38,0.6440677966101694,11.056159898305085,0.8811683441496302,0.8783614965795231,0.14136312050021038,0.00796254265153995,0.6949152542372881,1.0
7deg,target_main_tip_z_2p108m,requested_loaded,39,0.6610169491525423,11.347111474576272,0.9226351927296353,0.919217504824177,0.1436808538314014,0.007969547223309531,0.6949152542372881,1.0
7deg,target_main_tip_z_2p108m,requested_loaded,40,0.6779661016949152,11.638063050847459,0.9647766859541026,0.9607506826198868,0.14600062515378953,0.021336208832953563,0.6949152542372881,1.0
7deg,target_main_tip_z_2p108m,requested_loaded,41,0.6949152542372881,11.929014627118644,1.0075934167797826,1.002962047152617,0.1560964610145994,0.04074931714429275,0.6949152542372881,1.0
7deg,target_main_tip_z_2p108m,requested_loaded,42,0.711864406779661,12.21996620338983,1.0556097087192056,1.0503272563915171,0.16971278126400247,0.033820738576010645,0.6949152542372881,1.0
7deg,target_main_tip_z_2p108m,requested_loaded,43,0.7288135593220338,12.510917779661018,1.10634981922404,1.1004003864110743,0.17577685541329147,0.015177017213522881,0.6949152542372881,1.0
7deg,target_main_tip_z_2p108m,requested_loaded,44,0.7457627118644068,12.801869355932205,1.157894815028185,1.1512842805198504,0.1785443354267413,0.009515572518894955,0.6949152542372881,1.0
7deg,target_main_tip_z_2p108m,requested_loaded,45,0.7627118644067796,13.09282093220339,1.2102453308774432,1.202980083232148,0.18131399706028195,0.009523070742897155,0.6949152542372881,1.0
7deg,target_main_tip_z_2p108m,requested_loaded,46,0.7796610169491525,13.383772508474577,1.2634020015176215,1.2554889391951092,0.18408584031391717,0.009530568966899744,0.6949152542372881,1.0
7deg,target_main_tip_z_2p108m,requested_loaded,47,0.7966101694915254,13.674724084745764,1.3173654616945236,1.3088119931990945,0.18685986518764341,0.01795274989430612,0.6949152542372881,1.0
7deg,target_main_tip_z_2p108m,requested_loaded,48,0.8135593220338982,13.965675661016949,1.3721363461539537,1.3629503901880733,0.19453260207421863,0.031737928375864255,0.6949152542372881,1.0
7deg,target_main_tip_z_2p108m,requested_loaded,49,0.8305084745762711,14.256627237288136,1.4305645961137823,1.4208786610492308,0.20532826576472285,0.028947735688126308,0.6949152542372881,1.0
7deg,target_main_tip_z_2p108m,requested_loaded,50,0.847457627118644,14.547578813559323,1.4916175113085044,1.4815160958680447,0.2113773807301027,0.015685689857905083,0.6949152542372881,1.0
7deg,target_main_tip_z_2p108m,requested_loaded,51,0.864406779661017,14.83853038983051,1.5535657603367785,1.5430576104011902,0.21445581814283976,0.010584627950167902,0.6949152542372881,1.0
7deg,target_main_tip_z_2p108m,requested_loaded,52,0.8813559322033897,15.129481966101695,1.616410027966876,1.6055042852018413,0.2175366091027935,0.018848183260337326,0.6949152542372881,1.0
7deg,target_main_tip_z_2p108m,requested_loaded,53,0.8983050847457626,15.420433542372882,1.680150998967072,1.6688572009562737,0.2254236354017265,0.028188348737434143,0.6949152542372881,1.0
7deg,target_main_tip_z_2p108m,requested_loaded,54,0.9152542372881356,15.711385118644069,1.7475847520647034,1.735928663649016,0.23393949809807024,0.021185473108627118,0.6949152542372881,1.0
7deg,target_main_tip_z_2p108m,requested_loaded,55,0.9322033898305083,16.002336694915254,1.8162811304145194,1.8042764670901903,0.23775152899173824,0.018824719212507834,0.6949152542372881,1.0
7deg,target_main_tip_z_2p108m,requested_loaded,56,0.9491525423728813,16.29328827118644,1.8859331163067652,1.873592352066322,0.24489366155355352,0.025035951438722892,0.6949152542372881,1.0
7deg,target_main_tip_z_2p108m,requested_loaded,57,0.9661016949152542,16.584239847457628,1.9587855241101773,1.946570454091583,0.25232002806082887,0.019040750390617256,0.6949152542372881,1.0
7deg,target_main_tip_z_2p108m,requested_loaded,58,0.983050847457627,16.875191423728815,2.032758936084942,2.0206990442781874,0.25597353423262614,0.009246500461721374,0.6949152542372881,1.0
7deg,target_main_tip_z_2p108m,requested_loaded,59,1.0,17.166143,2.1077373306475558,2.0958383236204305,0.25770059582948907,0.005935907338935265,0.6949152542372881,1.0
7deg,target_main_tip_z_2p108m,jig_unloaded,0,-9.469247085471181e-24,-1.6371707126364569e-22,0.07143912961806514,0.0651858601168413,0.024007252757386365,-0.0010351291870992136,0.6925697471481098,1.0
7deg,target_main_tip_z_2p108m,jig_unloaded,1,0.016828131583216485,0.2909473575645292,0.07842397637021047,0.06731517990131976,0.02370608465566193,-0.0016721535328972914,0.6925697471481098,1.0
7deg,target_main_tip_z_2p108m,jig_unloaded,2,0.033656702193289804,0.581902305615457,0.08523375036422563,0.06193181471250297,0.023034213090474986,-0.002613629938863729,0.6925697471481098,1.0
7deg,target_main_tip_z_2p108m,jig_unloaded,3,0.05048576537641758,0.8728657699314195,0.09182800276796385,0.05380624831609736,0.02218516008574209,-0.0033504626660404158,0.6925697471481098,1.0
7deg,target_main_tip_z_2p108m,jig_unloaded,4,0.0673154154369244,1.163839380972335,0.09814410783337557,0.04772669081971477,0.021084445870702184,-0.0037585476845863122,0.6925697471481098,1.0
7deg,target_main_tip_z_2p108m,jig_unloaded,5,0.08414580905285075,1.454825847598759,0.10409829252272439,0.04849907878220171,0.019997836008573106,-0.0027130139057130187,0.6925697471481098,1.0
7deg,target_main_tip_z_2p108m,jig_unloaded,6,0.1009762672460607,1.7458134307240603,0.10978232840492612,0.05360918181929078,0.019505544461335178,-0.0008842953095471173,0.6925697471481098,1.0
7deg,target_main_tip_z_2p108m,jig_unloaded,7,0.1178068942468167,2.0368039324211127,0.11545009176796785,0.05675148292163201,0.019483200231424885,-2.200878509388965e-05,0.6925697471481098,1.0
7deg,target_main_tip_z_2p108m,jig_unloaded,8,0.13463786679452985,2.327800408398411,0.12112129729131729,0.05741382900772564,0.019492736289541263,0.0084905209028079,0.6925697471481098,1.0
7deg,target_main_tip_z_2p108m,jig_unloaded,9,0.15146916354579118,2.618802489642414,0.12679483620761767,0.05510203422863669,0.024424765963724643,0.023739252471564908,0.6925697471481098,1.0
7deg,target_main_tip_z_2p108m,jig_unloaded,10,0.1683023158575113,2.9098366523096932,0.13533771255654573,0.05225254899981821,0.033310277373590436,0.02198210203946374,0.6925697471481098,1.0
7deg,target_main_tip_z_2p108m,jig_unloaded,11,0.1851373877069265,3.2009040025247035,0.14618506170661066,0.0491738330315067,0.037220013362957355,0.006213715123638747,0.6925697471481098,1.0
7deg,target_main_tip_z_2p108m,jig_unloaded,12,0.2019733544641271,3.491986825108356,0.15700534829821272,0.045458948816482075,0.03692736931998436,-0.0017443400187616906,0.6925697471481098,1.0
7deg,target_main_tip_z_2p108m,jig_unloaded,13,0.21881035717853128,3.783087558712579,0.16768356011535465,0.0429771974605343,0.03620446081517187,-0.0033414381768610835,0.6925697471481098,1.0
7deg,target_main_tip_z_2p108m,jig_unloaded,14,0.23564869200652677,4.0742113236870665,0.17808445033634804,0.04361790754452577,0.03498186262602654,-0.005009474885525771,0.6925697471481098,1.0
7deg,target_main_tip_z_2p108m,jig_unloaded,15,0.2524887903309096,4.36536557835742,0.18805268438686673,0.0492904351723889,0.03328750431001948,-0.006228737079548109,0.6925697471481098,1.0
7deg,target_main_tip_z_2p108m,jig_unloaded,16,0.2693299838312842,4.65653876790235,0.19746864168901676,0.059289416309036225,0.03135468258179086,-0.007009434076921006,0.6925697471481098,1.0
7deg,target_main_tip_z_2p108m,jig_unloaded,17,0.2861729738694562,4.947743018407455,0.20631288307388468,0.0704516954307779,0.029205344963681434,-0.008064234820242905,0.6925697471481098,1.0
7deg,target_main_tip_z_2p108m,jig_unloaded,18,0.3030182825806418,5.238987357248155,0.2144791601784699,0.08125614785322652,0.026657625592046152,-0.0095444660255833,0.6925697471481098,1.0
7deg,target_main_tip_z_2p108m,jig_unloaded,19,0.3198661219526711,5.530275449554993,0.22184169360656006,0.09020277504765836,0.023645314238386728,-0.0049446646986131895,0.6925697471481098,1.0
7deg,target_main_tip_z_2p108m,jig_unloaded,20,0.33671675046820365,5.821611764323611,0.2282553401036633,0.09581270468690861,0.02377726377956224,0.011362768634600277,0.6925697471481098,1.0
7deg,target_main_tip_z_2p108m,jig_unloaded,21,0.35357449073959124,6.11307103668639,0.23569941157362823,0.09871668756681501,0.030270169121975443,0.015053007797177075,0.6925697471481098,1.0
7deg,target_main_tip_z_2p108m,jig_unloaded,22,0.3704447946122138,6.404747525474102,0.24590901362067158,0.10042713156910316,0.03255207132989457,-0.005305286263994034,0.6925697471481098,1.0
7deg,target_main_tip_z_2p108m,jig_unloaded,23,0.38732121642220074,6.696529789386111,0.2546916838847708,0.09873487402364445,0.02717197553496109,-0.02012204190286277,0.6925697471481098,1.0
7deg,target_main_tip_z_2p108m,jig_unloaded,24,0.40420433834479785,6.988427893850571,0.2617680837886755,0.09528845771594213,0.02080684043168929,-0.02359126836172343,0.6925697471481098,1.0
7deg,target_main_tip_z_2p108m,jig_unloaded,25,0.4210950435616197,7.280457108498322,0.2668404652809978,0.09176309160471285,0.013395921211710682,-0.02739553179051075,0.6925697471481098,1.0
7deg,target_main_tip_z_2p108m,jig_unloaded,26,0.43799441760379004,7.572636201450498,0.26959290085683696,0.0898606507595861,0.004801538041388553,-0.02935764992602783,0.6925697471481098,1.0
7deg,target_main_tip_z_2p108m,jig_unloaded,27,0.4549016503277886,7.864951165857003,0.26964568030531844,0.09085115793156362,-0.0037634351802967037,-0.02711902178634843,0.6925697471481098,1.0
7deg,target_main_tip_z_2p108m,jig_unloaded,28,0.47181731711434904,8.157411949673333,0.2673909847253409,0.0932743812274538,-0.011056371853770397,-0.022943212863383095,0.6925697471481098,1.0
7deg,target_main_tip_z_2p108m,jig_unloaded,29,0.4887406407965002,8.450005116192298,0.2631762199115368,0.09503000910096004,-0.01718592463704205,-0.012828254672067767,0.6925697471481098,1.0
7deg,target_main_tip_z_2p108m,jig_unloaded,30,0.5056706343798437,8.742713600928115,0.2573313931166679,0.09404679356151718,-0.01856289717260573,0.0104485322022012,0.6925697471481098,1.0
7deg,target_main_tip_z_2p108m,jig_unloaded,31,0.5226165525923583,9.035697412057392,0.25230484818102317,0.09041749306845137,-0.011057951979698444,0.021021619556650092,0.6925697471481098,1.0
7deg,target_main_tip_z_2p108m,jig_unloaded,32,0.5395906246779143,9.329167985185537,0.25085235060621724,0.08583007537843046,-0.006239152248481594,0.0042240875730053026,0.6925697471481098,1.0
7deg,target_main_tip_z_2p108m,jig_unloaded,33,0.5565706870362953,9.622742126201826,0.2486419196278266,0.07758043103366663,-0.008580750362550515,-0.007210008352128148,0.6925697471481098,1.0
7deg,target_main_tip_z_2p108m,jig_unloaded,34,0.5735558608837829,9.91640464151216,0.24581323359816953,0.06748847331892383,-0.010472998006384016,-0.005770944287369201,0.6925697471481098,1.0
7deg,target_main_tip_z_2p108m,jig_unloaded,35,0.5905456114614278,10.210146285485058,0.24248990399604264,0.05740954436063672,-0.011970520570826537,-0.005239796636198248,0.6925697471481098,1.0
7deg,target_main_tip_z_2p108m,jig_unloaded,36,0.6075395661297947,10.503960615429088,0.23877978724304671,0.0492344138651063,-0.013551692424202622,-0.0057066626105537616,0.6925697471481098,1.0
7deg,target_main_tip_z_2p108m,jig_unloaded,37,0.6245383057064616,10.797857673299225,0.23452526708626398,0.04392465267358037,-0.015324444975440443,-0.00510109247480001,0.6925697471481098,1.0
7deg,target_main_tip_z_2p108m,jig_unloaded,38,0.6415417461682228,11.091836006389347,0.22977078526438766,0.04053934345732724,-0.01655034783588427,-0.002626710216545994,0.6925697471481098,1.0
7deg,target_main_tip_z_2p108m,jig_unloaded,39,0.6585487331668416,11.385875656775577,0.22479331863283558,0.03829769033617836,-0.016868808534187707,0.00034469309988984995,0.6925697471481098,1.0
7deg,target_main_tip_z_2p108m,jig_unloaded,40,0.6755583465107236,11.679960714948795,0.2198498275260996,0.036446329108270614,-0.016347495635322506,0.015972535757361944,0.6925697471481098,1.0
7deg,target_main_tip_z_2p108m,jig_unloaded,41,0.6925697471481098,11.974076674254425,0.2151777336356826,0.034259327214236746,-0.007472869119418524,0.03690414775866435,0.6925697471481098,1.0
7deg,target_main_tip_z_2p108m,jig_unloaded,42,0.7096072170290364,12.268643353682146,0.21545826824741598,0.03545480721296368,0.005383407009301622,0.03154288563316114,0.6925697471481098,1.0
7deg,target_main_tip_z_2p108m,jig_unloaded,43,0.7266563340872935,12.56341140516657,0.21835214754349763,0.0376760346211269,0.01111157329450474,0.014181519047743769,0.6925697471481098,1.0
7deg,target_main_tip_z_2p108m,jig_unloaded,44,0.7437058791579697,12.858186856704991,0.2220090432445221,0.039449734926432,0.013743951706508717,0.009033332635921237,0.6925697471481098,1.0
7deg,target_main_tip_z_2p108m,jig_unloaded,45,0.7607554420129442,13.152962615722265,0.2264549117328577,0.04120443810160013,0.01643718554883944,0.00836855982139996,0.6925697471481098,1.0
7deg,target_main_tip_z_2p108m,jig_unloaded,46,0.7778046154651864,13.447731642221704,0.23169948202876078,0.04339685678357874,0.01867760285241421,0.006370109146225034,0.6925697471481098,1.0
7deg,target_main_tip_z_2p108m,jig_unloaded,47,0.7948594357570211,13.742598298873956,0.23746806577574442,0.047259083578128136,0.020192988903970976,0.01300818114088334,0.6925697471481098,1.0
7deg,target_main_tip_z_2p108m,jig_unloaded,48,0.8119172434678432,14.037516606041065,0.24360906830548745,0.053508960430272756,0.026350445438426184,0.026558701946963983,0.6925697471481098,1.0
7deg,target_main_tip_z_2p108m,jig_unloaded,49,0.8289914355137926,14.332718187616099,0.2530211209342159,0.06468696921903305,0.0358690267903104,0.0250301083903973,0.6925697471481098,1.0
7deg,target_main_tip_z_2p108m,jig_unloaded,50,0.846076359459511,14.628105316699124,0.2647943900728753,0.07955541708259006,0.041130266872095644,0.013399342348017873,0.6925697471481098,1.0
7deg,target_main_tip_z_2p108m,jig_unloaded,51,0.8631624007555745,14.92351176403675,0.2773206675917299,0.09621469511303582,0.043785101708084695,0.009307299923499199,0.6925697471481098,1.0
7deg,target_main_tip_z_2p108m,jig_unloaded,52,0.8802490043045059,15.218927932357685,0.29066364525174504,0.11448044862595164,0.04662923638385402,0.01745761251448842,0.6925697471481098,1.0
7deg,target_main_tip_z_2p108m,jig_unloaded,53,0.8973359089966202,15.51434930724673,0.30487098628810005,0.13419013736645136,0.0540997961326567,0.026423761411450503,0.6925697471481098,1.0
7deg,target_main_tip_z_2p108m,jig_unloaded,54,0.9144379137602004,15.810031752467344,0.3226453798263287,0.15767938957655558,0.06224901608406486,0.02018217245658202,0.6925697471481098,1.0
7deg,target_main_tip_z_2p108m,jig_unloaded,55,0.9315418825812545,16.10574815495346,0.34168512773798154,0.1826839749491902,0.06603500852858679,0.017305362114328426,0.6925697471481098,1.0
7deg,target_main_tip_z_2p108m,jig_unloaded,56,0.9486459401612537,16.401466092023522,0.361700756546695,0.20883460736997184,0.07248401531614534,0.022175451964954296,0.6925697471481098,1.0
7deg,target_main_tip_z_2p108m,jig_unloaded,57,0.9657631606144685,16.697411606538,0.38457345562163536,0.2377996322165905,0.07915558030590486,0.01729999556371846,0.6925697471481098,1.0
7deg,target_main_tip_z_2p108m,jig_unloaded,58,0.9828814390612031,16.993375413066502,0.4085537507098136,0.26791216923464733,0.08272385212009636,0.008899266607603207,0.6925697471481098,1.0
7deg,target_main_tip_z_2p108m,jig_unloaded,59,1.0,17.289344103697477,0.4335404085822958,0.2990496161952041,0.08442331457159617,0.005742034564118012,0.6925697471481098,1.0
7deg,target_main_tip_z_2p108m,realizable_loaded,0,0.0,0.0,0.07143912961806514,0.0651858601168413,0.024578788252212158,0.001214777508876555,0.6949152542372881,1.0
7deg,target_main_tip_z_2p108m,realizable_loaded,1,0.01694915254237288,0.29095157627118645,0.07859036680288199,0.07286436490197444,0.024932229683238577,0.0018237175688688503,0.6949152542372881,1.0
7deg,target_main_tip_z_2p108m,realizable_loaded,2,0.03389830508474576,0.5819031525423729,0.08594727267065219,0.08076053294375093,0.025640015254883852,0.0024357602399692688,0.6949152542372881,1.0
7deg,target_main_tip_z_2p108m,realizable_loaded,3,0.05084745762711864,0.8728547288135593,0.09351037251093344,0.08887447503234745,0.026349606245714058,0.002441965462185565,0.6949152542372881,1.0
7deg,target_main_tip_z_2p108m,realizable_loaded,4,0.06779661016949153,1.1638063050847458,0.1012801916132834,0.09720630196606424,0.02706100265572922,0.00244817068440209,0.6949152542372881,1.0
7deg,target_main_tip_z_2p108m,realizable_loaded,5,0.0847457627118644,1.4547578813559323,0.1092572552672598,0.105756124550737,0.027774204484929454,0.0024543759066187262,0.6949152542372881,1.0
7deg,target_main_tip_z_2p108m,realizable_loaded,6,0.10169491525423728,1.7457094576271186,0.11744208876242036,0.11452405359914926,0.0284892117333147,0.0024605811288351195,0.6949152542372881,1.0
7deg,target_main_tip_z_2p108m,realizable_loaded,7,0.11864406779661016,2.036661033898305,0.12583521738832276,0.12351019993044414,0.029206024400884878,0.002466786351051506,0.6949152542372881,1.0
7deg,target_main_tip_z_2p108m,realizable_loaded,8,0.13559322033898305,2.3276126101694916,0.13443716643452475,0.13271467436953677,0.02992464248764007,0.01102304337046136,0.6949152542372881,1.0
7deg,target_main_tip_z_2p108m,realizable_loaded,9,0.15254237288135591,2.618564186440678,0.14324846119058396,0.1421375877465261,0.035620368088767645,0.026637074381357893,0.6949152542372881,1.0
7deg,target_main_tip_z_2p108m,realizable_loaded,10,0.1694915254237288,2.9095157627118646,0.15516477092009837,0.15452285155407877,0.04542484004465791,0.025586766081728815,0.6949152542372881,1.0
7deg,target_main_tip_z_2p108m,realizable_loaded,11,0.1864406779661017,3.200467338983051,0.16968131881630344,0.1693948811096837,0.05050938793508991,0.010856720876216863,0.6949152542372881,1.0
7deg,target_main_tip_z_2p108m,realizable_loaded,12,0.20338983050847456,3.491418915254237,0.18455634299251286,0.1846297625195192,0.051742400148801104,0.004241056770496743,0.6949152542372881,1.0
7deg,target_main_tip_z_2p108m,realizable_loaded,13,0.22033898305084743,3.7823704915254237,0.19979038458299975,0.20022779371868474,0.05297727223995313,0.004247449165632078,0.6949152542372881,1.0
7deg,target_main_tip_z_2p108m,realizable_loaded,14,0.23728813559322032,4.07332206779661,0.21538398472203715,0.2161892726421356,0.054214004208545885,0.00425384156076733,0.6949152542372881,1.0
7deg,target_main_tip_z_2p108m,realizable_loaded,15,0.2542372881355932,4.364273644067797,0.23133768454389814,0.23251449722467185,0.05545259605457942,0.004260233955902609,0.6949152542372881,1.0
7deg,target_main_tip_z_2p108m,realizable_loaded,16,0.2711864406779661,4.655225220338983,0.24765202518285565,0.2492037654009265,0.05669304777805367,0.004266626351037861,0.6949152542372881,1.0
7deg,target_main_tip_z_2p108m,realizable_loaded,17,0.28813559322033894,4.946176796610169,0.2643275477731829,0.2662573751053543,0.05793535937896871,0.004273018746172932,0.6949152542372881,1.0
7deg,target_main_tip_z_2p108m,realizable_loaded,18,0.30508474576271183,5.237128372881356,0.2813647934491529,0.28367562427222026,0.05917953085732436,0.004279411141307712,0.6949152542372881,1.0
7deg,target_main_tip_z_2p108m,realizable_loaded,19,0.3220338983050847,5.528079949152542,0.29876430334503856,0.30145881083558784,0.06042556221312062,0.010647730361402888,0.6949152542372881,1.0
7deg,target_main_tip_z_2p108m,realizable_loaded,20,0.3389830508474576,5.819031525423729,0.3165266185951131,0.319607232729308,0.06537547872204585,0.029134197691653846,0.6949152542372881,1.0
7deg,target_main_tip_z_2p108m,realizable_loaded,21,0.3559322033898305,6.109983101694915,0.3368065005123639,0.340084804713219,0.07737884369668668,0.035345972087582084,0.6949152542372881,1.0
7deg,target_main_tip_z_2p108m,realizable_loaded,22,0.3728813559322034,6.400934677966102,0.36155361168229866,0.36467509629461714,0.08594341130948457,0.017770674235974282,0.6949152542372881,1.0
7deg,target_main_tip_z_2p108m,realizable_loaded,23,0.38983050847457623,6.691886254237288,0.3868172424935987,0.38978021768572757,0.08771965505740364,0.006108269008085282,0.6949152542372881,1.0
7deg,target_main_tip_z_2p108m,realizable_loaded,24,0.4067796610169491,6.982837830508474,0.41259795550013123,0.4154008427533223,0.08949783230186625,0.006114914431934654,0.6949152542372881,1.0
7deg,target_main_tip_z_2p108m,realizable_loaded,25,0.423728813559322,7.273789406779661,0.4388963132557634,0.4415376453549294,0.09127794304287329,0.006121559855784664,0.6949152542372881,1.0
7deg,target_main_tip_z_2p108m,realizable_loaded,26,0.44067796610169485,7.564740983050847,0.4657128783143623,0.4681912993397441,0.0930599872804242,0.006128205279633897,0.6949152542372881,1.0
7deg,target_main_tip_z_2p108m,realizable_loaded,27,0.4576271186440678,7.855692559322034,0.4930482132297954,0.4953624785495409,0.09484396501451908,0.0061348507034824085,0.6949152542372881,1.0
7deg,target_main_tip_z_2p108m,realizable_loaded,28,0.47457627118644063,8.14664413559322,0.5209028805559295,0.5230518568195839,0.0966298762451574,0.006141496127331836,0.6949152542372881,1.0
7deg,target_main_tip_z_2p108m,realizable_loaded,29,0.4915254237288135,8.437595711864407,0.5492774428466319,0.5512601079795393,0.09841772097234025,0.012503934651036858,0.6949152542372881,1.0
7deg,target_main_tip_z_2p108m,realizable_loaded,30,0.5084745762711864,8.728547288135594,0.5781724626557699,0.5799879058543856,0.10390595523777957,0.03266146332833503,0.6949152542372881,1.0
7deg,target_main_tip_z_2p108m,realizable_loaded,31,0.5254237288135593,9.01949886440678,0.6097406457674224,0.6112447522000883,0.11742352944974543,0.04054551515547472,0.6949152542372881,1.0
7deg,target_main_tip_z_2p108m,realizable_loaded,32,0.5423728813559322,9.310450440677966,0.646501584625229,0.6473890511760274,0.12749951832820483,0.021277585811954797,0.6949152542372881,1.0
7deg,target_main_tip_z_2p108m,realizable_loaded,33,0.559322033898305,9.601402016949153,0.6839330174302389,0.6842034005009918,0.1298050237122128,0.00792751979269854,0.6949152542372881,1.0
7deg,target_main_tip_z_2p108m,realizable_loaded,34,0.5762711864406779,9.892353593220339,0.722035537139203,0.7216888171392067,0.13211256708741814,0.007934524364467704,0.6949152542372881,1.0
7deg,target_main_tip_z_2p108m,realizable_loaded,35,0.5932203389830508,10.183305169491526,0.7608097367088732,0.7598463180637809,0.13442214845382083,0.007941528936235759,0.6949152542372881,1.0
7deg,target_main_tip_z_2p108m,realizable_loaded,36,0.6101694915254237,10.474256745762712,0.8002562090960004,0.7986769202643024,0.13673376781142021,0.00794853350800423,0.6949152542372881,1.0
7deg,target_main_tip_z_2p108m,realizable_loaded,37,0.6271186440677966,10.7652083220339,0.8403755472573357,0.8381816407544364,0.13904742516021718,0.007955538079771951,0.6949152542372881,1.0
7deg,target_main_tip_z_2p108m,realizable_loaded,38,0.6440677966101694,11.056159898305085,0.8811683441496302,0.8783614965795231,0.14136312050021038,0.00796254265153995,0.6949152542372881,1.0
7deg,target_main_tip_z_2p108m,realizable_loaded,39,0.6610169491525423,11.347111474576272,0.9226351927296353,0.919217504824177,0.1436808538314014,0.007969547223309531,0.6949152542372881,1.0
7deg,target_main_tip_z_2p108m,realizable_loaded,40,0.6779661016949152,11.638063050847459,0.9647766859541026,0.9607506826198868,0.14600062515378953,0.021336208832953563,0.6949152542372881,1.0
7deg,target_main_tip_z_2p108m,realizable_loaded,41,0.6949152542372881,11.929014627118644,1.0075934167797826,1.002962047152617,0.1560964610145994,0.04074931714429275,0.6949152542372881,1.0
7deg,target_main_tip_z_2p108m,realizable_loaded,42,0.711864406779661,12.21996620338983,1.0556097087192056,1.0503272563915171,0.16971278126400247,0.033820738576010645,0.6949152542372881,1.0
7deg,target_main_tip_z_2p108m,realizable_loaded,43,0.7288135593220338,12.510917779661018,1.10634981922404,1.1004003864110743,0.17577685541329147,0.015177017213522881,0.6949152542372881,1.0
7deg,target_main_tip_z_2p108m,realizable_loaded,44,0.7457627118644068,12.801869355932205,1.157894815028185,1.1512842805198504,0.1785443354267413,0.009515572518894955,0.6949152542372881,1.0
7deg,target_main_tip_z_2p108m,realizable_loaded,45,0.7627118644067796,13.09282093220339,1.2102453308774432,1.202980083232148,0.18131399706028195,0.009523070742897155,0.6949152542372881,1.0
7deg,target_main_tip_z_2p108m,realizable_loaded,46,0.7796610169491525,13.383772508474577,1.2634020015176215,1.2554889391951092,0.18408584031391717,0.009530568966899744,0.6949152542372881,1.0
7deg,target_main_tip_z_2p108m,realizable_loaded,47,0.7966101694915254,13.674724084745764,1.3173654616945236,1.3088119931990945,0.18685986518764341,0.01795274989430612,0.6949152542372881,1.0
7deg,target_main_tip_z_2p108m,realizable_loaded,48,0.8135593220338982,13.965675661016949,1.3721363461539537,1.3629503901880733,0.19453260207421863,0.031737928375864255,0.6949152542372881,1.0
7deg,target_main_tip_z_2p108m,realizable_loaded,49,0.8305084745762711,14.256627237288136,1.4305645961137823,1.4208786610492308,0.20532826576472285,0.028947735688126308,0.6949152542372881,1.0
7deg,target_main_tip_z_2p108m,realizable_loaded,50,0.847457627118644,14.547578813559323,1.4916175113085044,1.4815160958680447,0.2113773807301027,0.015685689857905083,0.6949152542372881,1.0
7deg,target_main_tip_z_2p108m,realizable_loaded,51,0.864406779661017,14.83853038983051,1.5535657603367785,1.5430576104011902,0.21445581814283976,0.010584627950167902,0.6949152542372881,1.0
7deg,target_main_tip_z_2p108m,realizable_loaded,52,0.8813559322033897,15.129481966101695,1.616410027966876,1.6055042852018413,0.2175366091027935,0.018848183260337326,0.6949152542372881,1.0
7deg,target_main_tip_z_2p108m,realizable_loaded,53,0.8983050847457626,15.420433542372882,1.680150998967072,1.6688572009562737,0.2254236354017265,0.028188348737434143,0.6949152542372881,1.0
7deg,target_main_tip_z_2p108m,realizable_loaded,54,0.9152542372881356,15.711385118644069,1.7475847520647034,1.735928663649016,0.23393949809807024,0.021185473108627118,0.6949152542372881,1.0
7deg,target_main_tip_z_2p108m,realizable_loaded,55,0.9322033898305083,16.002336694915254,1.8162811304145194,1.8042764670901903,0.23775152899173824,0.018824719212507834,0.6949152542372881,1.0
7deg,target_main_tip_z_2p108m,realizable_loaded,56,0.9491525423728813,16.29328827118644,1.8859331163067652,1.873592352066322,0.24489366155355352,0.025035951438722892,0.6949152542372881,1.0
7deg,target_main_tip_z_2p108m,realizable_loaded,57,0.9661016949152542,16.584239847457628,1.9587855241101773,1.946570454091583,0.25232002806082887,0.019040750390617256,0.6949152542372881,1.0
7deg,target_main_tip_z_2p108m,realizable_loaded,58,0.983050847457627,16.875191423728815,2.032758936084942,2.0206990442781874,0.25597353423262614,0.009246500461721374,0.6949152542372881,1.0
7deg,target_main_tip_z_2p108m,realizable_loaded,59,1.0,17.166143,2.1077373306475558,2.0958383236204305,0.25770059582948907,0.005935907338935265,0.6949152542372881,1.0
8deg,target_main_tip_z_2p413m,requested_loaded,0,0.0,0.0,0.07143912961806514,0.0651858601168413,0.025867697371386295,0.0015516577461243738,0.6949152542372881,1.0
8deg,target_main_tip_z_2p413m,requested_loaded,1,0.01694915254237288,0.29095157627118645,0.07896537694277601,0.07321205224314328,0.026319154638454578,0.002329491394572676,0.6949152542372881,1.0
8deg,target_main_tip_z_2p413m,requested_loaded,2,0.03389830508474576,0.5819031525423729,0.08675432867443207,0.08151888479082442,0.027223235757708464,0.0031113345937930914,0.6949152542372881,1.0
8deg,target_main_tip_z_2p413m,requested_loaded,3,0.05084745762711864,0.8728547288135593,0.09480666365259081,0.09010650086659822,0.02812965004719692,0.0031193536953372583,0.6949152542372881,1.0
8deg,target_main_tip_z_2p413m,requested_loaded,4,0.06779661016949153,1.1638063050847458,0.10312306071680967,0.09897504358975019,0.029038397506919916,0.0031273727968817652,0.6949152542372881,1.0
8deg,target_main_tip_z_2p413m,requested_loaded,5,0.0847457627118644,1.4547578813559323,0.11170419870664611,0.10812465609137781,0.029949478136877677,0.003135391898426605,0.6949152542372881,1.0
8deg,target_main_tip_z_2p413m,requested_loaded,6,0.10169491525423728,1.7457094576271186,0.12055075646165768,0.11755548151363061,0.030862891937070175,0.003143410999971119,0.6949152542372881,1.0
8deg,target_main_tip_z_2p413m,requested_loaded,7,0.11864406779661016,2.036661033898305,0.1296634128214018,0.1272676630089502,0.03177863890749724,0.0031514301015154247,0.6949152542372881,1.0
8deg,target_main_tip_z_2p413m,requested_loaded,8,0.13559322033898305,2.3276126101694916,0.13904284662543603,0.13726134373931043,0.032696719048158934,0.012065223499185776,0.6949152542372881,1.0
8deg,target_main_tip_z_2p413m,requested_loaded,9,0.15254237288135591,2.618564186440678,0.14868973671331775,0.14753666687545736,0.03879943049780177,0.028415420896932726,0.6949152542372881,1.0
8deg,target_main_tip_z_2p413m,requested_loaded,10,0.1694915254237288,2.9095157627118646,0.16162035754895557,0.16095173130835674,0.049231742048902516,0.027516939655667094,0.6949152542372881,1.0
8deg,target_main_tip_z_2p413m,requested_loaded,11,0.1864406779661017,3.200467338983051,0.17733784261672703,0.1770384799921884,0.05481162443175269,0.012308580839078778,0.6949152542372881,1.0
8deg,target_main_tip_z_2p413m,requested_loaded,12,0.20338983050847456,3.491418915254237,0.193515414601761,0.19359239819375315,0.056394144042485106,0.005443247308559135,0.6949152542372881,1.0
8deg,target_main_tip_z_2p413m,requested_loaded,13,0.22033898305084743,3.7823704915254237,0.21015377281997774,0.2106138709389237,0.05797906720067103,0.0054515082964679135,0.6949152542372881,1.0
8deg,target_main_tip_z_2p413m,requested_loaded,14,0.23728813559322032,4.07332206779661,0.22725361658729756,0.22810328325342694,0.05956639390631069,0.0054597692843769,0.6949152542372881,1.0
8deg,target_main_tip_z_2p413m,requested_loaded,15,0.2542372881355932,4.364273644067797,0.24481564521964078,0.24606102016282952,0.06115612415940397,0.005468030272285623,0.6949152542372881,1.0
8deg,target_main_tip_z_2p413m,requested_loaded,16,0.2711864406779661,4.655225220338983,0.2628405580329275,0.26448746669252243,0.06274825795995082,0.0054762912601943325,0.6949152542372881,1.0
8deg,target_main_tip_z_2p413m,requested_loaded,17,0.28813559322033894,4.946176796610169,0.28132905434307814,0.2833830078677069,0.06434279530795128,0.0054845522481032916,0.6949152542372881,1.0
8deg,target_main_tip_z_2p413m,requested_loaded,18,0.30508474576271183,5.237128372881356,0.30028183346601295,0.3027480287133791,0.06593973620340549,0.005492813236012112,0.6949152542372881,1.0
8deg,target_main_tip_z_2p413m,requested_loaded,19,0.3220338983050847,5.528079949152542,0.3196995947176522,0.32258291425431523,0.0675390806463132,0.012343599009572825,0.6949152542372881,1.0
8deg,target_main_tip_z_2p413m,requested_loaded,20,0.3389830508474576,5.819031525423729,0.3395830374139162,0.3428880495150574,0.07312251538079484,0.03229343588221349,0.6949152542372881,1.0
8deg,target_main_tip_z_2p413m,requested_loaded,21,0.3559322033898305,6.109983101694915,0.3622498169395648,0.36577577351945684,0.08633073279259817,0.03913830887567463,0.6949152542372881,1.0
8deg,target_main_tip_z_2p413m,requested_loaded,22,0.3728813559322034,6.400934677966102,0.38981916298722236,0.39318467913623734,0.09589722070072704,0.02036524711129853,0.6949152542372881,1.0
8deg,target_main_tip_z_2p413m,requested_loaded,23,0.38983050847457623,6.691886254237288,0.41805271198536953,0.4212549472493142,0.09818133428896725,0.007854787936846908,0.6949152542372881,1.0
8deg,target_main_tip_z_2p413m,requested_loaded,24,0.4067796610169491,6.982837830508474,0.44695119093078894,0.4499874488161193,0.10046794656373004,0.007863375917549681,0.6949152542372881,1.0
8deg,target_main_tip_z_2p413m,requested_loaded,25,0.423728813559322,7.273789406779661,0.47651532682026276,0.4793830547789195,0.10275705752501518,0.00787196389825326,0.6949152542372881,1.0
8deg,target_main_tip_z_2p413m,requested_loaded,26,0.44067796610169485,7.564740983050847,0.5067458466505732,0.5094426360659948,0.10504866717282335,0.007880551878957004,0.6949152542372881,1.0
8deg,target_main_tip_z_2p413m,requested_loaded,27,0.4576271186440678,7.855692559322034,0.5376434774185032,0.5401670635928173,0.10734277550715399,0.007889139859658667,0.6949152542372881,1.0
8deg,target_main_tip_z_2p413m,requested_loaded,28,0.47457627118644063,8.14664413559322,0.5692089461208343,0.5715572082632282,0.10963938252800642,0.007897727840362218,0.6949152542372881,1.0
8deg,target_main_tip_z_2p413m,requested_loaded,29,0.4915254237288135,8.437595711864407,0.6014429797543493,0.6036139409706173,0.11193848823538244,0.014893214163846702,0.6949152542372881,1.0
8deg,target_main_tip_z_2p413m,requested_loaded,30,0.5084745762711864,8.728547288135594,0.6343463053158308,0.6363381325990998,0.11830579080143755,0.037109043896747296,0.6949152542372881,1.0
8deg,target_main_tip_z_2p413m,requested_loaded,31,0.5254237288135593,9.01949886440678,0.6702854923857241,0.6719389506680584,0.1335323578667329,0.045916725017067506,0.6949152542372881,1.0
8deg,target_main_tip_z_2p413m,requested_loaded,32,0.5423728813559322,9.310450440677966,0.712049205324899,0.7130266504963827,0.14502487784329032,0.024849483424585955,0.6949152542372881,1.0
8deg,target_main_tip_z_2p413m,requested_loaded,33,0.559322033898305,9.601402016949153,0.7546759259998074,0.7549742762608634,0.14799235061054894,0.010203724168020428,0.6949152542372881,1.0
8deg,target_main_tip_z_2p413m,requested_loaded,34,0.5762711864406779,9.892353593220339,0.7981664206973333,0.7977831428015143,0.1509624571043342,0.010212776280954516,0.6949152542372881,1.0
8deg,target_main_tip_z_2p413m,requested_loaded,35,0.5932203389830508,10.183305169491526,0.8425214557043621,0.841454564942912,0.15393519732464633,0.010221828393888965,0.6949152542372881,1.0
8deg,target_main_tip_z_2p413m,requested_loaded,36,0.6101694915254237,10.474256745762712,0.8877417973077775,0.8859898575040196,0.15691057127148533,0.010230880506823803,0.6949152542372881,1.0
8deg,target_main_tip_z_2p413m,requested_loaded,37,0.6271186440677966,10.7652083220339,0.9338282117944643,0.9313903353080137,0.15988857894485142,0.010239932619757974,0.6949152542372881,1.0
8deg,target_main_tip_z_2p413m,requested_loaded,38,0.6440677966101694,11.056159898305085,0.9807814654513064,0.9776573131921094,0.16286922034474394,0.010248984732692035,0.6949152542372881,1.0
8deg,target_main_tip_z_2p413m,requested_loaded,39,0.6610169491525423,11.347111474576272,1.028602324565189,1.0247921060173875,0.16585249547116354,0.010258036845625651,0.6949152542372881,1.0
8deg,target_main_tip_z_2p413m,requested_loaded,40,0.6779661016949152,11.638063050847459,1.0772915554229963,1.0727960286786218,0.16883840432410935,0.025230691635945268,0.6949152542372881,1.0
8deg,target_main_tip_z_2p413m,requested_loaded,41,0.6949152542372881,11.929014627118644,1.126849924311612,1.121670396114108,0.1805343144749445,0.04703038192596021,0.6949152542372881,1.0
8deg,target_main_tip_z_2p413m,requested_loaded,42,0.711864406779661,12.21996620338983,1.1823450421580426,1.1764283844497154,0.19620553183209744,0.039390155501901836,0.6949152542372881,1.0
8deg,target_main_tip_z_2p413m,requested_loaded,43,0.7288135593220338,12.510917779661018,1.2410225418309624,1.2343489019896527,0.20345557014063553,0.018583306207694217,0.6949152542372881,1.0
8deg,target_main_tip_z_2p413m,requested_loaded,44,0.7457627118644068,12.801869355932205,1.3007364798251844,1.2933104483113247,0.20701921629901499,0.012253089927255656,0.6949152542372881,1.0
8deg,target_main_tip_z_2p413m,requested_loaded,45,0.7627118644067796,13.09282093220339,1.3614876764322104,1.353314502875634,0.21058568179769077,0.012262779994360484,0.6949152542372881,1.0
8deg,target_main_tip_z_2p413m,requested_loaded,46,0.7796610169491525,13.383772508474577,1.4232769519435458,1.4143625452785284,0.2141549666366669,0.012272470061465313,0.6949152542372881,1.0
8deg,target_main_tip_z_2p413m,requested_loaded,47,0.7966101694915254,13.674724084745764,1.4861051266506937,1.4764560552644195,0.21772707081593934,0.02179996465479145,0.6949152542372881,1.0
8deg,target_main_tip_z_2p413m,requested_loaded,48,0.8135593220338982,13.965675661016949,1.549973020845157,1.539596512739607,0.22684043479460225,0.03742596756359595,0.6949152542372881,1.0
8deg,target_main_tip_z_2p413m,requested_loaded,49,0.8305084745762711,14.256627237288136,1.6181042907817555,1.607148579218111,0.23950535932814443,0.034343734567501116,0.6949152542372881,1.0
8deg,target_main_tip_z_2p413m,requested_loaded,50,0.847457627118644,14.547578813559323,1.6893419444889983,1.6779015151075363,0.24682516220950967,0.01939204899950464,0.6949152542372881,1.0
8deg,target_main_tip_z_2p413m,requested_loaded,51,0.864406779661017,14.83853038983051,1.7617326307982522,1.7498164627778954,0.25078965377521234,0.01363117663316693,0.6949152542372881,1.0
8deg,target_main_tip_z_2p413m,requested_loaded,52,0.8813559322033897,15.129481966101695,1.8352772346458042,1.8228948186268028,0.2547571868652114,0.02303758787823218,0.6949152542372881,1.0
8deg,target_main_tip_z_2p413m,requested_loaded,53,0.8983050847457626,15.420433542372882,1.9099766409679448,1.8971379792037961,0.26419529878852765,0.033692866887466366,0.6949152542372881,1.0
8deg,target_main_tip_z_2p413m,requested_loaded,54,0.9152542372881356,15.711385118644069,1.989013311897723,1.975746936692705,0.2743631723252187,0.025772106157063768,0.6949152542372881,1.0
8deg,target_main_tip_z_2p413m,requested_loaded,55,0.9322033898305083,16.002336694915254,2.0696294358855156,2.055950273465182,0.2791921686089798,0.023138685201582188,0.6949152542372881,1.0
8deg,target_main_tip_z_2p413m,requested_loaded,56,0.9491525423728813,16.29328827118644,2.15147611497643,2.1373977474700236,0.2878276461897049,0.030256097054515707,0.6949152542372881,1.0
8deg,target_main_tip_z_2p413m,requested_loaded,57,0.9661016949152542,16.584239847457628,2.237117250592156,2.223166492063755,0.2967982868686305,0.02344576519820324,0.6949152542372881,1.0
8deg,target_main_tip_z_2p413m,requested_loaded,58,0.983050847457627,16.875191423728815,2.324183973774462,2.3103951241646326,0.30147081087230765,0.011849355231562497,0.6949152542372881,1.0
8deg,target_main_tip_z_2p413m,requested_loaded,59,1.0,17.166143,2.4125440658382575,2.398924304791543,0.3036934640334712,0.00763925457854155,0.6949152542372881,1.0
8deg,target_main_tip_z_2p413m,jig_unloaded,0,-2.143294921165213e-24,-3.71127179771606e-23,0.07143912961806514,0.0651858601168413,0.025425309126678095,-0.00020766862192136685,0.6918559661096584,1.0
8deg,target_main_tip_z_2p413m,jig_unloaded,1,0.01680258556202401,0.29094904909842734,0.0788365991315057,0.0669037642059622,0.025364888138602493,-0.0004092629180173571,0.6918559661096584,1.0
8deg,target_main_tip_z_2p413m,jig_unloaded,2,0.03360551284922855,0.5819040154181039,0.086199059161493,0.06013037889603119,0.025187155005541695,-0.0008718693448521372,0.6918559661096584,1.0
8deg,target_main_tip_z_2p413m,jig_unloaded,3,0.05040882663863389,0.8728656743058606,0.09349342180066637,0.050381159351649094,0.024857529378156107,-0.001521827980361705,0.6918559661096584,1.0
8deg,target_main_tip_z_2p413m,jig_unloaded,4,0.06721261261114139,1.1638355093891242,0.10066443489709406,0.04319406153700669,0.024301549015099344,-0.001976011639182332,0.6918559661096584,1.0
8deg,target_main_tip_z_2p413m,jig_unloaded,5,0.08401702089511259,1.454816120250195,0.1076357116805454,0.044129542361771676,0.02370758711774909,-0.0013171172217167626,0.6918559661096584,1.0
8deg,target_main_tip_z_2p413m,jig_unloaded,6,0.10082139631177035,1.7457961619897127,0.11446131805261156,0.050618649699848875,0.023535037792968144,-1.7271578463103066e-05,0.6918559661096584,1.0
8deg,target_main_tip_z_2p413m,jig_unloaded,7,0.1176259283047351,2.036778914962419,0.12133222846972704,0.05551121402942029,0.023697538823525877,0.0005214002073850865,0.6918559661096584,1.0
8deg,target_main_tip_z_2p413m,jig_unloaded,8,0.13443082201380505,2.3277679313138453,0.1282526177121874,0.05786111039106548,0.023838477529993546,0.009203575300466588,0.6918559661096584,1.0
8deg,target_main_tip_z_2p413m,jig_unloaded,9,0.1512360764575445,2.6187631940497154,0.13520584833132973,0.056745071790130705,0.029053983888307544,0.025006183555940906,0.6918559661096584,1.0
8deg,target_main_tip_z_2p413m,jig_unloaded,10,0.16804302778095886,2.9097878394973136,0.1451629179528377,0.05436388631962691,0.0383929904548877,0.023244854951921537,0.6918559661096584,1.0
8deg,target_main_tip_z_2p413m,jig_unloaded,11,0.1848518582702402,3.2008450240752775,0.15755398246274327,0.05107163225880049,0.04258381593281907,0.006866632278271986,0.6918559661096584,1.0
8deg,target_main_tip_z_2p413m,jig_unloaded,12,0.20166173067407855,3.491920250165275,0.16995233778154453,0.04675441242068065,0.042390007870435065,-0.0014684911803030665,0.6918559661096584,1.0
8deg,target_main_tip_z_2p413m,jig_unloaded,13,0.21847279638611994,3.7830161392589314,0.1822322121446505,0.043719399740739934,0.041728869612990604,-0.003192940502000155,0.6918559661096584,1.0
8deg,target_main_tip_z_2p413m,jig_unloaded,14,0.23528537341759667,4.074138197953152,0.19424761073758284,0.044299446177645446,0.04053097235885078,-0.005042033786809022,0.6918559661096584,1.0
8deg,target_main_tip_z_2p413m,jig_unloaded,15,0.25209991777516944,4.365294322336537,0.20583246254903026,0.05085308277470019,0.0387929401604194,-0.00658167768519255,0.6918559661096584,1.0
8deg,target_main_tip_z_2p413m,jig_unloaded,16,0.2689158420709599,4.656474341358682,0.2168380942923361,0.06294006461613477,0.036698194297801356,-0.007743012464857854,0.6918559661096584,1.0
8deg,target_main_tip_z_2p413m,jig_unloaded,17,0.2857339118616714,4.94769151119341,0.22720530612131043,0.0769801217791268,0.034283390671666636,-0.009095688091169209,0.6918559661096584,1.0
8deg,target_main_tip_z_2p413m,jig_unloaded,18,0.3025546908932018,5.238955593512954,0.23680740311655965,0.09089220521120919,0.03140005110710942,-0.010815926759307752,0.6918559661096584,1.0
8deg,target_main_tip_z_2p413m,jig_unloaded,19,0.3193784365097821,5.5302710444207515,0.24549817224262285,0.10262247400813121,0.027982158939100776,-0.005983658487871919,0.6918559661096584,1.0
8deg,target_main_tip_z_2p413m,jig_unloaded,20,0.33620545472376867,5.821643162744401,0.25311204952287025,0.11014429547278282,0.027914099308144313,0.011522277204710878,0.6918559661096584,1.0
8deg,target_main_tip_z_2p413m,jig_unloaded,21,0.35304046718821686,6.1131537073573545,0.2617693105228898,0.11375592930987682,0.034701549972656454,0.015620614105833389,0.6918559661096584,1.0
8deg,target_main_tip_z_2p413m,jig_unloaded,22,0.36988951967122086,6.4049073651526855,0.2733546552943524,0.11503920145690999,0.03702131677660836,-0.006092881098676679,0.6918559661096584,1.0
8deg,target_main_tip_z_2p413m,jig_unloaded,23,0.38674556677204797,6.696782139867607,0.2833753523376995,0.11201974279327159,0.0311421686904102,-0.021909829628257813,0.6918559661096584,1.0
8deg,target_main_tip_z_2p413m,jig_unloaded,24,0.40360920606561346,6.988788378948512,0.29153713738682385,0.10696461279594471,0.02422811850923484,-0.025545817084715042,0.6918559661096584,1.0
8deg,target_main_tip_z_2p413m,jig_unloaded,25,0.4204813604035622,7.280942062246095,0.29752735013573595,0.10217569686752465,0.016218775154103082,-0.02951280244105455,0.6918559661096584,1.0
8deg,target_main_tip_z_2p413m,jig_unloaded,26,0.4373631598291746,7.573262757285641,0.30101516425920327,0.09998970623721476,0.006977940676912375,-0.03155075409471556,0.6918559661096584,1.0
8deg,target_main_tip_z_2p413m,jig_unloaded,27,0.4542538773242465,7.865737875215609,0.30160649034758563,0.10208362583368985,-0.002231954823732729,-0.029231599575413374,0.6918559661096584,1.0
8deg,target_main_tip_z_2p413m,jig_unloaded,28,0.4711540340795661,8.158376440835404,0.29970782602954693,0.1064631629916381,-0.010125129922945675,-0.024912195404472794,0.6918559661096584,1.0
8deg,target_main_tip_z_2p413m,jig_unloaded,29,0.48806279965289784,8.451164074430796,0.29567788941065026,0.11028279530453583,-0.016815592305127913,-0.014057243676850042,0.6918559661096584,1.0
8deg,target_main_tip_z_2p413m,jig_unloaded,30,0.5049791637134136,8.744083281385096,0.2898580153984683,0.11073486250774311,-0.018356239160712662,0.011324567998850763,0.6918559661096584,1.0
8deg,target_main_tip_z_2p413m,jig_unloaded,31,0.5219135400025373,9.037314383241899,0.2849193180117448,0.10744704959469309,-0.010167342713762073,0.022939926507860524,0.6918559661096584,1.0
8deg,target_main_tip_z_2p413m,jig_unloaded,32,0.5388797103583143,9.33109602259935,0.2838970122513106,0.10213683894038705,-0.004895705681367768,0.004612217725893233,0.6918559661096584,1.0
8deg,target_main_tip_z_2p413m,jig_unloaded,33,0.5558529540748425,9.62500014236774,0.2820418345918927,0.09217975738711037,-0.007460074499466729,-0.007858923821873415,0.6918559661096584,1.0
8deg,target_main_tip_z_2p413m,jig_unloaded,34,0.5728322837222308,9.91900964447685,0.27951089085526093,0.08003101436128057,-0.009515891438833135,-0.006219774723584278,0.6918559661096584,1.0
8deg,target_main_tip_z_2p413m,jig_unloaded,35,0.5898170838732834,10.213113872354995,0.2764452362253643,0.06819229887207645,-0.011117863022940988,-0.006592605372939736,0.6918559661096584,1.0
8deg,target_main_tip_z_2p413m,jig_unloaded,36,0.6068068838574923,10.507304675998348,0.27297018706487686,0.05921177778149489,-0.013394486825364371,-0.009907558831353303,0.6918559661096584,1.0
8deg,target_main_tip_z_2p413m,jig_unloaded,37,0.623803701244749,10.801616991104114,0.26856215435027253,0.05357621202461471,-0.016949019510909602,-0.01154336504347948,0.6918559661096584,1.0
8deg,target_main_tip_z_2p413m,jig_unloaded,38,0.6408086408768554,11.096069948815554,0.262990638248102,0.04938546181455905,-0.02019066903748462,-0.008713176417116816,0.6918559661096584,1.0
8deg,target_main_tip_z_2p413m,jig_unloaded,39,0.6578198709130471,11.390631829471044,0.25666927417434615,0.045802464452346814,-0.022080709469152027,-0.004303133886925756,0.6918559661096584,1.0
8deg,target_main_tip_z_2p413m,jig_unloaded,40,0.6748360618167821,11.685279611173675,0.24998036426098602,0.04202576973583905,-0.022725753977677066,0.01410167183721453,0.6918559661096584,1.0
8deg,target_main_tip_z_2p413m,jig_unloaded,41,0.6918559661096584,11.979991692923198,0.2432756237777901,0.037289539921198545,-0.013767654843792887,0.038302392147752114,0.6918559661096584,1.0
8deg,target_main_tip_z_2p413m,jig_unloaded,42,0.7089082870544434,12.275265092692083,0.2418677414509316,0.03582702580074226,-0.00011901436660483045,0.03303266687131885,0.6918559661096584,1.0
8deg,target_main_tip_z_2p413m,jig_unloaded,43,0.7259758892822735,12.570803099045147,0.2432077701729466,0.03518397881930535,0.005741437501560032,0.014151975598184183,0.6918559661096584,1.0
8deg,target_main_tip_z_2p413m,jig_unloaded,44,0.7430452452050821,12.866371471908444,0.24526161510686206,0.033940478691524945,0.008245963840435244,0.008704866482111055,0.6918559661096584,1.0
8deg,target_main_tip_z_2p413m,jig_unloaded,45,0.760115787761318,13.161960392196782,0.248082485144971,0.03281558630694703,0.010887392312816768,0.006694182922285246,0.6918559661096584,1.0
8deg,target_main_tip_z_2p413m,jig_unloaded,46,0.7771868915906487,13.457559031338958,0.25169813212490055,0.032564940880708715,0.012203437925123961,0.0007839138737056536,0.6918559661096584,1.0
8deg,target_main_tip_z_2p413m,jig_unloaded,47,0.7942676392298923,13.753324660097912,0.2552991528682216,0.03468590305251018,0.011349745510474851,0.005814121244018606,0.6918559661096584,1.0
8deg,target_main_tip_z_2p413m,jig_unloaded,48,0.8113565891711956,14.049232317711642,0.2584132388030991,0.03990053471120758,0.01564597018720265,0.022265338302644423,0.6918559661096584,1.0
8deg,target_main_tip_z_2p413m,jig_unloaded,49,0.8284694592843208,14.345554170582416,0.2645694042238911,0.0510336391568349,0.024542357562644224,0.023095715040630987,0.6918559661096584,1.0
8deg,target_main_tip_z_2p413m,jig_unloaded,50,0.8455989024910018,14.642162998680478,0.27296731875597113,0.06666041275856238,0.029336150552130402,0.012147515825648166,0.6918559661096584,1.0
8deg,target_main_tip_z_2p413m,jig_unloaded,51,0.8627316396739649,14.938828864385252,0.2819739166763293,0.08460356285373827,0.03174871329697293,0.00921773805244925,0.6918559661096584,1.0
8deg,target_main_tip_z_2p413m,jig_unloaded,52,0.8798661879465367,15.235526090430227,0.2918059205801702,0.10462311463237484,0.0348056841876469,0.01963754474033856,0.6918559661096584,1.0
8deg,target_main_tip_z_2p413m,jig_unloaded,53,0.8970017774142774,15.532241345530505,0.302628104217221,0.1265074879482524,0.043402214029134245,0.030627312086309873,0.6918559661096584,1.0
8deg,target_main_tip_z_2p413m,jig_unloaded,54,0.9141571167710847,15.829298584394083,0.31758170333310676,0.152883083521123,0.05299247228051418,0.024206022047775597,0.6918559661096584,1.0
8deg,target_main_tip_z_2p413m,jig_unloaded,55,0.9313149903587353,16.126399705316846,0.33411425751501755,0.18116934932424145,0.05778371535859206,0.0211627272427216,0.6918559661096584,1.0
8deg,target_main_tip_z_2p413m,jig_unloaded,56,0.9484728493560981,16.423500573598112,0.35191690086274163,0.2109315112080492,0.06556740436047392,0.026592813340279145,0.6918559661096584,1.0
8deg,target_main_tip_z_2p413m,jig_unloaded,57,0.9656475598084886,16.72089323713899,0.37309695198963366,0.24404153117516514,0.07359320093225807,0.021148794113338587,0.6918559661096584,1.0
8deg,target_main_tip_z_2p413m,jig_unloaded,58,0.9828236242819264,17.018309346543884,0.3956908937343988,0.27861451783572777,0.07814661885237661,0.011318509161154205,0.6918559661096584,1.0
8deg,target_main_tip_z_2p413m,jig_unloaded,59,1.0,17.315730845377118,0.4195815233289002,0.3145066698841634,0.08032583282722608,0.007327022368585941,0.6918559661096584,1.0
8deg,target_main_tip_z_2p413m,realizable_loaded,0,0.0,0.0,0.07143912961806514,0.0651858601168413,0.025867697371386295,0.0015516577461243738,0.6949152542372881,1.0
8deg,target_main_tip_z_2p413m,realizable_loaded,1,0.01694915254237288,0.29095157627118645,0.07896537694277601,0.07321205224314328,0.026319154638454578,0.002329491394572676,0.6949152542372881,1.0
8deg,target_main_tip_z_2p413m,realizable_loaded,2,0.03389830508474576,0.5819031525423729,0.08675432867443207,0.08151888479082442,0.027223235757708464,0.0031113345937930914,0.6949152542372881,1.0
8deg,target_main_tip_z_2p413m,realizable_loaded,3,0.05084745762711864,0.8728547288135593,0.09480666365259081,0.09010650086659822,0.02812965004719692,0.0031193536953372583,0.6949152542372881,1.0
8deg,target_main_tip_z_2p413m,realizable_loaded,4,0.06779661016949153,1.1638063050847458,0.10312306071680967,0.09897504358975019,0.029038397506919916,0.0031273727968817652,0.6949152542372881,1.0
8deg,target_main_tip_z_2p413m,realizable_loaded,5,0.0847457627118644,1.4547578813559323,0.11170419870664611,0.10812465609137781,0.029949478136877677,0.003135391898426605,0.6949152542372881,1.0
8deg,target_main_tip_z_2p413m,realizable_loaded,6,0.10169491525423728,1.7457094576271186,0.12055075646165768,0.11755548151363061,0.030862891937070175,0.003143410999971119,0.6949152542372881,1.0
8deg,target_main_tip_z_2p413m,realizable_loaded,7,0.11864406779661016,2.036661033898305,0.1296634128214018,0.1272676630089502,0.03177863890749724,0.0031514301015154247,0.6949152542372881,1.0
8deg,target_main_tip_z_2p413m,realizable_loaded,8,0.13559322033898305,2.3276126101694916,0.13904284662543603,0.13726134373931043,0.032696719048158934,0.012065223499185776,0.6949152542372881,1.0
8deg,target_main_tip_z_2p413m,realizable_loaded,9,0.15254237288135591,2.618564186440678,0.14868973671331775,0.14753666687545736,0.03879943049780177,0.028415420896932726,0.6949152542372881,1.0
8deg,target_main_tip_z_2p413m,realizable_loaded,10,0.1694915254237288,2.9095157627118646,0.16162035754895557,0.16095173130835674,0.049231742048902516,0.027516939655667094,0.6949152542372881,1.0
8deg,target_main_tip_z_2p413m,realizable_loaded,11,0.1864406779661017,3.200467338983051,0.17733784261672703,0.1770384799921884,0.05481162443175269,0.012308580839078778,0.6949152542372881,1.0
8deg,target_main_tip_z_2p413m,realizable_loaded,12,0.20338983050847456,3.491418915254237,0.193515414601761,0.19359239819375315,0.056394144042485106,0.005443247308559135,0.6949152542372881,1.0
8deg,target_main_tip_z_2p413m,realizable_loaded,13,0.22033898305084743,3.7823704915254237,0.21015377281997774,0.2106138709389237,0.05797906720067103,0.0054515082964679135,0.6949152542372881,1.0
8deg,target_main_tip_z_2p413m,realizable_loaded,14,0.23728813559322032,4.07332206779661,0.22725361658729756,0.22810328325342694,0.05956639390631069,0.0054597692843769,0.6949152542372881,1.0
8deg,target_main_tip_z_2p413m,realizable_loaded,15,0.2542372881355932,4.364273644067797,0.24481564521964078,0.24606102016282952,0.06115612415940397,0.005468030272285623,0.6949152542372881,1.0
8deg,target_main_tip_z_2p413m,realizable_loaded,16,0.2711864406779661,4.655225220338983,0.2628405580329275,0.26448746669252243,0.06274825795995082,0.0054762912601943325,0.6949152542372881,1.0
8deg,target_main_tip_z_2p413m,realizable_loaded,17,0.28813559322033894,4.946176796610169,0.28132905434307814,0.2833830078677069,0.06434279530795128,0.0054845522481032916,0.6949152542372881,1.0
8deg,target_main_tip_z_2p413m,realizable_loaded,18,0.30508474576271183,5.237128372881356,0.30028183346601295,0.3027480287133791,0.06593973620340549,0.005492813236012306,0.6949152542372881,1.0
8deg,target_main_tip_z_2p413m,realizable_loaded,19,0.3220338983050847,5.528079949152542,0.3196995947176522,0.32258291425431523,0.06753908064631331,0.012343599009572825,0.6949152542372881,1.0
8deg,target_main_tip_z_2p413m,realizable_loaded,20,0.3389830508474576,5.819031525423729,0.33958303741391627,0.3428880495150574,0.07312251538079484,0.0322934358822131,0.6949152542372881,1.0
8deg,target_main_tip_z_2p413m,realizable_loaded,21,0.3559322033898305,6.109983101694915,0.3622498169395648,0.36577577351945684,0.08633073279259806,0.03913830887567463,0.6949152542372881,1.0
8deg,target_main_tip_z_2p413m,realizable_loaded,22,0.3728813559322034,6.400934677966102,0.38981916298722236,0.39318467913623734,0.09589722070072704,0.020365247111298695,0.6949152542372881,1.0
8deg,target_main_tip_z_2p413m,realizable_loaded,23,0.38983050847457623,6.691886254237288,0.41805271198536953,0.4212549472493142,0.09818133428896725,0.007854787936846908,0.6949152542372881,1.0
8deg,target_main_tip_z_2p413m,realizable_loaded,24,0.4067796610169491,6.982837830508474,0.44695119093078894,0.4499874488161193,0.10046794656373004,0.007863375917549681,0.6949152542372881,1.0
8deg,target_main_tip_z_2p413m,realizable_loaded,25,0.423728813559322,7.273789406779661,0.47651532682026276,0.4793830547789195,0.10275705752501518,0.00787196389825326,0.6949152542372881,1.0
8deg,target_main_tip_z_2p413m,realizable_loaded,26,0.44067796610169485,7.564740983050847,0.5067458466505732,0.5094426360659948,0.10504866717282335,0.007880551878957004,0.6949152542372881,1.0
8deg,target_main_tip_z_2p413m,realizable_loaded,27,0.4576271186440678,7.855692559322034,0.5376434774185032,0.5401670635928173,0.10734277550715399,0.007889139859658667,0.6949152542372881,1.0
8deg,target_main_tip_z_2p413m,realizable_loaded,28,0.47457627118644063,8.14664413559322,0.5692089461208343,0.5715572082632282,0.10963938252800642,0.007897727840362218,0.6949152542372881,1.0
8deg,target_main_tip_z_2p413m,realizable_loaded,29,0.4915254237288135,8.437595711864407,0.6014429797543493,0.6036139409706173,0.11193848823538244,0.014893214163846702,0.6949152542372881,1.0
8deg,target_main_tip_z_2p413m,realizable_loaded,30,0.5084745762711864,8.728547288135594,0.6343463053158308,0.6363381325990998,0.11830579080143755,0.037109043896747296,0.6949152542372881,1.0
8deg,target_main_tip_z_2p413m,realizable_loaded,31,0.5254237288135593,9.01949886440678,0.6702854923857241,0.6719389506680584,0.1335323578667329,0.045916725017067506,0.6949152542372881,1.0
8deg,target_main_tip_z_2p413m,realizable_loaded,32,0.5423728813559322,9.310450440677966,0.712049205324899,0.7130266504963827,0.14502487784329032,0.024849483424585955,0.6949152542372881,1.0
8deg,target_main_tip_z_2p413m,realizable_loaded,33,0.559322033898305,9.601402016949153,0.7546759259998074,0.7549742762608634,0.14799235061054894,0.010203724168020428,0.6949152542372881,1.0
8deg,target_main_tip_z_2p413m,realizable_loaded,34,0.5762711864406779,9.892353593220339,0.7981664206973333,0.7977831428015143,0.1509624571043342,0.010212776280954516,0.6949152542372881,1.0
8deg,target_main_tip_z_2p413m,realizable_loaded,35,0.5932203389830508,10.183305169491526,0.8425214557043621,0.841454564942912,0.15393519732464633,0.010221828393888965,0.6949152542372881,1.0
8deg,target_main_tip_z_2p413m,realizable_loaded,36,0.6101694915254237,10.474256745762712,0.8877417973077775,0.8859898575040196,0.15691057127148533,0.010230880506823803,0.6949152542372881,1.0
8deg,target_main_tip_z_2p413m,realizable_loaded,37,0.6271186440677966,10.7652083220339,0.9338282117944643,0.9313903353080137,0.15988857894485142,0.010239932619757974,0.6949152542372881,1.0
8deg,target_main_tip_z_2p413m,realizable_loaded,38,0.6440677966101694,11.056159898305085,0.9807814654513064,0.9776573131921094,0.16286922034474394,0.010248984732692035,0.6949152542372881,1.0
8deg,target_main_tip_z_2p413m,realizable_loaded,39,0.6610169491525423,11.347111474576272,1.028602324565189,1.0247921060173875,0.16585249547116354,0.010258036845625651,0.6949152542372881,1.0
8deg,target_main_tip_z_2p413m,realizable_loaded,40,0.6779661016949152,11.638063050847459,1.0772915554229963,1.0727960286786218,0.16883840432410935,0.025230691635945268,0.6949152542372881,1.0
8deg,target_main_tip_z_2p413m,realizable_loaded,41,0.6949152542372881,11.929014627118644,1.126849924311612,1.121670396114108,0.1805343144749445,0.04703038192596021,0.6949152542372881,1.0
8deg,target_main_tip_z_2p413m,realizable_loaded,42,0.711864406779661,12.21996620338983,1.1823450421580426,1.1764283844497154,0.19620553183209744,0.039390155501901836,0.6949152542372881,1.0
8deg,target_main_tip_z_2p413m,realizable_loaded,43,0.7288135593220338,12.510917779661018,1.2410225418309624,1.2343489019896527,0.20345557014063553,0.018583306207694217,0.6949152542372881,1.0
8deg,target_main_tip_z_2p413m,realizable_loaded,44,0.7457627118644068,12.801869355932205,1.3007364798251844,1.2933104483113247,0.20701921629901499,0.012253089927255656,0.6949152542372881,1.0
8deg,target_main_tip_z_2p413m,realizable_loaded,45,0.7627118644067796,13.09282093220339,1.3614876764322104,1.353314502875634,0.21058568179769077,0.012262779994360484,0.6949152542372881,1.0
8deg,target_main_tip_z_2p413m,realizable_loaded,46,0.7796610169491525,13.383772508474577,1.4232769519435458,1.4143625452785284,0.2141549666366669,0.012272470061465313,0.6949152542372881,1.0
8deg,target_main_tip_z_2p413m,realizable_loaded,47,0.7966101694915254,13.674724084745764,1.4861051266506937,1.4764560552644195,0.21772707081593934,0.02179996465479145,0.6949152542372881,1.0
8deg,target_main_tip_z_2p413m,realizable_loaded,48,0.8135593220338982,13.965675661016949,1.549973020845157,1.539596512739607,0.22684043479460225,0.03742596756359595,0.6949152542372881,1.0
8deg,target_main_tip_z_2p413m,realizable_loaded,49,0.8305084745762711,14.256627237288136,1.6181042907817555,1.607148579218111,0.23950535932814443,0.034343734567501116,0.6949152542372881,1.0
8deg,target_main_tip_z_2p413m,realizable_loaded,50,0.847457627118644,14.547578813559323,1.6893419444889983,1.6779015151075363,0.24682516220950967,0.01939204899950464,0.6949152542372881,1.0
8deg,target_main_tip_z_2p413m,realizable_loaded,51,0.864406779661017,14.83853038983051,1.7617326307982522,1.7498164627778954,0.25078965377521234,0.01363117663316693,0.6949152542372881,1.0
8deg,target_main_tip_z_2p413m,realizable_loaded,52,0.8813559322033897,15.129481966101695,1.8352772346458042,1.8228948186268028,0.2547571868652114,0.02303758787823218,0.6949152542372881,1.0
8deg,target_main_tip_z_2p413m,realizable_loaded,53,0.8983050847457626,15.420433542372882,1.9099766409679448,1.8971379792037961,0.26419529878852765,0.033692866887466366,0.6949152542372881,1.0
8deg,target_main_tip_z_2p413m,realizable_loaded,54,0.9152542372881356,15.711385118644069,1.989013311897723,1.975746936692705,0.2743631723252187,0.025772106157063768,0.6949152542372881,1.0
8deg,target_main_tip_z_2p413m,realizable_loaded,55,0.9322033898305083,16.002336694915254,2.0696294358855156,2.055950273465182,0.2791921686089798,0.023138685201582188,0.6949152542372881,1.0
8deg,target_main_tip_z_2p413m,realizable_loaded,56,0.9491525423728813,16.29328827118644,2.15147611497643,2.1373977474700236,0.2878276461897049,0.030256097054515707,0.6949152542372881,1.0
8deg,target_main_tip_z_2p413m,realizable_loaded,57,0.9661016949152542,16.584239847457628,2.237117250592156,2.223166492063755,0.2967982868686305,0.02344576519820324,0.6949152542372881,1.0
8deg,target_main_tip_z_2p413m,realizable_loaded,58,0.983050847457627,16.875191423728815,2.324183973774462,2.3103951241646326,0.30147081087230765,0.011849355231562497,0.6949152542372881,1.0
8deg,target_main_tip_z_2p413m,realizable_loaded,59,1.0,17.166143,2.4125440658382575,2.398924304791543,0.3036934640334712,0.00763925457854155,0.6949152542372881,1.0
8p9deg_2p70m,target_main_tip_z_2p700m,requested_loaded,0,0.0,0.0,0.07143912961806514,0.0651858601168413,0.027083236702137147,0.0018693614321607468,0.6949152542372881,1.0
8p9deg_2p70m,target_main_tip_z_2p700m,requested_loaded,1,0.01694915254237288,0.29095157627118645,0.0793190400270776,0.07353994785013979,0.02762713035744488,0.002806474580168493,0.6949152542372881,1.0
8p9deg_2p70m,target_main_tip_z_2p700m,requested_loaded,2,0.03389830508474576,0.5819031525423729,0.08751544386876141,0.082234068261057,0.028716333107867226,0.0037484525920313885,0.6949152542372881,1.0
8p9deg_2p70m,target_main_tip_z_2p700m,requested_loaded,3,0.05084745762711864,0.8728547288135593,0.09602916479200245,0.0912683949332586,0.029808366737903574,0.0037581823197414613,0.6949152542372881,1.0
8p9deg_2p70m,target_main_tip_z_2p700m,requested_loaded,4,0.06779661016949153,1.1638063050847458,0.10486102644568668,0.10064310146717755,0.030903231247553786,0.0037679120474515687,0.6949152542372881,1.0
8p9deg_2p70m,target_main_tip_z_2p700m,requested_loaded,5,0.0847457627118644,1.4547578813559323,0.11401185247869997,0.11035836147909166,0.03200092663681803,0.003777641775161912,0.6949152542372881,1.0
8p9deg_2p70m,target_main_tip_z_2p700m,requested_loaded,6,0.10169491525423728,1.7457094576271186,0.1234824665399283,0.12041434860020159,0.03310145290569627,0.003787371502872082,0.6949152542372881,1.0
8p9deg_2p70m,target_main_tip_z_2p700m,requested_loaded,7,0.11864406779661016,2.036661033898305,0.1332736922782575,0.13081123647570847,0.034204810054188434,0.003797101230582231,0.6949152542372881,1.0
8p9deg_2p70m,target_main_tip_z_2p700m,requested_loaded,8,0.13559322033898305,2.3276126101694916,0.1433863533425736,0.14154919876389216,0.0353109980822946,0.013048078626321027,0.6949152542372881,1.0
8p9deg_2p70m,target_main_tip_z_2p700m,requested_loaded,9,0.15254237288135591,2.618564186440678,0.1538212733817624,0.1526284091351886,0.041797528141465395,0.030092536917936584,0.6949152542372881,1.0
8p9deg_2p70m,target_main_tip_z_2p700m,requested_loaded,10,0.1694915254237288,2.9095157627118646,0.16770846673657086,0.1670146538819823,0.052821940182839644,0.02933724014031354,0.6949152542372881,1.0
8p9deg_2p70m,target_main_tip_z_2p700m,requested_loaded,11,0.1864406779661017,3.200467338983051,0.18455852689756144,0.18424697509238672,0.0588689606660065,0.013677795209081703,0.6949152542372881,1.0
8p9deg_2p70m,target_main_tip_z_2p700m,requested_loaded,12,0.20338983050847456,3.491418915254237,0.20196450053501297,0.20204484531136108,0.06078109233483325,0.006577004421712038,0.6949152542372881,1.0
8p9deg_2p70m,target_main_tip_z_2p700m,requested_loaded,13,0.22033898305084743,3.7823704915254237,0.21992723614216994,0.2204087316980012,0.06269614027328585,0.006587027634726891,0.6949152542372881,1.0
8p9deg_2p70m,target_main_tip_z_2p700m,requested_loaded,14,0.23728813559322032,4.07332206779661,0.23844758221227685,0.23933910141125556,0.06461410448136456,0.006597050847742036,0.6949152542372881,1.0
8p9deg_2p70m,target_main_tip_z_2p700m,requested_loaded,15,0.2542372881355932,4.364273644067797,0.2575263872385783,0.2588364216099074,0.06653498495906929,0.00660707406075714,0.6949152542372881,1.0
8p9deg_2p70m,target_main_tip_z_2p700m,requested_loaded,16,0.2711864406779661,4.655225220338983,0.2771644997143186,0.2789011594525567,0.06845878170640007,0.006617097273772299,0.6949152542372881,1.0
8p9deg_2p70m,target_main_tip_z_2p700m,requested_loaded,17,0.28813559322033894,4.946176796610169,0.29736276813274254,0.29953378209760234,0.07038549472335692,0.006627120486787527,0.6949152542372881,1.0
8p9deg_2p70m,target_main_tip_z_2p700m,requested_loaded,18,0.30508474576271183,5.237128372881356,0.3181220409870946,0.32073475670322393,0.07231512400993989,0.006637143699802436,0.6949152542372881,1.0
8p9deg_2p70m,target_main_tip_z_2p700m,requested_loaded,19,0.3220338983050847,5.528079949152542,0.3394431667706192,0.34250455042736383,0.0742476695661487,0.013942932128542487,0.6949152542372881,1.0
8p9deg_2p70m,target_main_tip_z_2p700m,requested_loaded,20,0.3389830508474576,5.819031525423729,0.361326993976561,0.36484363042770945,0.08042856017122313,0.035272837780072924,0.6949152542372881,1.0
8p9deg_2p70m,target_main_tip_z_2p700m,requested_loaded,21,0.3559322033898305,6.109983101694915,0.38624479948869783,0.3900043110978741,0.0947730450694888,0.04271477090298559,0.6949152542372881,1.0
8p9deg_2p70m,target_main_tip_z_2p700m,requested_loaded,22,0.3728813559322034,6.400934677966102,0.4164757276785369,0.4200713841271165,0.10528442001979565,0.022812126669786742,0.6949152542372881,1.0
8p9deg_2p70m,target_main_tip_z_2p700m,requested_loaded,23,0.38983050847457623,6.691886254237288,0.44751013541181217,0.4509380111210326,0.10804749349483367,0.00950188812275421,0.6949152542372881,1.0
8p9deg_2p70m,target_main_tip_z_2p700m,requested_loaded,24,0.4067796610169491,6.982837830508474,0.4793489047674821,0.48260524890853645,0.11081359867353124,0.009512308082317067,0.6949152542372881,1.0
8p9deg_2p70m,target_main_tip_z_2p700m,requested_loaded,25,0.423728813559322,7.273789406779661,0.5119929178245054,0.5150741542977939,0.11358273555588827,0.009522728041879785,0.6949152542372881,1.0
8p9deg_2p70m,target_main_tip_z_2p700m,requested_loaded,26,0.44067796610169485,7.564740983050847,0.5454430566618401,0.5483457840776509,0.11635490414190475,0.009533148001443031,0.6949152542372881,1.0
8p9deg_2p70m,target_main_tip_z_2p700m,requested_loaded,27,0.4576271186440678,7.855692559322034,0.5797002033584454,0.5824211950190654,0.11913010443158101,0.009543567961004612,0.6949152542372881,1.0
8p9deg_2p70m,target_main_tip_z_2p700m,requested_loaded,28,0.47457627118644063,8.14664413559322,0.6147652399932791,0.6173014438765355,0.12190833642491572,0.009553987920566914,0.6949152542372881,1.0
8p9deg_2p70m,target_main_tip_z_2p700m,requested_loaded,29,0.4915254237288135,8.437595711864407,0.6506390486453002,0.6529875873895304,0.12468960012191066,0.01714648646735714,0.6949152542372881,1.0
8p9deg_2p70m,target_main_tip_z_2p700m,requested_loaded,30,0.5084745762711864,8.728547288135594,0.687322511393467,0.6894806822839191,0.131885930955296,0.04130345064518698,0.6949152542372881,1.0
8p9deg_2p70m,target_main_tip_z_2p700m,requested_loaded,31,0.5254237288135593,9.01949886440678,0.7273838876441725,0.7291781960800914,0.1487242082632232,0.05098218443802782,0.6949152542372881,1.0
8p9deg_2p70m,target_main_tip_z_2p700m,requested_loaded,32,0.5423728813559322,9.310450440677966,0.773865597041205,0.7749278988955551,0.16155262480328103,0.0282180545433538,0.6949152542372881,1.0
8p9deg_2p70m,target_main_tip_z_2p700m,requested_loaded,33,0.559322033898305,9.601402016949153,0.8213918693186971,0.8217165947673271,0.16514438316061342,0.012350358016652407,0.6949152542372881,1.0
8p9deg_2p70m,target_main_tip_z_2p700m,requested_loaded,34,0.5762711864406779,9.892353593220339,0.8699636342270313,0.8695458794549447,0.168739337068198,0.012361341116638447,0.6949152542372881,1.0
8p9deg_2p70m,target_main_tip_z_2p700m,requested_loaded,35,0.5932203389830508,10.183305169491526,0.9195818215165916,0.9184173486795727,0.17233748652603698,0.012372324216624875,0.6949152542372881,1.0
8p9deg_2p70m,target_main_tip_z_2p700m,requested_loaded,36,0.6101694915254237,10.474256745762712,0.9702473609377611,0.9683325981359274,0.17593883153412837,0.012383307316607972,0.6949152542372881,1.0
8p9deg_2p70m,target_main_tip_z_2p700m,requested_loaded,37,0.6271186440677966,10.7652083220339,1.0219611822409225,1.019293223504205,0.17954337209247218,0.01239429041659218,0.6949152542372881,1.0
8p9deg_2p70m,target_main_tip_z_2p700m,requested_loaded,38,0.6440677966101694,11.056159898305085,1.0747242151764589,1.071300820462008,0.18315110820106906,0.012405273516577442,0.6949152542372881,1.0
8p9deg_2p70m,target_main_tip_z_2p700m,requested_loaded,39,0.6610169491525423,11.347111474576272,1.1285373894947537,1.1243569846962733,0.18676203985991902,0.012416256616563537,0.6949152542372881,1.0
8p9deg_2p70m,target_main_tip_z_2p700m,requested_loaded,40,0.6779661016949152,11.638063050847459,1.1834016349461902,1.1784633119152,0.1903761670690225,0.02890348512429053,0.6949152542372881,1.0
8p9deg_2p70m,target_main_tip_z_2p700m,requested_loaded,41,0.6949152542372881,11.929014627118644,1.2393178812811512,1.233621397860177,0.20358106897320516,0.05295390373795511,0.6949152542372881,1.0
8p9deg_2p70m,target_main_tip_z_2p700m,requested_loaded,42,0.711864406779661,12.21996620338983,1.3018661007796444,1.2953513391612181,0.22119021059356392,0.044642539259654446,0.6949152542372881,1.0
8p9deg_2p70m,target_main_tip_z_2p700m,requested_loaded,43,0.7288135593220338,12.510917779661018,1.3680291621370575,1.3606725399865511,0.22955870330589478,0.021795695803458748,0.6949152542372881,1.0
8p9deg_2p70m,target_main_tip_z_2p700m,requested_loaded,44,0.7457627118644068,12.801869355932205,1.4354470339268839,1.427251926712047,0.23387319469345114,0.014834777052420312,0.6949152542372881,1.0
8p9deg_2p70m,target_main_tip_z_2p700m,requested_loaded,45,0.7627118644067796,13.09282093220339,1.5041207114243325,1.4950912946787271,0.23819110683996136,0.014846534194275396,0.6949152542372881,1.0
8p9deg_2p70m,target_main_tip_z_2p700m,requested_loaded,46,0.7796610169491525,13.383772508474577,1.5740511899046146,1.5641924393647404,0.24251243974542813,0.014858291336130591,0.6949152542372881,1.0
8p9deg_2p70m,target_main_tip_z_2p700m,requested_loaded,47,0.7966101694915254,13.674724084745764,1.6452394646429396,1.634557156401642,0.24683719340984878,0.0254281807839567,0.6949152542372881,1.0
8p9deg_2p70m,target_main_tip_z_2p700m,requested_loaded,48,0.8135593220338982,13.965675661016949,1.7176865309145168,1.7061872415906874,0.2573091783070298,0.042790221136394135,0.6949152542372881,1.0
8p9deg_2p70m,target_main_tip_z_2p700m,requested_loaded,49,0.8305084745762711,14.256627237288136,1.7949684866778879,1.7828152792994107,0.27173695798710185,0.03943257191762728,0.6949152542372881,1.0
8p9deg_2p70m,target_main_tip_z_2p700m,requested_loaded,50,0.847457627118644,14.547578813559323,1.8758111234294859,1.8631079020594348,0.280255116218751,0.022887427566916085,0.6949152542372881,1.0
8p9deg_2p70m,target_main_tip_z_2p700m,requested_loaded,51,0.864406779661017,14.83853038983051,1.9580498223217084,1.9448057861569,0.28505522424187557,0.0165043037544923,0.6949152542372881,1.0
8p9deg_2p70m,target_main_tip_z_2p700m,requested_loaded,52,0.8813559322033897,15.129481966101695,2.041685657064506,2.02791062585475,0.289859022604007,0.026988515069080676,0.6949152542372881,1.0
8p9deg_2p70m,target_main_tip_z_2p700m,requested_loaded,53,0.8983050847457626,15.420433542372882,2.126719701367831,2.112424115585601,0.30075992624301096,0.038884046163543795,0.6949152542372881,1.0
8p9deg_2p70m,target_main_tip_z_2p700m,requested_loaded,54,0.9152542372881356,15.711385118644069,2.216698806303726,2.2019138081817764,0.3124857716501763,0.030097649970169837,0.6949152542372881,1.0
8p9deg_2p70m,target_main_tip_z_2p700m,requested_loaded,55,0.9322033898305083,16.002336694915254,2.3085561570157043,2.2932978145894105,0.3182738436447696,0.02720708323929555,0.6949152542372881,1.0
8p9deg_2p70m,target_main_tip_z_2p700m,requested_loaded,56,0.9491525423728813,16.29328827118644,2.4019033592923957,2.3861862997482044,0.3283176591586052,0.03517909140209885,0.6949152542372881,1.0
8p9deg_2p70m,target_main_tip_z_2p700m,requested_loaded,57,0.9661016949152542,16.584239847457628,2.4996052379154294,2.4840175931099306,0.3387446678352273,0.02760002919673099,0.6949152542372881,1.0
8p9deg_2p70m,target_main_tip_z_2p700m,requested_loaded,58,0.983050847457627,16.875191423728815,2.5990199494126336,2.5836005610940758,0.3443782031584446,0.01430404524647666,0.6949152542372881,1.0
8p9deg_2p70m,target_main_tip_z_2p700m,requested_loaded,59,1.0,17.166143,2.7000000000002062,2.6847574370365517,0.3470682368582608,0.009245640578035378,0.6949152542372881,1.0
8p9deg_2p70m,target_main_tip_z_2p700m,jig_unloaded,0,1.1084646752506914e-20,1.9210359445998502e-19,0.07143912961806513,0.06518586011684127,0.0270034748436116,0.0011518971519620309,0.6916704554366699,1.0
8p9deg_2p70m,target_main_tip_z_2p700m,jig_unloaded,1,0.016788065867191417,0.29094727771898343,0.07929571711276698,0.06719866796354625,0.027338616184187203,0.0015374129095786365,0.6916704554366699,1.0
8p9deg_2p70m,target_main_tip_z_2p700m,jig_unloaded,2,0.03357626717053434,0.5818969026279229,0.08734738727106439,0.06077488637081393,0.02789809246352032,0.0014765678762917664,0.6916704554366699,1.0
8p9deg_2p70m,target_main_tip_z_2p700m,jig_unloaded,3,0.050364684839818874,0.8728502772887518,0.09552970248195548,0.05151782546090097,0.028197832112940413,0.00045585594596093265,0.6916704554366699,1.0
8p9deg_2p70m,target_main_tip_z_2p700m,jig_unloaded,4,0.06715344144091778,1.1638095258417551,0.10375606261069381,0.045053347775320135,0.028163354045524752,-0.00035940095756112345,0.6916704554366699,1.0
8p9deg_2p70m,target_main_tip_z_2p700m,jig_unloaded,5,0.08394272559597259,1.454777917222082,0.11191873462494,0.0470298684259365,0.027988682356778233,-3.1264774299696874e-05,0.6916704554366699,1.0
8p9deg_2p70m,target_main_tip_z_2p700m,jig_unloaded,6,0.10073189321581018,1.745744288977011,0.12004365011013189,0.0547947479158878,0.02814515768798348,0.0009587210949344727,0.6916704554366699,1.0
8p9deg_2p70m,target_main_tip_z_2p700m,jig_unloaded,7,0.11752117758781719,2.03671268411725,0.12829738129871196,0.061006448808925334,0.028546597197142226,0.0011773390375521553,0.6916704554366699,1.0
8p9deg_2p70m,target_main_tip_z_2p700m,jig_unloaded,8,0.1343108244398828,2.3276873612548976,0.13665614684990818,0.06465314636134471,0.028830299442533652,0.009864926555431558,0.6916704554366699,1.0
8p9deg_2p70m,target_main_tip_z_2p700m,jig_unloaded,9,0.15110086490501348,2.61866885994368,0.14507535352256187,0.06474593903849256,0.0342876734176579,0.02603045198518176,0.6916704554366699,1.0
8p9deg_2p70m,target_main_tip_z_2p700m,jig_unloaded,10,0.1678923559564923,2.9096754981662487,0.15661143521959853,0.06353754831305931,0.043980079512334735,0.02407999677825138,0.6916704554366699,1.0
8p9deg_2p70m,target_main_tip_z_2p700m,jig_unloaded,11,0.18468565444934715,3.200713460434849,0.170673993119664,0.06139053293749208,0.048302727469751006,0.0069182337600594696,0.6916704554366699,1.0
8p9deg_2p70m,target_main_tip_z_2p700m,jig_unloaded,12,0.2014802252412178,3.4917734724105456,0.1847283543285498,0.05816533149303074,0.048006819458662586,-0.0019837690685538534,0.6916704554366699,1.0
8p9deg_2p70m,target_main_tip_z_2p700m,jig_unloaded,13,0.21827627518616458,3.782859118998605,0.1986209402931468,0.056227454493251505,0.047147835333596844,-0.004037049128167242,0.6916704554366699,1.0
8p9deg_2p70m,target_main_tip_z_2p700m,jig_unloaded,14,0.23507418091910248,4.07397692750861,0.21217794971697884,0.05796826743738842,0.04565636564300357,-0.0062076955818926305,0.6916704554366699,1.0
8p9deg_2p70m,target_main_tip_z_2p700m,jig_unloaded,15,0.251874460062717,4.365135868652997,0.22520550541314224,0.0658049908722518,0.0435331493089256,-0.008045299066618036,0.6916704554366699,1.0
8p9deg_2p70m,target_main_tip_z_2p700m,jig_unloaded,16,0.26867654962231713,4.656326185395185,0.23752937093699938,0.0792188113477296,0.0409711444475116,-0.009486083596465841,0.6916704554366699,1.0
8p9deg_2p70m,target_main_tip_z_2p700m,jig_unloaded,17,0.28548128363622927,4.947562332120961,0.249068060314528,0.09445630223955157,0.03800814014839238,-0.01112310129054618,0.6916704554366699,1.0
8p9deg_2p70m,target_main_tip_z_2p700m,jig_unloaded,18,0.3022892882069893,5.238855159563804,0.2596700311209465,0.10936044649739243,0.03449150804864559,-0.013134101703582472,0.6916704554366699,1.0
8p9deg_2p70m,target_main_tip_z_2p700m,jig_unloaded,19,0.3191008716892973,5.530210011696108,0.2691642211351032,0.12180166192867656,0.030355454562205342,-0.008145482137420168,0.6916704554366699,1.0
8p9deg_2p70m,target_main_tip_z_2p700m,jig_unloaded,20,0.3359163915877934,5.821633084288289,0.2773602155142645,0.12967780125790382,0.0297453264982267,0.010423521473109737,0.6916704554366699,1.0
8p9deg_2p70m,target_main_tip_z_2p700m,jig_unloaded,21,0.3527411736823508,6.11321667630844,0.2865064653636975,0.1333588278417842,0.03643645664403056,0.014815353377586188,0.6916704554366699,1.0
8p9deg_2p70m,target_main_tip_z_2p700m,jig_unloaded,22,0.36958212500265725,6.405080490734896,0.2986218138759387,0.13455865359565333,0.038384746162431316,-0.00829758157609417,0.6916704554366699,1.0
8p9deg_2p70m,target_main_tip_z_2p700m,jig_unloaded,23,0.3864312608095682,6.697086147236309,0.30891725991753566,0.13112559828682535,0.03158750346720951,-0.025187962835718766,0.6916704554366699,1.0
8p9deg_2p70m,target_main_tip_z_2p700m,jig_unloaded,24,0.4032892470178028,6.989245186515237,0.31707299204563,0.12541041920484752,0.02367024138220697,-0.029108474283146994,0.6916704554366699,1.0
8p9deg_2p70m,target_main_tip_z_2p700m,jig_unloaded,25,0.42015708407221863,7.281574946882727,0.32275080099571307,0.119799213709473,0.014573240005939736,-0.033358513346181576,0.6916704554366699,1.0
8p9deg_2p70m,target_main_tip_z_2p700m,jig_unloaded,26,0.43703598615621353,7.5740964708672625,0.3255943097021373,0.11671341912234762,0.004159612800469947,-0.035519429084742336,0.6916704554366699,1.0
8p9deg_2p70m,target_main_tip_z_2p700m,jig_unloaded,27,0.4539251816500037,7.866796385833943,0.32518311089011187,0.11779149882349649,-0.00621346280839008,-0.03301458442213054,0.6916704554366699,1.0
8p9deg_2p70m,target_main_tip_z_2p700m,jig_unloaded,28,0.47082521710593883,8.159684163863684,0.32195397504853623,0.12089029866557732,-0.01517241021093041,-0.02837605050459685,0.6916704554366699,1.0
8p9deg_2p70m,target_main_tip_z_2p700m,jig_unloaded,29,0.4877352022987014,8.452744376816355,0.3162914369275336,0.1230926766383812,-0.02283958942120845,-0.016644524053865798,0.6916704554366699,1.0
8p9deg_2p70m,target_main_tip_z_2p700m,jig_unloaded,30,0.5046540515592044,8.745958209393764,0.30856263556560903,0.12152005498063312,-0.024927737610711653,0.01089069903331627,0.6916704554366699,1.0
8p9deg_2p70m,target_main_tip_z_2p700m,jig_unloaded,31,0.5215938002082203,9.039534240942867,0.3016651305513498,0.11592578556885325,-0.016435981492373797,0.023614252006811123,0.6916704554366699,1.0
8p9deg_2p70m,target_main_tip_z_2p700m,jig_unloaded,32,0.5385703975607024,9.333748882683624,0.29891074438835846,0.10827231680942395,-0.011054291199720456,0.0039133015023964934,0.6916704554366699,1.0
8p9deg_2p70m,target_main_tip_z_2p700m,jig_unloaded,33,0.5555554448564792,9.628109967023425,0.29515834726067947,0.09567858083654057,-0.014136919491680444,-0.009487417478214452,0.6916704554366699,1.0
8p9deg_2p70m,target_main_tip_z_2p700m,jig_unloaded,34,0.5725478588569947,9.922598720786636,0.29058586681003984,0.08074744517897503,-0.016640703920541622,-0.007611324322255569,0.6916704554366699,1.0
8p9deg_2p70m,target_main_tip_z_2p700m,jig_unloaded,35,0.5895469396491688,10.217203014058661,0.2853551668427845,0.06612932194445442,-0.01862049183960285,-0.006702258909276348,0.6916704554366699,1.0
8p9deg_2p70m,target_main_tip_z_2p700m,jig_unloaded,36,0.6065521274259371,10.511913145046407,0.2796123591464157,0.054522166006516604,-0.020590437981049148,-0.00700397272656382,0.6916704554366699,1.0
8p9deg_2p70m,target_main_tip_z_2p700m,jig_unloaded,37,0.6235645533504831,10.806748717488116,0.2732158855290421,0.04816920735912744,-0.022749734072023964,-0.00641098015702464,0.6916704554366699,1.0
8p9deg_2p70m,target_main_tip_z_2p700m,jig_unloaded,38,0.6405837980741955,11.101702463820164,0.2661945596645042,0.045850840755991884,-0.02437134983092898,-0.0038999493094995993,0.6916704554366699,1.0
8p9deg_2p70m,target_main_tip_z_2p700m,jig_unloaded,39,0.6576084660156057,11.396750197776406,0.2588366465448202,0.045382060231274,-0.025050409521298944,-0.0008186777938245793,0.6916704554366699,1.0
8p9deg_2p70m,target_main_tip_z_2p700m,jig_unloaded,40,0.6746376250507502,11.691875765087978,0.25141045928519745,0.04462075712175695,-0.024854280746815727,0.01781832763324772,0.6916704554366699,1.0
8p9deg_2p70m,target_main_tip_z_2p700m,jig_unloaded,41,0.6916704554366699,11.987064959116415,0.2441648370025573,0.04146771905543711,-0.014529804585917183,0.04319981618323802,0.6916704554366699,1.0
8p9deg_2p70m,target_main_tip_z_2p700m,jig_unloaded,42,0.7087396497415127,12.282884361728826,0.24283585753652215,0.039602461576141224,0.000687558755756712,0.03680235690152598,0.6916704554366699,1.0
8p9deg_2p70m,target_main_tip_z_2p700m,jig_unloaded,43,0.7258262353587005,12.579005166243206,0.24457495484673575,0.0366911395704681,0.007246161216546032,0.01587778924616818,0.6916704554366699,1.0
8p9deg_2p70m,target_main_tip_z_2p700m,jig_unloaded,44,0.742915181538128,12.875166880720828,0.24712774452016562,0.032324197472932914,0.010091182670030063,0.009892011734973019,0.6916704554366699,1.0
8p9deg_2p70m,target_main_tip_z_2p700m,jig_unloaded,45,0.7600058882367189,13.171359106054316,0.2505525964630042,0.028566963823317915,0.013105750775277869,0.010032882197783474,0.6916704554366699,1.0
8p9deg_2p70m,target_main_tip_z_2p700m,jig_unloaded,46,0.7770977893754694,13.4675720317541,0.2548917226634648,0.02753046313313945,0.01603470776618804,0.009625883895794541,0.6916704554366699,1.0
8p9deg_2p70m,target_main_tip_z_2p700m,jig_unloaded,47,0.7941956552575732,13.763888330043358,0.2600539160186621,0.030082923771357573,0.018809314087064655,0.019600363054119666,0.6916704554366699,1.0
8p9deg_2p70m,target_main_tip_z_2p700m,jig_unloaded,48,0.8112965517813749,14.06025715117585,0.2660398690549317,0.03543525161184591,0.027652626699986305,0.036793225455398273,0.6916704554366699,1.0
8p9deg_2p70m,target_main_tip_z_2p700m,jig_unloaded,49,0.8284193591308301,14.357005700093952,0.2764608345943822,0.046854086933602934,0.040637300107527974,0.034733316044961576,0.6916704554366699,1.0
8p9deg_2p70m,target_main_tip_z_2p700m,jig_unloaded,50,0.84555638062667,14.654000588717205,0.2901707201025996,0.0628692867131897,0.048270857791026245,0.020134597687337122,0.6916704554366699,1.0
8p9deg_2p70m,target_main_tip_z_2p700m,jig_unloaded,51,0.8626946039096738,14.951016305034752,0.3051343238791657,0.08115521452796615,0.052597232712225384,0.014885183369774346,0.6916704554366699,1.0
8p9deg_2p70m,target_main_tip_z_2p700m,jig_unloaded,52,0.8798334312224241,15.248042489551068,0.32141572662663886,0.10153258852652058,0.0571132870938339,0.024973431929751364,0.6916704554366699,1.0
8p9deg_2p70m,target_main_tip_z_2p700m,jig_unloaded,53,0.8969726074349035,15.545074720709515,0.3390629805217935,0.12384341675968291,0.06743302826131525,0.03617103279293196,0.6916704554366699,1.0
8p9deg_2p70m,target_main_tip_z_2p700m,jig_unloaded,54,0.9141322018931953,15.842460812347301,0.36150483427762015,0.15111267924643101,0.0786150231095003,0.0283663999018038,0.6916704554366699,1.0
8p9deg_2p70m,target_main_tip_z_2p700m,jig_unloaded,55,0.9312944462189847,16.139892827782433,0.38582490921939994,0.1805009681687575,0.08430502832013176,0.024877842657749172,0.6916704554366699,1.0
8p9deg_2p70m,target_main_tip_z_2p700m,jig_unloaded,56,0.9484568439169299,16.43732750124926,0.4116551008254523,0.21156748507780687,0.09341405355203491,0.031132964240925043,0.6916704554366699,1.0
8p9deg_2p70m,target_main_tip_z_2p700m,jig_unloaded,57,0.9656368377129305,16.735067125677578,0.44142656256021207,0.24653001620519888,0.10283487823953252,0.025011100363680178,0.6916704554366699,1.0
8p9deg_2p70m,target_main_tip_z_2p700m,jig_unloaded,58,0.9828182273042143,17.032830940077574,0.4728937620117635,0.28322975201115863,0.10830792905293785,0.01360579210317664,0.6916704554366699,1.0
8p9deg_2p70m,target_main_tip_z_2p700m,jig_unloaded,59,1.0,17.330601393908985,0.5059276807501374,0.32151726611449183,0.11093753027987362,0.008830967589633898,0.6916704554366699,1.0
8p9deg_2p70m,target_main_tip_z_2p700m,realizable_loaded,0,0.0,0.0,0.07143912961806514,0.0651858601168413,0.027083236702137147,0.0018693614321607468,0.6949152542372881,1.0
8p9deg_2p70m,target_main_tip_z_2p700m,realizable_loaded,1,0.01694915254237288,0.29095157627118645,0.0793190400270776,0.07353994785013979,0.02762713035744488,0.002806474580168493,0.6949152542372881,1.0
8p9deg_2p70m,target_main_tip_z_2p700m,realizable_loaded,2,0.03389830508474576,0.5819031525423729,0.08751544386876141,0.082234068261057,0.028716333107867226,0.0037484525920313885,0.6949152542372881,1.0
8p9deg_2p70m,target_main_tip_z_2p700m,realizable_loaded,3,0.05084745762711864,0.8728547288135593,0.09602916479200245,0.0912683949332586,0.029808366737903574,0.0037581823197414613,0.6949152542372881,1.0
8p9deg_2p70m,target_main_tip_z_2p700m,realizable_loaded,4,0.06779661016949153,1.1638063050847458,0.10486102644568668,0.10064310146717755,0.030903231247553786,0.0037679120474515687,0.6949152542372881,1.0
8p9deg_2p70m,target_main_tip_z_2p700m,realizable_loaded,5,0.0847457627118644,1.4547578813559323,0.11401185247869997,0.11035836147909166,0.03200092663681803,0.003777641775161912,0.6949152542372881,1.0
8p9deg_2p70m,target_main_tip_z_2p700m,realizable_loaded,6,0.10169491525423728,1.7457094576271186,0.1234824665399283,0.12041434860020159,0.03310145290569627,0.003787371502872082,0.6949152542372881,1.0
8p9deg_2p70m,target_main_tip_z_2p700m,realizable_loaded,7,0.11864406779661016,2.036661033898305,0.1332736922782575,0.13081123647570847,0.034204810054188434,0.003797101230582231,0.6949152542372881,1.0
8p9deg_2p70m,target_main_tip_z_2p700m,realizable_loaded,8,0.13559322033898305,2.3276126101694916,0.1433863533425736,0.14154919876389216,0.0353109980822946,0.013048078626321027,0.6949152542372881,1.0
8p9deg_2p70m,target_main_tip_z_2p700m,realizable_loaded,9,0.15254237288135591,2.618564186440678,0.1538212733817624,0.1526284091351886,0.041797528141465395,0.030092536917936584,0.6949152542372881,1.0
8p9deg_2p70m,target_main_tip_z_2p700m,realizable_loaded,10,0.1694915254237288,2.9095157627118646,0.16770846673657086,0.1670146538819823,0.052821940182839644,0.02933724014031354,0.6949152542372881,1.0
8p9deg_2p70m,target_main_tip_z_2p700m,realizable_loaded,11,0.1864406779661017,3.200467338983051,0.18455852689756144,0.18424697509238672,0.0588689606660065,0.013677795209081703,0.6949152542372881,1.0
8p9deg_2p70m,target_main_tip_z_2p700m,realizable_loaded,12,0.20338983050847456,3.491418915254237,0.20196450053501297,0.20204484531136108,0.06078109233483325,0.006577004421712038,0.6949152542372881,1.0
8p9deg_2p70m,target_main_tip_z_2p700m,realizable_loaded,13,0.22033898305084743,3.7823704915254237,0.21992723614216994,0.2204087316980012,0.06269614027328585,0.006587027634726891,0.6949152542372881,1.0
8p9deg_2p70m,target_main_tip_z_2p700m,realizable_loaded,14,0.23728813559322032,4.07332206779661,0.23844758221227685,0.23933910141125556,0.06461410448136456,0.006597050847742036,0.6949152542372881,1.0
8p9deg_2p70m,target_main_tip_z_2p700m,realizable_loaded,15,0.2542372881355932,4.364273644067797,0.2575263872385783,0.2588364216099074,0.06653498495906929,0.00660707406075714,0.6949152542372881,1.0
8p9deg_2p70m,target_main_tip_z_2p700m,realizable_loaded,16,0.2711864406779661,4.655225220338983,0.2771644997143186,0.2789011594525567,0.06845878170640007,0.006617097273772299,0.6949152542372881,1.0
8p9deg_2p70m,target_main_tip_z_2p700m,realizable_loaded,17,0.28813559322033894,4.946176796610169,0.29736276813274254,0.29953378209760234,0.07038549472335692,0.006627120486787527,0.6949152542372881,1.0
8p9deg_2p70m,target_main_tip_z_2p700m,realizable_loaded,18,0.30508474576271183,5.237128372881356,0.3181220409870946,0.32073475670322393,0.07231512400993989,0.006637143699802436,0.6949152542372881,1.0
8p9deg_2p70m,target_main_tip_z_2p700m,realizable_loaded,19,0.3220338983050847,5.528079949152542,0.33944316677061914,0.34250455042736383,0.0742476695661487,0.013942932128542682,0.6949152542372881,1.0
8p9deg_2p70m,target_main_tip_z_2p700m,realizable_loaded,20,0.3389830508474576,5.819031525423729,0.361326993976561,0.36484363042770945,0.08042856017122324,0.035272837780072924,0.6949152542372881,1.0
8p9deg_2p70m,target_main_tip_z_2p700m,realizable_loaded,21,0.3559322033898305,6.109983101694915,0.38624479948869783,0.3900043110978741,0.0947730450694888,0.042714770902985394,0.6949152542372881,1.0
8p9deg_2p70m,target_main_tip_z_2p700m,realizable_loaded,22,0.3728813559322034,6.400934677966102,0.4164757276785369,0.4200713841271165,0.10528442001979565,0.022812126669786548,0.6949152542372881,1.0
8p9deg_2p70m,target_main_tip_z_2p700m,realizable_loaded,23,0.38983050847457623,6.691886254237288,0.44751013541181217,0.4509380111210326,0.10804749349483356,0.00950188812275421,0.6949152542372881,1.0
8p9deg_2p70m,target_main_tip_z_2p700m,realizable_loaded,24,0.4067796610169491,6.982837830508474,0.47934890476748204,0.48260524890853645,0.11081359867353124,0.009512308082317456,0.6949152542372881,1.0
8p9deg_2p70m,target_main_tip_z_2p700m,realizable_loaded,25,0.423728813559322,7.273789406779661,0.5119929178245054,0.5150741542977939,0.11358273555588838,0.009522728041879785,0.6949152542372881,1.0
8p9deg_2p70m,target_main_tip_z_2p700m,realizable_loaded,26,0.44067796610169485,7.564740983050847,0.5454430566618401,0.5483457840776509,0.11635490414190475,0.009533148001442837,0.6949152542372881,1.0
8p9deg_2p70m,target_main_tip_z_2p700m,realizable_loaded,27,0.4576271186440678,7.855692559322034,0.5797002033584454,0.5824211950190654,0.11913010443158101,0.009543567961004612,0.6949152542372881,1.0
8p9deg_2p70m,target_main_tip_z_2p700m,realizable_loaded,28,0.47457627118644063,8.14664413559322,0.6147652399932791,0.6173014438765355,0.12190833642491572,0.009553987920566914,0.6949152542372881,1.0
8p9deg_2p70m,target_main_tip_z_2p700m,realizable_loaded,29,0.4915254237288135,8.437595711864407,0.6506390486453002,0.6529875873895304,0.12468960012191066,0.01714648646735714,0.6949152542372881,1.0
8p9deg_2p70m,target_main_tip_z_2p700m,realizable_loaded,30,0.5084745762711864,8.728547288135594,0.687322511393467,0.6894806822839191,0.131885930955296,0.04130345064518698,0.6949152542372881,1.0
8p9deg_2p70m,target_main_tip_z_2p700m,realizable_loaded,31,0.5254237288135593,9.01949886440678,0.7273838876441725,0.7291781960800914,0.1487242082632232,0.05098218443802782,0.6949152542372881,1.0
8p9deg_2p70m,target_main_tip_z_2p700m,realizable_loaded,32,0.5423728813559322,9.310450440677966,0.773865597041205,0.7749278988955551,0.16155262480328103,0.0282180545433538,0.6949152542372881,1.0
8p9deg_2p70m,target_main_tip_z_2p700m,realizable_loaded,33,0.559322033898305,9.601402016949153,0.8213918693186971,0.8217165947673271,0.16514438316061342,0.012350358016652407,0.6949152542372881,1.0
8p9deg_2p70m,target_main_tip_z_2p700m,realizable_loaded,34,0.5762711864406779,9.892353593220339,0.8699636342270313,0.8695458794549447,0.168739337068198,0.012361341116638447,0.6949152542372881,1.0
8p9deg_2p70m,target_main_tip_z_2p700m,realizable_loaded,35,0.5932203389830508,10.183305169491526,0.9195818215165916,0.9184173486795727,0.17233748652603698,0.012372324216624875,0.6949152542372881,1.0
8p9deg_2p70m,target_main_tip_z_2p700m,realizable_loaded,36,0.6101694915254237,10.474256745762712,0.9702473609377611,0.9683325981359274,0.17593883153412837,0.012383307316607972,0.6949152542372881,1.0
8p9deg_2p70m,target_main_tip_z_2p700m,realizable_loaded,37,0.6271186440677966,10.7652083220339,1.0219611822409225,1.019293223504205,0.17954337209247218,0.01239429041659218,0.6949152542372881,1.0
8p9deg_2p70m,target_main_tip_z_2p700m,realizable_loaded,38,0.6440677966101694,11.056159898305085,1.0747242151764589,1.071300820462008,0.18315110820106906,0.012405273516577442,0.6949152542372881,1.0
8p9deg_2p70m,target_main_tip_z_2p700m,realizable_loaded,39,0.6610169491525423,11.347111474576272,1.1285373894947537,1.1243569846962733,0.18676203985991902,0.012416256616563537,0.6949152542372881,1.0
8p9deg_2p70m,target_main_tip_z_2p700m,realizable_loaded,40,0.6779661016949152,11.638063050847459,1.1834016349461902,1.1784633119152,0.1903761670690225,0.02890348512429053,0.6949152542372881,1.0
8p9deg_2p70m,target_main_tip_z_2p700m,realizable_loaded,41,0.6949152542372881,11.929014627118644,1.2393178812811512,1.233621397860177,0.20358106897320516,0.05295390373795511,0.6949152542372881,1.0
8p9deg_2p70m,target_main_tip_z_2p700m,realizable_loaded,42,0.711864406779661,12.21996620338983,1.3018661007796444,1.2953513391612181,0.22119021059356392,0.044642539259654446,0.6949152542372881,1.0
8p9deg_2p70m,target_main_tip_z_2p700m,realizable_loaded,43,0.7288135593220338,12.510917779661018,1.3680291621370575,1.3606725399865511,0.22955870330589478,0.021795695803458748,0.6949152542372881,1.0
8p9deg_2p70m,target_main_tip_z_2p700m,realizable_loaded,44,0.7457627118644068,12.801869355932205,1.4354470339268839,1.427251926712047,0.23387319469345114,0.014834777052420312,0.6949152542372881,1.0
8p9deg_2p70m,target_main_tip_z_2p700m,realizable_loaded,45,0.7627118644067796,13.09282093220339,1.5041207114243325,1.4950912946787271,0.23819110683996136,0.014846534194275396,0.6949152542372881,1.0
8p9deg_2p70m,target_main_tip_z_2p700m,realizable_loaded,46,0.7796610169491525,13.383772508474577,1.5740511899046146,1.5641924393647404,0.24251243974542813,0.014858291336130591,0.6949152542372881,1.0
8p9deg_2p70m,target_main_tip_z_2p700m,realizable_loaded,47,0.7966101694915254,13.674724084745764,1.6452394646429396,1.634557156401642,0.24683719340984878,0.0254281807839567,0.6949152542372881,1.0
8p9deg_2p70m,target_main_tip_z_2p700m,realizable_loaded,48,0.8135593220338982,13.965675661016949,1.7176865309145168,1.7061872415906874,0.2573091783070298,0.042790221136394135,0.6949152542372881,1.0
8p9deg_2p70m,target_main_tip_z_2p700m,realizable_loaded,49,0.8305084745762711,14.256627237288136,1.7949684866778879,1.7828152792994107,0.27173695798710185,0.03943257191762728,0.6949152542372881,1.0
8p9deg_2p70m,target_main_tip_z_2p700m,realizable_loaded,50,0.847457627118644,14.547578813559323,1.8758111234294859,1.8631079020594348,0.280255116218751,0.022887427566916085,0.6949152542372881,1.0
8p9deg_2p70m,target_main_tip_z_2p700m,realizable_loaded,51,0.864406779661017,14.83853038983051,1.9580498223217084,1.9448057861569,0.28505522424187557,0.0165043037544923,0.6949152542372881,1.0
8p9deg_2p70m,target_main_tip_z_2p700m,realizable_loaded,52,0.8813559322033897,15.129481966101695,2.041685657064506,2.02791062585475,0.289859022604007,0.026988515069080676,0.6949152542372881,1.0
8p9deg_2p70m,target_main_tip_z_2p700m,realizable_loaded,53,0.8983050847457626,15.420433542372882,2.126719701367831,2.112424115585601,0.30075992624301096,0.0388840461635408,0.6949152542372881,1.0
8p9deg_2p70m,target_main_tip_z_2p700m,realizable_loaded,54,0.9152542372881356,15.711385118644069,2.216698806303726,2.2019138081817764,0.31248577165017455,0.03009764997017128,0.6949152542372881,1.0
8p9deg_2p70m,target_main_tip_z_2p700m,realizable_loaded,55,0.9322033898305085,16.002336694915257,2.3085561570157043,2.2932978145894105,0.3182738436447705,0.02720708323930432,0.6949152542372881,1.0
8p9deg_2p70m,target_main_tip_z_2p700m,realizable_loaded,56,0.9491525423728813,16.29328827118644,2.4019033592923957,2.3861862997482044,0.32831765915860833,0.03517909140209763,0.6949152542372881,1.0
8p9deg_2p70m,target_main_tip_z_2p700m,realizable_loaded,57,0.9661016949152542,16.584239847457628,2.4996052379154294,2.4840175931099306,0.3387446678352273,0.02760002919672566,0.6949152542372881,1.0
8p9deg_2p70m,target_main_tip_z_2p700m,realizable_loaded,58,0.983050847457627,16.875191423728815,2.5990199494126336,2.5836005610940758,0.3443782031584446,0.01430404524647666,0.6949152542372881,1.0
8p9deg_2p70m,target_main_tip_z_2p700m,realizable_loaded,59,1.0,17.166143,2.7000000000002062,2.6847574370365517,0.3470682368582608,0.009245640578035378,0.6949152542372881,1.0
13p9deg_4p25m,target_main_tip_z_4p250m,requested_loaded,0,0.0,0.0,0.07143912961806514,0.0651858601168413,0.03363758378198781,0.003582461267065747,0.6949152542372881,1.0
13p9deg_4p25m,target_main_tip_z_4p250m,requested_loaded,1,0.01694915254237288,0.29095157627118645,0.0812260376413886,0.07530800385609872,0.034679906534571064,0.005378430312540636,0.6949152542372881,1.0
13p9deg_4p25m,target_main_tip_z_4p250m,requested_loaded,2,0.03389830508474576,0.5819031525423729,0.09161947656040688,0.0860904310879026,0.036767309336584675,0.0071838761818994595,0.6949152542372881,1.0
13p9deg_4p25m,target_main_tip_z_4p250m,requested_loaded,3,0.05084745762711864,0.8728547288135593,0.10262105085484782,0.09753347973163144,0.03886022673229242,0.0072028298296670235,0.6949152542372881,1.0
13p9deg_4p25m,target_main_tip_z_4p250m,requested_loaded,4,0.06779661016949153,1.1638063050847458,0.11423236500443922,0.10963748774605228,0.04095865872169416,0.0072217834774347955,0.6949152542372881,1.0
13p9deg_4p25m,target_main_tip_z_4p250m,requested_loaded,5,0.0847457627118644,1.4547578813559323,0.1264550234889088,0.12240279312752336,0.04306260530479014,0.0072407371252029284,0.6949152542372881,1.0
13p9deg_4p25m,target_main_tip_z_4p250m,requested_loaded,6,0.10169491525423728,1.7457094576271186,0.1392906307879845,0.1358297339081973,0.04517206648158034,0.007259690772970798,0.6949152542372881,1.0
13p9deg_4p25m,target_main_tip_z_4p250m,requested_loaded,7,0.11864406779661016,2.036661033898305,0.15274079138139404,0.1499186481542239,0.04728704225206462,0.007278644420738695,0.6949152542372881,1.0
13p9deg_4p25m,target_main_tip_z_4p250m,requested_loaded,8,0.13559322033898305,2.3276126101694916,0.1668071097488653,0.16466987396395358,0.049407532616243144,0.018347762042139157,0.6949152542372881,1.0
13p9deg_4p25m,target_main_tip_z_4p250m,requested_loaded,9,0.15254237288135591,2.618564186440678,0.18149119037012604,0.18008374946614045,0.05796366282648269,0.039135765891899696,0.6949152542372881,1.0
13p9deg_4p25m,target_main_tip_z_4p250m,requested_loaded,10,0.1694915254237288,2.9095157627118646,0.20053634788049876,0.19970672550853896,0.07218075816589986,0.0391525384726379,0.6949152542372881,1.0
13p9deg_4p25m,target_main_tip_z_4p250m,requested_loaded,11,0.1864406779661017,3.200467338983051,0.22349340109976182,0.22311612363809288,0.08074664839374723,0.02106077820328349,0.6949152542372881,1.0
13p9deg_4p25m,target_main_tip_z_4p250m,requested_loaded,12,0.20338983050847456,3.491418915254237,0.24752307713805077,0.24762154586013294,0.08443609139738623,0.012690371086090113,0.6949152542372881,1.0
13p9deg_4p25m,target_main_tip_z_4p250m,requested_loaded,13,0.22033898305084743,3.7823704915254237,0.27262702887225676,0.2732239022068383,0.08813121533567564,0.012709896447400615,0.6949152542372881,1.0
13p9deg_4p25m,target_main_tip_z_4p250m,requested_loaded,14,0.23728813559322032,4.07332206779661,0.29880690917927116,0.29992410271023195,0.09183202020861575,0.0127294218087107,0.6949152542372881,1.0
13p9deg_4p25m,target_main_tip_z_4p250m,requested_loaded,15,0.2542372881355932,4.364273644067797,0.3260643709359852,0.32772305740214613,0.09553850601620606,0.012748947170020425,0.6949152542372881,1.0
13p9deg_4p25m,target_main_tip_z_4p250m,requested_loaded,16,0.2711864406779661,4.655225220338983,0.3544010670192899,0.3566216763141867,0.09925067275844679,0.01276847253133076,0.6949152542372881,1.0
13p9deg_4p25m,target_main_tip_z_4p250m,requested_loaded,17,0.28813559322033894,4.946176796610169,0.3838186503060767,0.38662086947769864,0.1029685204353381,0.012787997892641317,0.6949152542372881,1.0
13p9deg_4p25m,target_main_tip_z_4p250m,requested_loaded,18,0.30508474576271183,5.237128372881356,0.41431877367323694,0.4177215469237311,0.10669204904688001,0.012807523253950848,0.6949152542372881,1.0
13p9deg_4p25m,target_main_tip_z_4p250m,requested_loaded,19,0.3220338983050847,5.528079949152542,0.4459030899976616,0.4499246186830018,0.11042125859307184,0.02256674551971813,0.6949152542372881,1.0
13p9deg_4p25m,target_main_tip_z_4p250m,requested_loaded,20,0.3389830508474576,5.819031525423729,0.4785732521562421,0.48323099478586273,0.11982370940742548,0.05133816255806645,0.6949152542372881,1.0
13p9deg_4p25m,target_main_tip_z_4p250m,requested_loaded,21,0.3559322033898305,6.109983101694915,0.5156288842511636,0.5206477551302926,0.14029509723134348,0.061999522002250396,0.6949152542372881,1.0
13p9deg_4p25m,target_main_tip_z_4p250m,requested_loaded,22,0.3728813559322034,6.400934677966102,0.5602114115213996,0.5650480145705924,0.1559014267166552,0.03600602133300357,0.6949152542372881,1.0
13p9deg_4p25m,target_main_tip_z_4p250m,requested_loaded,23,0.38983050847457623,6.691886254237288,0.606348415943439,0.6109929744503075,0.1612471145555262,0.018383267787416113,0.6949152542372881,1.0
13p9deg_4p25m,target_main_tip_z_4p250m,requested_loaded,24,0.4067796610169491,6.982837830508474,0.6540416158196213,0.6584846938417,0.16659870819618328,0.018403566016634232,0.6949152542372881,1.0
13p9deg_4p25m,target_main_tip_z_4p250m,requested_loaded,25,0.423728813559322,7.273789406779661,0.7032927294522849,0.707525231766174,0.1719562076386274,0.01842386424585446,0.6949152542372881,1.0
13p9deg_4p25m,target_main_tip_z_4p250m,requested_loaded,26,0.44067796610169485,7.564740983050847,0.7541034751437693,0.7581166471970622,0.1773196128828587,0.01844416247507441,0.6949152542372881,1.0
13p9deg_4p25m,target_main_tip_z_4p250m,requested_loaded,27,0.4576271186440678,7.855692559322034,0.8064755711964137,0.8102609990624141,0.18268892392887692,0.01846446070429436,0.6949152542372881,1.0
13p9deg_4p25m,target_main_tip_z_4p250m,requested_loaded,28,0.47457627118644063,8.14664413559322,0.8604107359125566,0.8639603462477811,0.18806414077668232,0.018484758933515033,0.6949152542372881,1.0
13p9deg_4p25m,target_main_tip_z_4p250m,requested_loaded,29,0.4915254237288135,8.437595711864407,0.9159106875945378,0.9192167475990042,0.1934452634262751,0.02929642548537198,0.6949152542372881,1.0
13p9deg_4p25m,target_main_tip_z_4p250m,requested_loaded,30,0.5084745762711864,8.728547288135594,0.972977144544696,0.9760322619249988,0.205111823124843,0.06392024051602824,0.6949152542372881,1.0
13p9deg_4p25m,target_main_tip_z_4p250m,requested_loaded,31,0.5254237288135593,9.01949886440678,1.0352659040945973,1.0378196949836869,0.23064065289381852,0.0782958042641892,0.6949152542372881,1.0
13p9deg_4p25m,target_main_tip_z_4p250m,requested_loaded,32,0.5423728813559322,9.310450440677966,1.10718766756804,1.1087075277567708,0.25067239845701517,0.04638183066891238,0.6949152542372881,1.0
13p9deg_4p25m,target_main_tip_z_4p250m,requested_loaded,33,0.559322033898305,9.601402016949153,1.1811329630120926,1.1815999069223408,0.2576303863807452,0.02392528853626369,0.6949152542372881,1.0
13p9deg_4p25m,target_main_tip_z_4p250m,requested_loaded,34,0.5762711864406779,9.892353593220339,1.2571036015937052,1.2564999429947574,0.2645945992817529,0.02394668377102399,0.6949152542372881,1.0
13p9deg_4p25m,target_main_tip_z_4p250m,requested_loaded,35,0.5932203389830508,10.183305169491526,1.3351013944798305,1.3334107463263318,0.2715650371600393,0.023968079005786513,0.6949152542372881,1.0
13p9deg_4p25m,target_main_tip_z_4p250m,requested_loaded,36,0.6101694915254237,10.474256745762712,1.415128152837419,1.4123354271305832,0.27854170001560474,0.02398947424054565,0.6949152542372881,1.0
13p9deg_4p25m,target_main_tip_z_4p250m,requested_loaded,37,0.6271186440677966,10.7652083220339,1.4971856878334229,1.4932770955054981,0.2855245878484469,0.024010869475301844,0.6949152542372881,1.0
13p9deg_4p25m,target_main_tip_z_4p250m,requested_loaded,38,0.6440677966101694,11.056159898305085,1.5812758106347917,1.576238861456786,0.2925137006585663,0.02403226471006409,0.6949152542372881,1.0
13p9deg_4p25m,target_main_tip_z_4p250m,requested_loaded,39,0.6610169491525423,11.347111474576272,1.6674003324084785,1.6612238349211346,0.299509038445966,0.024053659944828443,0.6949152542372881,1.0
13p9deg_4p25m,target_main_tip_z_4p250m,requested_loaded,40,0.6779661016949152,11.638063050847459,1.7555610643214346,1.7482351257894646,0.3065106012106442,0.04870766806286597,0.6949152542372881,1.0
13p9deg_4p25m,target_main_tip_z_4p250m,requested_loaded,41,0.6949152542372881,11.929014627118644,1.84575981754061,1.8372758439301828,0.32785218404473504,0.08489430822236355,0.6949152542372881,1.0
13p9deg_4p25m,target_main_tip_z_4p250m,requested_loaded,42,0.711864406779661,12.21996620338983,1.9463392837849682,1.9365994676434741,0.35591086679814143,0.07296407956194728,0.6949152542372881,1.0
13p9deg_4p25m,target_main_tip_z_4p250m,requested_loaded,43,0.7288135593220338,12.510917779661018,2.0528654729545375,2.0418261208498243,0.3703102119641848,0.03911732072638874,0.6949152542372881,1.0
13p9deg_4p25m,target_main_tip_z_4p250m,requested_loaded,44,0.7457627118644068,12.801869355932205,2.161823963545562,2.1494818995458935,0.37867335904783817,0.028755571749743747,0.6949152542372881,1.0
13p9deg_4p25m,target_main_tip_z_4p250m,requested_loaded,45,0.7627118644067796,13.09282093220339,2.273216694368284,2.259570302339627,0.38704316981851905,0.028778474829062484,0.6949152542372881,1.0
13p9deg_4p25m,target_main_tip_z_4p250m,requested_loaded,46,0.7796610169491525,13.383772508474577,2.3870456042329513,2.3720948279873184,0.395419644276231,0.028801377908381443,0.6949152542372881,1.0
13p9deg_4p25m,target_main_tip_z_4p250m,requested_loaded,47,0.7966101694915254,13.674724084745764,2.503312631949807,2.4870589754253296,0.40380278242097045,0.044991996770540554,0.6949152542372881,1.0
13p9deg_4p25m,target_main_tip_z_4p250m,requested_loaded,48,0.8135593220338982,13.965675661016949,2.622019716329095,2.6044662438018342,0.42160062903618467,0.07171497811543015,0.6949152542372881,1.0
13p9deg_4p25m,target_main_tip_z_4p250m,requested_loaded,49,0.8305084745762711,14.256627237288136,2.74864336709981,2.7300331056396407,0.4455339542708465,0.06687224859597263,0.6949152542372881,1.0
13p9deg_4p25m,target_main_tip_z_4p250m,requested_loaded,50,0.847457627118644,14.547578813559323,2.8812773288839706,2.8617649679217405,0.46051380131177844,0.04173496604364246,0.6949152542372881,1.0
13p9deg_4p25m,target_main_tip_z_4p250m,requested_loaded,51,0.864406779661017,14.83853038983051,3.016617799872406,2.996213724970194,0.469819662582891,0.03199658103530845,0.6949152542372881,1.0
13p9deg_4p25m,target_main_tip_z_4p250m,requested_loaded,52,0.8813559322033897,15.129481966101695,3.1546668716673483,3.133382677176762,0.4791327126868019,0.04829243131508976,0.6949152542372881,1.0
13p9deg_4p25m,target_main_tip_z_4p250m,requested_loaded,53,0.8983050847457626,15.420433542372882,3.2954266358710345,3.273275125198593,0.49792118060907775,0.0668755638942733,0.6949152542372881,1.0
13p9deg_4p25m,target_main_tip_z_4p250m,requested_loaded,54,0.9152542372881356,15.711385118644069,3.444408776381391,3.4214351648356063,0.5180478141449285,0.05342154804812527,0.6949152542372881,1.0
13p9deg_4p25m,target_main_tip_z_4p250m,requested_loaded,55,0.9322033898305083,16.002336694915254,3.596880292089653,3.5731068044938223,0.5290073478319757,0.049144417658327555,0.6949152542372881,1.0
13p9deg_4p25m,target_main_tip_z_4p250m,requested_loaded,56,0.9491525423728813,16.29328827118644,3.752239819802897,3.727686718428618,0.5466451057101684,0.061724520916323966,0.6949152542372881,1.0
13p9deg_4p25m,target_main_tip_z_4p250m,requested_loaded,57,0.9661016949152542,16.584239847457628,3.914974802424259,3.890560852686516,0.5649250411423523,0.05000036410885944,0.6949152542372881,1.0
13p9deg_4p25m,target_main_tip_z_4p250m,requested_loaded,58,0.983050847457627,16.875191423728815,4.080971482193762,4.0567600158619515,0.5757404752133803,0.027540054912453482,0.6949152542372881,1.0
13p9deg_4p25m,target_main_tip_z_4p250m,requested_loaded,59,1.0,17.166143,4.249999999997169,4.226007076813656,0.5809506859170991,0.017907484023604214,0.6949152542372881,1.0
13p9deg_4p25m,target_main_tip_z_4p250m,jig_unloaded,0,-8.683402987731068e-21,-1.5141233716452868e-19,0.07143912961806514,0.06518586011684128,0.03469350427212399,0.006148275369146918,0.8957346043700991,1.0
13p9deg_4p25m,target_main_tip_z_4p250m,jig_unloaded,1,0.0166846994867944,0.29093079611216505,0.08153253843587498,0.06769005724593766,0.03648222691998672,0.008701682182557041,0.8957346043700991,1.0
13p9deg_4p25m,target_main_tip_z_4p250m,jig_unloaded,2,0.03336888529049199,0.5818526351416795,0.09266637744431623,0.0604470908331783,0.03975655523876262,0.010119671949943704,0.8957346043700991,1.0
13p9deg_4p25m,target_main_tip_z_4p250m,jig_unloaded,3,0.050052767897831515,0.8727691873419106,0.10466441286810643,0.05038063745727594,0.04237025257168661,0.007660862694980758,0.8957346043700991,1.0
13p9deg_4p25m,target_main_tip_z_4p250m,jig_unloaded,4,0.06673661778087574,1.1636851689292103,0.11731876756794421,0.04443739171417006,0.04421389590198285,0.005726811703013382,0.8957346043700991,1.0
13p9deg_4p25m,target_main_tip_z_4p250m,jig_unloaded,5,0.08342080332262454,1.4546070033911285,0.1303897378752508,0.04958706641580529,0.045702321038733895,0.006011860040585251,0.8957346043700991,1.0
13p9deg_4p25m,target_main_tip_z_4p250m,jig_unloaded,6,0.10010450239887243,1.7455203553631118,0.1439099729391443,0.06231003740098984,0.047711792415510795,0.0075109666982066114,0.8957346043700991,1.0
13p9deg_4p25m,target_main_tip_z_4p250m,jig_unloaded,7,0.11678793134793786,2.0364289971324148,0.15814949641362122,0.07329678141084948,0.050072360972745894,0.007635144796110049,0.8957346043700991,1.0
13p9deg_4p25m,target_main_tip_z_4p250m,jig_unloaded,8,0.13347147497042278,2.327339638460011,0.17304304259799283,0.08128492503615364,0.05215406497025282,0.01751490778122558,0.8957346043700991,1.0
13p9deg_4p25m,target_main_tip_z_4p250m,jig_unloaded,9,0.1501551812385909,2.618253115837374,0.18849399473442902,0.08503550276559313,0.06026301551482316,0.03660721847327242,0.8957346043700991,1.0
13p9deg_4p25m,target_main_tip_z_4p250m,jig_unloaded,10,0.16683870108218904,2.9091633425329615,0.20810544701134717,0.08720315495975964,0.07345295564130078,0.034300875283125615,0.8957346043700991,1.0
13p9deg_4p25m,target_main_tip_z_4p250m,jig_unloaded,11,0.18352281705538348,3.200083963929285,0.23123131575641873,0.08843688128426039,0.08022009336516867,0.01328193521964971,0.8957346043700991,1.0
13p9deg_4p25m,target_main_tip_z_4p250m,jig_unloaded,12,0.20020838503206956,3.4910299038836157,0.254782873757951,0.08880078600063865,0.08118076427682092,0.0015080436731158553,0.8957346043700991,1.0
13p9deg_4p25m,target_main_tip_z_4p250m,jig_unloaded,13,0.21689584962195835,3.7820089150472547,0.27847244342137706,0.09133114562882733,0.08109754294998378,-0.0022595647703082533,0.8957346043700991,1.0
13p9deg_4p25m,target_main_tip_z_4p250m,jig_unloaded,14,0.2335859020683029,4.073033050616011,0.3019818704456764,0.09909139902756034,0.07986551234498523,-0.0060724211059250965,0.8957346043700991,1.0
13p9deg_4p25m,target_main_tip_z_4p250m,jig_unloaded,15,0.25027942026278066,4.3641176183708135,0.3249627425057603,0.11517214746014698,0.07756251148252047,-0.009064033194370213,0.8957346043700991,1.0
13p9deg_4p25m,target_main_tip_z_4p250m,jig_unloaded,16,0.26697584845184,4.655252927647271,0.3471401656131937,0.13839827029828852,0.0745881351101243,-0.01129826024321108,0.8957346043700991,1.0
13p9deg_4p25m,target_main_tip_z_4p250m,jig_unloaded,17,0.2836762117968858,4.946456854165822,0.3683981222169096,0.16355792239256978,0.0709829427708295,-0.01393799007455912,0.8957346043700991,1.0
13p9deg_4p25m,target_main_tip_z_4p250m,jig_unloaded,18,0.3003814505966242,5.237745793897602,0.38848688035870604,0.18802376648982927,0.06646909043490401,-0.01722153197709894,0.8957346043700991,1.0
13p9deg_4p25m,target_main_tip_z_4p250m,jig_unloaded,19,0.3170920383094656,5.529128002528149,0.40712727780469077,0.20919721634327798,0.060948131053640275,-0.011215565324449006,0.8957346043700991,1.0
13p9deg_4p25m,target_main_tip_z_4p250m,jig_unloaded,20,0.33380856861525116,5.8206138320418646,0.42401097108369695,0.22450843677411803,0.059933498538712104,0.013082810743935178,0.8957346043700991,1.0
13p9deg_4p25m,target_main_tip_z_4p250m,jig_unloaded,21,0.3505376100380485,6.11231781767133,0.44208076133226404,0.2346519429914824,0.06858512268620864,0.018734824648604695,0.8957346043700991,1.0
13p9deg_4p25m,target_main_tip_z_4p250m,jig_unloaded,22,0.3672883841080898,6.40440075506851,0.4640551041776324,0.24201491181950952,0.0708623593880654,-0.01259636611027136,0.8957346043700991,1.0
13p9deg_4p25m,target_main_tip_z_4p250m,jig_unloaded,23,0.38405176226154486,6.69670346963487,0.483489785464923,0.2434981155297839,0.06121501990114364,-0.03615206349211461,0.8957346043700991,1.0
13p9deg_4p25m,target_main_tip_z_4p250m,jig_unloaded,24,0.4008289237685151,6.98924652428134,0.4998539138240796,0.2419088874126652,0.04971746446988923,-0.042590830240011084,0.8957346043700991,1.0
13p9deg_4p25m,target_main_tip_z_4p250m,jig_unloaded,25,0.4176215525772539,7.282059281982443,0.5125888355935161,0.24009288562564995,0.03628245508676575,-0.049272837240900084,0.8957346043700991,1.0
13p9deg_4p25m,target_main_tip_z_4p250m,jig_unloaded,26,0.4344315800654793,7.575175420135699,0.5211084761238097,0.2409340930307442,0.020845027218052703,-0.05248794232493411,0.8957346043700991,1.0
13p9deg_4p25m,target_main_tip_z_4p250m,jig_unloaded,27,0.4512586030577173,7.868587908577831,0.5248101658885489,0.24588050243702786,0.005496880301016471,-0.04864609214006812,0.8957346043700991,1.0
13p9deg_4p25m,target_main_tip_z_4p250m,jig_unloaded,28,0.4681027588787795,8.162299141839037,0.5243315691826567,0.2520987746147164,-0.007714057714540146,-0.04152199560951445,0.8957346043700991,1.0
13p9deg_4p25m,target_main_tip_z_4p250m,jig_unloaded,29,0.484962534241962,8.456282732767072,0.5202733381969695,0.2564233436445429,-0.018903497465925234,-0.02430827321735307,0.8957346043700991,1.0
13p9deg_4p25m,target_main_tip_z_4p250m,jig_unloaded,30,0.5018362387134361,8.750509205298554,0.5132098637018139,0.2557294779474525,-0.022005745102604002,0.01533509443856507,0.8957346043700991,1.0
13p9deg_4p25m,target_main_tip_z_4p250m,jig_unloaded,31,0.518741188283611,9.045280498037727,0.5073141860998608,0.2505539181657661,-0.00984293637896716,0.03427653317233521,0.8957346043700991,1.0
13p9deg_4p25m,target_main_tip_z_4p250m,jig_unloaded,32,0.5357006481566501,9.341002285918938,0.5074170191127122,0.24413275210539664,-0.001778989864404612,0.007220740847565516,0.8957346043700991,1.0
13p9deg_4p25m,target_main_tip_z_4p250m,jig_unloaded,33,0.5526734814184353,9.636957265332171,0.5062606068680018,0.23193008698003048,-0.005579945488435212,-0.011375807776690613,0.8957346043700991,1.0
13p9deg_4p25m,target_main_tip_z_4p250m,jig_unloaded,34,0.5696581015226041,9.933117771697868,0.5041123592310179,0.21700962953564962,-0.008514178499633096,-0.008583237002745278,0.8957346043700991,1.0
13p9deg_4p25m,target_main_tip_z_4p250m,jig_unloaded,35,0.5866535042006465,10.22946629360461,0.501215405094078,0.20248607450108325,-0.01066509275330052,-0.010283745514059845,0.8957346043700991,1.0
13p9deg_4p25m,target_main_tip_z_4p250m,jig_unloaded,36,0.6036587482140013,10.525986418693028,0.49778905471702783,0.19152510251008215,-0.014612127525048924,-0.019201916179435154,0.8957346043700991,1.0
13p9deg_4p25m,target_main_tip_z_4p250m,jig_unloaded,37,0.6206799090926678,10.822784085867259,0.49254407220637275,0.18494157172608672,-0.022061202649025335,-0.02517356807649931,0.8957346043700991,1.0
13p9deg_4p25m,target_main_tip_z_4p250m,jig_unloaded,38,0.6377196362329729,11.119905492602017,0.4846836421469267,0.18007882626135951,-0.029563238616279963,-0.021084550762762222,0.8957346043700991,1.0
13p9deg_4p25m,target_main_tip_z_4p250m,jig_unloaded,39,0.654774230328824,11.417286134165437,0.47496705420955987,0.17520306854805967,-0.03459385115178326,-0.013070167277711944,0.8957346043700991,1.0
13p9deg_4p25m,target_main_tip_z_4p250m,jig_unloaded,40,0.6718414196957992,11.714886399238306,0.46410011758419767,0.16862261735823947,-0.03733804851903677,0.017459576360043576,0.8957346043700991,1.0
13p9deg_4p25m,target_main_tip_z_4p250m,jig_unloaded,41,0.6889189068571725,12.012666226761478,0.45273642783453405,0.15868790685664158,-0.024189182381319174,0.05753734428221004,0.8957346043700991,1.0
13p9deg_4p25m,target_main_tip_z_4p250m,jig_unloaded,42,0.7060586209772821,12.311531104612296,0.44969814631058824,0.15216056175505277,-0.0029796056524897807,0.050437643505653385,0.8957346043700991,1.0
13p9deg_4p25m,target_main_tip_z_4p250m,jig_unloaded,43,0.7232298709941771,12.610945873311621,0.45096170123178636,0.14570720165561268,0.005964034445395949,0.02121038053761482,0.8957346043700991,1.0
13p9deg_4p25m,target_main_tip_z_4p250m,jig_unloaded,44,0.7404079372855814,12.910479497263394,0.453270709793435,0.13812226884163437,0.009722258690903263,0.013323732079628723,0.8957346043700991,1.0
13p9deg_4p25m,target_main_tip_z_4p250m,jig_unloaded,45,0.7575916401957115,13.210111406831551,0.45678733942411776,0.1317739090642891,0.01394730820943646,0.010186134937200147,0.8957346043700991,1.0
13p9deg_4p25m,target_main_tip_z_4p250m,jig_unloaded,46,0.7747795742873866,13.50981709543399,0.46163018225951213,0.12907508425812653,0.015826614627328928,-0.0003768477270489866,0.8957346043700991,1.0
13p9deg_4p25m,target_main_tip_z_4p250m,jig_unloaded,47,0.7919859239723906,13.809843896396426,0.4662788610528632,0.13112375332482173,0.01371702900179872,0.007717880495338406,0.8957346043700991,1.0
13p9deg_4p25m,target_main_tip_z_4p250m,jig_unloaded,48,0.8092101132042003,14.110181765206297,0.4698642956244239,0.13714993369478456,0.020469338165642115,0.03645624109314108,0.8957346043700991,1.0
13p9deg_4p25m,target_main_tip_z_4p250m,jig_unloaded,49,0.8264817354317916,14.41134672228561,0.4786053575686844,0.15230221116109188,0.03566870810698519,0.040144202085404666,0.8957346043700991,1.0
13p9deg_4p25m,target_main_tip_z_4p250m,jig_unloaded,50,0.8437866168335331,14.713091618968944,0.4913770254988137,0.17448885817980297,0.04466068660468059,0.02399187340624591,0.8957346043700991,1.0
13p9deg_4p25m,target_main_tip_z_4p250m,jig_unloaded,51,0.8610988824827066,15.014965274638065,0.5055639779046359,0.20025791293437,0.05014915200116976,0.020570197249540803,0.8957346043700991,1.0
13p9deg_4p25m,target_main_tip_z_4p250m,jig_unloaded,52,0.8784154545649929,15.316914021501661,0.5216586805031334,0.22943169970259225,0.05708179133846203,0.038984188640989986,0.8957346043700991,1.0
13p9deg_4p25m,target_main_tip_z_4p250m,jig_unloaded,53,0.8957346043700991,15.618907716070353,0.540038434069471,0.26185383276021,0.07369479870542495,0.05817448351655194,0.8957346043700991,1.0
13p9deg_4p25m,target_main_tip_z_4p250m,jig_unloaded,54,0.9130914943871606,15.921559486016326,0.5662348154132464,0.3023397017187084,0.09226089696428541,0.04814391247593325,0.8957346043700991,1.0
13p9deg_4p25m,target_main_tip_z_4p250m,jig_unloaded,55,0.9304532488249121,16.22429607677583,0.595893075132826,0.3465413113167237,0.10283832323120101,0.043634413030707336,0.8957346043700991,1.0
13p9deg_4p25m,target_main_tip_z_4p250m,jig_unloaded,56,0.9478150232861469,16.527033016684438,0.6285007014695205,0.3938250539746426,0.1186803851523538,0.05308512812793062,0.8957346043700991,1.0
13p9deg_4p25m,target_main_tip_z_4p250m,jig_unloaded,57,0.9652081802411292,16.830317172555624,0.6678279099944464,0.4478284673443178,0.1350098585188504,0.043972846073944166,0.8957346043700991,1.0
13p9deg_4p25m,target_main_tip_z_4p250m,jig_unloaded,58,0.9826038065506357,17.13364438651594,0.7103996764672833,0.5051146406010893,0.14535396357692254,0.025300798471633246,0.8957346043700991,1.0
13p9deg_4p25m,target_main_tip_z_4p250m,jig_unloaded,59,1.0,17.436981489683458,0.7560090720353059,0.5654625819731787,0.15035877606714917,0.016499176783733985,0.8957346043700991,1.0
13p9deg_4p25m,target_main_tip_z_4p250m,realizable_loaded,0,0.0,0.0,0.07143912961806514,0.0651858601168413,0.03363758378198781,0.003582461267065747,0.6949152542372881,1.0
13p9deg_4p25m,target_main_tip_z_4p250m,realizable_loaded,1,0.01694915254237288,0.29095157627118645,0.0812260376413886,0.0753080038560987,0.034679906534571064,0.005378430312540636,0.6949152542372881,1.0
13p9deg_4p25m,target_main_tip_z_4p250m,realizable_loaded,2,0.03389830508474576,0.5819031525423729,0.09161947656040688,0.0860904310879026,0.036767309336584675,0.0071838761818994595,0.6949152542372881,1.0
13p9deg_4p25m,target_main_tip_z_4p250m,realizable_loaded,3,0.05084745762711864,0.8728547288135593,0.10262105085484782,0.09753347973163144,0.03886022673229242,0.0072028298296670235,0.6949152542372881,1.0
13p9deg_4p25m,target_main_tip_z_4p250m,realizable_loaded,4,0.06779661016949153,1.1638063050847458,0.11423236500443922,0.10963748774605228,0.04095865872169416,0.0072217834774347955,0.6949152542372881,1.0
13p9deg_4p25m,target_main_tip_z_4p250m,realizable_loaded,5,0.0847457627118644,1.4547578813559323,0.1264550234889088,0.12240279312752336,0.04306260530479014,0.0072407371252029284,0.6949152542372881,1.0
13p9deg_4p25m,target_main_tip_z_4p250m,realizable_loaded,6,0.10169491525423728,1.7457094576271186,0.1392906307879845,0.1358297339081973,0.04517206648158034,0.007259690772970798,0.6949152542372881,1.0
13p9deg_4p25m,target_main_tip_z_4p250m,realizable_loaded,7,0.11864406779661016,2.036661033898305,0.15274079138139404,0.1499186481542239,0.04728704225206462,0.007278644420738695,0.6949152542372881,1.0
13p9deg_4p25m,target_main_tip_z_4p250m,realizable_loaded,8,0.13559322033898305,2.3276126101694916,0.1668071097488653,0.16466987396395358,0.049407532616243144,0.018347762042139157,0.6949152542372881,1.0
13p9deg_4p25m,target_main_tip_z_4p250m,realizable_loaded,9,0.15254237288135591,2.618564186440678,0.18149119037012604,0.18008374946614045,0.05796366282648269,0.039135765891899696,0.6949152542372881,1.0
13p9deg_4p25m,target_main_tip_z_4p250m,realizable_loaded,10,0.1694915254237288,2.9095157627118646,0.20053634788049876,0.19970672550853896,0.07218075816589986,0.03915253847263782,0.6949152542372881,1.0
13p9deg_4p25m,target_main_tip_z_4p250m,realizable_loaded,11,0.1864406779661017,3.200467338983051,0.22349340109976182,0.22311612363809288,0.08074664839374718,0.02106077820328349,0.6949152542372881,1.0
13p9deg_4p25m,target_main_tip_z_4p250m,realizable_loaded,12,0.20338983050847456,3.491418915254237,0.24752307713805075,0.24762154586013294,0.08443609139738623,0.012690371086090307,0.6949152542372881,1.0
13p9deg_4p25m,target_main_tip_z_4p250m,realizable_loaded,13,0.22033898305084743,3.7823704915254237,0.27262702887225676,0.2732239022068383,0.0881312153356757,0.012709896447400615,0.6949152542372881,1.0
13p9deg_4p25m,target_main_tip_z_4p250m,realizable_loaded,14,0.23728813559322032,4.07332206779661,0.29880690917927116,0.29992410271023195,0.09183202020861575,0.012729421808710617,0.6949152542372881,1.0
13p9deg_4p25m,target_main_tip_z_4p250m,realizable_loaded,15,0.2542372881355932,4.364273644067797,0.3260643709359852,0.32772305740214613,0.09553850601620606,0.012748947170020425,0.6949152542372881,1.0
13p9deg_4p25m,target_main_tip_z_4p250m,realizable_loaded,16,0.2711864406779661,4.655225220338983,0.3544010670192899,0.3566216763141867,0.09925067275844679,0.01276847253133076,0.6949152542372881,1.0
13p9deg_4p25m,target_main_tip_z_4p250m,realizable_loaded,17,0.28813559322033894,4.946176796610169,0.3838186503060767,0.38662086947769864,0.1029685204353381,0.012787997892641317,0.6949152542372881,1.0
13p9deg_4p25m,target_main_tip_z_4p250m,realizable_loaded,18,0.30508474576271183,5.237128372881356,0.41431877367323694,0.4177215469237311,0.10669204904688001,0.012807523253950848,0.6949152542372881,1.0
13p9deg_4p25m,target_main_tip_z_4p250m,realizable_loaded,19,0.3220338983050847,5.528079949152542,0.4459030899976616,0.4499246186830018,0.11042125859307184,0.02256674551971813,0.6949152542372881,1.0
13p9deg_4p25m,target_main_tip_z_4p250m,realizable_loaded,20,0.3389830508474576,5.819031525423729,0.4785732521562421,0.48323099478586273,0.11982370940742548,0.05133816255806645,0.6949152542372881,1.0
13p9deg_4p25m,target_main_tip_z_4p250m,realizable_loaded,21,0.3559322033898305,6.109983101694915,0.5156288842511636,0.5206477551302926,0.14029509723134348,0.061999522002250396,0.6949152542372881,1.0
13p9deg_4p25m,target_main_tip_z_4p250m,realizable_loaded,22,0.3728813559322034,6.400934677966102,0.5602114115213996,0.5650480145705924,0.1559014267166552,0.03600602133300357,0.6949152542372881,1.0
13p9deg_4p25m,target_main_tip_z_4p250m,realizable_loaded,23,0.38983050847457623,6.691886254237288,0.606348415943439,0.6109929744503075,0.1612471145555262,0.018383267787416113,0.6949152542372881,1.0
13p9deg_4p25m,target_main_tip_z_4p250m,realizable_loaded,24,0.4067796610169491,6.982837830508474,0.6540416158196213,0.6584846938417,0.16659870819618328,0.018403566016634232,0.6949152542372881,1.0
13p9deg_4p25m,target_main_tip_z_4p250m,realizable_loaded,25,0.423728813559322,7.273789406779661,0.7032927294522849,0.707525231766174,0.1719562076386274,0.01842386424585407,0.6949152542372881,1.0
13p9deg_4p25m,target_main_tip_z_4p250m,realizable_loaded,26,0.44067796610169485,7.564740983050847,0.7541034751437693,0.7581166471970622,0.17731961288285847,0.01844416247507441,0.6949152542372881,1.0
13p9deg_4p25m,target_main_tip_z_4p250m,realizable_loaded,27,0.4576271186440678,7.855692559322034,0.8064755711964136,0.8102609990624141,0.18268892392887692,0.018464460704295083,0.6949152542372881,1.0
13p9deg_4p25m,target_main_tip_z_4p250m,realizable_loaded,28,0.47457627118644063,8.14664413559322,0.8604107359125566,0.8639603462477811,0.18806414077668254,0.018484758933515033,0.6949152542372881,1.0
13p9deg_4p25m,target_main_tip_z_4p250m,realizable_loaded,29,0.4915254237288135,8.437595711864407,0.9159106875945378,0.9192167475990042,0.1934452634262751,0.02929642548537159,0.6949152542372881,1.0
13p9deg_4p25m,target_main_tip_z_4p250m,realizable_loaded,30,0.5084745762711864,8.728547288135594,0.972977144544696,0.9760322619249988,0.205111823124843,0.06392024051602824,0.6949152542372881,1.0
13p9deg_4p25m,target_main_tip_z_4p250m,realizable_loaded,31,0.5254237288135593,9.01949886440678,1.0352659040945973,1.0378196949836869,0.23064065289381852,0.0782958042641892,0.6949152542372881,1.0
13p9deg_4p25m,target_main_tip_z_4p250m,realizable_loaded,32,0.5423728813559322,9.310450440677966,1.10718766756804,1.1087075277567708,0.25067239845701517,0.04638183066891238,0.6949152542372881,1.0
13p9deg_4p25m,target_main_tip_z_4p250m,realizable_loaded,33,0.559322033898305,9.601402016949153,1.1811329630120926,1.1815999069223408,0.2576303863807452,0.02392528853626369,0.6949152542372881,1.0
13p9deg_4p25m,target_main_tip_z_4p250m,realizable_loaded,34,0.5762711864406779,9.892353593220339,1.2571036015937052,1.2564999429947574,0.2645945992817529,0.02394668377102399,0.6949152542372881,1.0
13p9deg_4p25m,target_main_tip_z_4p250m,realizable_loaded,35,0.5932203389830508,10.183305169491526,1.3351013944798305,1.3334107463263318,0.2715650371600393,0.023968079005786513,0.6949152542372881,1.0
13p9deg_4p25m,target_main_tip_z_4p250m,realizable_loaded,36,0.6101694915254237,10.474256745762712,1.415128152837419,1.4123354271305832,0.27854170001560474,0.02398947424054565,0.6949152542372881,1.0
13p9deg_4p25m,target_main_tip_z_4p250m,realizable_loaded,37,0.6271186440677966,10.7652083220339,1.4971856878334229,1.4932770955054981,0.2855245878484469,0.024010869475301844,0.6949152542372881,1.0
13p9deg_4p25m,target_main_tip_z_4p250m,realizable_loaded,38,0.6440677966101694,11.056159898305085,1.5812758106347917,1.576238861456786,0.2925137006585663,0.02403226471006409,0.6949152542372881,1.0
13p9deg_4p25m,target_main_tip_z_4p250m,realizable_loaded,39,0.6610169491525423,11.347111474576272,1.6674003324084785,1.6612238349211346,0.299509038445966,0.024053659944828443,0.6949152542372881,1.0
13p9deg_4p25m,target_main_tip_z_4p250m,realizable_loaded,40,0.6779661016949152,11.638063050847459,1.7555610643214346,1.7482351257894646,0.3065106012106442,0.04870766806286597,0.6949152542372881,1.0
13p9deg_4p25m,target_main_tip_z_4p250m,realizable_loaded,41,0.6949152542372881,11.929014627118644,1.84575981754061,1.8372758439301828,0.32785218404473504,0.08489430822236355,0.6949152542372881,1.0
13p9deg_4p25m,target_main_tip_z_4p250m,realizable_loaded,42,0.711864406779661,12.21996620338983,1.9463392837849682,1.9365994676434741,0.35591086679814143,0.07296407956194728,0.6949152542372881,1.0
13p9deg_4p25m,target_main_tip_z_4p250m,realizable_loaded,43,0.7288135593220338,12.510917779661018,2.0528654729545375,2.0418261208498243,0.3703102119641848,0.03911732072638874,0.6949152542372881,1.0
13p9deg_4p25m,target_main_tip_z_4p250m,realizable_loaded,44,0.7457627118644068,12.801869355932205,2.161823963545562,2.1494818995458935,0.37867335904783817,0.028755571749743747,0.6949152542372881,1.0
13p9deg_4p25m,target_main_tip_z_4p250m,realizable_loaded,45,0.7627118644067796,13.09282093220339,2.273216694368284,2.259570302339627,0.38704316981851905,0.028778474829062484,0.6949152542372881,1.0
13p9deg_4p25m,target_main_tip_z_4p250m,realizable_loaded,46,0.7796610169491525,13.383772508474577,2.3870456042329513,2.3720948279873184,0.395419644276231,0.028801377908381443,0.6949152542372881,1.0
13p9deg_4p25m,target_main_tip_z_4p250m,realizable_loaded,47,0.7966101694915254,13.674724084745764,2.503312631949807,2.4870589754253296,0.40380278242097045,0.044991996770540554,0.6949152542372881,1.0
13p9deg_4p25m,target_main_tip_z_4p250m,realizable_loaded,48,0.8135593220338982,13.965675661016949,2.622019716329095,2.6044662438018342,0.42160062903618467,0.07171497811543015,0.6949152542372881,1.0
13p9deg_4p25m,target_main_tip_z_4p250m,realizable_loaded,49,0.8305084745762711,14.256627237288136,2.74864336709981,2.7300331056396407,0.4455339542708465,0.06687224859597263,0.6949152542372881,1.0
13p9deg_4p25m,target_main_tip_z_4p250m,realizable_loaded,50,0.847457627118644,14.547578813559323,2.8812773288839706,2.8617649679217405,0.46051380131177844,0.04173496604364246,0.6949152542372881,1.0
13p9deg_4p25m,target_main_tip_z_4p250m,realizable_loaded,51,0.864406779661017,14.83853038983051,3.016617799872406,2.996213724970194,0.469819662582891,0.03199658103530845,0.6949152542372881,1.0
13p9deg_4p25m,target_main_tip_z_4p250m,realizable_loaded,52,0.8813559322033897,15.129481966101695,3.1546668716673483,3.133382677176762,0.4791327126868019,0.04829243131508976,0.6949152542372881,1.0
13p9deg_4p25m,target_main_tip_z_4p250m,realizable_loaded,53,0.8983050847457626,15.420433542372882,3.2954266358710345,3.273275125198593,0.49792118060907775,0.0668755638942733,0.6949152542372881,1.0
13p9deg_4p25m,target_main_tip_z_4p250m,realizable_loaded,54,0.9152542372881356,15.711385118644069,3.444408776381391,3.4214351648356063,0.5180478141449285,0.05342154804812527,0.6949152542372881,1.0
13p9deg_4p25m,target_main_tip_z_4p250m,realizable_loaded,55,0.9322033898305083,16.002336694915254,3.596880292089653,3.5731068044938223,0.5290073478319757,0.049144417658327555,0.6949152542372881,1.0
13p9deg_4p25m,target_main_tip_z_4p250m,realizable_loaded,56,0.9491525423728813,16.29328827118644,3.752239819802897,3.727686718428618,0.5466451057101684,0.061724520916323966,0.6949152542372881,1.0
13p9deg_4p25m,target_main_tip_z_4p250m,realizable_loaded,57,0.9661016949152542,16.584239847457628,3.914974802424259,3.890560852686516,0.5649250411423523,0.05000036410885944,0.6949152542372881,1.0
13p9deg_4p25m,target_main_tip_z_4p250m,realizable_loaded,58,0.983050847457627,16.875191423728815,4.080971482193762,4.0567600158619515,0.5757404752133803,0.027540054912453482,0.6949152542372881,1.0
13p9deg_4p25m,target_main_tip_z_4p250m,realizable_loaded,59,1.0,17.166143,4.249999999997169,4.226007076813656,0.5809506859170991,0.017907484023604214,0.6949152542372881,1.0
