policy_id,policy_name,actual_envelope_assignment_label,zone_name,airfoil_id,candidate_family,candidate_sources,selected_in_policy_assignment,actual_Re_min,actual_Re_p50,actual_Re_max,actual_Cl_min,actual_Cl_p50,actual_Cl_p90,actual_Cl_max,safe_clmax,actual_Cl_max_margin,Cd_at_actual_work_points,mean_cd_at_actual_work_points,weighted_mean_cd_at_actual_work_points,cd_p90_at_actual_work_points,cm_mean_at_actual_work_points,min_stall_margin_deg_at_actual_work_points,min_clmax_margin_at_actual_work_points,roughness_sensitivity_at_actual_work_points,warning_flags,archive_source_quality,archive_issues,record_blocking_issues_under_actual_regrade,actual_sidecar_query_quality,actual_sidecar_query_fail_reasons,work_points
A,unrestricted_current_sidecar,root:dae11|mid1:dae11|mid2:clarkysm|tip:clarkysm,root,cst_root_nsga2_g02_child_0112_57ba57cc,CST,per_zone_top_k,False,454119.736,489104.795,524089.855,1.2572,1.29191127,1.31968029,1.32662255,1.63080761,0.30418506,0.014336377;0.014458957;0.015163243;0.013678473,0.0144092624,0.0145400109,0.0149519569,-0.0733142504,6.2886113,0.30418506,0.00706705163,,full_polar_candidate_not_mission_grade,discontinuous_cd,discontinuous_cd,actual_sidecar_query_not_mission_grade,cd_discontinuity,p50:Re=489104.795:Cl=1.291911;p90:Re=489104.795:Cl=1.319680;clmax_remin:Re=454119.736:Cl=1.326623;clmin_remax:Re=524089.855:Cl=1.257200
A,unrestricted_current_sidecar,root:dae11|mid1:dae11|mid2:clarkysm|tip:clarkysm,root,cst_root_nsga2_g02_child_0123_4caadfe5,CST,per_zone_top_k;sidecar_zone_topk,False,454119.736,489104.795,524089.855,1.2572,1.29191127,1.31968029,1.32662255,1.6660523,0.339429755,0.011735332;0.011935557;0.012319099;0.011247969,0.0118094895,0.0119151259,0.0122040367,-0.159144962,3.41303072,0.339429755,0.00751511342,,full_polar_mission_grade_candidate,,,actual_sidecar_query_grade,,p50:Re=489104.795:Cl=1.291911;p90:Re=489104.795:Cl=1.319680;clmax_remin:Re=454119.736:Cl=1.326623;clmin_remax:Re=524089.855:Cl=1.257200
A,unrestricted_current_sidecar,root:dae11|mid1:dae11|mid2:clarkysm|tip:clarkysm,root,cst_root_nsga2_g03_child_0051_fbaca644,CST,per_zone_top_k;sidecar_zone_topk,False,454119.736,489104.795,524089.855,1.2572,1.29191127,1.31968029,1.32662255,1.627369,0.300746451,0.01297434;0.01299978;0.013703911;0.012308464,0.012996624,0.0131153557,0.013492672,-0.159703419,3.53182137,0.300746451,0.0124368152,,full_polar_mission_grade_candidate,,,actual_sidecar_query_grade,,p50:Re=489104.795:Cl=1.291911;p90:Re=489104.795:Cl=1.319680;clmax_remin:Re=454119.736:Cl=1.326623;clmin_remax:Re=524089.855:Cl=1.257200
A,unrestricted_current_sidecar,root:dae11|mid1:dae11|mid2:clarkysm|tip:clarkysm,root,cst_root_nsga2_g03_child_0090_3408e0ca,CST,per_zone_top_k,False,454119.736,489104.795,524089.855,1.2572,1.29191127,1.31968029,1.32662255,1.60729077,0.280668226,0.010780265;0.01079702;0.011232832;0.010392469,0.0108006466,0.0108711527,0.0111020884,-0.161355231,2.57536545,0.280668226,0.0129595649,,full_polar_candidate_not_mission_grade,discontinuous_cd,discontinuous_cd,actual_sidecar_query_not_mission_grade,cd_discontinuity,p50:Re=489104.795:Cl=1.291911;p90:Re=489104.795:Cl=1.319680;clmax_remin:Re=454119.736:Cl=1.326623;clmin_remax:Re=524089.855:Cl=1.257200
A,unrestricted_current_sidecar,root:dae11|mid1:dae11|mid2:clarkysm|tip:clarkysm,root,cst_root_nsga2_g05_child_0019_00cc4dca,CST,per_zone_top_k;selected_policy_B;selected_policy_C;selected_policy_D;selected_policy_E;sidecar_zone_topk,False,454119.736,489104.795,524089.855,1.2572,1.29191127,1.31968029,1.32662255,1.63701533,0.310392785,0.011625713;0.011801018;0.012344739;0.010985153,0.0116891557,0.0118179028,0.0121816226,-0.140510781,3.78413007,0.310392785,0.00970517836,,full_polar_mission_grade_candidate,,,actual_sidecar_query_grade,,p50:Re=489104.795:Cl=1.291911;p90:Re=489104.795:Cl=1.319680;clmax_remin:Re=454119.736:Cl=1.326623;clmin_remax:Re=524089.855:Cl=1.257200
A,unrestricted_current_sidecar,root:dae11|mid1:dae11|mid2:clarkysm|tip:clarkysm,root,cst_root_nsga2_g05_child_0047_47fc9c7e,CST,per_zone_top_k;sidecar_zone_topk,False,454119.736,489104.795,524089.855,1.2572,1.29191127,1.31968029,1.32662255,1.59713307,0.270510518,0.011851302;0.012006838;0.012455055;0.011343512,0.0119141769,0.0120191945,0.01232059,-0.149765078,2.43803702,0.270510518,0.00878717738,,full_polar_mission_grade_candidate,,,actual_sidecar_query_grade,,p50:Re=489104.795:Cl=1.291911;p90:Re=489104.795:Cl=1.319680;clmax_remin:Re=454119.736:Cl=1.326623;clmin_remax:Re=524089.855:Cl=1.257200
A,unrestricted_current_sidecar,root:dae11|mid1:dae11|mid2:clarkysm|tip:clarkysm,root,cst_root_nsga2_g07_child_0058_7b5c9763,CST,per_zone_top_k,False,454119.736,489104.795,524089.855,1.2572,1.29191127,1.31968029,1.32662255,1.75900349,0.432380938,0.016510261;0.016745976;0.017467046;0.015559447,0.0165706825,0.0167548307,0.0172507251,-0.100978291,3.81801782,0.432380938,0.00211726405,,full_polar_candidate_not_mission_grade,discontinuous_cd,discontinuous_cd,actual_sidecar_query_not_mission_grade,cd_discontinuity,p50:Re=489104.795:Cl=1.291911;p90:Re=489104.795:Cl=1.319680;clmax_remin:Re=454119.736:Cl=1.326623;clmin_remax:Re=524089.855:Cl=1.257200
A,unrestricted_current_sidecar,root:dae11|mid1:dae11|mid2:clarkysm|tip:clarkysm,root,cst_root_nsga2_g07_child_0109_fab67898,CST,per_zone_top_k,False,454119.736,489104.795,524089.855,1.2572,1.29191127,1.31968029,1.32662255,1.62170218,0.295079636,0.015664803;0.015805327;0.016511246;0.014920071,0.0157253616,0.0158697051,0.0162994704,-0.125654833,2.62087135,0.295079636,0.00306694845,,full_polar_candidate_not_mission_grade,discontinuous_cd,discontinuous_cd,actual_sidecar_query_not_mission_grade,cd_discontinuity,p50:Re=489104.795:Cl=1.291911;p90:Re=489104.795:Cl=1.319680;clmax_remin:Re=454119.736:Cl=1.326623;clmin_remax:Re=524089.855:Cl=1.257200
A,unrestricted_current_sidecar,root:dae11|mid1:dae11|mid2:clarkysm|tip:clarkysm,root,cst_root_nsga2_g07_child_0113_af0c4fa1,CST,per_zone_top_k,False,454119.736,489104.795,524089.855,1.2572,1.29191127,1.31968029,1.32662255,1.63170051,0.305077964,0.014611216;0.014733515;0.015389578;0.013932023,0.0146665831,0.0147979616,0.0151927592,-0.115456454,4.51070639,0.305077964,0.00378977331,,full_polar_candidate_not_mission_grade,discontinuous_cd,discontinuous_cd,actual_sidecar_query_not_mission_grade,cd_discontinuity,p50:Re=489104.795:Cl=1.291911;p90:Re=489104.795:Cl=1.319680;clmax_remin:Re=454119.736:Cl=1.326623;clmin_remax:Re=524089.855:Cl=1.257200
A,unrestricted_current_sidecar,root:dae11|mid1:dae11|mid2:clarkysm|tip:clarkysm,root,cst_root_nsga2_g07_child_0119_2f486470,CST,per_zone_top_k,False,454119.736,489104.795,524089.855,1.2572,1.29191127,1.31968029,1.32662255,1.74408371,0.417461162,0.014483575;0.014729475;0.015281191;0.013757114,0.0145628387,0.0147123965,0.0151156761,-0.0808279341,9.62163561,0.417461162,0.00540659723,,full_polar_candidate_not_mission_grade,discontinuous_cd,discontinuous_cd,actual_sidecar_query_not_mission_grade,cd_discontinuity,p50:Re=489104.795:Cl=1.291911;p90:Re=489104.795:Cl=1.319680;clmax_remin:Re=454119.736:Cl=1.326623;clmin_remax:Re=524089.855:Cl=1.257200
A,unrestricted_current_sidecar,root:dae11|mid1:dae11|mid2:clarkysm|tip:clarkysm,root,dae11,DAE,explicit_seed_dae_scope;per_zone_top_k;selected_policy_A;selected_policy_Probe;sidecar_zone_topk,True,454119.736,489104.795,524089.855,1.2572,1.29191127,1.31968029,1.32662255,1.48567699,0.159054438,0.010317148;0.010363511;0.01088608;0.0098041756,0.0103427288,0.0104369385,0.0107293093,-0.134763925,1.60503628,0.159054438,0.0180205128,,full_polar_candidate_not_mission_grade,insufficient_safe_clmax_margin,,actual_sidecar_query_grade,,p50:Re=489104.795:Cl=1.291911;p90:Re=489104.795:Cl=1.319680;clmax_remin:Re=454119.736:Cl=1.326623;clmin_remax:Re=524089.855:Cl=1.257200
A,unrestricted_current_sidecar,root:dae11|mid1:dae11|mid2:clarkysm|tip:clarkysm,root,fx76mp140,seed_fx76mp140,explicit_seed_dae_scope;per_zone_top_k,False,454119.736,489104.795,524089.855,1.2572,1.29191127,1.31968029,1.32662255,1.48547043,0.158847883,0.0096968072;0.0097829392;0.010239133;0.0092110358,0.00973247879,0.0098257072,0.0101022749,-0.188983188,2.06900432,0.158847883,0.028375096,,full_polar_candidate_not_mission_grade,insufficient_safe_clmax_margin,,actual_sidecar_query_grade,,p50:Re=489104.795:Cl=1.291911;p90:Re=489104.795:Cl=1.319680;clmax_remin:Re=454119.736:Cl=1.326623;clmin_remax:Re=524089.855:Cl=1.257200
A,unrestricted_current_sidecar,root:dae11|mid1:dae11|mid2:clarkysm|tip:clarkysm,mid1,cst_mid1_nsga2_g05_child_0009_4c3b4b92,CST,per_zone_top_k;sidecar_zone_topk,False,388946.683,397718.192,406489.702,1.273835,1.30894379,1.33703082,1.34405258,1.63601771,0.291965138,0.012673186;0.012581019;0.012709514;0.01245072,0.0126036099,0.0126252171,0.0126986159,-0.116040927,2.5113403,0.291965138,0.00862427033,,full_polar_mission_grade_candidate,,,actual_sidecar_query_grade,,p50:Re=397718.192:Cl=1.308944;p90:Re=397718.192:Cl=1.337031;clmax_remin:Re=388946.683:Cl=1.344053;clmin_remax:Re=406489.702:Cl=1.273835
A,unrestricted_current_sidecar,root:dae11|mid1:dae11|mid2:clarkysm|tip:clarkysm,mid1,cst_mid1_nsga2_g05_child_0101_51eabddf,CST,per_zone_top_k;sidecar_zone_topk,False,388946.683,397718.192,406489.702,1.273835,1.30894379,1.33703082,1.34405258,1.65567842,0.311625839,0.012355856;0.012454877;0.012659164;0.012113619,0.012395879,0.0124488999,0.0125978776,-0.167851505,2.66688713,0.311625839,0.00784985814,,full_polar_mission_grade_candidate,,,actual_sidecar_query_grade,,p50:Re=397718.192:Cl=1.308944;p90:Re=397718.192:Cl=1.337031;clmax_remin:Re=388946.683:Cl=1.344053;clmin_remax:Re=406489.702:Cl=1.273835
A,unrestricted_current_sidecar,root:dae11|mid1:dae11|mid2:clarkysm|tip:clarkysm,mid1,cst_mid1_nsga2_g05_child_0114_b5496e0b,CST,per_zone_top_k;sidecar_zone_topk,False,388946.683,397718.192,406489.702,1.273835,1.30894379,1.33703082,1.34405258,1.72734953,0.383296953,0.012051589;0.012296962;0.012490409;0.011698386,0.0121343367,0.0122207366,0.0124323753,-0.144525479,3.37958771,0.383296953,0.00780224679,,full_polar_mission_grade_candidate,,,actual_sidecar_query_grade,,p50:Re=397718.192:Cl=1.308944;p90:Re=397718.192:Cl=1.337031;clmax_remin:Re=388946.683:Cl=1.344053;clmin_remax:Re=406489.702:Cl=1.273835
A,unrestricted_current_sidecar,root:dae11|mid1:dae11|mid2:clarkysm|tip:clarkysm,mid1,cst_mid1_nsga2_g06_child_0001_a86879e2,CST,per_zone_top_k;selected_policy_B;selected_policy_C;selected_policy_D;selected_policy_E;sidecar_zone_topk,False,388946.683,397718.192,406489.702,1.273835,1.30894379,1.33703082,1.34405258,1.70848821,0.364435638,0.012115755;0.012294927;0.012493134;0.01183659,0.0121851013,0.0122533434,0.0124336718,-0.127835669,3.19992894,0.364435638,0.00913029709,,full_polar_mission_grade_candidate,,,actual_sidecar_query_grade,,p50:Re=397718.192:Cl=1.308944;p90:Re=397718.192:Cl=1.337031;clmax_remin:Re=388946.683:Cl=1.344053;clmin_remax:Re=406489.702:Cl=1.273835
A,unrestricted_current_sidecar,root:dae11|mid1:dae11|mid2:clarkysm|tip:clarkysm,mid1,cst_mid1_nsga2_g06_child_0004_623ed74b,CST,per_zone_top_k,False,388946.683,397718.192,406489.702,1.273835,1.30894379,1.33703082,1.34405258,1.64640818,0.302355606,0.016716949;0.016934699;0.017199737;0.016244425,0.0167739523,0.0168749814,0.0171202255,-0.0634329486,2.74879992,0.302355606,0.0037662211,,full_polar_candidate_not_mission_grade,discontinuous_cd,discontinuous_cd,actual_sidecar_query_not_mission_grade,cd_discontinuity,p50:Re=397718.192:Cl=1.308944;p90:Re=397718.192:Cl=1.337031;clmax_remin:Re=388946.683:Cl=1.344053;clmin_remax:Re=406489.702:Cl=1.273835
A,unrestricted_current_sidecar,root:dae11|mid1:dae11|mid2:clarkysm|tip:clarkysm,mid1,cst_mid1_nsga2_g06_child_0046_9ca15362,CST,per_zone_top_k,False,388946.683,397718.192,406489.702,1.273835,1.30894379,1.33703082,1.34405258,1.67892842,0.334875847,0.017821292;0.018030997;0.01831773;0.017311669,0.0178704221,0.0179760484,0.0182317101,-0.101831911,3.04046018,0.334875847,0.00155398373,,full_polar_candidate_not_mission_grade,discontinuous_cd,discontinuous_cd,actual_sidecar_query_not_mission_grade,cd_discontinuity,p50:Re=397718.192:Cl=1.308944;p90:Re=397718.192:Cl=1.337031;clmax_remin:Re=388946.683:Cl=1.344053;clmin_remax:Re=406489.702:Cl=1.273835
A,unrestricted_current_sidecar,root:dae11|mid1:dae11|mid2:clarkysm|tip:clarkysm,mid1,cst_mid1_nsga2_g06_child_0119_66da614c,CST,per_zone_top_k,False,388946.683,397718.192,406489.702,1.273835,1.30894379,1.33703082,1.34405258,1.68687603,0.342823452,0.014421315;0.014632933;0.014864393;0.014078402,0.0144992609,0.0145814376,0.014794955,-0.113393875,2.99411606,0.342823452,0.00492727417,,full_polar_mission_grade_candidate,,,actual_sidecar_query_grade,,p50:Re=397718.192:Cl=1.308944;p90:Re=397718.192:Cl=1.337031;clmax_remin:Re=388946.683:Cl=1.344053;clmin_remax:Re=406489.702:Cl=1.273835
A,unrestricted_current_sidecar,root:dae11|mid1:dae11|mid2:clarkysm|tip:clarkysm,mid1,cst_mid1_nsga2_g07_child_0080_a701293f,CST,per_zone_top_k,False,388946.683,397718.192,406489.702,1.273835,1.30894379,1.33703082,1.34405258,1.59490127,0.250848693,0.0148644;0.015051335;0.015331079;0.014385607,0.0149081051,0.015006431,0.0152471558,-0.109544864,3.16283615,0.250848693,0.00500328755,,full_polar_mission_grade_candidate,,,actual_sidecar_query_grade,,p50:Re=397718.192:Cl=1.308944;p90:Re=397718.192:Cl=1.337031;clmax_remin:Re=388946.683:Cl=1.344053;clmin_remax:Re=406489.702:Cl=1.273835
A,unrestricted_current_sidecar,root:dae11|mid1:dae11|mid2:clarkysm|tip:clarkysm,mid1,cst_mid1_nsga2_g07_child_0111_0738f459,CST,per_zone_top_k;sidecar_zone_topk,False,388946.683,397718.192,406489.702,1.273835,1.30894379,1.33703082,1.34405258,1.65931716,0.315264578,0.012283588;0.012400807;0.012569396;0.011953557,0.0123018373,0.0123670178,0.0125188196,-0.133037204,2.80955745,0.315264578,0.0101662822,,full_polar_mission_grade_candidate,,,actual_sidecar_query_grade,,p50:Re=397718.192:Cl=1.308944;p90:Re=397718.192:Cl=1.337031;clmax_remin:Re=388946.683:Cl=1.344053;clmin_remax:Re=406489.702:Cl=1.273835
A,unrestricted_current_sidecar,root:dae11|mid1:dae11|mid2:clarkysm|tip:clarkysm,mid1,cst_mid1_nsga2_g07_child_0120_6ba170d3,CST,per_zone_top_k,False,388946.683,397718.192,406489.702,1.273835,1.30894379,1.33703082,1.34405258,1.65707,0.313017425,0.016881455;0.017114611;0.017388818;0.016396671,0.0169453887,0.0170504457,0.017306556,-0.091919594,4.44793568,0.313017425,0.00282769516,,full_polar_candidate_not_mission_grade,discontinuous_cd,discontinuous_cd,actual_sidecar_query_not_mission_grade,cd_discontinuity,p50:Re=397718.192:Cl=1.308944;p90:Re=397718.192:Cl=1.337031;clmax_remin:Re=388946.683:Cl=1.344053;clmin_remax:Re=406489.702:Cl=1.273835
A,unrestricted_current_sidecar,root:dae11|mid1:dae11|mid2:clarkysm|tip:clarkysm,mid1,dae11,DAE,explicit_seed_dae_scope;selected_policy_A;selected_policy_Probe,True,388946.683,397718.192,406489.702,1.273835,1.30894379,1.33703082,1.34405258,1.48567699,0.141624411,0.011904057;0.011920643;0.012139459;0.011705446,0.011917401,0.0119543975,0.0120738138,-0.134644938,1.4291479,0.141624411,0.02071419,,full_polar_candidate_not_mission_grade,insufficient_safe_clmax_margin,,actual_sidecar_query_grade,,p50:Re=397718.192:Cl=1.308944;p90:Re=397718.192:Cl=1.337031;clmax_remin:Re=388946.683:Cl=1.344053;clmin_remax:Re=406489.702:Cl=1.273835
A,unrestricted_current_sidecar,root:dae11|mid1:dae11|mid2:clarkysm|tip:clarkysm,mid1,dae21,DAE,explicit_seed_dae_scope;per_zone_top_k,False,388946.683,397718.192,406489.702,1.273835,1.30894379,1.33703082,1.34405258,1.44147988,0.097427299,0.010740276;0.010891255;0.01106474;0.010462536,0.0107897016,0.010852924,0.0110126943,-0.133233637,0.982115671,0.097427299,0.0214227268,,full_polar_candidate_not_mission_grade,insufficient_safe_clmax_margin,,actual_sidecar_query_grade,,p50:Re=397718.192:Cl=1.308944;p90:Re=397718.192:Cl=1.337031;clmax_remin:Re=388946.683:Cl=1.344053;clmin_remax:Re=406489.702:Cl=1.273835
A,unrestricted_current_sidecar,root:dae11|mid1:dae11|mid2:clarkysm|tip:clarkysm,mid1,fx76mp140,seed_fx76mp140,explicit_seed_dae_scope,False,388946.683,397718.192,406489.702,1.273835,1.30894379,1.33703082,1.34405258,1.48547043,0.141417856,0.011038537;0.011134461;0.011325848;0.010758642,0.0110643717,0.0111212488,0.0112684317,-0.186828918,1.84197704,0.141417856,0.0311080802,,full_polar_candidate_not_mission_grade,insufficient_safe_clmax_margin,,actual_sidecar_query_grade,,p50:Re=397718.192:Cl=1.308944;p90:Re=397718.192:Cl=1.337031;clmax_remin:Re=388946.683:Cl=1.344053;clmin_remax:Re=406489.702:Cl=1.273835
A,unrestricted_current_sidecar,root:dae11|mid1:dae11|mid2:clarkysm|tip:clarkysm,mid2,clarkysm,seed_clarky,explicit_seed_dae_scope;per_zone_top_k;selected_policy_A;selected_policy_C;selected_policy_E;selected_policy_Probe;sidecar_zone_topk,True,393211.574,393211.574,393211.574,1.02605457,1.02605457,1.02605457,1.02605457,1.30456866,0.278514085,0.011652333;0.011652333;0.011652333;0.011652333,0.0116523331,0.0116523331,0.0116523331,-0.0701514735,2.73858592,0.278514085,0.00696923434,,full_polar_mission_grade_candidate,,,actual_sidecar_query_grade,,p50:Re=393211.574:Cl=1.026055;p90:Re=393211.574:Cl=1.026055;clmax_remin:Re=393211.574:Cl=1.026055;clmin_remax:Re=393211.574:Cl=1.026055
A,unrestricted_current_sidecar,root:dae11|mid1:dae11|mid2:clarkysm|tip:clarkysm,mid2,cst_mid2_nsga2_g03_child_0078_3cbb476b,CST,per_zone_top_k;sidecar_zone_topk,False,393211.574,393211.574,393211.574,1.02605457,1.02605457,1.02605457,1.02605457,1.23414278,0.208088203,0.014112328;0.014112328;0.014112328;0.014112328,0.0141123283,0.0141123283,0.0141123283,-0.0623136099,2.07340063,0.208088203,0.00336972462,,full_polar_mission_grade_candidate,,,actual_sidecar_query_grade,,p50:Re=393211.574:Cl=1.026055;p90:Re=393211.574:Cl=1.026055;clmax_remin:Re=393211.574:Cl=1.026055;clmin_remax:Re=393211.574:Cl=1.026055
A,unrestricted_current_sidecar,root:dae11|mid1:dae11|mid2:clarkysm|tip:clarkysm,mid2,cst_mid2_nsga2_g04_child_0012_72b8e600,CST,per_zone_top_k,False,393211.574,393211.574,393211.574,1.02605457,1.02605457,1.02605457,1.02605457,1.25275937,0.226704794,0.011384222;0.011384222;0.011384222;0.011384222,0.0113842216,0.0113842216,0.0113842216,-0.107860594,2.53805027,0.226704794,0.00453889137,,full_polar_candidate_not_mission_grade,discontinuous_cd,discontinuous_cd,actual_sidecar_query_not_mission_grade,cd_discontinuity,p50:Re=393211.574:Cl=1.026055;p90:Re=393211.574:Cl=1.026055;clmax_remin:Re=393211.574:Cl=1.026055;clmin_remax:Re=393211.574:Cl=1.026055
A,unrestricted_current_sidecar,root:dae11|mid1:dae11|mid2:clarkysm|tip:clarkysm,mid2,cst_mid2_nsga2_g04_child_0024_0b55bfc3,CST,per_zone_top_k;selected_policy_B;sidecar_zone_topk,False,393211.574,393211.574,393211.574,1.02605457,1.02605457,1.02605457,1.02605457,1.24751272,0.221458152,0.016183515;0.016183515;0.016183515;0.016183515,0.0161835149,0.0161835149,0.0161835149,-0.0076311593,2.04194492,0.221458152,0.00136087206,,full_polar_mission_grade_candidate,,,actual_sidecar_query_grade,,p50:Re=393211.574:Cl=1.026055;p90:Re=393211.574:Cl=1.026055;clmax_remin:Re=393211.574:Cl=1.026055;clmin_remax:Re=393211.574:Cl=1.026055
A,unrestricted_current_sidecar,root:dae11|mid1:dae11|mid2:clarkysm|tip:clarkysm,mid2,cst_mid2_nsga2_g06_child_0034_4f56b056,CST,per_zone_top_k;sidecar_zone_topk,False,393211.574,393211.574,393211.574,1.02605457,1.02605457,1.02605457,1.02605457,1.12017356,0.0941189831,0.010405587;0.010405587;0.010405587;0.010405587,0.0104055873,0.0104055873,0.0104055873,-0.0863568042,0.863197707,0.0941189831,0.00649198144,,full_polar_candidate_not_mission_grade,discontinuous_cd,discontinuous_cd,actual_sidecar_query_not_mission_grade,cd_discontinuity,p50:Re=393211.574:Cl=1.026055;p90:Re=393211.574:Cl=1.026055;clmax_remin:Re=393211.574:Cl=1.026055;clmin_remax:Re=393211.574:Cl=1.026055
A,unrestricted_current_sidecar,root:dae11|mid1:dae11|mid2:clarkysm|tip:clarkysm,mid2,cst_mid2_seedless_sobol_0078_92a83118,CST,per_zone_top_k,False,393211.574,393211.574,393211.574,1.02605457,1.02605457,1.02605457,1.02605457,1.31923679,0.293182214,0.01808031;0.01808031;0.01808031;0.01808031,0.0180803099,0.0180803099,0.0180803099,-0.0435247287,2.72972714,0.293182214,-0.000626642619,,full_polar_candidate_not_mission_grade,discontinuous_cd,discontinuous_cd,actual_sidecar_query_not_mission_grade,cd_discontinuity,p50:Re=393211.574:Cl=1.026055;p90:Re=393211.574:Cl=1.026055;clmax_remin:Re=393211.574:Cl=1.026055;clmin_remax:Re=393211.574:Cl=1.026055
A,unrestricted_current_sidecar,root:dae11|mid1:dae11|mid2:clarkysm|tip:clarkysm,mid2,cst_mid2_seedless_sobol_0619_a07c5c7e,CST,per_zone_top_k;sidecar_zone_topk,False,393211.574,393211.574,393211.574,1.02605457,1.02605457,1.02605457,1.02605457,1.29763968,0.271585106,0.010287029;0.010287029;0.010287029;0.010287029,0.0102870292,0.0102870292,0.0102870292,-0.130676847,3.58079329,0.271585106,0.00635746155,,full_polar_candidate_not_mission_grade,discontinuous_cd,discontinuous_cd,actual_sidecar_query_not_mission_grade,cd_discontinuity,p50:Re=393211.574:Cl=1.026055;p90:Re=393211.574:Cl=1.026055;clmax_remin:Re=393211.574:Cl=1.026055;clmin_remax:Re=393211.574:Cl=1.026055
A,unrestricted_current_sidecar,root:dae11|mid1:dae11|mid2:clarkysm|tip:clarkysm,mid2,dae31,DAE,explicit_seed_dae_scope;selected_policy_D,False,393211.574,393211.574,393211.574,1.02605457,1.02605457,1.02605457,1.02605457,1.49870629,0.472651714,0.0090647889;0.0090647889;0.0090647889;0.0090647889,0.00906478888,0.00906478888,0.00906478888,-0.154884326,4.72457416,0.472651714,0.0101120573,,full_polar_mission_grade_candidate,,,actual_sidecar_query_grade,,p50:Re=393211.574:Cl=1.026055;p90:Re=393211.574:Cl=1.026055;clmax_remin:Re=393211.574:Cl=1.026055;clmin_remax:Re=393211.574:Cl=1.026055
A,unrestricted_current_sidecar,root:dae11|mid1:dae11|mid2:clarkysm|tip:clarkysm,tip,clarkysm,seed_clarky,explicit_seed_dae_scope;selected_policy_A;selected_policy_C;selected_policy_E;sidecar_zone_topk,True,268974.647,313255.271,403824.666,0.1136,0.808763281,0.877513141,0.894866257,1.30456866,0.4097024,0.0092698159;0.0099746252;0.010760218;0.0098851201,0.00997244475,0.0100217348,0.01052454,-0.0881351219,4.02854033,0.4097024,0.00666377798,,full_polar_mission_grade_candidate,,,actual_sidecar_query_grade,,p50:Re=313255.271:Cl=0.808763;p90:Re=313255.271:Cl=0.877513;clmax_remin:Re=268974.647:Cl=0.894866;clmin_remax:Re=403824.666:Cl=0.113600
A,unrestricted_current_sidecar,root:dae11|mid1:dae11|mid2:clarkysm|tip:clarkysm,tip,cst_tip_nsga2_g02_child_0085_cb99bc9c,CST,per_zone_top_k;selected_policy_B;sidecar_zone_topk,False,268974.647,313255.271,403824.666,0.1136,0.808763281,0.877513141,0.894866257,1.23747958,0.342613319,0.010637831;0.01113073;0.011972227;0.0098183896,0.0108897945,0.0110967611,0.011719778,-0.109019375,3.30261156,0.342613319,0.00455049016,,full_polar_candidate_not_mission_grade,discontinuous_cd,discontinuous_cd,actual_sidecar_query_not_mission_grade,cd_discontinuity,p50:Re=313255.271:Cl=0.808763;p90:Re=313255.271:Cl=0.877513;clmax_remin:Re=268974.647:Cl=0.894866;clmin_remax:Re=403824.666:Cl=0.113600
A,unrestricted_current_sidecar,root:dae11|mid1:dae11|mid2:clarkysm|tip:clarkysm,tip,cst_tip_nsga2_g04_child_0096_6230567a,CST,per_zone_top_k,False,268974.647,313255.271,403824.666,0.1136,0.808763281,0.877513141,0.894866257,1.40875724,0.513890984,0.011752418;0.011976901;0.012683512;0.0093237118,0.0114341357,0.0118054024,0.0124715286,-0.081513052,4.66335682,0.513890984,0.00357543978,,full_polar_candidate_not_mission_grade,discontinuous_cd,discontinuous_cd,actual_sidecar_query_not_mission_grade,cd_discontinuity,p50:Re=313255.271:Cl=0.808763;p90:Re=313255.271:Cl=0.877513;clmax_remin:Re=268974.647:Cl=0.894866;clmin_remax:Re=403824.666:Cl=0.113600
A,unrestricted_current_sidecar,root:dae11|mid1:dae11|mid2:clarkysm|tip:clarkysm,tip,cst_tip_nsga2_g05_child_0026_28eb9a70,CST,per_zone_top_k;sidecar_zone_topk,False,268974.647,313255.271,403824.666,0.1136,0.808763281,0.877513141,0.894866257,1.18714196,0.292275704,0.011938796;0.012301947;0.013542327;0.010607879,0.0120977372,0.0123698178,0.0131702128,-0.0702965856,2.77231062,0.292275704,0.00363849245,,full_polar_candidate_not_mission_grade,discontinuous_cd,discontinuous_cd,actual_sidecar_query_not_mission_grade,cd_discontinuity,p50:Re=313255.271:Cl=0.808763;p90:Re=313255.271:Cl=0.877513;clmax_remin:Re=268974.647:Cl=0.894866;clmin_remax:Re=403824.666:Cl=0.113600
A,unrestricted_current_sidecar,root:dae11|mid1:dae11|mid2:clarkysm|tip:clarkysm,tip,cst_tip_nsga2_g06_child_0101_f4c46cf4,CST,per_zone_top_k;sidecar_zone_topk,False,268974.647,313255.271,403824.666,0.1136,0.808763281,0.877513141,0.894866257,1.21295979,0.31809353,0.011060798;0.011321336;0.012338813;0.01001044,0.0111828466,0.0113957227,0.0120335696,-0.0849430635,3.4719343,0.31809353,0.00391532144,,full_polar_candidate_not_mission_grade,discontinuous_cd,discontinuous_cd,actual_sidecar_query_not_mission_grade,cd_discontinuity,p50:Re=313255.271:Cl=0.808763;p90:Re=313255.271:Cl=0.877513;clmax_remin:Re=268974.647:Cl=0.894866;clmin_remax:Re=403824.666:Cl=0.113600
A,unrestricted_current_sidecar,root:dae11|mid1:dae11|mid2:clarkysm|tip:clarkysm,tip,cst_tip_seedless_sobol_0351_1048f012,CST,per_zone_top_k,False,268974.647,313255.271,403824.666,0.1136,0.808763281,0.877513141,0.894866257,1.3169564,0.422090147,0.013694582;0.013189586;0.014286007;0.012604696,0.0134437179,0.0135623316,0.0141085797,-0.0409033416,3.82804658,0.422090147,0.00176482365,,full_polar_candidate_not_mission_grade,discontinuous_cd,discontinuous_cd,actual_sidecar_query_not_mission_grade,cd_discontinuity,p50:Re=313255.271:Cl=0.808763;p90:Re=313255.271:Cl=0.877513;clmax_remin:Re=268974.647:Cl=0.894866;clmin_remax:Re=403824.666:Cl=0.113600
A,unrestricted_current_sidecar,root:dae11|mid1:dae11|mid2:clarkysm|tip:clarkysm,tip,dae31,DAE,explicit_seed_dae_scope;per_zone_top_k;selected_policy_Probe,False,268974.647,313255.271,403824.666,0.1136,0.808763281,0.877513141,0.894866257,1.49870629,0.603840029,0.011447368;0.010705341;0.012167169;0.060453181,0.0236932648,0.0173809851,0.0459673774,-0.146187832,6.03591802,0.603840029,0.00259504851,cl_outside_polar_envelope,full_polar_mission_grade_candidate,,,actual_sidecar_query_not_mission_grade,Cl_coverage,p50:Re=313255.271:Cl=0.808763;p90:Re=313255.271:Cl=0.877513;clmax_remin:Re=268974.647:Cl=0.894866;clmin_remax:Re=403824.666:Cl=0.113600
A,unrestricted_current_sidecar,root:dae11|mid1:dae11|mid2:clarkysm|tip:clarkysm,tip,dae41,DAE,explicit_seed_dae_scope;per_zone_top_k;selected_policy_D;sidecar_zone_topk,False,268974.647,313255.271,403824.666,0.1136,0.808763281,0.877513141,0.894866257,1.25785099,0.362984728,0.0094094406;0.0099235133;0.010697502;0.0085231549,0.00963840274,0.00985388761,0.0104653054,-0.0608075453,3.42142245,0.362984728,0.00637162203,,full_polar_candidate_not_mission_grade,discontinuous_cd,discontinuous_cd,actual_sidecar_query_not_mission_grade,cd_discontinuity,p50:Re=313255.271:Cl=0.808763;p90:Re=313255.271:Cl=0.877513;clmax_remin:Re=268974.647:Cl=0.894866;clmin_remax:Re=403824.666:Cl=0.113600
B,cst_only_sidecar,root:cst_root_nsga2_g05_child_0019_00cc4dca|mid1:cst_mid1_nsga2_g06_child_0001_a86879e2|mid2:cst_mid2_nsga2_g04_child_0024_0b55bfc3|tip:cst_tip_nsga2_g02_child_0085_cb99bc9c,root,cst_root_nsga2_g02_child_0112_57ba57cc,CST,per_zone_top_k,False,454119.736,489104.795,524089.855,1.2993,1.33317474,1.36027452,1.36704947,1.63080761,0.263758138,0.01451769;0.014659707;0.015437919;0.013855937,0.0146178132,0.0147548172,0.0152044555,-0.0731518762,5.45283982,0.263758138,0.007801128,,full_polar_candidate_not_mission_grade,discontinuous_cd,discontinuous_cd,actual_sidecar_query_not_mission_grade,cd_discontinuity,p50:Re=489104.795:Cl=1.333175;p90:Re=489104.795:Cl=1.360275;clmax_remin:Re=454119.736:Cl=1.367049;clmin_remax:Re=524089.855:Cl=1.299300
B,cst_only_sidecar,root:cst_root_nsga2_g05_child_0019_00cc4dca|mid1:cst_mid1_nsga2_g06_child_0001_a86879e2|mid2:cst_mid2_nsga2_g04_child_0024_0b55bfc3|tip:cst_tip_nsga2_g02_child_0085_cb99bc9c,root,cst_root_nsga2_g02_child_0123_4caadfe5,CST,per_zone_top_k;sidecar_zone_topk,False,454119.736,489104.795,524089.855,1.2993,1.33317474,1.36027452,1.36704947,1.6660523,0.299002833,0.011993344;0.012088722;0.012504408;0.011470261,0.0120141838,0.0121117014,0.0123797024,-0.159297359,3.00653033,0.299002833,0.00789785839,,full_polar_mission_grade_candidate,,,actual_sidecar_query_grade,,p50:Re=489104.795:Cl=1.333175;p90:Re=489104.795:Cl=1.360275;clmax_remin:Re=454119.736:Cl=1.367049;clmin_remax:Re=524089.855:Cl=1.299300
B,cst_only_sidecar,root:cst_root_nsga2_g05_child_0019_00cc4dca|mid1:cst_mid1_nsga2_g06_child_0001_a86879e2|mid2:cst_mid2_nsga2_g04_child_0024_0b55bfc3|tip:cst_tip_nsga2_g02_child_0085_cb99bc9c,root,cst_root_nsga2_g03_child_0051_fbaca644,CST,per_zone_top_k;sidecar_zone_topk,False,454119.736,489104.795,524089.855,1.2993,1.33317474,1.36027452,1.36704947,1.627369,0.260319529,0.01297853;0.012935856;0.01371709;0.012377443,0.0130022298,0.013106819,0.0134955223,-0.159263583,3.05706708,0.260319529,0.0161150475,,full_polar_mission_grade_candidate,,,actual_sidecar_query_grade,,p50:Re=489104.795:Cl=1.333175;p90:Re=489104.795:Cl=1.360275;clmax_remin:Re=454119.736:Cl=1.367049;clmin_remax:Re=524089.855:Cl=1.299300
B,cst_only_sidecar,root:cst_root_nsga2_g05_child_0019_00cc4dca|mid1:cst_mid1_nsga2_g06_child_0001_a86879e2|mid2:cst_mid2_nsga2_g04_child_0024_0b55bfc3|tip:cst_tip_nsga2_g02_child_0085_cb99bc9c,root,cst_root_nsga2_g03_child_0090_3408e0ca,CST,per_zone_top_k,False,454119.736,489104.795,524089.855,1.2993,1.33317474,1.36027452,1.36704947,1.60729077,0.240241304,0.010806031;0.010837817;0.011266301;0.010425463,0.0108339032,0.0109051874,0.011137756,-0.161469132,2.20441467,0.240241304,0.0150439977,,full_polar_candidate_not_mission_grade,discontinuous_cd,discontinuous_cd,actual_sidecar_query_not_mission_grade,cd_discontinuity,p50:Re=489104.795:Cl=1.333175;p90:Re=489104.795:Cl=1.360275;clmax_remin:Re=454119.736:Cl=1.367049;clmin_remax:Re=524089.855:Cl=1.299300
B,cst_only_sidecar,root:cst_root_nsga2_g05_child_0019_00cc4dca|mid1:cst_mid1_nsga2_g06_child_0001_a86879e2|mid2:cst_mid2_nsga2_g04_child_0024_0b55bfc3|tip:cst_tip_nsga2_g02_child_0085_cb99bc9c,root,cst_root_nsga2_g05_child_0019_00cc4dca,CST,per_zone_top_k;selected_policy_B;selected_policy_C;selected_policy_D;selected_policy_E;sidecar_zone_topk,True,454119.736,489104.795,524089.855,1.2993,1.33317474,1.36027452,1.36704947,1.63701533,0.269965864,0.011888505;0.012091045;0.012667986;0.011249793,0.0119743321,0.0121079139,0.0124949033,-0.140985917,3.29126833,0.269965864,0.0112954742,,full_polar_mission_grade_candidate,,,actual_sidecar_query_grade,,p50:Re=489104.795:Cl=1.333175;p90:Re=489104.795:Cl=1.360275;clmax_remin:Re=454119.736:Cl=1.367049;clmin_remax:Re=524089.855:Cl=1.299300
B,cst_only_sidecar,root:cst_root_nsga2_g05_child_0019_00cc4dca|mid1:cst_mid1_nsga2_g06_child_0001_a86879e2|mid2:cst_mid2_nsga2_g04_child_0024_0b55bfc3|tip:cst_tip_nsga2_g02_child_0085_cb99bc9c,root,cst_root_nsga2_g05_child_0047_47fc9c7e,CST,per_zone_top_k;sidecar_zone_topk,False,454119.736,489104.795,524089.855,1.2993,1.33317474,1.36027452,1.36704947,1.59713307,0.230083597,0.012050623;0.012121945;0.012604721;0.011515362,0.0120731624,0.0121718758,0.0124598878,-0.149960682,2.07368028,0.230083597,0.00964320895,,full_polar_mission_grade_candidate,,,actual_sidecar_query_grade,,p50:Re=489104.795:Cl=1.333175;p90:Re=489104.795:Cl=1.360275;clmax_remin:Re=454119.736:Cl=1.367049;clmin_remax:Re=524089.855:Cl=1.299300
B,cst_only_sidecar,root:cst_root_nsga2_g05_child_0019_00cc4dca|mid1:cst_mid1_nsga2_g06_child_0001_a86879e2|mid2:cst_mid2_nsga2_g04_child_0024_0b55bfc3|tip:cst_tip_nsga2_g02_child_0085_cb99bc9c,root,cst_root_nsga2_g07_child_0058_7b5c9763,CST,per_zone_top_k,False,454119.736,489104.795,524089.855,1.2993,1.33317474,1.36027452,1.36704947,1.75900349,0.391954016,0.016860522;0.017030655;0.017722672;0.016083605,0.0169243635,0.0170762068,0.0175150669,-0.100660896,3.4610393,0.391954016,0.00220316278,,full_polar_candidate_not_mission_grade,discontinuous_cd,discontinuous_cd,actual_sidecar_query_not_mission_grade,cd_discontinuity,p50:Re=489104.795:Cl=1.333175;p90:Re=489104.795:Cl=1.360275;clmax_remin:Re=454119.736:Cl=1.367049;clmin_remax:Re=524089.855:Cl=1.299300
B,cst_only_sidecar,root:cst_root_nsga2_g05_child_0019_00cc4dca|mid1:cst_mid1_nsga2_g06_child_0001_a86879e2|mid2:cst_mid2_nsga2_g04_child_0024_0b55bfc3|tip:cst_tip_nsga2_g02_child_0085_cb99bc9c,root,cst_root_nsga2_g07_child_0109_fab67898,CST,per_zone_top_k,False,454119.736,489104.795,524089.855,1.2993,1.33317474,1.36027452,1.36704947,1.62170218,0.254652714,0.015891075;0.016085007;0.016812451;0.015150554,0.0159847718,0.0161366593,0.0165942177,-0.125525889,2.26180299,0.254652714,0.00324113412,,full_polar_candidate_not_mission_grade,discontinuous_cd,discontinuous_cd,actual_sidecar_query_not_mission_grade,cd_discontinuity,p50:Re=489104.795:Cl=1.333175;p90:Re=489104.795:Cl=1.360275;clmax_remin:Re=454119.736:Cl=1.367049;clmin_remax:Re=524089.855:Cl=1.299300
B,cst_only_sidecar,root:cst_root_nsga2_g05_child_0019_00cc4dca|mid1:cst_mid1_nsga2_g06_child_0001_a86879e2|mid2:cst_mid2_nsga2_g04_child_0024_0b55bfc3|tip:cst_tip_nsga2_g02_child_0085_cb99bc9c,root,cst_root_nsga2_g07_child_0113_af0c4fa1,CST,per_zone_top_k,False,454119.736,489104.795,524089.855,1.2993,1.33317474,1.36027452,1.36704947,1.63170051,0.264651042,0.014816574;0.014983375;0.015620053;0.014127248,0.0148868124,0.0150246308,0.0154290494,-0.115293586,3.9129773,0.264651042,0.00401933388,,full_polar_candidate_not_mission_grade,discontinuous_cd,discontinuous_cd,actual_sidecar_query_not_mission_grade,cd_discontinuity,p50:Re=489104.795:Cl=1.333175;p90:Re=489104.795:Cl=1.360275;clmax_remin:Re=454119.736:Cl=1.367049;clmin_remax:Re=524089.855:Cl=1.299300
B,cst_only_sidecar,root:cst_root_nsga2_g05_child_0019_00cc4dca|mid1:cst_mid1_nsga2_g06_child_0001_a86879e2|mid2:cst_mid2_nsga2_g04_child_0024_0b55bfc3|tip:cst_tip_nsga2_g02_child_0085_cb99bc9c,root,cst_root_nsga2_g07_child_0119_2f486470,CST,per_zone_top_k,False,454119.736,489104.795,524089.855,1.2993,1.33317474,1.36027452,1.36704947,1.74408371,0.37703424,0.01487162;0.015248493;0.015826711;0.014141714,0.0150221348,0.0151908345,0.0156532459,-0.080655993,8.68987681,0.37703424,0.0055489846,,full_polar_candidate_not_mission_grade,discontinuous_cd,discontinuous_cd,actual_sidecar_query_not_mission_grade,cd_discontinuity,p50:Re=489104.795:Cl=1.333175;p90:Re=489104.795:Cl=1.360275;clmax_remin:Re=454119.736:Cl=1.367049;clmin_remax:Re=524089.855:Cl=1.299300
B,cst_only_sidecar,root:cst_root_nsga2_g05_child_0019_00cc4dca|mid1:cst_mid1_nsga2_g06_child_0001_a86879e2|mid2:cst_mid2_nsga2_g04_child_0024_0b55bfc3|tip:cst_tip_nsga2_g02_child_0085_cb99bc9c,root,dae11,DAE,explicit_seed_dae_scope;per_zone_top_k;selected_policy_A;selected_policy_Probe;sidecar_zone_topk,False,454119.736,489104.795,524089.855,1.2993,1.33317474,1.36027452,1.36704947,1.48567699,0.118627517,0.010386042;0.010432102;0.010937585;0.0099015115,0.0104143098,0.0105041076,0.0107859396,-0.135054067,1.19708365,0.118627517,0.0206225266,,full_polar_candidate_not_mission_grade,insufficient_safe_clmax_margin,,actual_sidecar_query_grade,,p50:Re=489104.795:Cl=1.333175;p90:Re=489104.795:Cl=1.360275;clmax_remin:Re=454119.736:Cl=1.367049;clmin_remax:Re=524089.855:Cl=1.299300
B,cst_only_sidecar,root:cst_root_nsga2_g05_child_0019_00cc4dca|mid1:cst_mid1_nsga2_g06_child_0001_a86879e2|mid2:cst_mid2_nsga2_g04_child_0024_0b55bfc3|tip:cst_tip_nsga2_g02_child_0085_cb99bc9c,root,fx76mp140,seed_fx76mp140,explicit_seed_dae_scope;per_zone_top_k,False,454119.736,489104.795,524089.855,1.2993,1.33317474,1.36027452,1.36704947,1.48547043,0.118420962,0.0098247953;0.0099674389;0.010408488;0.0093593553,0.0098900193,0.00998757869,0.0102761731,-0.187555839,1.54244095,0.118420962,0.0311471833,,full_polar_candidate_not_mission_grade,insufficient_safe_clmax_margin,,actual_sidecar_query_grade,,p50:Re=489104.795:Cl=1.333175;p90:Re=489104.795:Cl=1.360275;clmax_remin:Re=454119.736:Cl=1.367049;clmin_remax:Re=524089.855:Cl=1.299300
B,cst_only_sidecar,root:cst_root_nsga2_g05_child_0019_00cc4dca|mid1:cst_mid1_nsga2_g06_child_0001_a86879e2|mid2:cst_mid2_nsga2_g04_child_0024_0b55bfc3|tip:cst_tip_nsga2_g02_child_0085_cb99bc9c,mid1,cst_mid1_nsga2_g05_child_0009_4c3b4b92,CST,per_zone_top_k;sidecar_zone_topk,False,388946.683,397718.192,406489.702,1.27748508,1.32688293,1.3664012,1.37628077,1.63601771,0.259736948,0.012614319;0.012691665;0.01289616;0.012470803,0.0126682368,0.012705718,0.0128348114,-0.11596049,2.23412929,0.259736948,0.00900524325,,full_polar_mission_grade_candidate,,,actual_sidecar_query_grade,,p50:Re=397718.192:Cl=1.326883;p90:Re=397718.192:Cl=1.366401;clmax_remin:Re=388946.683:Cl=1.376281;clmin_remax:Re=406489.702:Cl=1.277485
B,cst_only_sidecar,root:cst_root_nsga2_g05_child_0019_00cc4dca|mid1:cst_mid1_nsga2_g06_child_0001_a86879e2|mid2:cst_mid2_nsga2_g04_child_0024_0b55bfc3|tip:cst_tip_nsga2_g02_child_0085_cb99bc9c,mid1,cst_mid1_nsga2_g05_child_0101_51eabddf,CST,per_zone_top_k;sidecar_zone_topk,False,388946.683,397718.192,406489.702,1.27748508,1.32688293,1.3664012,1.37628077,1.65567842,0.279397649,0.012413878;0.012641945;0.012801316;0.012130553,0.0124969231,0.0125705993,0.0127535048,-0.167634788,2.39107899,0.279397649,0.00808216487,,full_polar_mission_grade_candidate,,,actual_sidecar_query_grade,,p50:Re=397718.192:Cl=1.326883;p90:Re=397718.192:Cl=1.366401;clmax_remin:Re=388946.683:Cl=1.376281;clmin_remax:Re=406489.702:Cl=1.277485
B,cst_only_sidecar,root:cst_root_nsga2_g05_child_0019_00cc4dca|mid1:cst_mid1_nsga2_g06_child_0001_a86879e2|mid2:cst_mid2_nsga2_g04_child_0024_0b55bfc3|tip:cst_tip_nsga2_g02_child_0085_cb99bc9c,mid1,cst_mid1_nsga2_g05_child_0114_b5496e0b,CST,per_zone_top_k;sidecar_zone_topk,False,388946.683,397718.192,406489.702,1.27748508,1.32688293,1.3664012,1.37628077,1.72734953,0.351068763,0.012208308;0.012491238;0.012674344;0.011715904,0.0122724485,0.0123812698,0.0126194124,-0.144624869,3.09542685,0.351068763,0.00796594476,,full_polar_mission_grade_candidate,,,actual_sidecar_query_grade,,p50:Re=397718.192:Cl=1.326883;p90:Re=397718.192:Cl=1.366401;clmax_remin:Re=388946.683:Cl=1.376281;clmin_remax:Re=406489.702:Cl=1.277485
B,cst_only_sidecar,root:cst_root_nsga2_g05_child_0019_00cc4dca|mid1:cst_mid1_nsga2_g06_child_0001_a86879e2|mid2:cst_mid2_nsga2_g04_child_0024_0b55bfc3|tip:cst_tip_nsga2_g02_child_0085_cb99bc9c,mid1,cst_mid1_nsga2_g06_child_0001_a86879e2,CST,per_zone_top_k;selected_policy_B;selected_policy_C;selected_policy_D;selected_policy_E;sidecar_zone_topk,True,388946.683,397718.192,406489.702,1.27748508,1.32688293,1.3664012,1.37628077,1.70848821,0.332207448,0.012230192;0.012463428;0.012662545;0.011850882,0.0123017617,0.0123901186,0.0126028098,-0.127943746,2.91694916,0.332207448,0.00944989403,,full_polar_mission_grade_candidate,,,actual_sidecar_query_grade,,p50:Re=397718.192:Cl=1.326883;p90:Re=397718.192:Cl=1.366401;clmax_remin:Re=388946.683:Cl=1.376281;clmin_remax:Re=406489.702:Cl=1.277485
B,cst_only_sidecar,root:cst_root_nsga2_g05_child_0019_00cc4dca|mid1:cst_mid1_nsga2_g06_child_0001_a86879e2|mid2:cst_mid2_nsga2_g04_child_0024_0b55bfc3|tip:cst_tip_nsga2_g02_child_0085_cb99bc9c,mid1,cst_mid1_nsga2_g06_child_0004_623ed74b,CST,per_zone_top_k,False,388946.683,397718.192,406489.702,1.27748508,1.32688293,1.3664012,1.37628077,1.64640818,0.270127416,0.016856025;0.017144554;0.017417094;0.016276931,0.0169236509,0.017048141,0.0173353316,-0.0633258573,2.45580437,0.270127416,0.00393154426,,full_polar_candidate_not_mission_grade,discontinuous_cd,discontinuous_cd,actual_sidecar_query_not_mission_grade,cd_discontinuity,p50:Re=397718.192:Cl=1.326883;p90:Re=397718.192:Cl=1.366401;clmax_remin:Re=388946.683:Cl=1.376281;clmin_remax:Re=406489.702:Cl=1.277485
B,cst_only_sidecar,root:cst_root_nsga2_g05_child_0019_00cc4dca|mid1:cst_mid1_nsga2_g06_child_0001_a86879e2|mid2:cst_mid2_nsga2_g04_child_0024_0b55bfc3|tip:cst_tip_nsga2_g02_child_0085_cb99bc9c,mid1,cst_mid1_nsga2_g06_child_0046_9ca15362,CST,per_zone_top_k,False,388946.683,397718.192,406489.702,1.27748508,1.32688293,1.3664012,1.37628077,1.67892842,0.302647658,0.01795523;0.018264797;0.018578869;0.017346063,0.0180362399,0.0181691758,0.0184846476,-0.101733803,2.74784867,0.302647658,0.00163381888,,full_polar_candidate_not_mission_grade,discontinuous_cd,discontinuous_cd,actual_sidecar_query_not_mission_grade,cd_discontinuity,p50:Re=397718.192:Cl=1.326883;p90:Re=397718.192:Cl=1.366401;clmax_remin:Re=388946.683:Cl=1.376281;clmin_remax:Re=406489.702:Cl=1.277485
B,cst_only_sidecar,root:cst_root_nsga2_g05_child_0019_00cc4dca|mid1:cst_mid1_nsga2_g06_child_0001_a86879e2|mid2:cst_mid2_nsga2_g04_child_0024_0b55bfc3|tip:cst_tip_nsga2_g02_child_0085_cb99bc9c,mid1,cst_mid1_nsga2_g06_child_0119_66da614c,CST,per_zone_top_k,False,388946.683,397718.192,406489.702,1.27748508,1.32688293,1.3664012,1.37628077,1.68687603,0.310595262,0.014520232;0.015010792;0.015210038;0.014096964,0.0147095065,0.0148380167,0.0151502643,-0.113278395,2.71264482,0.310595262,0.00498893534,,full_polar_mission_grade_candidate,,,actual_sidecar_query_grade,,p50:Re=397718.192:Cl=1.326883;p90:Re=397718.192:Cl=1.366401;clmax_remin:Re=388946.683:Cl=1.376281;clmin_remax:Re=406489.702:Cl=1.277485
B,cst_only_sidecar,root:cst_root_nsga2_g05_child_0019_00cc4dca|mid1:cst_mid1_nsga2_g06_child_0001_a86879e2|mid2:cst_mid2_nsga2_g04_child_0024_0b55bfc3|tip:cst_tip_nsga2_g02_child_0085_cb99bc9c,mid1,cst_mid1_nsga2_g07_child_0080_a701293f,CST,per_zone_top_k,False,388946.683,397718.192,406489.702,1.27748508,1.32688293,1.3664012,1.37628077,1.59490127,0.218620504,0.014983795;0.015241706;0.015534365;0.014414262,0.0150435321,0.0151635495,0.0154465673,-0.10940414,2.75648568,0.218620504,0.00518202695,,full_polar_mission_grade_candidate,,,actual_sidecar_query_grade,,p50:Re=397718.192:Cl=1.326883;p90:Re=397718.192:Cl=1.366401;clmax_remin:Re=388946.683:Cl=1.376281;clmin_remax:Re=406489.702:Cl=1.277485
B,cst_only_sidecar,root:cst_root_nsga2_g05_child_0019_00cc4dca|mid1:cst_mid1_nsga2_g06_child_0001_a86879e2|mid2:cst_mid2_nsga2_g04_child_0024_0b55bfc3|tip:cst_tip_nsga2_g02_child_0085_cb99bc9c,mid1,cst_mid1_nsga2_g07_child_0111_0738f459,CST,per_zone_top_k;sidecar_zone_topk,False,388946.683,397718.192,406489.702,1.27748508,1.32688293,1.3664012,1.37628077,1.65931716,0.283036389,0.012358456;0.012524172;0.012726319;0.011975602,0.0123961374,0.0124760197,0.0126656752,-0.133279067,2.52234805,0.283036389,0.0108977593,,full_polar_mission_grade_candidate,,,actual_sidecar_query_grade,,p50:Re=397718.192:Cl=1.326883;p90:Re=397718.192:Cl=1.366401;clmax_remin:Re=388946.683:Cl=1.376281;clmin_remax:Re=406489.702:Cl=1.277485
B,cst_only_sidecar,root:cst_root_nsga2_g05_child_0019_00cc4dca|mid1:cst_mid1_nsga2_g06_child_0001_a86879e2|mid2:cst_mid2_nsga2_g04_child_0024_0b55bfc3|tip:cst_tip_nsga2_g02_child_0085_cb99bc9c,mid1,cst_mid1_nsga2_g07_child_0120_6ba170d3,CST,per_zone_top_k,False,388946.683,397718.192,406489.702,1.27748508,1.32688293,1.3664012,1.37628077,1.65707,0.280789236,0.017030371;0.017547346;0.017936532;0.016423323,0.0172343931,0.0173980868,0.0178197762,-0.0918990686,3.98997742,0.280789236,0.00281066685,,full_polar_candidate_not_mission_grade,discontinuous_cd,discontinuous_cd,actual_sidecar_query_not_mission_grade,cd_discontinuity,p50:Re=397718.192:Cl=1.326883;p90:Re=397718.192:Cl=1.366401;clmax_remin:Re=388946.683:Cl=1.376281;clmin_remax:Re=406489.702:Cl=1.277485
B,cst_only_sidecar,root:cst_root_nsga2_g05_child_0019_00cc4dca|mid1:cst_mid1_nsga2_g06_child_0001_a86879e2|mid2:cst_mid2_nsga2_g04_child_0024_0b55bfc3|tip:cst_tip_nsga2_g02_child_0085_cb99bc9c,mid1,dae11,DAE,explicit_seed_dae_scope;selected_policy_A;selected_policy_Probe,False,388946.683,397718.192,406489.702,1.27748508,1.32688293,1.3664012,1.37628077,1.48567699,0.109396221,0.011914143;0.011959216;0.012190329;0.011697913,0.0119404001,0.011983999,0.012120995,-0.134743007,1.10392961,0.109396221,0.022379147,,full_polar_candidate_not_mission_grade,insufficient_safe_clmax_margin,,actual_sidecar_query_grade,,p50:Re=397718.192:Cl=1.326883;p90:Re=397718.192:Cl=1.366401;clmax_remin:Re=388946.683:Cl=1.376281;clmin_remax:Re=406489.702:Cl=1.277485
B,cst_only_sidecar,root:cst_root_nsga2_g05_child_0019_00cc4dca|mid1:cst_mid1_nsga2_g06_child_0001_a86879e2|mid2:cst_mid2_nsga2_g04_child_0024_0b55bfc3|tip:cst_tip_nsga2_g02_child_0085_cb99bc9c,mid1,dae21,DAE,explicit_seed_dae_scope;per_zone_top_k,False,388946.683,397718.192,406489.702,1.27748508,1.32688293,1.3664012,1.37628077,1.44147988,0.0651991093,0.010828278;0.011085759;0.01127367;0.01047757,0.0109163191,0.0110037874,0.0112172963,-0.132947585,0.657239476,0.0651991093,0.0229063217,,full_polar_candidate_not_mission_grade,insufficient_safe_clmax_margin,,actual_sidecar_query_grade,,p50:Re=397718.192:Cl=1.326883;p90:Re=397718.192:Cl=1.366401;clmax_remin:Re=388946.683:Cl=1.376281;clmin_remax:Re=406489.702:Cl=1.277485
B,cst_only_sidecar,root:cst_root_nsga2_g05_child_0019_00cc4dca|mid1:cst_mid1_nsga2_g06_child_0001_a86879e2|mid2:cst_mid2_nsga2_g04_child_0024_0b55bfc3|tip:cst_tip_nsga2_g02_child_0085_cb99bc9c,mid1,fx76mp140,seed_fx76mp140,explicit_seed_dae_scope,False,388946.683,397718.192,406489.702,1.27748508,1.32688293,1.3664012,1.37628077,1.48547043,0.109189666,0.011118302;0.011181174;0.011397066;0.010756252,0.0111131984,0.0111772073,0.0113322982,-0.186243231,1.42220271,0.109189666,0.0328640068,,full_polar_candidate_not_mission_grade,insufficient_safe_clmax_margin,,actual_sidecar_query_grade,,p50:Re=397718.192:Cl=1.326883;p90:Re=397718.192:Cl=1.366401;clmax_remin:Re=388946.683:Cl=1.376281;clmin_remax:Re=406489.702:Cl=1.277485
B,cst_only_sidecar,root:cst_root_nsga2_g05_child_0019_00cc4dca|mid1:cst_mid1_nsga2_g06_child_0001_a86879e2|mid2:cst_mid2_nsga2_g04_child_0024_0b55bfc3|tip:cst_tip_nsga2_g02_child_0085_cb99bc9c,mid2,clarkysm,seed_clarky,explicit_seed_dae_scope;per_zone_top_k;selected_policy_A;selected_policy_C;selected_policy_E;selected_policy_Probe;sidecar_zone_topk,False,393211.574,393211.574,393211.574,0.897922741,0.897922741,0.897922741,0.897922741,1.30456866,0.406645917,0.0096019222;0.0096019222;0.0096019222;0.0096019222,0.00960192218,0.00960192218,0.00960192218,-0.0843077207,3.9984864,0.406645917,0.0071391274,,full_polar_mission_grade_candidate,,,actual_sidecar_query_grade,,p50:Re=393211.574:Cl=0.897923;p90:Re=393211.574:Cl=0.897923;clmax_remin:Re=393211.574:Cl=0.897923;clmin_remax:Re=393211.574:Cl=0.897923
B,cst_only_sidecar,root:cst_root_nsga2_g05_child_0019_00cc4dca|mid1:cst_mid1_nsga2_g06_child_0001_a86879e2|mid2:cst_mid2_nsga2_g04_child_0024_0b55bfc3|tip:cst_tip_nsga2_g02_child_0085_cb99bc9c,mid2,cst_mid2_nsga2_g03_child_0078_3cbb476b,CST,per_zone_top_k;sidecar_zone_topk,False,393211.574,393211.574,393211.574,0.897922741,0.897922741,0.897922741,0.897922741,1.23414278,0.336220035,0.013929584;0.013929584;0.013929584;0.013929584,0.0139295842,0.0139295842,0.0139295842,-0.061644594,3.35011223,0.336220035,0.00249643454,,full_polar_mission_grade_candidate,,,actual_sidecar_query_grade,,p50:Re=393211.574:Cl=0.897923;p90:Re=393211.574:Cl=0.897923;clmax_remin:Re=393211.574:Cl=0.897923;clmin_remax:Re=393211.574:Cl=0.897923
B,cst_only_sidecar,root:cst_root_nsga2_g05_child_0019_00cc4dca|mid1:cst_mid1_nsga2_g06_child_0001_a86879e2|mid2:cst_mid2_nsga2_g04_child_0024_0b55bfc3|tip:cst_tip_nsga2_g02_child_0085_cb99bc9c,mid2,cst_mid2_nsga2_g04_child_0012_72b8e600,CST,per_zone_top_k,False,393211.574,393211.574,393211.574,0.897922741,0.897922741,0.897922741,0.897922741,1.25275937,0.354836626,0.011427958;0.011427958;0.011427958;0.011427958,0.0114279575,0.0114279575,0.0114279575,-0.108442341,3.97253706,0.354836626,0.00364468352,,full_polar_candidate_not_mission_grade,discontinuous_cd,discontinuous_cd,actual_sidecar_query_not_mission_grade,cd_discontinuity,p50:Re=393211.574:Cl=0.897923;p90:Re=393211.574:Cl=0.897923;clmax_remin:Re=393211.574:Cl=0.897923;clmin_remax:Re=393211.574:Cl=0.897923
B,cst_only_sidecar,root:cst_root_nsga2_g05_child_0019_00cc4dca|mid1:cst_mid1_nsga2_g06_child_0001_a86879e2|mid2:cst_mid2_nsga2_g04_child_0024_0b55bfc3|tip:cst_tip_nsga2_g02_child_0085_cb99bc9c,mid2,cst_mid2_nsga2_g04_child_0024_0b55bfc3,CST,per_zone_top_k;selected_policy_B;sidecar_zone_topk,True,393211.574,393211.574,393211.574,0.897922741,0.897922741,0.897922741,0.897922741,1.24751272,0.349589984,0.013756242;0.013756242;0.013756242;0.013756242,0.0137562422,0.0137562422,0.0137562422,-0.0072965468,3.22337871,0.349589984,0.00243628888,,full_polar_mission_grade_candidate,,,actual_sidecar_query_grade,,p50:Re=393211.574:Cl=0.897923;p90:Re=393211.574:Cl=0.897923;clmax_remin:Re=393211.574:Cl=0.897923;clmin_remax:Re=393211.574:Cl=0.897923
B,cst_only_sidecar,root:cst_root_nsga2_g05_child_0019_00cc4dca|mid1:cst_mid1_nsga2_g06_child_0001_a86879e2|mid2:cst_mid2_nsga2_g04_child_0024_0b55bfc3|tip:cst_tip_nsga2_g02_child_0085_cb99bc9c,mid2,cst_mid2_nsga2_g06_child_0034_4f56b056,CST,per_zone_top_k;sidecar_zone_topk,False,393211.574,393211.574,393211.574,0.897922741,0.897922741,0.897922741,0.897922741,1.12017356,0.222250815,0.0095515233;0.0095515233;0.0095515233;0.0095515233,0.00955152333,0.00955152333,0.00955152333,-0.0854269478,2.038339,0.222250815,0.0060826249,,full_polar_candidate_not_mission_grade,discontinuous_cd,discontinuous_cd,actual_sidecar_query_not_mission_grade,cd_discontinuity,p50:Re=393211.574:Cl=0.897923;p90:Re=393211.574:Cl=0.897923;clmax_remin:Re=393211.574:Cl=0.897923;clmin_remax:Re=393211.574:Cl=0.897923
B,cst_only_sidecar,root:cst_root_nsga2_g05_child_0019_00cc4dca|mid1:cst_mid1_nsga2_g06_child_0001_a86879e2|mid2:cst_mid2_nsga2_g04_child_0024_0b55bfc3|tip:cst_tip_nsga2_g02_child_0085_cb99bc9c,mid2,cst_mid2_seedless_sobol_0078_92a83118,CST,per_zone_top_k,False,393211.574,393211.574,393211.574,0.897922741,0.897922741,0.897922741,0.897922741,1.31923679,0.421314046,0.015098335;0.015098335;0.015098335;0.015098335,0.0150983351,0.0150983351,0.0150983351,-0.0481349912,3.92272222,0.421314046,0.00106898063,,full_polar_candidate_not_mission_grade,discontinuous_cd,discontinuous_cd,actual_sidecar_query_not_mission_grade,cd_discontinuity,p50:Re=393211.574:Cl=0.897923;p90:Re=393211.574:Cl=0.897923;clmax_remin:Re=393211.574:Cl=0.897923;clmin_remax:Re=393211.574:Cl=0.897923
B,cst_only_sidecar,root:cst_root_nsga2_g05_child_0019_00cc4dca|mid1:cst_mid1_nsga2_g06_child_0001_a86879e2|mid2:cst_mid2_nsga2_g04_child_0024_0b55bfc3|tip:cst_tip_nsga2_g02_child_0085_cb99bc9c,mid2,cst_mid2_seedless_sobol_0619_a07c5c7e,CST,per_zone_top_k;sidecar_zone_topk,False,393211.574,393211.574,393211.574,0.897922741,0.897922741,0.897922741,0.897922741,1.29763968,0.399716938,0.010116664;0.010116664;0.010116664;0.010116664,0.0101166645,0.0101166645,0.0101166645,-0.130018888,5.27018491,0.399716938,0.00556480507,,full_polar_candidate_not_mission_grade,discontinuous_cd,discontinuous_cd,actual_sidecar_query_not_mission_grade,cd_discontinuity,p50:Re=393211.574:Cl=0.897923;p90:Re=393211.574:Cl=0.897923;clmax_remin:Re=393211.574:Cl=0.897923;clmin_remax:Re=393211.574:Cl=0.897923
B,cst_only_sidecar,root:cst_root_nsga2_g05_child_0019_00cc4dca|mid1:cst_mid1_nsga2_g06_child_0001_a86879e2|mid2:cst_mid2_nsga2_g04_child_0024_0b55bfc3|tip:cst_tip_nsga2_g02_child_0085_cb99bc9c,mid2,dae31,DAE,explicit_seed_dae_scope;selected_policy_D,False,393211.574,393211.574,393211.574,0.897922741,0.897922741,0.897922741,0.897922741,1.49870629,0.600783545,0.0089876129;0.0089876129;0.0089876129;0.0089876129,0.00898761293,0.00898761293,0.00898761293,-0.155636883,6.00536575,0.600783545,0.00805893901,,full_polar_mission_grade_candidate,,,actual_sidecar_query_grade,,p50:Re=393211.574:Cl=0.897923;p90:Re=393211.574:Cl=0.897923;clmax_remin:Re=393211.574:Cl=0.897923;clmin_remax:Re=393211.574:Cl=0.897923
B,cst_only_sidecar,root:cst_root_nsga2_g05_child_0019_00cc4dca|mid1:cst_mid1_nsga2_g06_child_0001_a86879e2|mid2:cst_mid2_nsga2_g04_child_0024_0b55bfc3|tip:cst_tip_nsga2_g02_child_0085_cb99bc9c,tip,clarkysm,seed_clarky,explicit_seed_dae_scope;selected_policy_A;selected_policy_C;selected_policy_E;sidecar_zone_topk,False,268974.647,313255.271,403824.666,0.12,0.823326634,0.874587812,0.885005339,1.30456866,0.419563318,0.0093898133;0.0099359087;0.010634659;0.0098251077,0.00994637229,0.0099937148,0.0104250342,-0.0881148344,4.12550121,0.419563318,0.00668085077,,full_polar_mission_grade_candidate,,,actual_sidecar_query_grade,,p50:Re=313255.271:Cl=0.823327;p90:Re=313255.271:Cl=0.874588;clmax_remin:Re=268974.647:Cl=0.885005;clmin_remax:Re=403824.666:Cl=0.120000
B,cst_only_sidecar,root:cst_root_nsga2_g05_child_0019_00cc4dca|mid1:cst_mid1_nsga2_g06_child_0001_a86879e2|mid2:cst_mid2_nsga2_g04_child_0024_0b55bfc3|tip:cst_tip_nsga2_g02_child_0085_cb99bc9c,tip,cst_tip_nsga2_g02_child_0085_cb99bc9c,CST,per_zone_top_k;selected_policy_B;sidecar_zone_topk,True,268974.647,313255.271,403824.666,0.12,0.823326634,0.874587812,0.885005339,1.23747958,0.352474237,0.010752581;0.011110082;0.011910819;0.0097838289,0.0108893278,0.0110955106,0.0116705979,-0.109062892,3.3976656,0.352474237,0.00454985826,,full_polar_candidate_not_mission_grade,discontinuous_cd,discontinuous_cd,actual_sidecar_query_not_mission_grade,cd_discontinuity,p50:Re=313255.271:Cl=0.823327;p90:Re=313255.271:Cl=0.874588;clmax_remin:Re=268974.647:Cl=0.885005;clmin_remax:Re=403824.666:Cl=0.120000
B,cst_only_sidecar,root:cst_root_nsga2_g05_child_0019_00cc4dca|mid1:cst_mid1_nsga2_g06_child_0001_a86879e2|mid2:cst_mid2_nsga2_g04_child_0024_0b55bfc3|tip:cst_tip_nsga2_g02_child_0085_cb99bc9c,tip,cst_tip_nsga2_g04_child_0096_6230567a,CST,per_zone_top_k,False,268974.647,313255.271,403824.666,0.12,0.823326634,0.874587812,0.885005339,1.40875724,0.523751902,0.011791093;0.011969457;0.012662014;0.0092499899,0.0114181385,0.0117970108,0.0124542471,-0.081517527,4.75284074,0.523751902,0.0035886857,,full_polar_candidate_not_mission_grade,discontinuous_cd,discontinuous_cd,actual_sidecar_query_not_mission_grade,cd_discontinuity,p50:Re=313255.271:Cl=0.823327;p90:Re=313255.271:Cl=0.874588;clmax_remin:Re=268974.647:Cl=0.885005;clmin_remax:Re=403824.666:Cl=0.120000
B,cst_only_sidecar,root:cst_root_nsga2_g05_child_0019_00cc4dca|mid1:cst_mid1_nsga2_g06_child_0001_a86879e2|mid2:cst_mid2_nsga2_g04_child_0024_0b55bfc3|tip:cst_tip_nsga2_g02_child_0085_cb99bc9c,tip,cst_tip_nsga2_g05_child_0026_28eb9a70,CST,per_zone_top_k;sidecar_zone_topk,False,268974.647,313255.271,403824.666,0.12,0.823326634,0.874587812,0.885005339,1.18714196,0.302136622,0.012014433;0.012296205;0.013589752;0.010533134,0.0121083809,0.0123910704,0.0132016878,-0.0703595493,2.86584398,0.302136622,0.00362594112,,full_polar_candidate_not_mission_grade,discontinuous_cd,discontinuous_cd,actual_sidecar_query_not_mission_grade,cd_discontinuity,p50:Re=313255.271:Cl=0.823327;p90:Re=313255.271:Cl=0.874588;clmax_remin:Re=268974.647:Cl=0.885005;clmin_remax:Re=403824.666:Cl=0.120000
B,cst_only_sidecar,root:cst_root_nsga2_g05_child_0019_00cc4dca|mid1:cst_mid1_nsga2_g06_child_0001_a86879e2|mid2:cst_mid2_nsga2_g04_child_0024_0b55bfc3|tip:cst_tip_nsga2_g02_child_0085_cb99bc9c,tip,cst_tip_nsga2_g06_child_0101_f4c46cf4,CST,per_zone_top_k;sidecar_zone_topk,False,268974.647,313255.271,403824.666,0.12,0.823326634,0.874587812,0.885005339,1.21295979,0.327954448,0.011150974;0.01132193;0.01232446;0.0099556089,0.0111882432,0.0114070322,0.0120237008,-0.0849944903,3.57956447,0.327954448,0.00390800871,,full_polar_candidate_not_mission_grade,discontinuous_cd,discontinuous_cd,actual_sidecar_query_not_mission_grade,cd_discontinuity,p50:Re=313255.271:Cl=0.823327;p90:Re=313255.271:Cl=0.874588;clmax_remin:Re=268974.647:Cl=0.885005;clmin_remax:Re=403824.666:Cl=0.120000
B,cst_only_sidecar,root:cst_root_nsga2_g05_child_0019_00cc4dca|mid1:cst_mid1_nsga2_g06_child_0001_a86879e2|mid2:cst_mid2_nsga2_g04_child_0024_0b55bfc3|tip:cst_tip_nsga2_g02_child_0085_cb99bc9c,tip,cst_tip_seedless_sobol_0351_1048f012,CST,per_zone_top_k,False,268974.647,313255.271,403824.666,0.12,0.823326634,0.874587812,0.885005339,1.3169564,0.431951065,0.013573177;0.013207197;0.014396502;0.012535757,0.013428158,0.0135626665,0.0141495043,-0.0409401476,3.91747784,0.431951065,0.00176903576,,full_polar_candidate_not_mission_grade,discontinuous_cd,discontinuous_cd,actual_sidecar_query_not_mission_grade,cd_discontinuity,p50:Re=313255.271:Cl=0.823327;p90:Re=313255.271:Cl=0.874588;clmax_remin:Re=268974.647:Cl=0.885005;clmin_remax:Re=403824.666:Cl=0.120000
B,cst_only_sidecar,root:cst_root_nsga2_g05_child_0019_00cc4dca|mid1:cst_mid1_nsga2_g06_child_0001_a86879e2|mid2:cst_mid2_nsga2_g04_child_0024_0b55bfc3|tip:cst_tip_nsga2_g02_child_0085_cb99bc9c,tip,dae31,DAE,explicit_seed_dae_scope;per_zone_top_k;selected_policy_Probe,False,268974.647,313255.271,403824.666,0.12,0.823326634,0.874587812,0.885005339,1.49870629,0.613700947,0.011091854;0.01070664;0.012169332;0.060453181,0.0236052517,0.0172953509,0.0459680261,-0.146185684,6.13448667,0.613700947,0.00236884828,cl_outside_polar_envelope,full_polar_mission_grade_candidate,,,actual_sidecar_query_not_mission_grade,Cl_coverage,p50:Re=313255.271:Cl=0.823327;p90:Re=313255.271:Cl=0.874588;clmax_remin:Re=268974.647:Cl=0.885005;clmin_remax:Re=403824.666:Cl=0.120000
B,cst_only_sidecar,root:cst_root_nsga2_g05_child_0019_00cc4dca|mid1:cst_mid1_nsga2_g06_child_0001_a86879e2|mid2:cst_mid2_nsga2_g04_child_0024_0b55bfc3|tip:cst_tip_nsga2_g02_child_0085_cb99bc9c,tip,dae41,DAE,explicit_seed_dae_scope;per_zone_top_k;selected_policy_D;sidecar_zone_topk,False,268974.647,313255.271,403824.666,0.12,0.823326634,0.874587812,0.885005339,1.25785099,0.372845646,0.0095020096;0.0098951669;0.010609694;0.0084460929,0.00961324095,0.00983168853,0.0103953362,-0.0607897862,3.51436952,0.372845646,0.00639535352,,full_polar_candidate_not_mission_grade,discontinuous_cd,discontinuous_cd,actual_sidecar_query_not_mission_grade,cd_discontinuity,p50:Re=313255.271:Cl=0.823327;p90:Re=313255.271:Cl=0.874588;clmax_remin:Re=268974.647:Cl=0.885005;clmin_remax:Re=403824.666:Cl=0.120000
C,full_polar_mission_grade_only,root:cst_root_nsga2_g05_child_0019_00cc4dca|mid1:cst_mid1_nsga2_g06_child_0001_a86879e2|mid2:clarkysm|tip:clarkysm,root,cst_root_nsga2_g02_child_0112_57ba57cc,CST,per_zone_top_k,False,454119.736,489104.795,524089.855,1.2825,1.31620138,1.34316249,1.34990277,1.63080761,0.280904841,0.014443816;0.01456116;0.015281974;0.01378512,0.0145180175,0.0146488704,0.01506573,-0.0731562379,5.80732453,0.280904841,0.00748312708,,full_polar_candidate_not_mission_grade,discontinuous_cd,discontinuous_cd,actual_sidecar_query_not_mission_grade,cd_discontinuity,p50:Re=489104.795:Cl=1.316201;p90:Re=489104.795:Cl=1.343162;clmax_remin:Re=454119.736:Cl=1.349903;clmin_remax:Re=524089.855:Cl=1.282500
C,full_polar_mission_grade_only,root:cst_root_nsga2_g05_child_0019_00cc4dca|mid1:cst_mid1_nsga2_g06_child_0001_a86879e2|mid2:clarkysm|tip:clarkysm,root,cst_root_nsga2_g02_child_0123_4caadfe5,CST,per_zone_top_k;sidecar_zone_topk,False,454119.736,489104.795,524089.855,1.2825,1.31620138,1.34316249,1.34990277,1.6660523,0.316149536,0.011910473;0.012028496;0.012425811;0.011384135,0.0119372288,0.0120374167,0.0123066166,-0.159230215,3.17894369,0.316149536,0.00772008474,,full_polar_mission_grade_candidate,,,actual_sidecar_query_grade,,p50:Re=489104.795:Cl=1.316201;p90:Re=489104.795:Cl=1.343162;clmax_remin:Re=454119.736:Cl=1.349903;clmin_remax:Re=524089.855:Cl=1.282500
C,full_polar_mission_grade_only,root:cst_root_nsga2_g05_child_0019_00cc4dca|mid1:cst_mid1_nsga2_g06_child_0001_a86879e2|mid2:clarkysm|tip:clarkysm,root,cst_root_nsga2_g03_child_0051_fbaca644,CST,per_zone_top_k;sidecar_zone_topk,False,454119.736,489104.795,524089.855,1.2825,1.31620138,1.34316249,1.34990277,1.627369,0.277466233,0.013000785;0.012962802;0.013705773;0.012351801,0.0130052903,0.0131150089,0.0134942766,-0.159496424,3.2584297,0.277466233,0.01443163,,full_polar_mission_grade_candidate,,,actual_sidecar_query_grade,,p50:Re=489104.795:Cl=1.316201;p90:Re=489104.795:Cl=1.343162;clmax_remin:Re=454119.736:Cl=1.349903;clmin_remax:Re=524089.855:Cl=1.282500
C,full_polar_mission_grade_only,root:cst_root_nsga2_g05_child_0019_00cc4dca|mid1:cst_mid1_nsga2_g06_child_0001_a86879e2|mid2:clarkysm|tip:clarkysm,root,cst_root_nsga2_g03_child_0090_3408e0ca,CST,per_zone_top_k,False,454119.736,489104.795,524089.855,1.2825,1.31620138,1.34316249,1.34990277,1.60729077,0.257388007,0.010794697;0.010812701;0.011244689;0.010412263,0.0108160874,0.0108859112,0.0111150923,-0.161437297,2.36174999,0.257388007,0.0141257741,,full_polar_candidate_not_mission_grade,discontinuous_cd,discontinuous_cd,actual_sidecar_query_not_mission_grade,cd_discontinuity,p50:Re=489104.795:Cl=1.316201;p90:Re=489104.795:Cl=1.343162;clmax_remin:Re=454119.736:Cl=1.349903;clmin_remax:Re=524089.855:Cl=1.282500
C,full_polar_mission_grade_only,root:cst_root_nsga2_g05_child_0019_00cc4dca|mid1:cst_mid1_nsga2_g06_child_0001_a86879e2|mid2:clarkysm|tip:clarkysm,root,cst_root_nsga2_g05_child_0019_00cc4dca,CST,per_zone_top_k;selected_policy_B;selected_policy_C;selected_policy_D;selected_policy_E;sidecar_zone_topk,True,454119.736,489104.795,524089.855,1.2825,1.31620138,1.34316249,1.34990277,1.63701533,0.287112567,0.011779056;0.011963353;0.012523574;0.011112372,0.0118445888,0.0119785914,0.0123555077,-0.140796555,3.50031106,0.287112567,0.01051942,,full_polar_mission_grade_candidate,,,actual_sidecar_query_grade,,p50:Re=489104.795:Cl=1.316201;p90:Re=489104.795:Cl=1.343162;clmax_remin:Re=454119.736:Cl=1.349903;clmin_remax:Re=524089.855:Cl=1.282500
C,full_polar_mission_grade_only,root:cst_root_nsga2_g05_child_0019_00cc4dca|mid1:cst_mid1_nsga2_g06_child_0001_a86879e2|mid2:clarkysm|tip:clarkysm,root,cst_root_nsga2_g05_child_0047_47fc9c7e,CST,per_zone_top_k;sidecar_zone_topk,False,454119.736,489104.795,524089.855,1.2825,1.31620138,1.34316249,1.34990277,1.59713307,0.2472303,0.011987352;0.012076909;0.012541241;0.011451423,0.0120142313,0.0121146892,0.0124019416,-0.149875906,2.2282188,0.2472303,0.00922030789,,full_polar_mission_grade_candidate,,,actual_sidecar_query_grade,,p50:Re=489104.795:Cl=1.316201;p90:Re=489104.795:Cl=1.343162;clmax_remin:Re=454119.736:Cl=1.349903;clmin_remax:Re=524089.855:Cl=1.282500
C,full_polar_mission_grade_only,root:cst_root_nsga2_g05_child_0019_00cc4dca|mid1:cst_mid1_nsga2_g06_child_0001_a86879e2|mid2:clarkysm|tip:clarkysm,root,cst_root_nsga2_g07_child_0058_7b5c9763,CST,per_zone_top_k,False,454119.736,489104.795,524089.855,1.2825,1.31620138,1.34316249,1.34990277,1.75900349,0.409100719,0.016716445;0.016924126;0.017644046;0.015959187,0.0168109511,0.016966505,0.0174280702,-0.100776438,3.61244842,0.409100719,0.00213150554,,full_polar_candidate_not_mission_grade,discontinuous_cd,discontinuous_cd,actual_sidecar_query_not_mission_grade,cd_discontinuity,p50:Re=489104.795:Cl=1.316201;p90:Re=489104.795:Cl=1.343162;clmax_remin:Re=454119.736:Cl=1.349903;clmin_remax:Re=524089.855:Cl=1.282500
C,full_polar_mission_grade_only,root:cst_root_nsga2_g05_child_0019_00cc4dca|mid1:cst_mid1_nsga2_g06_child_0001_a86879e2|mid2:clarkysm|tip:clarkysm,root,cst_root_nsga2_g07_child_0109_fab67898,CST,per_zone_top_k,False,454119.736,489104.795,524089.855,1.2825,1.31620138,1.34316249,1.34990277,1.62170218,0.271799417,0.015787722;0.01596255;0.016684698;0.015063079,0.0158745121,0.0160215776,0.0164680533,-0.125584137,2.4140985,0.271799417,0.00316728605,,full_polar_candidate_not_mission_grade,discontinuous_cd,discontinuous_cd,actual_sidecar_query_not_mission_grade,cd_discontinuity,p50:Re=489104.795:Cl=1.316201;p90:Re=489104.795:Cl=1.343162;clmax_remin:Re=454119.736:Cl=1.349903;clmin_remax:Re=524089.855:Cl=1.282500
C,full_polar_mission_grade_only,root:cst_root_nsga2_g05_child_0019_00cc4dca|mid1:cst_mid1_nsga2_g06_child_0001_a86879e2|mid2:clarkysm|tip:clarkysm,root,cst_root_nsga2_g07_child_0113_af0c4fa1,CST,per_zone_top_k,False,454119.736,489104.795,524089.855,1.2825,1.31620138,1.34316249,1.34990277,1.63170051,0.281797745,0.014714576;0.014878049;0.0155212;0.014056121,0.0147924865,0.0149261819,0.0153282551,-0.115367863,4.16649853,0.281797745,0.00392328173,,full_polar_candidate_not_mission_grade,discontinuous_cd,discontinuous_cd,actual_sidecar_query_not_mission_grade,cd_discontinuity,p50:Re=489104.795:Cl=1.316201;p90:Re=489104.795:Cl=1.343162;clmax_remin:Re=454119.736:Cl=1.349903;clmin_remax:Re=524089.855:Cl=1.282500
C,full_polar_mission_grade_only,root:cst_root_nsga2_g05_child_0019_00cc4dca|mid1:cst_mid1_nsga2_g06_child_0001_a86879e2|mid2:clarkysm|tip:clarkysm,root,cst_root_nsga2_g07_child_0119_2f486470,CST,per_zone_top_k,False,454119.736,489104.795,524089.855,1.2825,1.31620138,1.34316249,1.34990277,1.74408371,0.394180944,0.014698668;0.015010519;0.015592497;0.013926368,0.0148070131,0.0149725792,0.0154179034,-0.0807364237,9.08507364,0.394180944,0.00550831627,,full_polar_candidate_not_mission_grade,discontinuous_cd,discontinuous_cd,actual_sidecar_query_not_mission_grade,cd_discontinuity,p50:Re=489104.795:Cl=1.316201;p90:Re=489104.795:Cl=1.343162;clmax_remin:Re=454119.736:Cl=1.349903;clmin_remax:Re=524089.855:Cl=1.282500
C,full_polar_mission_grade_only,root:cst_root_nsga2_g05_child_0019_00cc4dca|mid1:cst_mid1_nsga2_g06_child_0001_a86879e2|mid2:clarkysm|tip:clarkysm,root,dae11,DAE,explicit_seed_dae_scope;per_zone_top_k;selected_policy_A;selected_policy_Probe;sidecar_zone_topk,False,454119.736,489104.795,524089.855,1.2825,1.31620138,1.34316249,1.34990277,1.48567699,0.13577422,0.010357703;0.01040222;0.010925654;0.0098702358,0.0103889532,0.0104796862,0.0107686238,-0.1349435,1.37011297,0.13577422,0.0194763626,,full_polar_candidate_not_mission_grade,insufficient_safe_clmax_margin,,actual_sidecar_query_grade,,p50:Re=489104.795:Cl=1.316201;p90:Re=489104.795:Cl=1.343162;clmax_remin:Re=454119.736:Cl=1.349903;clmin_remax:Re=524089.855:Cl=1.282500
C,full_polar_mission_grade_only,root:cst_root_nsga2_g05_child_0019_00cc4dca|mid1:cst_mid1_nsga2_g06_child_0001_a86879e2|mid2:clarkysm|tip:clarkysm,root,fx76mp140,seed_fx76mp140,explicit_seed_dae_scope;per_zone_top_k,False,454119.736,489104.795,524089.855,1.2825,1.31620138,1.34316249,1.34990277,1.48547043,0.135567665,0.0097721485;0.0098729238;0.010333751;0.0092993856,0.0098195522,0.00991327699,0.0101955027,-0.188211434,1.76577791,0.135567665,0.0299238535,,full_polar_candidate_not_mission_grade,insufficient_safe_clmax_margin,,actual_sidecar_query_grade,,p50:Re=489104.795:Cl=1.316201;p90:Re=489104.795:Cl=1.343162;clmax_remin:Re=454119.736:Cl=1.349903;clmin_remax:Re=524089.855:Cl=1.282500
C,full_polar_mission_grade_only,root:cst_root_nsga2_g05_child_0019_00cc4dca|mid1:cst_mid1_nsga2_g06_child_0001_a86879e2|mid2:clarkysm|tip:clarkysm,mid1,cst_mid1_nsga2_g05_child_0009_4c3b4b92,CST,per_zone_top_k;sidecar_zone_topk,False,388946.683,397718.192,406489.702,1.28218661,1.32159409,1.35312007,1.36100157,1.63601771,0.275016143,0.012631674;0.012607437;0.012805861;0.012496671,0.0126354111,0.0126579161,0.0127536052,-0.11592431,2.3655534,0.275016143,0.00886773714,,full_polar_mission_grade_candidate,,,actual_sidecar_query_grade,,p50:Re=397718.192:Cl=1.321594;p90:Re=397718.192:Cl=1.353120;clmax_remin:Re=388946.683:Cl=1.361002;clmin_remax:Re=406489.702:Cl=1.282187
C,full_polar_mission_grade_only,root:cst_root_nsga2_g05_child_0019_00cc4dca|mid1:cst_mid1_nsga2_g06_child_0001_a86879e2|mid2:clarkysm|tip:clarkysm,mid1,cst_mid1_nsga2_g05_child_0101_51eabddf,CST,per_zone_top_k;sidecar_zone_topk,False,388946.683,397718.192,406489.702,1.28218661,1.32159409,1.35312007,1.36100157,1.65567842,0.294676844,0.012396772;0.012557354;0.012733923;0.012148081,0.0124590324,0.0125199549,0.0126809519,-0.167723696,2.52183801,0.294676844,0.0079908222,,full_polar_mission_grade_candidate,,,actual_sidecar_query_grade,,p50:Re=397718.192:Cl=1.321594;p90:Re=397718.192:Cl=1.353120;clmax_remin:Re=388946.683:Cl=1.361002;clmin_remax:Re=406489.702:Cl=1.282187
C,full_polar_mission_grade_only,root:cst_root_nsga2_g05_child_0019_00cc4dca|mid1:cst_mid1_nsga2_g06_child_0001_a86879e2|mid2:clarkysm|tip:clarkysm,mid1,cst_mid1_nsga2_g05_child_0114_b5496e0b,CST,per_zone_top_k;sidecar_zone_topk,False,388946.683,397718.192,406489.702,1.28218661,1.32159409,1.35312007,1.36100157,1.72734953,0.366347959,0.012162104;0.012413013;0.012587142;0.011738467,0.0122251815,0.0123205185,0.0125349032,-0.144604456,3.23014584,0.366347959,0.00790194898,,full_polar_mission_grade_candidate,,,actual_sidecar_query_grade,,p50:Re=397718.192:Cl=1.321594;p90:Re=397718.192:Cl=1.353120;clmax_remin:Re=388946.683:Cl=1.361002;clmin_remax:Re=406489.702:Cl=1.282187
C,full_polar_mission_grade_only,root:cst_root_nsga2_g05_child_0019_00cc4dca|mid1:cst_mid1_nsga2_g06_child_0001_a86879e2|mid2:clarkysm|tip:clarkysm,mid1,cst_mid1_nsga2_g06_child_0001_a86879e2,CST,per_zone_top_k;selected_policy_B;selected_policy_C;selected_policy_D;selected_policy_E;sidecar_zone_topk,True,388946.683,397718.192,406489.702,1.28218661,1.32159409,1.35312007,1.36100157,1.70848821,0.347486644,0.012196453;0.012397564;0.012591224;0.011869291,0.0122636331,0.0123407701,0.012533126,-0.127906366,3.05110821,0.347486644,0.00932182749,,full_polar_mission_grade_candidate,,,actual_sidecar_query_grade,,p50:Re=397718.192:Cl=1.321594;p90:Re=397718.192:Cl=1.353120;clmax_remin:Re=388946.683:Cl=1.361002;clmin_remax:Re=406489.702:Cl=1.282187
C,full_polar_mission_grade_only,root:cst_root_nsga2_g05_child_0019_00cc4dca|mid1:cst_mid1_nsga2_g06_child_0001_a86879e2|mid2:clarkysm|tip:clarkysm,mid1,cst_mid1_nsga2_g06_child_0004_623ed74b,CST,per_zone_top_k,False,388946.683,397718.192,406489.702,1.28218661,1.32159409,1.35312007,1.36100157,1.64640818,0.285406612,0.016815022;0.017050121;0.017314046;0.016318801,0.0168744976,0.0169808408,0.0172348685,-0.0633635153,2.59471184,0.285406612,0.00386187457,,full_polar_candidate_not_mission_grade,discontinuous_cd,discontinuous_cd,actual_sidecar_query_not_mission_grade,cd_discontinuity,p50:Re=397718.192:Cl=1.321594;p90:Re=397718.192:Cl=1.353120;clmax_remin:Re=388946.683:Cl=1.361002;clmin_remax:Re=406489.702:Cl=1.282187
C,full_polar_mission_grade_only,root:cst_root_nsga2_g05_child_0019_00cc4dca|mid1:cst_mid1_nsga2_g06_child_0001_a86879e2|mid2:clarkysm|tip:clarkysm,mid1,cst_mid1_nsga2_g06_child_0046_9ca15362,CST,per_zone_top_k,False,388946.683,397718.192,406489.702,1.28218661,1.32159409,1.35312007,1.36100157,1.67892842,0.317926853,0.017915742;0.018157203;0.018455065;0.017390364,0.0179795935,0.0180919722,0.0183657062,-0.101772179,2.88657406,0.317926853,0.00160207914,,full_polar_candidate_not_mission_grade,discontinuous_cd,discontinuous_cd,actual_sidecar_query_not_mission_grade,cd_discontinuity,p50:Re=397718.192:Cl=1.321594;p90:Re=397718.192:Cl=1.353120;clmax_remin:Re=388946.683:Cl=1.361002;clmin_remax:Re=406489.702:Cl=1.282187
C,full_polar_mission_grade_only,root:cst_root_nsga2_g05_child_0019_00cc4dca|mid1:cst_mid1_nsga2_g06_child_0001_a86879e2|mid2:clarkysm|tip:clarkysm,mid1,cst_mid1_nsga2_g06_child_0119_66da614c,CST,per_zone_top_k,False,388946.683,397718.192,406489.702,1.28218661,1.32159409,1.35312007,1.36100157,1.68687603,0.325874457,0.014491069;0.014839926;0.01504617;0.014123894,0.0146252647,0.0147278821,0.0149842968,-0.113324902,2.84608868,0.325874457,0.00497303082,,full_polar_mission_grade_candidate,,,actual_sidecar_query_grade,,p50:Re=397718.192:Cl=1.321594;p90:Re=397718.192:Cl=1.353120;clmax_remin:Re=388946.683:Cl=1.361002;clmin_remax:Re=406489.702:Cl=1.282187
C,full_polar_mission_grade_only,root:cst_root_nsga2_g05_child_0019_00cc4dca|mid1:cst_mid1_nsga2_g06_child_0001_a86879e2|mid2:clarkysm|tip:clarkysm,mid1,cst_mid1_nsga2_g07_child_0080_a701293f,CST,per_zone_top_k,False,388946.683,397718.192,406489.702,1.28218661,1.32159409,1.35312007,1.36100157,1.59490127,0.233899699,0.014948595;0.015158419;0.015443994;0.014451172,0.0150005449,0.0151045756,0.0153583216,-0.109461067,2.94913405,0.233899699,0.00510570527,,full_polar_mission_grade_candidate,,,actual_sidecar_query_grade,,p50:Re=397718.192:Cl=1.321594;p90:Re=397718.192:Cl=1.353120;clmax_remin:Re=388946.683:Cl=1.361002;clmin_remax:Re=406489.702:Cl=1.282187
C,full_polar_mission_grade_only,root:cst_root_nsga2_g05_child_0019_00cc4dca|mid1:cst_mid1_nsga2_g06_child_0001_a86879e2|mid2:clarkysm|tip:clarkysm,mid1,cst_mid1_nsga2_g07_child_0111_0738f459,CST,per_zone_top_k;sidecar_zone_topk,False,388946.683,397718.192,406489.702,1.28218661,1.32159409,1.35312007,1.36100157,1.65931716,0.298315584,0.012336383;0.012467955;0.012658381;0.012003997,0.0123666793,0.0124350186,0.0126012534,-0.133210424,2.65851234,0.298315584,0.0105049101,,full_polar_mission_grade_candidate,,,actual_sidecar_query_grade,,p50:Re=397718.192:Cl=1.321594;p90:Re=397718.192:Cl=1.353120;clmax_remin:Re=388946.683:Cl=1.361002;clmin_remax:Re=406489.702:Cl=1.282187
C,full_polar_mission_grade_only,root:cst_root_nsga2_g05_child_0019_00cc4dca|mid1:cst_mid1_nsga2_g06_child_0001_a86879e2|mid2:clarkysm|tip:clarkysm,mid1,cst_mid1_nsga2_g07_child_0120_6ba170d3,CST,per_zone_top_k,False,388946.683,397718.192,406489.702,1.28218661,1.32159409,1.35312007,1.36100157,1.65707,0.296068431,0.016986467;0.017259771;0.017635418;0.016457652,0.0170848271,0.0172052377,0.017522724,-0.0919262024,4.20709274,0.296068431,0.00286208853,,full_polar_candidate_not_mission_grade,discontinuous_cd,discontinuous_cd,actual_sidecar_query_not_mission_grade,cd_discontinuity,p50:Re=397718.192:Cl=1.321594;p90:Re=397718.192:Cl=1.353120;clmax_remin:Re=388946.683:Cl=1.361002;clmin_remax:Re=406489.702:Cl=1.282187
C,full_polar_mission_grade_only,root:cst_root_nsga2_g05_child_0019_00cc4dca|mid1:cst_mid1_nsga2_g06_child_0001_a86879e2|mid2:clarkysm|tip:clarkysm,mid1,dae11,DAE,explicit_seed_dae_scope;selected_policy_A;selected_policy_Probe,False,388946.683,397718.192,406489.702,1.28218661,1.32159409,1.35312007,1.36100157,1.48567699,0.124675416,0.011911169;0.011941581;0.012166212;0.011689395,0.011927089,0.0119691544,0.0120988223,-0.134712968,1.25811369,0.124675416,0.0217574534,,full_polar_candidate_not_mission_grade,insufficient_safe_clmax_margin,,actual_sidecar_query_grade,,p50:Re=397718.192:Cl=1.321594;p90:Re=397718.192:Cl=1.353120;clmax_remin:Re=388946.683:Cl=1.361002;clmin_remax:Re=406489.702:Cl=1.282187
C,full_polar_mission_grade_only,root:cst_root_nsga2_g05_child_0019_00cc4dca|mid1:cst_mid1_nsga2_g06_child_0001_a86879e2|mid2:clarkysm|tip:clarkysm,mid1,dae21,DAE,explicit_seed_dae_scope;per_zone_top_k,False,388946.683,397718.192,406489.702,1.28218661,1.32159409,1.35312007,1.36100157,1.44147988,0.0804783047,0.010802333;0.010997805;0.011174617;0.010499761,0.0108686291,0.0109411418,0.0111215736,-0.133058059,0.811261371,0.0804783047,0.0223272697,,full_polar_candidate_not_mission_grade,insufficient_safe_clmax_margin,,actual_sidecar_query_grade,,p50:Re=397718.192:Cl=1.321594;p90:Re=397718.192:Cl=1.353120;clmax_remin:Re=388946.683:Cl=1.361002;clmin_remax:Re=406489.702:Cl=1.282187
C,full_polar_mission_grade_only,root:cst_root_nsga2_g05_child_0019_00cc4dca|mid1:cst_mid1_nsga2_g06_child_0001_a86879e2|mid2:clarkysm|tip:clarkysm,mid1,fx76mp140,seed_fx76mp140,explicit_seed_dae_scope,False,388946.683,397718.192,406489.702,1.28218661,1.32159409,1.35312007,1.36100157,1.48547043,0.124468861,0.011100585;0.01116008;0.011359149;0.010761382,0.0110952992,0.0111552117,0.0112994285,-0.18648352,1.62121525,0.124468861,0.0322231322,,full_polar_candidate_not_mission_grade,insufficient_safe_clmax_margin,,actual_sidecar_query_grade,,p50:Re=397718.192:Cl=1.321594;p90:Re=397718.192:Cl=1.353120;clmax_remin:Re=388946.683:Cl=1.361002;clmin_remax:Re=406489.702:Cl=1.282187
C,full_polar_mission_grade_only,root:cst_root_nsga2_g05_child_0019_00cc4dca|mid1:cst_mid1_nsga2_g06_child_0001_a86879e2|mid2:clarkysm|tip:clarkysm,mid2,clarkysm,seed_clarky,explicit_seed_dae_scope;per_zone_top_k;selected_policy_A;selected_policy_C;selected_policy_E;selected_policy_Probe;sidecar_zone_topk,True,393211.574,393211.574,393211.574,0.994244342,0.994244342,0.994244342,0.994244342,1.30456866,0.310324316,0.011150938;0.011150938;0.011150938;0.011150938,0.0111509376,0.0111509376,0.0111509376,-0.0733849509,3.05137099,0.310324316,0.00692256079,,full_polar_mission_grade_candidate,,,actual_sidecar_query_grade,,p50:Re=393211.574:Cl=0.994244;p90:Re=393211.574:Cl=0.994244;clmax_remin:Re=393211.574:Cl=0.994244;clmin_remax:Re=393211.574:Cl=0.994244
C,full_polar_mission_grade_only,root:cst_root_nsga2_g05_child_0019_00cc4dca|mid1:cst_mid1_nsga2_g06_child_0001_a86879e2|mid2:clarkysm|tip:clarkysm,mid2,cst_mid2_nsga2_g03_child_0078_3cbb476b,CST,per_zone_top_k;sidecar_zone_topk,False,393211.574,393211.574,393211.574,0.994244342,0.994244342,0.994244342,0.994244342,1.23414278,0.239898434,0.014231686;0.014231686;0.014231686;0.014231686,0.0142316857,0.0142316857,0.0142316857,-0.0622118258,2.39035927,0.239898434,0.00296483671,,full_polar_mission_grade_candidate,,,actual_sidecar_query_grade,,p50:Re=393211.574:Cl=0.994244;p90:Re=393211.574:Cl=0.994244;clmax_remin:Re=393211.574:Cl=0.994244;clmin_remax:Re=393211.574:Cl=0.994244
C,full_polar_mission_grade_only,root:cst_root_nsga2_g05_child_0019_00cc4dca|mid1:cst_mid1_nsga2_g06_child_0001_a86879e2|mid2:clarkysm|tip:clarkysm,mid2,cst_mid2_nsga2_g04_child_0012_72b8e600,CST,per_zone_top_k,False,393211.574,393211.574,393211.574,0.994244342,0.994244342,0.994244342,0.994244342,1.25275937,0.258515025,0.01152543;0.01152543;0.01152543;0.01152543,0.0115254302,0.0115254302,0.0115254302,-0.108229102,2.89417845,0.258515025,0.00416682799,,full_polar_candidate_not_mission_grade,discontinuous_cd,discontinuous_cd,actual_sidecar_query_not_mission_grade,cd_discontinuity,p50:Re=393211.574:Cl=0.994244;p90:Re=393211.574:Cl=0.994244;clmax_remin:Re=393211.574:Cl=0.994244;clmin_remax:Re=393211.574:Cl=0.994244
C,full_polar_mission_grade_only,root:cst_root_nsga2_g05_child_0019_00cc4dca|mid1:cst_mid1_nsga2_g06_child_0001_a86879e2|mid2:clarkysm|tip:clarkysm,mid2,cst_mid2_nsga2_g04_child_0024_0b55bfc3,CST,per_zone_top_k;selected_policy_B;sidecar_zone_topk,False,393211.574,393211.574,393211.574,0.994244342,0.994244342,0.994244342,0.994244342,1.24751272,0.253268383,0.015594333;0.015594333;0.015594333;0.015594333,0.0155943327,0.0155943327,0.0155943327,-0.00757581828,2.33524972,0.253268383,0.00158583225,,full_polar_mission_grade_candidate,,,actual_sidecar_query_grade,,p50:Re=393211.574:Cl=0.994244;p90:Re=393211.574:Cl=0.994244;clmax_remin:Re=393211.574:Cl=0.994244;clmin_remax:Re=393211.574:Cl=0.994244
C,full_polar_mission_grade_only,root:cst_root_nsga2_g05_child_0019_00cc4dca|mid1:cst_mid1_nsga2_g06_child_0001_a86879e2|mid2:clarkysm|tip:clarkysm,mid2,cst_mid2_nsga2_g06_child_0034_4f56b056,CST,per_zone_top_k;sidecar_zone_topk,False,393211.574,393211.574,393211.574,0.994244342,0.994244342,0.994244342,0.994244342,1.12017356,0.125929214,0.0099295097;0.0099295097;0.0099295097;0.0099295097,0.00992950966,0.00992950966,0.00992950966,-0.086036162,1.15494032,0.125929214,0.0064923308,,full_polar_candidate_not_mission_grade,discontinuous_cd,discontinuous_cd,actual_sidecar_query_not_mission_grade,cd_discontinuity,p50:Re=393211.574:Cl=0.994244;p90:Re=393211.574:Cl=0.994244;clmax_remin:Re=393211.574:Cl=0.994244;clmin_remax:Re=393211.574:Cl=0.994244
C,full_polar_mission_grade_only,root:cst_root_nsga2_g05_child_0019_00cc4dca|mid1:cst_mid1_nsga2_g06_child_0001_a86879e2|mid2:clarkysm|tip:clarkysm,mid2,cst_mid2_seedless_sobol_0078_92a83118,CST,per_zone_top_k,False,393211.574,393211.574,393211.574,0.994244342,0.994244342,0.994244342,0.994244342,1.31923679,0.324992445,0.017602824;0.017602824;0.017602824;0.017602824,0.0176028236,0.0176028236,0.0176028236,-0.0455765114,3.02590216,0.324992445,-0.00050324536,,full_polar_candidate_not_mission_grade,discontinuous_cd,discontinuous_cd,actual_sidecar_query_not_mission_grade,cd_discontinuity,p50:Re=393211.574:Cl=0.994244;p90:Re=393211.574:Cl=0.994244;clmax_remin:Re=393211.574:Cl=0.994244;clmin_remax:Re=393211.574:Cl=0.994244
C,full_polar_mission_grade_only,root:cst_root_nsga2_g05_child_0019_00cc4dca|mid1:cst_mid1_nsga2_g06_child_0001_a86879e2|mid2:clarkysm|tip:clarkysm,mid2,cst_mid2_seedless_sobol_0619_a07c5c7e,CST,per_zone_top_k;sidecar_zone_topk,False,393211.574,393211.574,393211.574,0.994244342,0.994244342,0.994244342,0.994244342,1.29763968,0.303395337,0.010235561;0.010235561;0.010235561;0.010235561,0.0102355615,0.0102355615,0.0102355615,-0.130555306,4.00020458,0.303395337,0.00614508317,,full_polar_candidate_not_mission_grade,discontinuous_cd,discontinuous_cd,actual_sidecar_query_not_mission_grade,cd_discontinuity,p50:Re=393211.574:Cl=0.994244;p90:Re=393211.574:Cl=0.994244;clmax_remin:Re=393211.574:Cl=0.994244;clmin_remax:Re=393211.574:Cl=0.994244
C,full_polar_mission_grade_only,root:cst_root_nsga2_g05_child_0019_00cc4dca|mid1:cst_mid1_nsga2_g06_child_0001_a86879e2|mid2:clarkysm|tip:clarkysm,mid2,dae31,DAE,explicit_seed_dae_scope;selected_policy_D,False,393211.574,393211.574,393211.574,0.994244342,0.994244342,0.994244342,0.994244342,1.49870629,0.504461944,0.0090193747;0.0090193747;0.0090193747;0.0090193747,0.00901937467,0.00901937467,0.00901937467,-0.155147335,5.0425457,0.504461944,0.00955568116,,full_polar_mission_grade_candidate,,,actual_sidecar_query_grade,,p50:Re=393211.574:Cl=0.994244;p90:Re=393211.574:Cl=0.994244;clmax_remin:Re=393211.574:Cl=0.994244;clmin_remax:Re=393211.574:Cl=0.994244
C,full_polar_mission_grade_only,root:cst_root_nsga2_g05_child_0019_00cc4dca|mid1:cst_mid1_nsga2_g06_child_0001_a86879e2|mid2:clarkysm|tip:clarkysm,tip,clarkysm,seed_clarky,explicit_seed_dae_scope;selected_policy_A;selected_policy_C;selected_policy_E;sidecar_zone_topk,True,268974.647,313255.271,403824.666,0.1089,0.77346934,0.841588408,0.858973782,1.30456866,0.445594876,0.0090188327;0.0095605722;0.010328109;0.0099291917,0.0097091765,0.00969803925,0.0102084341,-0.0907578041,4.38146549,0.445594876,0.00662679879,,full_polar_mission_grade_candidate,,,actual_sidecar_query_grade,,p50:Re=313255.271:Cl=0.773469;p90:Re=313255.271:Cl=0.841588;clmax_remin:Re=268974.647:Cl=0.858974;clmin_remax:Re=403824.666:Cl=0.108900
C,full_polar_mission_grade_only,root:cst_root_nsga2_g05_child_0019_00cc4dca|mid1:cst_mid1_nsga2_g06_child_0001_a86879e2|mid2:clarkysm|tip:clarkysm,tip,cst_tip_nsga2_g02_child_0085_cb99bc9c,CST,per_zone_top_k;selected_policy_B;sidecar_zone_topk,False,268974.647,313255.271,403824.666,0.1089,0.77346934,0.841588408,0.858973782,1.23747958,0.378505795,0.010313945;0.010879569;0.011710057;0.0098437701,0.0106868353,0.0108583647,0.0114609108,-0.109149705,3.64859608,0.378505795,0.00458903662,,full_polar_candidate_not_mission_grade,discontinuous_cd,discontinuous_cd,actual_sidecar_query_not_mission_grade,cd_discontinuity,p50:Re=313255.271:Cl=0.773469;p90:Re=313255.271:Cl=0.841588;clmax_remin:Re=268974.647:Cl=0.858974;clmin_remax:Re=403824.666:Cl=0.108900
C,full_polar_mission_grade_only,root:cst_root_nsga2_g05_child_0019_00cc4dca|mid1:cst_mid1_nsga2_g06_child_0001_a86879e2|mid2:clarkysm|tip:clarkysm,tip,cst_tip_nsga2_g04_child_0096_6230567a,CST,per_zone_top_k,False,268974.647,313255.271,403824.666,0.1089,0.77346934,0.841588408,0.858973782,1.40875724,0.54978346,0.011668049;0.011854662;0.012614495;0.009377678,0.0113787213,0.0117294659,0.0123865455,-0.0816738031,4.9890668,0.54978346,0.00345485766,,full_polar_candidate_not_mission_grade,discontinuous_cd,discontinuous_cd,actual_sidecar_query_not_mission_grade,cd_discontinuity,p50:Re=313255.271:Cl=0.773469;p90:Re=313255.271:Cl=0.841588;clmax_remin:Re=268974.647:Cl=0.858974;clmin_remax:Re=403824.666:Cl=0.108900
C,full_polar_mission_grade_only,root:cst_root_nsga2_g05_child_0019_00cc4dca|mid1:cst_mid1_nsga2_g06_child_0001_a86879e2|mid2:clarkysm|tip:clarkysm,tip,cst_tip_nsga2_g05_child_0026_28eb9a70,CST,per_zone_top_k;sidecar_zone_topk,False,268974.647,313255.271,403824.666,0.1089,0.77346934,0.841588408,0.858973782,1.18714196,0.32816818,0.011756885;0.012114814;0.013538934;0.01066277,0.0120183507,0.0122672513,0.0131116977,-0.0700045147,3.11276004,0.32816818,0.00352628958,,full_polar_candidate_not_mission_grade,discontinuous_cd,discontinuous_cd,actual_sidecar_query_not_mission_grade,cd_discontinuity,p50:Re=313255.271:Cl=0.773469;p90:Re=313255.271:Cl=0.841588;clmax_remin:Re=268974.647:Cl=0.858974;clmin_remax:Re=403824.666:Cl=0.108900
C,full_polar_mission_grade_only,root:cst_root_nsga2_g05_child_0019_00cc4dca|mid1:cst_mid1_nsga2_g06_child_0001_a86879e2|mid2:clarkysm|tip:clarkysm,tip,cst_tip_nsga2_g06_child_0101_f4c46cf4,CST,per_zone_top_k;sidecar_zone_topk,False,268974.647,313255.271,403824.666,0.1089,0.77346934,0.841588408,0.858973782,1.21295979,0.353986006,0.010855045;0.011264051;0.012286569;0.01004434,0.0111125012,0.0113148217,0.0119798137,-0.0847821745,3.86369429,0.353986006,0.00381779983,,full_polar_candidate_not_mission_grade,discontinuous_cd,discontinuous_cd,actual_sidecar_query_not_mission_grade,cd_discontinuity,p50:Re=313255.271:Cl=0.773469;p90:Re=313255.271:Cl=0.841588;clmax_remin:Re=268974.647:Cl=0.858974;clmin_remax:Re=403824.666:Cl=0.108900
C,full_polar_mission_grade_only,root:cst_root_nsga2_g05_child_0019_00cc4dca|mid1:cst_mid1_nsga2_g06_child_0001_a86879e2|mid2:clarkysm|tip:clarkysm,tip,cst_tip_seedless_sobol_0351_1048f012,CST,per_zone_top_k,False,268974.647,313255.271,403824.666,0.1089,0.77346934,0.841588408,0.858973782,1.3169564,0.457982623,0.013928104;0.013420941;0.014726319;0.012655324,0.0136826717,0.013833333,0.0144868543,-0.0409501131,4.15356489,0.457982623,0.00131496774,,full_polar_candidate_not_mission_grade,discontinuous_cd,discontinuous_cd,actual_sidecar_query_not_mission_grade,cd_discontinuity,p50:Re=313255.271:Cl=0.773469;p90:Re=313255.271:Cl=0.841588;clmax_remin:Re=268974.647:Cl=0.858974;clmin_remax:Re=403824.666:Cl=0.108900
C,full_polar_mission_grade_only,root:cst_root_nsga2_g05_child_0019_00cc4dca|mid1:cst_mid1_nsga2_g06_child_0001_a86879e2|mid2:clarkysm|tip:clarkysm,tip,dae31,DAE,explicit_seed_dae_scope;per_zone_top_k;selected_policy_Probe,False,268974.647,313255.271,403824.666,0.1089,0.77346934,0.841588408,0.858973782,1.49870629,0.639732505,0.012279634;0.010736125;0.01229084;0.060453181,0.023939945,0.0176306848,0.0460044785,-0.1462373,6.39469523,0.639732505,0.00224139142,cl_outside_polar_envelope,full_polar_mission_grade_candidate,,,actual_sidecar_query_not_mission_grade,Cl_coverage,p50:Re=313255.271:Cl=0.773469;p90:Re=313255.271:Cl=0.841588;clmax_remin:Re=268974.647:Cl=0.858974;clmin_remax:Re=403824.666:Cl=0.108900
C,full_polar_mission_grade_only,root:cst_root_nsga2_g05_child_0019_00cc4dca|mid1:cst_mid1_nsga2_g06_child_0001_a86879e2|mid2:clarkysm|tip:clarkysm,tip,dae41,DAE,explicit_seed_dae_scope;per_zone_top_k;selected_policy_D;sidecar_zone_topk,False,268974.647,313255.271,403824.666,0.1089,0.77346934,0.841588408,0.858973782,1.25785099,0.398877204,0.0091854849;0.0096409427;0.010404011;0.0085797474,0.0094525464,0.00962377832,0.0101750903,-0.061440265,3.75973785,0.398877204,0.00632910566,,full_polar_candidate_not_mission_grade,discontinuous_cd,discontinuous_cd,actual_sidecar_query_not_mission_grade,cd_discontinuity,p50:Re=313255.271:Cl=0.773469;p90:Re=313255.271:Cl=0.841588;clmax_remin:Re=268974.647:Cl=0.858974;clmin_remax:Re=403824.666:Cl=0.108900
D,no_clarky_allowed,root:cst_root_nsga2_g05_child_0019_00cc4dca|mid1:cst_mid1_nsga2_g06_child_0001_a86879e2|mid2:dae31|tip:dae41,root,cst_root_nsga2_g02_child_0112_57ba57cc,CST,per_zone_top_k,False,454119.736,489104.795,524089.855,1.2578,1.29125138,1.31801249,1.32470277,1.63080761,0.306104841,0.014333391;0.014451698;0.015154344;0.013681002,0.0144051089,0.0145345079,0.0149435502,-0.0733242631,6.32830016,0.306104841,0.00704778772,,full_polar_candidate_not_mission_grade,discontinuous_cd,discontinuous_cd,actual_sidecar_query_not_mission_grade,cd_discontinuity,p50:Re=489104.795:Cl=1.291251;p90:Re=489104.795:Cl=1.318012;clmax_remin:Re=454119.736:Cl=1.324703;clmin_remax:Re=524089.855:Cl=1.257800
D,no_clarky_allowed,root:cst_root_nsga2_g05_child_0019_00cc4dca|mid1:cst_mid1_nsga2_g06_child_0001_a86879e2|mid2:dae31|tip:dae41,root,cst_root_nsga2_g02_child_0123_4caadfe5,CST,per_zone_top_k;sidecar_zone_topk,False,454119.736,489104.795,524089.855,1.2578,1.29125138,1.31801249,1.32470277,1.6660523,0.341349536,0.011730574;0.011923532;0.012310299;0.011251317,0.0118039307,0.0119076919,0.0121942691,-0.159142329,3.43233449,0.341349536,0.00750711805,,full_polar_mission_grade_candidate,,,actual_sidecar_query_grade,,p50:Re=489104.795:Cl=1.291251;p90:Re=489104.795:Cl=1.318012;clmax_remin:Re=454119.736:Cl=1.324703;clmin_remax:Re=524089.855:Cl=1.257800
D,no_clarky_allowed,root:cst_root_nsga2_g05_child_0019_00cc4dca|mid1:cst_mid1_nsga2_g06_child_0001_a86879e2|mid2:dae31|tip:dae41,root,cst_root_nsga2_g03_child_0051_fbaca644,CST,per_zone_top_k;sidecar_zone_topk,False,454119.736,489104.795,524089.855,1.2578,1.29125138,1.31801249,1.32470277,1.627369,0.302666233,0.012973605;0.013002053;0.013703758;0.012309962,0.0129973445,0.0131160902,0.0134932464,-0.159722435,3.55436635,0.302666233,0.0123430913,,full_polar_mission_grade_candidate,,,actual_sidecar_query_grade,,p50:Re=489104.795:Cl=1.291251;p90:Re=489104.795:Cl=1.318012;clmax_remin:Re=454119.736:Cl=1.324703;clmin_remax:Re=524089.855:Cl=1.257800
D,no_clarky_allowed,root:cst_root_nsga2_g05_child_0019_00cc4dca|mid1:cst_mid1_nsga2_g06_child_0001_a86879e2|mid2:dae31|tip:dae41,root,cst_root_nsga2_g03_child_0090_3408e0ca,CST,per_zone_top_k,False,454119.736,489104.795,524089.855,1.2578,1.29125138,1.31801249,1.32470277,1.60729077,0.282588007,0.010780103;0.010795906;0.011231867;0.010392939,0.0108002037,0.0108705077,0.011101079,-0.161353076,2.59298105,0.282588007,0.0129076492,,full_polar_candidate_not_mission_grade,discontinuous_cd,discontinuous_cd,actual_sidecar_query_not_mission_grade,cd_discontinuity,p50:Re=489104.795:Cl=1.291251;p90:Re=489104.795:Cl=1.318012;clmax_remin:Re=454119.736:Cl=1.324703;clmin_remax:Re=524089.855:Cl=1.257800
D,no_clarky_allowed,root:cst_root_nsga2_g05_child_0019_00cc4dca|mid1:cst_mid1_nsga2_g06_child_0001_a86879e2|mid2:dae31|tip:dae41,root,cst_root_nsga2_g05_child_0019_00cc4dca,CST,per_zone_top_k;selected_policy_B;selected_policy_C;selected_policy_D;selected_policy_E;sidecar_zone_topk,True,454119.736,489104.795,524089.855,1.2578,1.29125138,1.31801249,1.32470277,1.63701533,0.312312567,0.011621547;0.011790489;0.012336395;0.010987746,0.0116840442,0.0118111656,0.0121726232,-0.140500277,3.80753494,0.312312567,0.00967643032,,full_polar_mission_grade_candidate,,,actual_sidecar_query_grade,,p50:Re=489104.795:Cl=1.291251;p90:Re=489104.795:Cl=1.318012;clmax_remin:Re=454119.736:Cl=1.324703;clmin_remax:Re=524089.855:Cl=1.257800
D,no_clarky_allowed,root:cst_root_nsga2_g05_child_0019_00cc4dca|mid1:cst_mid1_nsga2_g06_child_0001_a86879e2|mid2:dae31|tip:dae41,root,cst_root_nsga2_g05_child_0047_47fc9c7e,CST,per_zone_top_k;sidecar_zone_topk,False,454119.736,489104.795,524089.855,1.2578,1.29125138,1.31801249,1.32470277,1.59713307,0.2724303,0.011847606;0.011997496;0.012447948;0.011346354,0.0119098511,0.0120133696,0.0123128125,-0.149761437,2.45533948,0.2724303,0.00876803469,,full_polar_mission_grade_candidate,,,actual_sidecar_query_grade,,p50:Re=489104.795:Cl=1.291251;p90:Re=489104.795:Cl=1.318012;clmax_remin:Re=454119.736:Cl=1.324703;clmin_remax:Re=524089.855:Cl=1.257800
D,no_clarky_allowed,root:cst_root_nsga2_g05_child_0019_00cc4dca|mid1:cst_mid1_nsga2_g06_child_0001_a86879e2|mid2:dae31|tip:dae41,root,cst_root_nsga2_g07_child_0058_7b5c9763,CST,per_zone_top_k,False,454119.736,489104.795,524089.855,1.2578,1.29125138,1.31801249,1.32470277,1.75900349,0.434300719,0.01650466;0.016731819;0.017436273;0.015568927,0.0165604197,0.0167407798,0.017224937,-0.100985317,3.83496991,0.434300719,0.00211731556,,full_polar_candidate_not_mission_grade,discontinuous_cd,discontinuous_cd,actual_sidecar_query_not_mission_grade,cd_discontinuity,p50:Re=489104.795:Cl=1.291251;p90:Re=489104.795:Cl=1.318012;clmax_remin:Re=454119.736:Cl=1.324703;clmin_remax:Re=524089.855:Cl=1.257800
D,no_clarky_allowed,root:cst_root_nsga2_g05_child_0019_00cc4dca|mid1:cst_mid1_nsga2_g06_child_0001_a86879e2|mid2:dae31|tip:dae41,root,cst_root_nsga2_g07_child_0109_fab67898,CST,per_zone_top_k,False,454119.736,489104.795,524089.855,1.2578,1.29125138,1.31801249,1.32470277,1.62170218,0.296999417,0.015661463;0.015796887;0.016496943;0.014923633,0.0157197313,0.0158622567,0.016286926,-0.125658162,2.63792268,0.296999417,0.00306278954,,full_polar_candidate_not_mission_grade,discontinuous_cd,discontinuous_cd,actual_sidecar_query_not_mission_grade,cd_discontinuity,p50:Re=489104.795:Cl=1.291251;p90:Re=489104.795:Cl=1.318012;clmax_remin:Re=454119.736:Cl=1.324703;clmin_remax:Re=524089.855:Cl=1.257800
D,no_clarky_allowed,root:cst_root_nsga2_g05_child_0019_00cc4dca|mid1:cst_mid1_nsga2_g06_child_0001_a86879e2|mid2:dae31|tip:dae41,root,cst_root_nsga2_g07_child_0113_af0c4fa1,CST,per_zone_top_k,False,454119.736,489104.795,524089.855,1.2578,1.29125138,1.31801249,1.32470277,1.63170051,0.306997745,0.014608423;0.014723347;0.015378724;0.013936088,0.0146616455,0.0147911272,0.0151821109,-0.115461432,4.53909117,0.306997745,0.00378466857,,full_polar_candidate_not_mission_grade,discontinuous_cd,discontinuous_cd,actual_sidecar_query_not_mission_grade,cd_discontinuity,p50:Re=489104.795:Cl=1.291251;p90:Re=489104.795:Cl=1.318012;clmax_remin:Re=454119.736:Cl=1.324703;clmin_remax:Re=524089.855:Cl=1.257800
D,no_clarky_allowed,root:cst_root_nsga2_g05_child_0019_00cc4dca|mid1:cst_mid1_nsga2_g06_child_0001_a86879e2|mid2:dae31|tip:dae41,root,cst_root_nsga2_g07_child_0119_2f486470,CST,per_zone_top_k,False,454119.736,489104.795,524089.855,1.2578,1.29125138,1.31801249,1.32470277,1.74408371,0.419380944,0.014477731;0.014714706;0.015264441;0.013760333,0.0145543028,0.0147014183,0.0150995203,-0.0808310888,9.66588269,0.419380944,0.00540165179,,full_polar_candidate_not_mission_grade,discontinuous_cd,discontinuous_cd,actual_sidecar_query_not_mission_grade,cd_discontinuity,p50:Re=489104.795:Cl=1.291251;p90:Re=489104.795:Cl=1.318012;clmax_remin:Re=454119.736:Cl=1.324703;clmin_remax:Re=524089.855:Cl=1.257800
D,no_clarky_allowed,root:cst_root_nsga2_g05_child_0019_00cc4dca|mid1:cst_mid1_nsga2_g06_child_0001_a86879e2|mid2:dae31|tip:dae41,root,dae11,DAE,explicit_seed_dae_scope;per_zone_top_k;selected_policy_A;selected_policy_Probe;sidecar_zone_topk,False,454119.736,489104.795,524089.855,1.2578,1.29125138,1.31801249,1.32470277,1.48567699,0.16097422,0.010316047;0.010360727;0.010881576;0.0098057422,0.010341023,0.0104345919,0.0107253215,-0.134757352,1.62440901,0.16097422,0.0179603708,,full_polar_candidate_not_mission_grade,insufficient_safe_clmax_margin,,actual_sidecar_query_grade,,p50:Re=489104.795:Cl=1.291251;p90:Re=489104.795:Cl=1.318012;clmax_remin:Re=454119.736:Cl=1.324703;clmin_remax:Re=524089.855:Cl=1.257800
D,no_clarky_allowed,root:cst_root_nsga2_g05_child_0019_00cc4dca|mid1:cst_mid1_nsga2_g06_child_0001_a86879e2|mid2:dae31|tip:dae41,root,fx76mp140,seed_fx76mp140,explicit_seed_dae_scope;per_zone_top_k,False,454119.736,489104.795,524089.855,1.2578,1.29125138,1.31801249,1.32470277,1.48547043,0.160767665,0.0096947604;0.0097777661;0.010232334;0.0092131311,0.00972949786,0.0098217071,0.0100959636,-0.18901428,2.0940096,0.160767665,0.0283121285,,full_polar_candidate_not_mission_grade,insufficient_safe_clmax_margin,,actual_sidecar_query_grade,,p50:Re=489104.795:Cl=1.291251;p90:Re=489104.795:Cl=1.318012;clmax_remin:Re=454119.736:Cl=1.324703;clmin_remax:Re=524089.855:Cl=1.257800
D,no_clarky_allowed,root:cst_root_nsga2_g05_child_0019_00cc4dca|mid1:cst_mid1_nsga2_g06_child_0001_a86879e2|mid2:dae31|tip:dae41,mid1,cst_mid1_nsga2_g05_child_0009_4c3b4b92,CST,per_zone_top_k;sidecar_zone_topk,False,388946.683,397718.192,406489.702,1.29195482,1.3154688,1.33427998,1.33898278,1.63601771,0.297034936,0.012651775;0.012590046;0.012724641;0.012550416,0.0126292193,0.0126396623,0.0127027808,-0.11604505,2.55494821,0.297034936,0.00866255797,,full_polar_mission_grade_candidate,,,actual_sidecar_query_grade,,p50:Re=397718.192:Cl=1.315469;p90:Re=397718.192:Cl=1.334280;clmax_remin:Re=388946.683:Cl=1.338983;clmin_remax:Re=406489.702:Cl=1.291955
D,no_clarky_allowed,root:cst_root_nsga2_g05_child_0019_00cc4dca|mid1:cst_mid1_nsga2_g06_child_0001_a86879e2|mid2:dae31|tip:dae41,mid1,cst_mid1_nsga2_g05_child_0101_51eabddf,CST,per_zone_top_k;sidecar_zone_topk,False,388946.683,397718.192,406489.702,1.29195482,1.3154688,1.33427998,1.33898278,1.65567842,0.316695637,0.012376961;0.012437803;0.012636802;0.012178635,0.0124075503,0.0124496013,0.0125771023,-0.167840335,2.71027436,0.316695637,0.00789155001,,full_polar_mission_grade_candidate,,,actual_sidecar_query_grade,,p50:Re=397718.192:Cl=1.315469;p90:Re=397718.192:Cl=1.334280;clmax_remin:Re=388946.683:Cl=1.338983;clmin_remax:Re=406489.702:Cl=1.291955
D,no_clarky_allowed,root:cst_root_nsga2_g05_child_0019_00cc4dca|mid1:cst_mid1_nsga2_g06_child_0001_a86879e2|mid2:dae31|tip:dae41,mid1,cst_mid1_nsga2_g05_child_0114_b5496e0b,CST,per_zone_top_k;sidecar_zone_topk,False,388946.683,397718.192,406489.702,1.29195482,1.3154688,1.33427998,1.33898278,1.72734953,0.388366752,0.012108592;0.01227293;0.012446183;0.011794586,0.0121555729,0.0122252212,0.0123942069,-0.144583607,3.4242889,0.388366752,0.00782836916,,full_polar_mission_grade_candidate,,,actual_sidecar_query_grade,,p50:Re=397718.192:Cl=1.315469;p90:Re=397718.192:Cl=1.334280;clmax_remin:Re=388946.683:Cl=1.338983;clmin_remax:Re=406489.702:Cl=1.291955
D,no_clarky_allowed,root:cst_root_nsga2_g05_child_0019_00cc4dca|mid1:cst_mid1_nsga2_g06_child_0001_a86879e2|mid2:dae31|tip:dae41,mid1,cst_mid1_nsga2_g06_child_0001_a86879e2,CST,per_zone_top_k;selected_policy_B;selected_policy_C;selected_policy_D;selected_policy_E;sidecar_zone_topk,True,388946.683,397718.192,406489.702,1.29195482,1.3154688,1.33427998,1.33898278,1.70848821,0.369505437,0.012157379;0.012277379;0.012460173;0.01190754,0.0122006176,0.012256509,0.0124053346,-0.127862834,3.24444433,0.369505437,0.00917660522,,full_polar_mission_grade_candidate,,,actual_sidecar_query_grade,,p50:Re=397718.192:Cl=1.315469;p90:Re=397718.192:Cl=1.334280;clmax_remin:Re=388946.683:Cl=1.338983;clmin_remax:Re=406489.702:Cl=1.291955
D,no_clarky_allowed,root:cst_root_nsga2_g05_child_0019_00cc4dca|mid1:cst_mid1_nsga2_g06_child_0001_a86879e2|mid2:dae31|tip:dae41,mid1,cst_mid1_nsga2_g06_child_0004_623ed74b,CST,per_zone_top_k,False,388946.683,397718.192,406489.702,1.29195482,1.3154688,1.33427998,1.33898278,1.64640818,0.307425405,0.016767535;0.016913372;0.017165545;0.016396145,0.0168106492,0.0168885323,0.017089893,-0.063413833,2.79489088,0.307425405,0.00378345943,,full_polar_candidate_not_mission_grade,discontinuous_cd,discontinuous_cd,actual_sidecar_query_not_mission_grade,cd_discontinuity,p50:Re=397718.192:Cl=1.315469;p90:Re=397718.192:Cl=1.334280;clmax_remin:Re=388946.683:Cl=1.338983;clmin_remax:Re=406489.702:Cl=1.291955
D,no_clarky_allowed,root:cst_root_nsga2_g05_child_0019_00cc4dca|mid1:cst_mid1_nsga2_g06_child_0001_a86879e2|mid2:dae31|tip:dae41,mid1,cst_mid1_nsga2_g06_child_0046_9ca15362,CST,per_zone_top_k,False,388946.683,397718.192,406489.702,1.29195482,1.3154688,1.33427998,1.33898278,1.67892842,0.339945646,0.01787001;0.018010458;0.01827964;0.017475774,0.0179089703,0.0179897819,0.0181988854,-0.101817068,3.08649073,0.339945646,0.00155890863,,full_polar_candidate_not_mission_grade,discontinuous_cd,discontinuous_cd,actual_sidecar_query_not_mission_grade,cd_discontinuity,p50:Re=397718.192:Cl=1.315469;p90:Re=397718.192:Cl=1.334280;clmax_remin:Re=388946.683:Cl=1.338983;clmin_remax:Re=406489.702:Cl=1.291955
D,no_clarky_allowed,root:cst_root_nsga2_g05_child_0019_00cc4dca|mid1:cst_mid1_nsga2_g06_child_0001_a86879e2|mid2:dae31|tip:dae41,mid1,cst_mid1_nsga2_g06_child_0119_66da614c,CST,per_zone_top_k,False,388946.683,397718.192,406489.702,1.29195482,1.3154688,1.33427998,1.33898278,1.68687603,0.347893251,0.014457294;0.014597542;0.01481002;0.014180187,0.0145112609,0.014574627,0.0147462767,-0.113387826,3.03839414,0.347893251,0.00496071533,,full_polar_mission_grade_candidate,,,actual_sidecar_query_grade,,p50:Re=397718.192:Cl=1.315469;p90:Re=397718.192:Cl=1.334280;clmax_remin:Re=388946.683:Cl=1.338983;clmin_remax:Re=406489.702:Cl=1.291955
D,no_clarky_allowed,root:cst_root_nsga2_g05_child_0019_00cc4dca|mid1:cst_mid1_nsga2_g06_child_0001_a86879e2|mid2:dae31|tip:dae41,mid1,cst_mid1_nsga2_g07_child_0080_a701293f,CST,per_zone_top_k,False,388946.683,397718.192,406489.702,1.29195482,1.3154688,1.33427998,1.33898278,1.59490127,0.255918492,0.014907827;0.015033027;0.01529708;0.014527858,0.0149414481,0.0150181684,0.0152178644,-0.109529516,3.22675892,0.255918492,0.00502241348,,full_polar_mission_grade_candidate,,,actual_sidecar_query_grade,,p50:Re=397718.192:Cl=1.315469;p90:Re=397718.192:Cl=1.334280;clmax_remin:Re=388946.683:Cl=1.338983;clmin_remax:Re=406489.702:Cl=1.291955
D,no_clarky_allowed,root:cst_root_nsga2_g05_child_0019_00cc4dca|mid1:cst_mid1_nsga2_g06_child_0001_a86879e2|mid2:dae31|tip:dae41,mid1,cst_mid1_nsga2_g07_child_0111_0738f459,CST,per_zone_top_k;sidecar_zone_topk,False,388946.683,397718.192,406489.702,1.29195482,1.3154688,1.33427998,1.33898278,1.65931716,0.320334377,0.01231082;0.012389327;0.012542779;0.012062993,0.0123264799,0.0123752949,0.0124967433,-0.133101263,2.8547382,0.320334377,0.0102108582,,full_polar_mission_grade_candidate,,,actual_sidecar_query_grade,,p50:Re=397718.192:Cl=1.315469;p90:Re=397718.192:Cl=1.334280;clmax_remin:Re=388946.683:Cl=1.338983;clmin_remax:Re=406489.702:Cl=1.291955
D,no_clarky_allowed,root:cst_root_nsga2_g05_child_0019_00cc4dca|mid1:cst_mid1_nsga2_g06_child_0001_a86879e2|mid2:dae31|tip:dae41,mid1,cst_mid1_nsga2_g07_child_0120_6ba170d3,CST,per_zone_top_k,False,388946.683,397718.192,406489.702,1.29195482,1.3154688,1.33427998,1.33898278,1.65707,0.318087224,0.01693562;0.017091776;0.017349971;0.016528977,0.0169765859,0.0170606244,0.0172725125,-0.0919197514,4.51997684,0.318087224,0.00284407393,,full_polar_candidate_not_mission_grade,discontinuous_cd,discontinuous_cd,actual_sidecar_query_not_mission_grade,cd_discontinuity,p50:Re=397718.192:Cl=1.315469;p90:Re=397718.192:Cl=1.334280;clmax_remin:Re=388946.683:Cl=1.338983;clmin_remax:Re=406489.702:Cl=1.291955
D,no_clarky_allowed,root:cst_root_nsga2_g05_child_0019_00cc4dca|mid1:cst_mid1_nsga2_g06_child_0001_a86879e2|mid2:dae31|tip:dae41,mid1,dae11,DAE,explicit_seed_dae_scope;selected_policy_A;selected_policy_Probe,False,388946.683,397718.192,406489.702,1.29195482,1.3154688,1.33427998,1.33898278,1.48567699,0.14669421,0.011907725;0.011918553;0.012131456;0.011698433,0.0119140419,0.0119513813,0.0120675852,-0.134674006,1.48030781,0.14669421,0.0209676244,,full_polar_candidate_not_mission_grade,insufficient_safe_clmax_margin,,actual_sidecar_query_grade,,p50:Re=397718.192:Cl=1.315469;p90:Re=397718.192:Cl=1.334280;clmax_remin:Re=388946.683:Cl=1.338983;clmin_remax:Re=406489.702:Cl=1.291955
D,no_clarky_allowed,root:cst_root_nsga2_g05_child_0019_00cc4dca|mid1:cst_mid1_nsga2_g06_child_0001_a86879e2|mid2:dae31|tip:dae41,mid1,dae21,DAE,explicit_seed_dae_scope;per_zone_top_k,False,388946.683,397718.192,406489.702,1.29195482,1.3154688,1.33427998,1.33898278,1.44147988,0.102497098,0.010772285;0.010873038;0.011031873;0.010546878,0.0108060183,0.0108551766,0.0109842224,-0.133202592,1.03322177,0.102497098,0.0216354824,,full_polar_candidate_not_mission_grade,insufficient_safe_clmax_margin,,actual_sidecar_query_grade,,p50:Re=397718.192:Cl=1.315469;p90:Re=397718.192:Cl=1.334280;clmax_remin:Re=388946.683:Cl=1.338983;clmin_remax:Re=406489.702:Cl=1.291955
D,no_clarky_allowed,root:cst_root_nsga2_g05_child_0019_00cc4dca|mid1:cst_mid1_nsga2_g06_child_0001_a86879e2|mid2:dae31|tip:dae41,mid1,fx76mp140,seed_fx76mp140,explicit_seed_dae_scope,False,388946.683,397718.192,406489.702,1.29195482,1.3154688,1.33427998,1.33898278,1.48547043,0.146487654,0.011070452;0.01113008;0.011315869;0.010807112,0.0110808782,0.0111305275,0.0112601322,-0.186699908,1.90801151,0.146487654,0.0313481195,,full_polar_candidate_not_mission_grade,insufficient_safe_clmax_margin,,actual_sidecar_query_grade,,p50:Re=397718.192:Cl=1.315469;p90:Re=397718.192:Cl=1.334280;clmax_remin:Re=388946.683:Cl=1.338983;clmin_remax:Re=406489.702:Cl=1.291955
D,no_clarky_allowed,root:cst_root_nsga2_g05_child_0019_00cc4dca|mid1:cst_mid1_nsga2_g06_child_0001_a86879e2|mid2:dae31|tip:dae41,mid2,clarkysm,seed_clarky,explicit_seed_dae_scope;per_zone_top_k;selected_policy_A;selected_policy_C;selected_policy_E;selected_policy_Probe;sidecar_zone_topk,False,393211.574,393211.574,393211.574,1.13729919,1.13729919,1.13729919,1.13729919,1.30456866,0.167269472,0.013485804;0.013485804;0.013485804;0.013485804,0.0134858044,0.0134858044,0.0134858044,-0.0577431718,1.64473484,0.167269472,0.00778997083,,full_polar_mission_grade_candidate,,,actual_sidecar_query_grade,,p50:Re=393211.574:Cl=1.137299;p90:Re=393211.574:Cl=1.137299;clmax_remin:Re=393211.574:Cl=1.137299;clmin_remax:Re=393211.574:Cl=1.137299
D,no_clarky_allowed,root:cst_root_nsga2_g05_child_0019_00cc4dca|mid1:cst_mid1_nsga2_g06_child_0001_a86879e2|mid2:dae31|tip:dae41,mid2,cst_mid2_nsga2_g03_child_0078_3cbb476b,CST,per_zone_top_k;sidecar_zone_topk,False,393211.574,393211.574,393211.574,1.13729919,1.13729919,1.13729919,1.13729919,1.23414278,0.0968435896,0.01357997;0.01357997;0.01357997;0.01357997,0.0135799698,0.0135799698,0.0135799698,-0.0626810603,0.964954078,0.0968435896,0.00508240728,,full_polar_mission_grade_candidate,,,actual_sidecar_query_grade,,p50:Re=393211.574:Cl=1.137299;p90:Re=393211.574:Cl=1.137299;clmax_remin:Re=393211.574:Cl=1.137299;clmin_remax:Re=393211.574:Cl=1.137299
D,no_clarky_allowed,root:cst_root_nsga2_g05_child_0019_00cc4dca|mid1:cst_mid1_nsga2_g06_child_0001_a86879e2|mid2:dae31|tip:dae41,mid2,cst_mid2_nsga2_g04_child_0012_72b8e600,CST,per_zone_top_k,False,393211.574,393211.574,393211.574,1.13729919,1.13729919,1.13729919,1.13729919,1.25275937,0.115460181,0.013711748;0.013711748;0.013711748;0.013711748,0.0137117485,0.0137117485,0.0137117485,-0.106175396,1.29262261,0.115460181,0.00371248532,,full_polar_candidate_not_mission_grade,discontinuous_cd,discontinuous_cd,actual_sidecar_query_not_mission_grade,cd_discontinuity,p50:Re=393211.574:Cl=1.137299;p90:Re=393211.574:Cl=1.137299;clmax_remin:Re=393211.574:Cl=1.137299;clmin_remax:Re=393211.574:Cl=1.137299
D,no_clarky_allowed,root:cst_root_nsga2_g05_child_0019_00cc4dca|mid1:cst_mid1_nsga2_g06_child_0001_a86879e2|mid2:dae31|tip:dae41,mid2,cst_mid2_nsga2_g04_child_0024_0b55bfc3,CST,per_zone_top_k;selected_policy_B;sidecar_zone_topk,False,393211.574,393211.574,393211.574,1.13729919,1.13729919,1.13729919,1.13729919,1.24751272,0.110213539,0.018710491;0.018710491;0.018710491;0.018710491,0.0187104909,0.0187104909,0.0187104909,-0.00764853381,1.01621897,0.110213539,0.000393641669,,full_polar_mission_grade_candidate,,,actual_sidecar_query_grade,,p50:Re=393211.574:Cl=1.137299;p90:Re=393211.574:Cl=1.137299;clmax_remin:Re=393211.574:Cl=1.137299;clmin_remax:Re=393211.574:Cl=1.137299
D,no_clarky_allowed,root:cst_root_nsga2_g05_child_0019_00cc4dca|mid1:cst_mid1_nsga2_g06_child_0001_a86879e2|mid2:dae31|tip:dae41,mid2,cst_mid2_nsga2_g06_child_0034_4f56b056,CST,per_zone_top_k;sidecar_zone_topk,False,393211.574,393211.574,393211.574,1.13729919,1.13729919,1.13729919,1.13729919,1.12017356,-0.0171256302,0.019508284;0.019508284;0.019508284;0.019508284,0.019508284,0.019508284,0.019508284,-0.0824281992,-0.15706507,-0.0171256302,0.000223623184,,full_polar_candidate_not_mission_grade,discontinuous_cd,discontinuous_cd,actual_sidecar_query_not_mission_grade,safe_clmax_margin;cd_discontinuity,p50:Re=393211.574:Cl=1.137299;p90:Re=393211.574:Cl=1.137299;clmax_remin:Re=393211.574:Cl=1.137299;clmin_remax:Re=393211.574:Cl=1.137299
D,no_clarky_allowed,root:cst_root_nsga2_g05_child_0019_00cc4dca|mid1:cst_mid1_nsga2_g06_child_0001_a86879e2|mid2:dae31|tip:dae41,mid2,cst_mid2_seedless_sobol_0078_92a83118,CST,per_zone_top_k,False,393211.574,393211.574,393211.574,1.13729919,1.13729919,1.13729919,1.13729919,1.31923679,0.181937601,0.019428559;0.019428559;0.019428559;0.019428559,0.0194285591,0.0194285591,0.0194285591,-0.0434050232,1.69396363,0.181937601,-0.000437999783,,full_polar_candidate_not_mission_grade,discontinuous_cd,discontinuous_cd,actual_sidecar_query_not_mission_grade,cd_discontinuity,p50:Re=393211.574:Cl=1.137299;p90:Re=393211.574:Cl=1.137299;clmax_remin:Re=393211.574:Cl=1.137299;clmin_remax:Re=393211.574:Cl=1.137299
D,no_clarky_allowed,root:cst_root_nsga2_g05_child_0019_00cc4dca|mid1:cst_mid1_nsga2_g06_child_0001_a86879e2|mid2:dae31|tip:dae41,mid2,cst_mid2_seedless_sobol_0619_a07c5c7e,CST,per_zone_top_k;sidecar_zone_topk,False,393211.574,393211.574,393211.574,1.13729919,1.13729919,1.13729919,1.13729919,1.29763968,0.160340493,0.010496281;0.010496281;0.010496281;0.010496281,0.0104962806,0.0104962806,0.0104962806,-0.129661005,2.11405614,0.160340493,0.00729868288,,full_polar_candidate_not_mission_grade,discontinuous_cd,discontinuous_cd,actual_sidecar_query_not_mission_grade,cd_discontinuity,p50:Re=393211.574:Cl=1.137299;p90:Re=393211.574:Cl=1.137299;clmax_remin:Re=393211.574:Cl=1.137299;clmin_remax:Re=393211.574:Cl=1.137299
D,no_clarky_allowed,root:cst_root_nsga2_g05_child_0019_00cc4dca|mid1:cst_mid1_nsga2_g06_child_0001_a86879e2|mid2:dae31|tip:dae41,mid2,dae31,DAE,explicit_seed_dae_scope;selected_policy_D,True,393211.574,393211.574,393211.574,1.13729919,1.13729919,1.13729919,1.13729919,1.49870629,0.3614071,0.009321015;0.009321015;0.009321015;0.009321015,0.00932101504,0.00932101504,0.00932101504,-0.153643493,3.61258533,0.3614071,0.0124316928,,full_polar_mission_grade_candidate,,,actual_sidecar_query_grade,,p50:Re=393211.574:Cl=1.137299;p90:Re=393211.574:Cl=1.137299;clmax_remin:Re=393211.574:Cl=1.137299;clmin_remax:Re=393211.574:Cl=1.137299
D,no_clarky_allowed,root:cst_root_nsga2_g05_child_0019_00cc4dca|mid1:cst_mid1_nsga2_g06_child_0001_a86879e2|mid2:dae31|tip:dae41,tip,clarkysm,seed_clarky,explicit_seed_dae_scope;selected_policy_A;selected_policy_C;selected_policy_E;sidecar_zone_topk,False,268974.647,313255.271,403824.666,0.0941,0.692194873,0.789168697,0.818282877,1.30456866,0.486285781,0.0086141988;0.0091200442;0.0099314159;0.010067978,0.00943340911,0.00934974355,0.010027009,-0.0946567338,4.78157286,0.486285781,0.00651593601,,full_polar_mission_grade_candidate,,,actual_sidecar_query_grade,,p50:Re=313255.271:Cl=0.692195;p90:Re=313255.271:Cl=0.789169;clmax_remin:Re=268974.647:Cl=0.818283;clmin_remax:Re=403824.666:Cl=0.094100
D,no_clarky_allowed,root:cst_root_nsga2_g05_child_0019_00cc4dca|mid1:cst_mid1_nsga2_g06_child_0001_a86879e2|mid2:dae31|tip:dae41,tip,cst_tip_nsga2_g02_child_0085_cb99bc9c,CST,per_zone_top_k;selected_policy_B;sidecar_zone_topk,False,268974.647,313255.271,403824.666,0.0941,0.692194873,0.789168697,0.818282877,1.23747958,0.4191967,0.0096202141;0.010458015;0.011288709;0.0099236916,0.0103226575,0.010431642,0.011039501,-0.109162339,4.04083492,0.4191967,0.00471896732,,full_polar_candidate_not_mission_grade,discontinuous_cd,discontinuous_cd,actual_sidecar_query_not_mission_grade,cd_discontinuity,p50:Re=313255.271:Cl=0.692195;p90:Re=313255.271:Cl=0.789169;clmax_remin:Re=268974.647:Cl=0.818283;clmin_remax:Re=403824.666:Cl=0.094100
D,no_clarky_allowed,root:cst_root_nsga2_g05_child_0019_00cc4dca|mid1:cst_mid1_nsga2_g06_child_0001_a86879e2|mid2:dae31|tip:dae41,tip,cst_tip_nsga2_g04_child_0096_6230567a,CST,per_zone_top_k,False,268974.647,313255.271,403824.666,0.0941,0.692194873,0.789168697,0.818282877,1.40875724,0.590474365,0.011460646;0.011705578;0.012573944;0.0095620634,0.011325558,0.0116385903,0.0123134342,-0.0817428379,5.35832062,0.590474365,0.00325900832,,full_polar_candidate_not_mission_grade,discontinuous_cd,discontinuous_cd,actual_sidecar_query_not_mission_grade,cd_discontinuity,p50:Re=313255.271:Cl=0.692195;p90:Re=313255.271:Cl=0.789169;clmax_remin:Re=268974.647:Cl=0.818283;clmin_remax:Re=403824.666:Cl=0.094100
D,no_clarky_allowed,root:cst_root_nsga2_g05_child_0019_00cc4dca|mid1:cst_mid1_nsga2_g06_child_0001_a86879e2|mid2:dae31|tip:dae41,tip,cst_tip_nsga2_g05_child_0026_28eb9a70,CST,per_zone_top_k;sidecar_zone_topk,False,268974.647,313255.271,403824.666,0.0941,0.692194873,0.789168697,0.818282877,1.18714196,0.368859085,0.011190454;0.011837802;0.013269348;0.010835618,0.0117833055,0.0119766838,0.012839884,-0.0693615812,3.49872379,0.368859085,0.00349063272,,full_polar_candidate_not_mission_grade,discontinuous_cd,discontinuous_cd,actual_sidecar_query_not_mission_grade,cd_discontinuity,p50:Re=313255.271:Cl=0.692195;p90:Re=313255.271:Cl=0.789169;clmax_remin:Re=268974.647:Cl=0.818283;clmin_remax:Re=403824.666:Cl=0.094100
D,no_clarky_allowed,root:cst_root_nsga2_g05_child_0019_00cc4dca|mid1:cst_mid1_nsga2_g06_child_0001_a86879e2|mid2:dae31|tip:dae41,tip,cst_tip_nsga2_g06_child_0101_f4c46cf4,CST,per_zone_top_k;sidecar_zone_topk,False,268974.647,313255.271,403824.666,0.0941,0.692194873,0.789168697,0.818282877,1.21295979,0.394676911,0.018702719;0.010942382;0.021002003;0.010151089,0.0151995486,0.0156829276,0.0203122181,-0.0609798475,4.30782828,0.394676911,-0.000504610521,,full_polar_candidate_not_mission_grade,discontinuous_cd,discontinuous_cd,actual_sidecar_query_not_mission_grade,cd_discontinuity,p50:Re=313255.271:Cl=0.692195;p90:Re=313255.271:Cl=0.789169;clmax_remin:Re=268974.647:Cl=0.818283;clmin_remax:Re=403824.666:Cl=0.094100
D,no_clarky_allowed,root:cst_root_nsga2_g05_child_0019_00cc4dca|mid1:cst_mid1_nsga2_g06_child_0001_a86879e2|mid2:dae31|tip:dae41,tip,cst_tip_seedless_sobol_0351_1048f012,CST,per_zone_top_k,False,268974.647,313255.271,403824.666,0.0941,0.692194873,0.789168697,0.818282877,1.3169564,0.498673528,0.013950584;0.013851556;0.015178798;0.012835143,0.0139540202,0.0141402175,0.0148103335,-0.0409334827,4.52260141,0.498673528,0.000758917543,,full_polar_candidate_not_mission_grade,discontinuous_cd,discontinuous_cd,actual_sidecar_query_not_mission_grade,cd_discontinuity,p50:Re=313255.271:Cl=0.692195;p90:Re=313255.271:Cl=0.789169;clmax_remin:Re=268974.647:Cl=0.818283;clmin_remax:Re=403824.666:Cl=0.094100
D,no_clarky_allowed,root:cst_root_nsga2_g05_child_0019_00cc4dca|mid1:cst_mid1_nsga2_g06_child_0001_a86879e2|mid2:dae31|tip:dae41,tip,dae31,DAE,explicit_seed_dae_scope;per_zone_top_k;selected_policy_Probe,False,268974.647,313255.271,403824.666,0.0941,0.692194873,0.789168697,0.818282877,1.49870629,0.680423409,0.013757428;0.011925702;0.012656311;0.060453181,0.0246981557,0.0185042866,0.0464444552,-0.146374945,6.80143701,0.680423409,0.00178653661,cl_outside_polar_envelope,full_polar_mission_grade_candidate,,,actual_sidecar_query_not_mission_grade,Cl_coverage,p50:Re=313255.271:Cl=0.692195;p90:Re=313255.271:Cl=0.789169;clmax_remin:Re=268974.647:Cl=0.818283;clmin_remax:Re=403824.666:Cl=0.094100
D,no_clarky_allowed,root:cst_root_nsga2_g05_child_0019_00cc4dca|mid1:cst_mid1_nsga2_g06_child_0001_a86879e2|mid2:dae31|tip:dae41,tip,dae41,DAE,explicit_seed_dae_scope;per_zone_top_k;selected_policy_D;sidecar_zone_topk,True,268974.647,313255.271,403824.666,0.0941,0.692194873,0.789168697,0.818282877,1.25785099,0.439568109,0.0087744579;0.0092848918;0.010117713;0.0087714521,0.00923712869,0.00934153367,0.00986786666,-0.0624713007,4.1432823,0.439568109,0.00622129428,,full_polar_candidate_not_mission_grade,discontinuous_cd,discontinuous_cd,actual_sidecar_query_not_mission_grade,cd_discontinuity,p50:Re=313255.271:Cl=0.692195;p90:Re=313255.271:Cl=0.789169;clmax_remin:Re=268974.647:Cl=0.818283;clmin_remax:Re=403824.666:Cl=0.094100
E,no_dae_allowed,root:cst_root_nsga2_g05_child_0019_00cc4dca|mid1:cst_mid1_nsga2_g06_child_0001_a86879e2|mid2:clarkysm|tip:clarkysm,root,cst_root_nsga2_g02_child_0112_57ba57cc,CST,per_zone_top_k,False,454119.736,489104.795,524089.855,1.2825,1.31620138,1.34316249,1.34990277,1.63080761,0.280904841,0.014443816;0.01456116;0.015281974;0.01378512,0.0145180175,0.0146488704,0.01506573,-0.0731562379,5.80732453,0.280904841,0.00748312708,,full_polar_candidate_not_mission_grade,discontinuous_cd,discontinuous_cd,actual_sidecar_query_not_mission_grade,cd_discontinuity,p50:Re=489104.795:Cl=1.316201;p90:Re=489104.795:Cl=1.343162;clmax_remin:Re=454119.736:Cl=1.349903;clmin_remax:Re=524089.855:Cl=1.282500
E,no_dae_allowed,root:cst_root_nsga2_g05_child_0019_00cc4dca|mid1:cst_mid1_nsga2_g06_child_0001_a86879e2|mid2:clarkysm|tip:clarkysm,root,cst_root_nsga2_g02_child_0123_4caadfe5,CST,per_zone_top_k;sidecar_zone_topk,False,454119.736,489104.795,524089.855,1.2825,1.31620138,1.34316249,1.34990277,1.6660523,0.316149536,0.011910473;0.012028496;0.012425811;0.011384135,0.0119372288,0.0120374167,0.0123066166,-0.159230215,3.17894369,0.316149536,0.00772008474,,full_polar_mission_grade_candidate,,,actual_sidecar_query_grade,,p50:Re=489104.795:Cl=1.316201;p90:Re=489104.795:Cl=1.343162;clmax_remin:Re=454119.736:Cl=1.349903;clmin_remax:Re=524089.855:Cl=1.282500
E,no_dae_allowed,root:cst_root_nsga2_g05_child_0019_00cc4dca|mid1:cst_mid1_nsga2_g06_child_0001_a86879e2|mid2:clarkysm|tip:clarkysm,root,cst_root_nsga2_g03_child_0051_fbaca644,CST,per_zone_top_k;sidecar_zone_topk,False,454119.736,489104.795,524089.855,1.2825,1.31620138,1.34316249,1.34990277,1.627369,0.277466233,0.013000785;0.012962802;0.013705773;0.012351801,0.0130052903,0.0131150089,0.0134942766,-0.159496424,3.2584297,0.277466233,0.01443163,,full_polar_mission_grade_candidate,,,actual_sidecar_query_grade,,p50:Re=489104.795:Cl=1.316201;p90:Re=489104.795:Cl=1.343162;clmax_remin:Re=454119.736:Cl=1.349903;clmin_remax:Re=524089.855:Cl=1.282500
E,no_dae_allowed,root:cst_root_nsga2_g05_child_0019_00cc4dca|mid1:cst_mid1_nsga2_g06_child_0001_a86879e2|mid2:clarkysm|tip:clarkysm,root,cst_root_nsga2_g03_child_0090_3408e0ca,CST,per_zone_top_k,False,454119.736,489104.795,524089.855,1.2825,1.31620138,1.34316249,1.34990277,1.60729077,0.257388007,0.010794697;0.010812701;0.011244689;0.010412263,0.0108160874,0.0108859112,0.0111150923,-0.161437297,2.36174999,0.257388007,0.0141257741,,full_polar_candidate_not_mission_grade,discontinuous_cd,discontinuous_cd,actual_sidecar_query_not_mission_grade,cd_discontinuity,p50:Re=489104.795:Cl=1.316201;p90:Re=489104.795:Cl=1.343162;clmax_remin:Re=454119.736:Cl=1.349903;clmin_remax:Re=524089.855:Cl=1.282500
E,no_dae_allowed,root:cst_root_nsga2_g05_child_0019_00cc4dca|mid1:cst_mid1_nsga2_g06_child_0001_a86879e2|mid2:clarkysm|tip:clarkysm,root,cst_root_nsga2_g05_child_0019_00cc4dca,CST,per_zone_top_k;selected_policy_B;selected_policy_C;selected_policy_D;selected_policy_E;sidecar_zone_topk,True,454119.736,489104.795,524089.855,1.2825,1.31620138,1.34316249,1.34990277,1.63701533,0.287112567,0.011779056;0.011963353;0.012523574;0.011112372,0.0118445888,0.0119785914,0.0123555077,-0.140796555,3.50031106,0.287112567,0.01051942,,full_polar_mission_grade_candidate,,,actual_sidecar_query_grade,,p50:Re=489104.795:Cl=1.316201;p90:Re=489104.795:Cl=1.343162;clmax_remin:Re=454119.736:Cl=1.349903;clmin_remax:Re=524089.855:Cl=1.282500
E,no_dae_allowed,root:cst_root_nsga2_g05_child_0019_00cc4dca|mid1:cst_mid1_nsga2_g06_child_0001_a86879e2|mid2:clarkysm|tip:clarkysm,root,cst_root_nsga2_g05_child_0047_47fc9c7e,CST,per_zone_top_k;sidecar_zone_topk,False,454119.736,489104.795,524089.855,1.2825,1.31620138,1.34316249,1.34990277,1.59713307,0.2472303,0.011987352;0.012076909;0.012541241;0.011451423,0.0120142313,0.0121146892,0.0124019416,-0.149875906,2.2282188,0.2472303,0.00922030789,,full_polar_mission_grade_candidate,,,actual_sidecar_query_grade,,p50:Re=489104.795:Cl=1.316201;p90:Re=489104.795:Cl=1.343162;clmax_remin:Re=454119.736:Cl=1.349903;clmin_remax:Re=524089.855:Cl=1.282500
E,no_dae_allowed,root:cst_root_nsga2_g05_child_0019_00cc4dca|mid1:cst_mid1_nsga2_g06_child_0001_a86879e2|mid2:clarkysm|tip:clarkysm,root,cst_root_nsga2_g07_child_0058_7b5c9763,CST,per_zone_top_k,False,454119.736,489104.795,524089.855,1.2825,1.31620138,1.34316249,1.34990277,1.75900349,0.409100719,0.016716445;0.016924126;0.017644046;0.015959187,0.0168109511,0.016966505,0.0174280702,-0.100776438,3.61244842,0.409100719,0.00213150554,,full_polar_candidate_not_mission_grade,discontinuous_cd,discontinuous_cd,actual_sidecar_query_not_mission_grade,cd_discontinuity,p50:Re=489104.795:Cl=1.316201;p90:Re=489104.795:Cl=1.343162;clmax_remin:Re=454119.736:Cl=1.349903;clmin_remax:Re=524089.855:Cl=1.282500
E,no_dae_allowed,root:cst_root_nsga2_g05_child_0019_00cc4dca|mid1:cst_mid1_nsga2_g06_child_0001_a86879e2|mid2:clarkysm|tip:clarkysm,root,cst_root_nsga2_g07_child_0109_fab67898,CST,per_zone_top_k,False,454119.736,489104.795,524089.855,1.2825,1.31620138,1.34316249,1.34990277,1.62170218,0.271799417,0.015787722;0.01596255;0.016684698;0.015063079,0.0158745121,0.0160215776,0.0164680533,-0.125584137,2.4140985,0.271799417,0.00316728605,,full_polar_candidate_not_mission_grade,discontinuous_cd,discontinuous_cd,actual_sidecar_query_not_mission_grade,cd_discontinuity,p50:Re=489104.795:Cl=1.316201;p90:Re=489104.795:Cl=1.343162;clmax_remin:Re=454119.736:Cl=1.349903;clmin_remax:Re=524089.855:Cl=1.282500
E,no_dae_allowed,root:cst_root_nsga2_g05_child_0019_00cc4dca|mid1:cst_mid1_nsga2_g06_child_0001_a86879e2|mid2:clarkysm|tip:clarkysm,root,cst_root_nsga2_g07_child_0113_af0c4fa1,CST,per_zone_top_k,False,454119.736,489104.795,524089.855,1.2825,1.31620138,1.34316249,1.34990277,1.63170051,0.281797745,0.014714576;0.014878049;0.0155212;0.014056121,0.0147924865,0.0149261819,0.0153282551,-0.115367863,4.16649853,0.281797745,0.00392328173,,full_polar_candidate_not_mission_grade,discontinuous_cd,discontinuous_cd,actual_sidecar_query_not_mission_grade,cd_discontinuity,p50:Re=489104.795:Cl=1.316201;p90:Re=489104.795:Cl=1.343162;clmax_remin:Re=454119.736:Cl=1.349903;clmin_remax:Re=524089.855:Cl=1.282500
E,no_dae_allowed,root:cst_root_nsga2_g05_child_0019_00cc4dca|mid1:cst_mid1_nsga2_g06_child_0001_a86879e2|mid2:clarkysm|tip:clarkysm,root,cst_root_nsga2_g07_child_0119_2f486470,CST,per_zone_top_k,False,454119.736,489104.795,524089.855,1.2825,1.31620138,1.34316249,1.34990277,1.74408371,0.394180944,0.014698668;0.015010519;0.015592497;0.013926368,0.0148070131,0.0149725792,0.0154179034,-0.0807364237,9.08507364,0.394180944,0.00550831627,,full_polar_candidate_not_mission_grade,discontinuous_cd,discontinuous_cd,actual_sidecar_query_not_mission_grade,cd_discontinuity,p50:Re=489104.795:Cl=1.316201;p90:Re=489104.795:Cl=1.343162;clmax_remin:Re=454119.736:Cl=1.349903;clmin_remax:Re=524089.855:Cl=1.282500
E,no_dae_allowed,root:cst_root_nsga2_g05_child_0019_00cc4dca|mid1:cst_mid1_nsga2_g06_child_0001_a86879e2|mid2:clarkysm|tip:clarkysm,root,dae11,DAE,explicit_seed_dae_scope;per_zone_top_k;selected_policy_A;selected_policy_Probe;sidecar_zone_topk,False,454119.736,489104.795,524089.855,1.2825,1.31620138,1.34316249,1.34990277,1.48567699,0.13577422,0.010357703;0.01040222;0.010925654;0.0098702358,0.0103889532,0.0104796862,0.0107686238,-0.1349435,1.37011297,0.13577422,0.0194763626,,full_polar_candidate_not_mission_grade,insufficient_safe_clmax_margin,,actual_sidecar_query_grade,,p50:Re=489104.795:Cl=1.316201;p90:Re=489104.795:Cl=1.343162;clmax_remin:Re=454119.736:Cl=1.349903;clmin_remax:Re=524089.855:Cl=1.282500
E,no_dae_allowed,root:cst_root_nsga2_g05_child_0019_00cc4dca|mid1:cst_mid1_nsga2_g06_child_0001_a86879e2|mid2:clarkysm|tip:clarkysm,root,fx76mp140,seed_fx76mp140,explicit_seed_dae_scope;per_zone_top_k,False,454119.736,489104.795,524089.855,1.2825,1.31620138,1.34316249,1.34990277,1.48547043,0.135567665,0.0097721485;0.0098729238;0.010333751;0.0092993856,0.0098195522,0.00991327699,0.0101955027,-0.188211434,1.76577791,0.135567665,0.0299238535,,full_polar_candidate_not_mission_grade,insufficient_safe_clmax_margin,,actual_sidecar_query_grade,,p50:Re=489104.795:Cl=1.316201;p90:Re=489104.795:Cl=1.343162;clmax_remin:Re=454119.736:Cl=1.349903;clmin_remax:Re=524089.855:Cl=1.282500
E,no_dae_allowed,root:cst_root_nsga2_g05_child_0019_00cc4dca|mid1:cst_mid1_nsga2_g06_child_0001_a86879e2|mid2:clarkysm|tip:clarkysm,mid1,cst_mid1_nsga2_g05_child_0009_4c3b4b92,CST,per_zone_top_k;sidecar_zone_topk,False,388946.683,397718.192,406489.702,1.28218661,1.32159409,1.35312007,1.36100157,1.63601771,0.275016143,0.012631674;0.012607437;0.012805861;0.012496671,0.0126354111,0.0126579161,0.0127536052,-0.11592431,2.3655534,0.275016143,0.00886773714,,full_polar_mission_grade_candidate,,,actual_sidecar_query_grade,,p50:Re=397718.192:Cl=1.321594;p90:Re=397718.192:Cl=1.353120;clmax_remin:Re=388946.683:Cl=1.361002;clmin_remax:Re=406489.702:Cl=1.282187
E,no_dae_allowed,root:cst_root_nsga2_g05_child_0019_00cc4dca|mid1:cst_mid1_nsga2_g06_child_0001_a86879e2|mid2:clarkysm|tip:clarkysm,mid1,cst_mid1_nsga2_g05_child_0101_51eabddf,CST,per_zone_top_k;sidecar_zone_topk,False,388946.683,397718.192,406489.702,1.28218661,1.32159409,1.35312007,1.36100157,1.65567842,0.294676844,0.012396772;0.012557354;0.012733923;0.012148081,0.0124590324,0.0125199549,0.0126809519,-0.167723696,2.52183801,0.294676844,0.0079908222,,full_polar_mission_grade_candidate,,,actual_sidecar_query_grade,,p50:Re=397718.192:Cl=1.321594;p90:Re=397718.192:Cl=1.353120;clmax_remin:Re=388946.683:Cl=1.361002;clmin_remax:Re=406489.702:Cl=1.282187
E,no_dae_allowed,root:cst_root_nsga2_g05_child_0019_00cc4dca|mid1:cst_mid1_nsga2_g06_child_0001_a86879e2|mid2:clarkysm|tip:clarkysm,mid1,cst_mid1_nsga2_g05_child_0114_b5496e0b,CST,per_zone_top_k;sidecar_zone_topk,False,388946.683,397718.192,406489.702,1.28218661,1.32159409,1.35312007,1.36100157,1.72734953,0.366347959,0.012162104;0.012413013;0.012587142;0.011738467,0.0122251815,0.0123205185,0.0125349032,-0.144604456,3.23014584,0.366347959,0.00790194898,,full_polar_mission_grade_candidate,,,actual_sidecar_query_grade,,p50:Re=397718.192:Cl=1.321594;p90:Re=397718.192:Cl=1.353120;clmax_remin:Re=388946.683:Cl=1.361002;clmin_remax:Re=406489.702:Cl=1.282187
E,no_dae_allowed,root:cst_root_nsga2_g05_child_0019_00cc4dca|mid1:cst_mid1_nsga2_g06_child_0001_a86879e2|mid2:clarkysm|tip:clarkysm,mid1,cst_mid1_nsga2_g06_child_0001_a86879e2,CST,per_zone_top_k;selected_policy_B;selected_policy_C;selected_policy_D;selected_policy_E;sidecar_zone_topk,True,388946.683,397718.192,406489.702,1.28218661,1.32159409,1.35312007,1.36100157,1.70848821,0.347486644,0.012196453;0.012397564;0.012591224;0.011869291,0.0122636331,0.0123407701,0.012533126,-0.127906366,3.05110821,0.347486644,0.00932182749,,full_polar_mission_grade_candidate,,,actual_sidecar_query_grade,,p50:Re=397718.192:Cl=1.321594;p90:Re=397718.192:Cl=1.353120;clmax_remin:Re=388946.683:Cl=1.361002;clmin_remax:Re=406489.702:Cl=1.282187
E,no_dae_allowed,root:cst_root_nsga2_g05_child_0019_00cc4dca|mid1:cst_mid1_nsga2_g06_child_0001_a86879e2|mid2:clarkysm|tip:clarkysm,mid1,cst_mid1_nsga2_g06_child_0004_623ed74b,CST,per_zone_top_k,False,388946.683,397718.192,406489.702,1.28218661,1.32159409,1.35312007,1.36100157,1.64640818,0.285406612,0.016815022;0.017050121;0.017314046;0.016318801,0.0168744976,0.0169808408,0.0172348685,-0.0633635153,2.59471184,0.285406612,0.00386187457,,full_polar_candidate_not_mission_grade,discontinuous_cd,discontinuous_cd,actual_sidecar_query_not_mission_grade,cd_discontinuity,p50:Re=397718.192:Cl=1.321594;p90:Re=397718.192:Cl=1.353120;clmax_remin:Re=388946.683:Cl=1.361002;clmin_remax:Re=406489.702:Cl=1.282187
E,no_dae_allowed,root:cst_root_nsga2_g05_child_0019_00cc4dca|mid1:cst_mid1_nsga2_g06_child_0001_a86879e2|mid2:clarkysm|tip:clarkysm,mid1,cst_mid1_nsga2_g06_child_0046_9ca15362,CST,per_zone_top_k,False,388946.683,397718.192,406489.702,1.28218661,1.32159409,1.35312007,1.36100157,1.67892842,0.317926853,0.017915742;0.018157203;0.018455065;0.017390364,0.0179795935,0.0180919722,0.0183657062,-0.101772179,2.88657406,0.317926853,0.00160207914,,full_polar_candidate_not_mission_grade,discontinuous_cd,discontinuous_cd,actual_sidecar_query_not_mission_grade,cd_discontinuity,p50:Re=397718.192:Cl=1.321594;p90:Re=397718.192:Cl=1.353120;clmax_remin:Re=388946.683:Cl=1.361002;clmin_remax:Re=406489.702:Cl=1.282187
E,no_dae_allowed,root:cst_root_nsga2_g05_child_0019_00cc4dca|mid1:cst_mid1_nsga2_g06_child_0001_a86879e2|mid2:clarkysm|tip:clarkysm,mid1,cst_mid1_nsga2_g06_child_0119_66da614c,CST,per_zone_top_k,False,388946.683,397718.192,406489.702,1.28218661,1.32159409,1.35312007,1.36100157,1.68687603,0.325874457,0.014491069;0.014839926;0.01504617;0.014123894,0.0146252647,0.0147278821,0.0149842968,-0.113324902,2.84608868,0.325874457,0.00497303082,,full_polar_mission_grade_candidate,,,actual_sidecar_query_grade,,p50:Re=397718.192:Cl=1.321594;p90:Re=397718.192:Cl=1.353120;clmax_remin:Re=388946.683:Cl=1.361002;clmin_remax:Re=406489.702:Cl=1.282187
E,no_dae_allowed,root:cst_root_nsga2_g05_child_0019_00cc4dca|mid1:cst_mid1_nsga2_g06_child_0001_a86879e2|mid2:clarkysm|tip:clarkysm,mid1,cst_mid1_nsga2_g07_child_0080_a701293f,CST,per_zone_top_k,False,388946.683,397718.192,406489.702,1.28218661,1.32159409,1.35312007,1.36100157,1.59490127,0.233899699,0.014948595;0.015158419;0.015443994;0.014451172,0.0150005449,0.0151045756,0.0153583216,-0.109461067,2.94913405,0.233899699,0.00510570527,,full_polar_mission_grade_candidate,,,actual_sidecar_query_grade,,p50:Re=397718.192:Cl=1.321594;p90:Re=397718.192:Cl=1.353120;clmax_remin:Re=388946.683:Cl=1.361002;clmin_remax:Re=406489.702:Cl=1.282187
E,no_dae_allowed,root:cst_root_nsga2_g05_child_0019_00cc4dca|mid1:cst_mid1_nsga2_g06_child_0001_a86879e2|mid2:clarkysm|tip:clarkysm,mid1,cst_mid1_nsga2_g07_child_0111_0738f459,CST,per_zone_top_k;sidecar_zone_topk,False,388946.683,397718.192,406489.702,1.28218661,1.32159409,1.35312007,1.36100157,1.65931716,0.298315584,0.012336383;0.012467955;0.012658381;0.012003997,0.0123666793,0.0124350186,0.0126012534,-0.133210424,2.65851234,0.298315584,0.0105049101,,full_polar_mission_grade_candidate,,,actual_sidecar_query_grade,,p50:Re=397718.192:Cl=1.321594;p90:Re=397718.192:Cl=1.353120;clmax_remin:Re=388946.683:Cl=1.361002;clmin_remax:Re=406489.702:Cl=1.282187
E,no_dae_allowed,root:cst_root_nsga2_g05_child_0019_00cc4dca|mid1:cst_mid1_nsga2_g06_child_0001_a86879e2|mid2:clarkysm|tip:clarkysm,mid1,cst_mid1_nsga2_g07_child_0120_6ba170d3,CST,per_zone_top_k,False,388946.683,397718.192,406489.702,1.28218661,1.32159409,1.35312007,1.36100157,1.65707,0.296068431,0.016986467;0.017259771;0.017635418;0.016457652,0.0170848271,0.0172052377,0.017522724,-0.0919262024,4.20709274,0.296068431,0.00286208853,,full_polar_candidate_not_mission_grade,discontinuous_cd,discontinuous_cd,actual_sidecar_query_not_mission_grade,cd_discontinuity,p50:Re=397718.192:Cl=1.321594;p90:Re=397718.192:Cl=1.353120;clmax_remin:Re=388946.683:Cl=1.361002;clmin_remax:Re=406489.702:Cl=1.282187
E,no_dae_allowed,root:cst_root_nsga2_g05_child_0019_00cc4dca|mid1:cst_mid1_nsga2_g06_child_0001_a86879e2|mid2:clarkysm|tip:clarkysm,mid1,dae11,DAE,explicit_seed_dae_scope;selected_policy_A;selected_policy_Probe,False,388946.683,397718.192,406489.702,1.28218661,1.32159409,1.35312007,1.36100157,1.48567699,0.124675416,0.011911169;0.011941581;0.012166212;0.011689395,0.011927089,0.0119691544,0.0120988223,-0.134712968,1.25811369,0.124675416,0.0217574534,,full_polar_candidate_not_mission_grade,insufficient_safe_clmax_margin,,actual_sidecar_query_grade,,p50:Re=397718.192:Cl=1.321594;p90:Re=397718.192:Cl=1.353120;clmax_remin:Re=388946.683:Cl=1.361002;clmin_remax:Re=406489.702:Cl=1.282187
E,no_dae_allowed,root:cst_root_nsga2_g05_child_0019_00cc4dca|mid1:cst_mid1_nsga2_g06_child_0001_a86879e2|mid2:clarkysm|tip:clarkysm,mid1,dae21,DAE,explicit_seed_dae_scope;per_zone_top_k,False,388946.683,397718.192,406489.702,1.28218661,1.32159409,1.35312007,1.36100157,1.44147988,0.0804783047,0.010802333;0.010997805;0.011174617;0.010499761,0.0108686291,0.0109411418,0.0111215736,-0.133058059,0.811261371,0.0804783047,0.0223272697,,full_polar_candidate_not_mission_grade,insufficient_safe_clmax_margin,,actual_sidecar_query_grade,,p50:Re=397718.192:Cl=1.321594;p90:Re=397718.192:Cl=1.353120;clmax_remin:Re=388946.683:Cl=1.361002;clmin_remax:Re=406489.702:Cl=1.282187
E,no_dae_allowed,root:cst_root_nsga2_g05_child_0019_00cc4dca|mid1:cst_mid1_nsga2_g06_child_0001_a86879e2|mid2:clarkysm|tip:clarkysm,mid1,fx76mp140,seed_fx76mp140,explicit_seed_dae_scope,False,388946.683,397718.192,406489.702,1.28218661,1.32159409,1.35312007,1.36100157,1.48547043,0.124468861,0.011100585;0.01116008;0.011359149;0.010761382,0.0110952992,0.0111552117,0.0112994285,-0.18648352,1.62121525,0.124468861,0.0322231322,,full_polar_candidate_not_mission_grade,insufficient_safe_clmax_margin,,actual_sidecar_query_grade,,p50:Re=397718.192:Cl=1.321594;p90:Re=397718.192:Cl=1.353120;clmax_remin:Re=388946.683:Cl=1.361002;clmin_remax:Re=406489.702:Cl=1.282187
E,no_dae_allowed,root:cst_root_nsga2_g05_child_0019_00cc4dca|mid1:cst_mid1_nsga2_g06_child_0001_a86879e2|mid2:clarkysm|tip:clarkysm,mid2,clarkysm,seed_clarky,explicit_seed_dae_scope;per_zone_top_k;selected_policy_A;selected_policy_C;selected_policy_E;selected_policy_Probe;sidecar_zone_topk,True,393211.574,393211.574,393211.574,0.994244342,0.994244342,0.994244342,0.994244342,1.30456866,0.310324316,0.011150938;0.011150938;0.011150938;0.011150938,0.0111509376,0.0111509376,0.0111509376,-0.0733849509,3.05137099,0.310324316,0.00692256079,,full_polar_mission_grade_candidate,,,actual_sidecar_query_grade,,p50:Re=393211.574:Cl=0.994244;p90:Re=393211.574:Cl=0.994244;clmax_remin:Re=393211.574:Cl=0.994244;clmin_remax:Re=393211.574:Cl=0.994244
E,no_dae_allowed,root:cst_root_nsga2_g05_child_0019_00cc4dca|mid1:cst_mid1_nsga2_g06_child_0001_a86879e2|mid2:clarkysm|tip:clarkysm,mid2,cst_mid2_nsga2_g03_child_0078_3cbb476b,CST,per_zone_top_k;sidecar_zone_topk,False,393211.574,393211.574,393211.574,0.994244342,0.994244342,0.994244342,0.994244342,1.23414278,0.239898434,0.014231686;0.014231686;0.014231686;0.014231686,0.0142316857,0.0142316857,0.0142316857,-0.0622118258,2.39035927,0.239898434,0.00296483671,,full_polar_mission_grade_candidate,,,actual_sidecar_query_grade,,p50:Re=393211.574:Cl=0.994244;p90:Re=393211.574:Cl=0.994244;clmax_remin:Re=393211.574:Cl=0.994244;clmin_remax:Re=393211.574:Cl=0.994244
E,no_dae_allowed,root:cst_root_nsga2_g05_child_0019_00cc4dca|mid1:cst_mid1_nsga2_g06_child_0001_a86879e2|mid2:clarkysm|tip:clarkysm,mid2,cst_mid2_nsga2_g04_child_0012_72b8e600,CST,per_zone_top_k,False,393211.574,393211.574,393211.574,0.994244342,0.994244342,0.994244342,0.994244342,1.25275937,0.258515025,0.01152543;0.01152543;0.01152543;0.01152543,0.0115254302,0.0115254302,0.0115254302,-0.108229102,2.89417845,0.258515025,0.00416682799,,full_polar_candidate_not_mission_grade,discontinuous_cd,discontinuous_cd,actual_sidecar_query_not_mission_grade,cd_discontinuity,p50:Re=393211.574:Cl=0.994244;p90:Re=393211.574:Cl=0.994244;clmax_remin:Re=393211.574:Cl=0.994244;clmin_remax:Re=393211.574:Cl=0.994244
E,no_dae_allowed,root:cst_root_nsga2_g05_child_0019_00cc4dca|mid1:cst_mid1_nsga2_g06_child_0001_a86879e2|mid2:clarkysm|tip:clarkysm,mid2,cst_mid2_nsga2_g04_child_0024_0b55bfc3,CST,per_zone_top_k;selected_policy_B;sidecar_zone_topk,False,393211.574,393211.574,393211.574,0.994244342,0.994244342,0.994244342,0.994244342,1.24751272,0.253268383,0.015594333;0.015594333;0.015594333;0.015594333,0.0155943327,0.0155943327,0.0155943327,-0.00757581828,2.33524972,0.253268383,0.00158583225,,full_polar_mission_grade_candidate,,,actual_sidecar_query_grade,,p50:Re=393211.574:Cl=0.994244;p90:Re=393211.574:Cl=0.994244;clmax_remin:Re=393211.574:Cl=0.994244;clmin_remax:Re=393211.574:Cl=0.994244
E,no_dae_allowed,root:cst_root_nsga2_g05_child_0019_00cc4dca|mid1:cst_mid1_nsga2_g06_child_0001_a86879e2|mid2:clarkysm|tip:clarkysm,mid2,cst_mid2_nsga2_g06_child_0034_4f56b056,CST,per_zone_top_k;sidecar_zone_topk,False,393211.574,393211.574,393211.574,0.994244342,0.994244342,0.994244342,0.994244342,1.12017356,0.125929214,0.0099295097;0.0099295097;0.0099295097;0.0099295097,0.00992950966,0.00992950966,0.00992950966,-0.086036162,1.15494032,0.125929214,0.0064923308,,full_polar_candidate_not_mission_grade,discontinuous_cd,discontinuous_cd,actual_sidecar_query_not_mission_grade,cd_discontinuity,p50:Re=393211.574:Cl=0.994244;p90:Re=393211.574:Cl=0.994244;clmax_remin:Re=393211.574:Cl=0.994244;clmin_remax:Re=393211.574:Cl=0.994244
E,no_dae_allowed,root:cst_root_nsga2_g05_child_0019_00cc4dca|mid1:cst_mid1_nsga2_g06_child_0001_a86879e2|mid2:clarkysm|tip:clarkysm,mid2,cst_mid2_seedless_sobol_0078_92a83118,CST,per_zone_top_k,False,393211.574,393211.574,393211.574,0.994244342,0.994244342,0.994244342,0.994244342,1.31923679,0.324992445,0.017602824;0.017602824;0.017602824;0.017602824,0.0176028236,0.0176028236,0.0176028236,-0.0455765114,3.02590216,0.324992445,-0.00050324536,,full_polar_candidate_not_mission_grade,discontinuous_cd,discontinuous_cd,actual_sidecar_query_not_mission_grade,cd_discontinuity,p50:Re=393211.574:Cl=0.994244;p90:Re=393211.574:Cl=0.994244;clmax_remin:Re=393211.574:Cl=0.994244;clmin_remax:Re=393211.574:Cl=0.994244
E,no_dae_allowed,root:cst_root_nsga2_g05_child_0019_00cc4dca|mid1:cst_mid1_nsga2_g06_child_0001_a86879e2|mid2:clarkysm|tip:clarkysm,mid2,cst_mid2_seedless_sobol_0619_a07c5c7e,CST,per_zone_top_k;sidecar_zone_topk,False,393211.574,393211.574,393211.574,0.994244342,0.994244342,0.994244342,0.994244342,1.29763968,0.303395337,0.010235561;0.010235561;0.010235561;0.010235561,0.0102355615,0.0102355615,0.0102355615,-0.130555306,4.00020458,0.303395337,0.00614508317,,full_polar_candidate_not_mission_grade,discontinuous_cd,discontinuous_cd,actual_sidecar_query_not_mission_grade,cd_discontinuity,p50:Re=393211.574:Cl=0.994244;p90:Re=393211.574:Cl=0.994244;clmax_remin:Re=393211.574:Cl=0.994244;clmin_remax:Re=393211.574:Cl=0.994244
E,no_dae_allowed,root:cst_root_nsga2_g05_child_0019_00cc4dca|mid1:cst_mid1_nsga2_g06_child_0001_a86879e2|mid2:clarkysm|tip:clarkysm,mid2,dae31,DAE,explicit_seed_dae_scope;selected_policy_D,False,393211.574,393211.574,393211.574,0.994244342,0.994244342,0.994244342,0.994244342,1.49870629,0.504461944,0.0090193747;0.0090193747;0.0090193747;0.0090193747,0.00901937467,0.00901937467,0.00901937467,-0.155147335,5.0425457,0.504461944,0.00955568116,,full_polar_mission_grade_candidate,,,actual_sidecar_query_grade,,p50:Re=393211.574:Cl=0.994244;p90:Re=393211.574:Cl=0.994244;clmax_remin:Re=393211.574:Cl=0.994244;clmin_remax:Re=393211.574:Cl=0.994244
E,no_dae_allowed,root:cst_root_nsga2_g05_child_0019_00cc4dca|mid1:cst_mid1_nsga2_g06_child_0001_a86879e2|mid2:clarkysm|tip:clarkysm,tip,clarkysm,seed_clarky,explicit_seed_dae_scope;selected_policy_A;selected_policy_C;selected_policy_E;sidecar_zone_topk,True,268974.647,313255.271,403824.666,0.1089,0.77346934,0.841588408,0.858973782,1.30456866,0.445594876,0.0090188327;0.0095605722;0.010328109;0.0099291917,0.0097091765,0.00969803925,0.0102084341,-0.0907578041,4.38146549,0.445594876,0.00662679879,,full_polar_mission_grade_candidate,,,actual_sidecar_query_grade,,p50:Re=313255.271:Cl=0.773469;p90:Re=313255.271:Cl=0.841588;clmax_remin:Re=268974.647:Cl=0.858974;clmin_remax:Re=403824.666:Cl=0.108900
E,no_dae_allowed,root:cst_root_nsga2_g05_child_0019_00cc4dca|mid1:cst_mid1_nsga2_g06_child_0001_a86879e2|mid2:clarkysm|tip:clarkysm,tip,cst_tip_nsga2_g02_child_0085_cb99bc9c,CST,per_zone_top_k;selected_policy_B;sidecar_zone_topk,False,268974.647,313255.271,403824.666,0.1089,0.77346934,0.841588408,0.858973782,1.23747958,0.378505795,0.010313945;0.010879569;0.011710057;0.0098437701,0.0106868353,0.0108583647,0.0114609108,-0.109149705,3.64859608,0.378505795,0.00458903662,,full_polar_candidate_not_mission_grade,discontinuous_cd,discontinuous_cd,actual_sidecar_query_not_mission_grade,cd_discontinuity,p50:Re=313255.271:Cl=0.773469;p90:Re=313255.271:Cl=0.841588;clmax_remin:Re=268974.647:Cl=0.858974;clmin_remax:Re=403824.666:Cl=0.108900
E,no_dae_allowed,root:cst_root_nsga2_g05_child_0019_00cc4dca|mid1:cst_mid1_nsga2_g06_child_0001_a86879e2|mid2:clarkysm|tip:clarkysm,tip,cst_tip_nsga2_g04_child_0096_6230567a,CST,per_zone_top_k,False,268974.647,313255.271,403824.666,0.1089,0.77346934,0.841588408,0.858973782,1.40875724,0.54978346,0.011668049;0.011854662;0.012614495;0.009377678,0.0113787213,0.0117294659,0.0123865455,-0.0816738031,4.9890668,0.54978346,0.00345485766,,full_polar_candidate_not_mission_grade,discontinuous_cd,discontinuous_cd,actual_sidecar_query_not_mission_grade,cd_discontinuity,p50:Re=313255.271:Cl=0.773469;p90:Re=313255.271:Cl=0.841588;clmax_remin:Re=268974.647:Cl=0.858974;clmin_remax:Re=403824.666:Cl=0.108900
E,no_dae_allowed,root:cst_root_nsga2_g05_child_0019_00cc4dca|mid1:cst_mid1_nsga2_g06_child_0001_a86879e2|mid2:clarkysm|tip:clarkysm,tip,cst_tip_nsga2_g05_child_0026_28eb9a70,CST,per_zone_top_k;sidecar_zone_topk,False,268974.647,313255.271,403824.666,0.1089,0.77346934,0.841588408,0.858973782,1.18714196,0.32816818,0.011756885;0.012114814;0.013538934;0.01066277,0.0120183507,0.0122672513,0.0131116977,-0.0700045147,3.11276004,0.32816818,0.00352628958,,full_polar_candidate_not_mission_grade,discontinuous_cd,discontinuous_cd,actual_sidecar_query_not_mission_grade,cd_discontinuity,p50:Re=313255.271:Cl=0.773469;p90:Re=313255.271:Cl=0.841588;clmax_remin:Re=268974.647:Cl=0.858974;clmin_remax:Re=403824.666:Cl=0.108900
E,no_dae_allowed,root:cst_root_nsga2_g05_child_0019_00cc4dca|mid1:cst_mid1_nsga2_g06_child_0001_a86879e2|mid2:clarkysm|tip:clarkysm,tip,cst_tip_nsga2_g06_child_0101_f4c46cf4,CST,per_zone_top_k;sidecar_zone_topk,False,268974.647,313255.271,403824.666,0.1089,0.77346934,0.841588408,0.858973782,1.21295979,0.353986006,0.010855045;0.011264051;0.012286569;0.01004434,0.0111125012,0.0113148217,0.0119798137,-0.0847821745,3.86369429,0.353986006,0.00381779983,,full_polar_candidate_not_mission_grade,discontinuous_cd,discontinuous_cd,actual_sidecar_query_not_mission_grade,cd_discontinuity,p50:Re=313255.271:Cl=0.773469;p90:Re=313255.271:Cl=0.841588;clmax_remin:Re=268974.647:Cl=0.858974;clmin_remax:Re=403824.666:Cl=0.108900
E,no_dae_allowed,root:cst_root_nsga2_g05_child_0019_00cc4dca|mid1:cst_mid1_nsga2_g06_child_0001_a86879e2|mid2:clarkysm|tip:clarkysm,tip,cst_tip_seedless_sobol_0351_1048f012,CST,per_zone_top_k,False,268974.647,313255.271,403824.666,0.1089,0.77346934,0.841588408,0.858973782,1.3169564,0.457982623,0.013928104;0.013420941;0.014726319;0.012655324,0.0136826717,0.013833333,0.0144868543,-0.0409501131,4.15356489,0.457982623,0.00131496774,,full_polar_candidate_not_mission_grade,discontinuous_cd,discontinuous_cd,actual_sidecar_query_not_mission_grade,cd_discontinuity,p50:Re=313255.271:Cl=0.773469;p90:Re=313255.271:Cl=0.841588;clmax_remin:Re=268974.647:Cl=0.858974;clmin_remax:Re=403824.666:Cl=0.108900
E,no_dae_allowed,root:cst_root_nsga2_g05_child_0019_00cc4dca|mid1:cst_mid1_nsga2_g06_child_0001_a86879e2|mid2:clarkysm|tip:clarkysm,tip,dae31,DAE,explicit_seed_dae_scope;per_zone_top_k;selected_policy_Probe,False,268974.647,313255.271,403824.666,0.1089,0.77346934,0.841588408,0.858973782,1.49870629,0.639732505,0.012279634;0.010736125;0.01229084;0.060453181,0.023939945,0.0176306848,0.0460044785,-0.1462373,6.39469523,0.639732505,0.00224139142,cl_outside_polar_envelope,full_polar_mission_grade_candidate,,,actual_sidecar_query_not_mission_grade,Cl_coverage,p50:Re=313255.271:Cl=0.773469;p90:Re=313255.271:Cl=0.841588;clmax_remin:Re=268974.647:Cl=0.858974;clmin_remax:Re=403824.666:Cl=0.108900
E,no_dae_allowed,root:cst_root_nsga2_g05_child_0019_00cc4dca|mid1:cst_mid1_nsga2_g06_child_0001_a86879e2|mid2:clarkysm|tip:clarkysm,tip,dae41,DAE,explicit_seed_dae_scope;per_zone_top_k;selected_policy_D;sidecar_zone_topk,False,268974.647,313255.271,403824.666,0.1089,0.77346934,0.841588408,0.858973782,1.25785099,0.398877204,0.0091854849;0.0096409427;0.010404011;0.0085797474,0.0094525464,0.00962377832,0.0101750903,-0.061440265,3.75973785,0.398877204,0.00632910566,,full_polar_candidate_not_mission_grade,discontinuous_cd,discontinuous_cd,actual_sidecar_query_not_mission_grade,cd_discontinuity,p50:Re=313255.271:Cl=0.773469;p90:Re=313255.271:Cl=0.841588;clmax_remin:Re=268974.647:Cl=0.858974;clmin_remax:Re=403824.666:Cl=0.108900
