schema_version,combo_id,assignment,root_airfoil,mid1_airfoil,mid2_airfoil,tip_airfoil,predicted_raw_profile_cd_proxy,predicted_balanced_score,predicted_min_stall_margin_deg,predicted_min_safe_clmax_margin,predicted_actual_query_pass,actual_query_quality,archive_quality,candidate_warning_flags,selection_reasons,status,cl_re_source,cl_source_shape_mode,profile_cd,CD0_total,CDi_source,CD_total,P_crank,P_crank_conservative,stall_margin_min,max_station_utilization,profile_source_quality,profile_warning_count,drag_budget_band
tier2_loaded_shape_airfoil_mvp_v1,combo_0061,root:dae31|mid1:dae31|mid2:cst_mid2_nsga2_g01_child_0046_9585b968|tip:cst_tip_nsga2_g05_child_0032_70ef8136,dae31,dae31,cst_mid2_nsga2_g01_child_0046_9585b968,cst_tip_nsga2_g05_child_0032_70ef8136,0.007599037354828161,0.012243034953597328,0.41492047192385756,0.043240607672308196,false,actual_loaded_shape_query_warning_not_mission_grade,root:full_polar_mission_grade_candidate; mid1:full_polar_mission_grade_candidate; mid2:full_polar_mission_grade_candidate; tip:full_polar_mission_grade_candidate,cl_outside_polar_envelope,top_raw_profile_proxy,evaluated_on_stage6_loaded_shape_cl_re,stage6_loaded_shape_avl_actual_local_cl_re,loaded_dihedral_avl,0.008501424185892292,0.012391303544688521,0.0119979,0.02438920354468852,163.65706235111992,167.68249324472148,0.41492047192385756,0.9659077321890178,"mixed_not_mission_grade:full_polar_mission_grade_candidate,full_polar_mission_grade_candidate_query_warning_not_mission_grade",4,target
tier2_loaded_shape_airfoil_mvp_v1,combo_4061,root:fx76mp140|mid1:dae31|mid2:cst_mid2_nsga2_g01_child_0046_9585b968|tip:cst_tip_nsga2_g05_child_0032_70ef8136,fx76mp140,dae31,cst_mid2_nsga2_g01_child_0046_9585b968,cst_tip_nsga2_g05_child_0032_70ef8136,0.007650887397535838,0.015333974045978494,0.41492047192385756,0.043240607672308196,false,actual_loaded_shape_query_warning_not_mission_grade,root:full_polar_candidate_not_mission_grade; mid1:full_polar_mission_grade_candidate; mid2:full_polar_mission_grade_candidate; tip:full_polar_mission_grade_candidate,cl_outside_polar_envelope,top_raw_profile_proxy,evaluated_on_stage6_loaded_shape_cl_re,stage6_loaded_shape_avl_actual_local_cl_re,loaded_dihedral_avl,0.008573397515307309,0.012463276874103538,0.0119979,0.02446117687410354,164.14001964155005,168.16545053515156,0.41492047192385756,0.9659077321890178,"mixed_not_mission_grade:full_polar_candidate_not_mission_grade,full_polar_mission_grade_candidate,full_polar_mission_grade_candidate_query_warning_not_mission_grade",4,target
tier2_loaded_shape_airfoil_mvp_v1,combo_5061,root:dae21|mid1:dae31|mid2:cst_mid2_nsga2_g01_child_0046_9585b968|tip:cst_tip_nsga2_g05_child_0032_70ef8136,dae21,dae31,cst_mid2_nsga2_g01_child_0046_9585b968,cst_tip_nsga2_g05_child_0032_70ef8136,0.007650983266588171,0.01538210552000941,0.41492047192385756,0.043240607672308196,false,actual_loaded_shape_query_warning_not_mission_grade,root:full_polar_candidate_not_mission_grade; mid1:full_polar_mission_grade_candidate; mid2:full_polar_mission_grade_candidate; tip:full_polar_mission_grade_candidate,cl_outside_polar_envelope,top_raw_profile_proxy,evaluated_on_stage6_loaded_shape_cl_re,stage6_loaded_shape_avl_actual_local_cl_re,loaded_dihedral_avl,0.008567835293758399,0.012457714652554628,0.0119979,0.02445561465255463,164.1026958791249,168.1281267727264,0.41492047192385756,0.9659077321890178,"mixed_not_mission_grade:full_polar_candidate_not_mission_grade,full_polar_mission_grade_candidate,full_polar_mission_grade_candidate_query_warning_not_mission_grade",4,target
tier2_loaded_shape_airfoil_mvp_v1,combo_0661,root:dae31|mid1:dae21|mid2:cst_mid2_nsga2_g01_child_0046_9585b968|tip:cst_tip_nsga2_g05_child_0032_70ef8136,dae31,dae21,cst_mid2_nsga2_g01_child_0046_9585b968,cst_tip_nsga2_g05_child_0032_70ef8136,0.007689075710802839,0.015548738803512306,0.41492047192385756,0.043240607672308196,false,actual_loaded_shape_query_warning_not_mission_grade,root:full_polar_mission_grade_candidate; mid1:full_polar_candidate_not_mission_grade; mid2:full_polar_mission_grade_candidate; tip:full_polar_mission_grade_candidate,cl_outside_polar_envelope,top_raw_profile_proxy,evaluated_on_stage6_loaded_shape_cl_re,stage6_loaded_shape_avl_actual_local_cl_re,loaded_dihedral_avl,0.008598118885458143,0.012487998244254372,0.0119979,0.024485898244254373,164.30590561682456,168.33133651042613,0.41492047192385756,0.9659077321890178,"mixed_not_mission_grade:full_polar_candidate_not_mission_grade,full_polar_mission_grade_candidate,full_polar_mission_grade_candidate_query_warning_not_mission_grade",4,target
tier2_loaded_shape_airfoil_mvp_v1,combo_0561,root:dae31|mid1:fx76mp140|mid2:cst_mid2_nsga2_g01_child_0046_9585b968|tip:cst_tip_nsga2_g05_child_0032_70ef8136,dae31,fx76mp140,cst_mid2_nsga2_g01_child_0046_9585b968,cst_tip_nsga2_g05_child_0032_70ef8136,0.007729835896901507,0.015542679296616664,0.41492047192385756,0.043240607672308196,false,actual_loaded_shape_query_warning_not_mission_grade,root:full_polar_mission_grade_candidate; mid1:full_polar_candidate_not_mission_grade; mid2:full_polar_mission_grade_candidate; tip:full_polar_mission_grade_candidate,cl_outside_polar_envelope,top_raw_profile_proxy,evaluated_on_stage6_loaded_shape_cl_re,stage6_loaded_shape_avl_actual_local_cl_re,loaded_dihedral_avl,0.008643866651971078,0.012533746010767307,0.0119979,0.024531646010767308,164.61288345900437,168.6383143526059,0.41492047192385756,0.9659077321890178,"mixed_not_mission_grade:full_polar_candidate_not_mission_grade,full_polar_mission_grade_candidate,full_polar_mission_grade_candidate_query_warning_not_mission_grade",4,target
tier2_loaded_shape_airfoil_mvp_v1,combo_4661,root:fx76mp140|mid1:dae21|mid2:cst_mid2_nsga2_g01_child_0046_9585b968|tip:cst_tip_nsga2_g05_child_0032_70ef8136,fx76mp140,dae21,cst_mid2_nsga2_g01_child_0046_9585b968,cst_tip_nsga2_g05_child_0032_70ef8136,0.007740925753510516,0.018639677895893474,0.41492047192385756,0.043240607672308196,false,actual_loaded_shape_query_warning_not_mission_grade,root:full_polar_candidate_not_mission_grade; mid1:full_polar_candidate_not_mission_grade; mid2:full_polar_mission_grade_candidate; tip:full_polar_mission_grade_candidate,cl_outside_polar_envelope,top_raw_profile_proxy,evaluated_on_stage6_loaded_shape_cl_re,stage6_loaded_shape_avl_actual_local_cl_re,loaded_dihedral_avl,0.00867009221487316,0.01255997157366939,0.0119979,0.02455787157366939,164.78886290725472,168.81429380085623,0.41492047192385756,0.9659077321890178,"mixed_not_mission_grade:full_polar_candidate_not_mission_grade,full_polar_mission_grade_candidate,full_polar_mission_grade_candidate_query_warning_not_mission_grade",4,target
tier2_loaded_shape_airfoil_mvp_v1,combo_5661,root:dae21|mid1:dae21|mid2:cst_mid2_nsga2_g01_child_0046_9585b968|tip:cst_tip_nsga2_g05_child_0032_70ef8136,dae21,dae21,cst_mid2_nsga2_g01_child_0046_9585b968,cst_tip_nsga2_g05_child_0032_70ef8136,0.007741021622562849,0.018687809369924393,0.41492047192385756,0.043240607672308196,false,actual_loaded_shape_query_warning_not_mission_grade,root:full_polar_candidate_not_mission_grade; mid1:full_polar_candidate_not_mission_grade; mid2:full_polar_mission_grade_candidate; tip:full_polar_mission_grade_candidate,cl_outside_polar_envelope,top_raw_profile_proxy,evaluated_on_stage6_loaded_shape_cl_re,stage6_loaded_shape_avl_actual_local_cl_re,loaded_dihedral_avl,0.008664529993324252,0.012554409352120481,0.0119979,0.02455230935212048,164.75153914482954,168.77697003843107,0.41492047192385756,0.9659077321890178,"mixed_not_mission_grade:full_polar_candidate_not_mission_grade,full_polar_mission_grade_candidate,full_polar_mission_grade_candidate_query_warning_not_mission_grade",4,target
tier2_loaded_shape_airfoil_mvp_v1,combo_4561,root:fx76mp140|mid1:fx76mp140|mid2:cst_mid2_nsga2_g01_child_0046_9585b968|tip:cst_tip_nsga2_g05_child_0032_70ef8136,fx76mp140,fx76mp140,cst_mid2_nsga2_g01_child_0046_9585b968,cst_tip_nsga2_g05_child_0032_70ef8136,0.007781685939609184,0.018633618388997828,0.41492047192385756,0.043240607672308196,false,actual_loaded_shape_query_warning_not_mission_grade,root:full_polar_candidate_not_mission_grade; mid1:full_polar_candidate_not_mission_grade; mid2:full_polar_mission_grade_candidate; tip:full_polar_mission_grade_candidate,cl_outside_polar_envelope,top_raw_profile_proxy,evaluated_on_stage6_loaded_shape_cl_re,stage6_loaded_shape_avl_actual_local_cl_re,loaded_dihedral_avl,0.008715839981386095,0.012605719340182325,0.0119979,0.024603619340182327,165.0958407494345,169.12127164303604,0.41492047192385756,0.9659077321890178,"mixed_not_mission_grade:full_polar_candidate_not_mission_grade,full_polar_mission_grade_candidate,full_polar_mission_grade_candidate_query_warning_not_mission_grade",4,target
tier2_loaded_shape_airfoil_mvp_v1,combo_5561,root:dae21|mid1:fx76mp140|mid2:cst_mid2_nsga2_g01_child_0046_9585b968|tip:cst_tip_nsga2_g05_child_0032_70ef8136,dae21,fx76mp140,cst_mid2_nsga2_g01_child_0046_9585b968,cst_tip_nsga2_g05_child_0032_70ef8136,0.007781781808661517,0.018681749863028747,0.41492047192385756,0.043240607672308196,false,actual_loaded_shape_query_warning_not_mission_grade,root:full_polar_candidate_not_mission_grade; mid1:full_polar_candidate_not_mission_grade; mid2:full_polar_mission_grade_candidate; tip:full_polar_mission_grade_candidate,cl_outside_polar_envelope,top_raw_profile_proxy,evaluated_on_stage6_loaded_shape_cl_re,stage6_loaded_shape_avl_actual_local_cl_re,loaded_dihedral_avl,0.008710277759837189,0.012600157118633418,0.0119979,0.02459805711863342,165.05851698700934,169.08394788061088,0.41492047192385756,0.9659077321890178,"mixed_not_mission_grade:full_polar_candidate_not_mission_grade,full_polar_mission_grade_candidate,full_polar_mission_grade_candidate_query_warning_not_mission_grade",4,target
tier2_loaded_shape_airfoil_mvp_v1,combo_7061,root:dae11|mid1:dae31|mid2:cst_mid2_nsga2_g01_child_0046_9585b968|tip:cst_tip_nsga2_g05_child_0032_70ef8136,dae11,dae31,cst_mid2_nsga2_g01_child_0046_9585b968,cst_tip_nsga2_g05_child_0032_70ef8136,0.007823093260997128,0.015490114533462364,0.41492047192385756,0.043240607672308196,false,actual_loaded_shape_query_warning_not_mission_grade,root:full_polar_candidate_not_mission_grade; mid1:full_polar_mission_grade_candidate; mid2:full_polar_mission_grade_candidate; tip:full_polar_mission_grade_candidate,cl_outside_polar_envelope,top_raw_profile_proxy,evaluated_on_stage6_loaded_shape_cl_re,stage6_loaded_shape_avl_actual_local_cl_re,loaded_dihedral_avl,0.008763557813541763,0.012653437172337993,0.0119979,0.024651337172337993,165.41603817687613,169.4414690704777,0.41492047192385756,0.9659077321890178,"mixed_not_mission_grade:full_polar_candidate_not_mission_grade,full_polar_mission_grade_candidate,full_polar_mission_grade_candidate_query_warning_not_mission_grade",4,target
tier2_loaded_shape_airfoil_mvp_v1,combo_0461,root:dae31|mid1:cst_mid1_nsga2_g04_child_0075_96fc4d1a|mid2:cst_mid2_nsga2_g01_child_0046_9585b968|tip:cst_tip_nsga2_g05_child_0032_70ef8136,dae31,cst_mid1_nsga2_g04_child_0075_96fc4d1a,cst_mid2_nsga2_g01_child_0046_9585b968,cst_tip_nsga2_g05_child_0032_70ef8136,0.00784171800365394,0.015487765514511928,0.41492047192385756,0.043240607672308196,false,actual_loaded_shape_query_warning_not_mission_grade,root:full_polar_mission_grade_candidate; mid1:full_polar_candidate_not_mission_grade; mid2:full_polar_mission_grade_candidate; tip:full_polar_mission_grade_candidate,cl_outside_polar_envelope,top_raw_profile_proxy,evaluated_on_stage6_loaded_shape_cl_re,stage6_loaded_shape_avl_actual_local_cl_re,loaded_dihedral_avl,0.008759906689427185,0.012649786048223415,0.0119979,0.024647686048223413,165.39153830972072,169.41696920332225,0.41492047192385756,0.9659077321890178,"mixed_not_mission_grade:full_polar_candidate_not_mission_grade,full_polar_mission_grade_candidate,full_polar_mission_grade_candidate_query_warning_not_mission_grade",4,target
tier2_loaded_shape_airfoil_mvp_v1,combo_4461,root:fx76mp140|mid1:cst_mid1_nsga2_g04_child_0075_96fc4d1a|mid2:cst_mid2_nsga2_g01_child_0046_9585b968|tip:cst_tip_nsga2_g05_child_0032_70ef8136,fx76mp140,cst_mid1_nsga2_g04_child_0075_96fc4d1a,cst_mid2_nsga2_g01_child_0046_9585b968,cst_tip_nsga2_g05_child_0032_70ef8136,0.007893568046361616,0.018578704606893096,0.41492047192385756,0.043240607672308196,false,actual_loaded_shape_query_warning_not_mission_grade,root:full_polar_candidate_not_mission_grade; mid1:full_polar_candidate_not_mission_grade; mid2:full_polar_mission_grade_candidate; tip:full_polar_mission_grade_candidate,cl_outside_polar_envelope,top_raw_profile_proxy,evaluated_on_stage6_loaded_shape_cl_re,stage6_loaded_shape_avl_actual_local_cl_re,loaded_dihedral_avl,0.008831880018842202,0.012721759377638432,0.0119979,0.024719659377638432,165.87449560015085,169.89992649375242,0.41492047192385756,0.9659077321890178,"mixed_not_mission_grade:full_polar_candidate_not_mission_grade,full_polar_mission_grade_candidate,full_polar_mission_grade_candidate_query_warning_not_mission_grade",4,target
tier2_loaded_shape_airfoil_mvp_v1,combo_5461,root:dae21|mid1:cst_mid1_nsga2_g04_child_0075_96fc4d1a|mid2:cst_mid2_nsga2_g01_child_0046_9585b968|tip:cst_tip_nsga2_g05_child_0032_70ef8136,dae21,cst_mid1_nsga2_g04_child_0075_96fc4d1a,cst_mid2_nsga2_g01_child_0046_9585b968,cst_tip_nsga2_g05_child_0032_70ef8136,0.00789366391541395,0.018626836080924015,0.41492047192385756,0.043240607672308196,false,actual_loaded_shape_query_warning_not_mission_grade,root:full_polar_candidate_not_mission_grade; mid1:full_polar_candidate_not_mission_grade; mid2:full_polar_mission_grade_candidate; tip:full_polar_mission_grade_candidate,cl_outside_polar_envelope,top_raw_profile_proxy,evaluated_on_stage6_loaded_shape_cl_re,stage6_loaded_shape_avl_actual_local_cl_re,loaded_dihedral_avl,0.008826317797293294,0.012716197156089524,0.0119979,0.024714097156089524,165.8371718377257,169.86260273132723,0.41492047192385756,0.9659077321890178,"mixed_not_mission_grade:full_polar_candidate_not_mission_grade,full_polar_mission_grade_candidate,full_polar_mission_grade_candidate_query_warning_not_mission_grade",4,target
tier2_loaded_shape_airfoil_mvp_v1,combo_7661,root:dae11|mid1:dae21|mid2:cst_mid2_nsga2_g01_child_0046_9585b968|tip:cst_tip_nsga2_g05_child_0032_70ef8136,dae11,dae21,cst_mid2_nsga2_g01_child_0046_9585b968,cst_tip_nsga2_g05_child_0032_70ef8136,0.007913131616971807,0.018795818383377346,0.41492047192385756,0.043240607672308196,false,actual_loaded_shape_query_warning_not_mission_grade,root:full_polar_candidate_not_mission_grade; mid1:full_polar_candidate_not_mission_grade; mid2:full_polar_mission_grade_candidate; tip:full_polar_mission_grade_candidate,cl_outside_polar_envelope,top_raw_profile_proxy,evaluated_on_stage6_loaded_shape_cl_re,stage6_loaded_shape_avl_actual_local_cl_re,loaded_dihedral_avl,0.008860252513107614,0.012750131871903844,0.0119979,0.024748031871903844,166.0648814425808,170.09031233618236,0.41492047192385756,0.9659077321890178,"mixed_not_mission_grade:full_polar_candidate_not_mission_grade,full_polar_mission_grade_candidate,full_polar_mission_grade_candidate_query_warning_not_mission_grade",4,target
tier2_loaded_shape_airfoil_mvp_v1,combo_1061,root:cst_root_nsga2_g04_child_0066_2124fc90|mid1:dae31|mid2:cst_mid2_nsga2_g01_child_0046_9585b968|tip:cst_tip_nsga2_g05_child_0032_70ef8136,cst_root_nsga2_g04_child_0066_2124fc90,dae31,cst_mid2_nsga2_g01_child_0046_9585b968,cst_tip_nsga2_g05_child_0032_70ef8136,0.007930233488700124,0.012462243005412765,0.41492047192385756,0.043240607672308196,false,actual_loaded_shape_query_warning_not_mission_grade,root:full_polar_mission_grade_candidate; mid1:full_polar_mission_grade_candidate; mid2:full_polar_mission_grade_candidate; tip:full_polar_mission_grade_candidate,cl_outside_polar_envelope,top_raw_profile_proxy,evaluated_on_stage6_loaded_shape_cl_re,stage6_loaded_shape_avl_actual_local_cl_re,loaded_dihedral_avl,0.008871946621023388,0.012761825979819617,0.0119979,0.024759725979819618,166.14335154697784,170.1687824405794,0.41492047192385756,0.9659077321890178,"mixed_not_mission_grade:full_polar_mission_grade_candidate,full_polar_mission_grade_candidate_query_warning_not_mission_grade",4,target
tier2_loaded_shape_airfoil_mvp_v1,combo_0761,root:dae31|mid1:dae11|mid2:cst_mid2_nsga2_g01_child_0046_9585b968|tip:cst_tip_nsga2_g05_child_0032_70ef8136,dae31,dae11,cst_mid2_nsga2_g01_child_0046_9585b968,cst_tip_nsga2_g05_child_0032_70ef8136,0.007947944475320263,0.015744943722409397,0.41492047192385756,0.043240607672308196,false,actual_loaded_shape_query_warning_not_mission_grade,root:full_polar_mission_grade_candidate; mid1:full_polar_candidate_not_mission_grade; mid2:full_polar_mission_grade_candidate; tip:full_polar_mission_grade_candidate,cl_outside_polar_envelope,top_raw_profile_proxy,evaluated_on_stage6_loaded_shape_cl_re,stage6_loaded_shape_avl_actual_local_cl_re,loaded_dihedral_avl,0.008864218728384249,0.012754098087180478,0.0119979,0.02475199808718048,166.09149564257453,170.11692653617607,0.41492047192385756,0.9659077321890178,"mixed_not_mission_grade:full_polar_candidate_not_mission_grade,full_polar_mission_grade_candidate,full_polar_mission_grade_candidate_query_warning_not_mission_grade",4,target
tier2_loaded_shape_airfoil_mvp_v1,combo_7561,root:dae11|mid1:fx76mp140|mid2:cst_mid2_nsga2_g01_child_0046_9585b968|tip:cst_tip_nsga2_g05_child_0032_70ef8136,dae11,fx76mp140,cst_mid2_nsga2_g01_child_0046_9585b968,cst_tip_nsga2_g05_child_0032_70ef8136,0.007953891803070474,0.0187897588764817,0.41492047192385756,0.043240607672308196,false,actual_loaded_shape_query_warning_not_mission_grade,root:full_polar_candidate_not_mission_grade; mid1:full_polar_candidate_not_mission_grade; mid2:full_polar_mission_grade_candidate; tip:full_polar_mission_grade_candidate,cl_outside_polar_envelope,top_raw_profile_proxy,evaluated_on_stage6_loaded_shape_cl_re,stage6_loaded_shape_avl_actual_local_cl_re,loaded_dihedral_avl,0.008906000279620551,0.01279587963841678,0.0119979,0.02479377963841678,166.3718592847606,170.3972901783621,0.41492047192385756,0.9659077321890178,"mixed_not_mission_grade:full_polar_candidate_not_mission_grade,full_polar_mission_grade_candidate,full_polar_mission_grade_candidate_query_warning_not_mission_grade",4,target
tier2_loaded_shape_airfoil_mvp_v1,combo_4761,root:fx76mp140|mid1:dae11|mid2:cst_mid2_nsga2_g01_child_0046_9585b968|tip:cst_tip_nsga2_g05_child_0032_70ef8136,fx76mp140,dae11,cst_mid2_nsga2_g01_child_0046_9585b968,cst_tip_nsga2_g05_child_0032_70ef8136,0.00799979451802794,0.018835882814790563,0.41492047192385756,0.043240607672308196,false,actual_loaded_shape_query_warning_not_mission_grade,root:full_polar_candidate_not_mission_grade; mid1:full_polar_candidate_not_mission_grade; mid2:full_polar_mission_grade_candidate; tip:full_polar_mission_grade_candidate,cl_outside_polar_envelope,top_raw_profile_proxy,evaluated_on_stage6_loaded_shape_cl_re,stage6_loaded_shape_avl_actual_local_cl_re,loaded_dihedral_avl,0.008936192057799266,0.012826071416595496,0.0119979,0.024823971416595494,166.5744529330046,170.59988382660617,0.41492047192385756,0.9659077321890178,"mixed_not_mission_grade:full_polar_candidate_not_mission_grade,full_polar_mission_grade_candidate,full_polar_mission_grade_candidate_query_warning_not_mission_grade",4,target
tier2_loaded_shape_airfoil_mvp_v1,combo_5761,root:dae21|mid1:dae11|mid2:cst_mid2_nsga2_g01_child_0046_9585b968|tip:cst_tip_nsga2_g05_child_0032_70ef8136,dae21,dae11,cst_mid2_nsga2_g01_child_0046_9585b968,cst_tip_nsga2_g05_child_0032_70ef8136,0.007999890387080273,0.01888401428882148,0.41492047192385756,0.043240607672308196,false,actual_loaded_shape_query_warning_not_mission_grade,root:full_polar_candidate_not_mission_grade; mid1:full_polar_candidate_not_mission_grade; mid2:full_polar_mission_grade_candidate; tip:full_polar_mission_grade_candidate,cl_outside_polar_envelope,top_raw_profile_proxy,evaluated_on_stage6_loaded_shape_cl_re,stage6_loaded_shape_avl_actual_local_cl_re,loaded_dihedral_avl,0.00893062983625036,0.012820509195046589,0.0119979,0.02481840919504659,166.53712917057948,170.56256006418104,0.41492047192385756,0.9659077321890178,"mixed_not_mission_grade:full_polar_candidate_not_mission_grade,full_polar_mission_grade_candidate,full_polar_mission_grade_candidate_query_warning_not_mission_grade",4,target
tier2_loaded_shape_airfoil_mvp_v1,combo_1661,root:cst_root_nsga2_g04_child_0066_2124fc90|mid1:dae21|mid2:cst_mid2_nsga2_g01_child_0046_9585b968|tip:cst_tip_nsga2_g05_child_0032_70ef8136,cst_root_nsga2_g04_child_0066_2124fc90,dae21,cst_mid2_nsga2_g01_child_0046_9585b968,cst_tip_nsga2_g05_child_0032_70ef8136,0.008020271844674803,0.015767946855327744,0.41492047192385756,0.043240607672308196,false,actual_loaded_shape_query_warning_not_mission_grade,root:full_polar_mission_grade_candidate; mid1:full_polar_candidate_not_mission_grade; mid2:full_polar_mission_grade_candidate; tip:full_polar_mission_grade_candidate,cl_outside_polar_envelope,top_raw_profile_proxy,evaluated_on_stage6_loaded_shape_cl_re,stage6_loaded_shape_avl_actual_local_cl_re,loaded_dihedral_avl,0.008968641320589239,0.012858520679385468,0.0119979,0.02485642067938547,166.7921948126825,170.81762570628405,0.41492047192385756,0.9659077321890178,"mixed_not_mission_grade:full_polar_candidate_not_mission_grade,full_polar_mission_grade_candidate,full_polar_mission_grade_candidate_query_warning_not_mission_grade",4,target
tier2_loaded_shape_airfoil_mvp_v1,combo_1561,root:cst_root_nsga2_g04_child_0066_2124fc90|mid1:fx76mp140|mid2:cst_mid2_nsga2_g01_child_0046_9585b968|tip:cst_tip_nsga2_g05_child_0032_70ef8136,cst_root_nsga2_g04_child_0066_2124fc90,fx76mp140,cst_mid2_nsga2_g01_child_0046_9585b968,cst_tip_nsga2_g05_child_0032_70ef8136,0.00806103203077347,0.0157618873484321,0.41492047192385756,0.043240607672308196,false,actual_loaded_shape_query_warning_not_mission_grade,root:full_polar_mission_grade_candidate; mid1:full_polar_candidate_not_mission_grade; mid2:full_polar_mission_grade_candidate; tip:full_polar_mission_grade_candidate,cl_outside_polar_envelope,top_raw_profile_proxy,evaluated_on_stage6_loaded_shape_cl_re,stage6_loaded_shape_avl_actual_local_cl_re,loaded_dihedral_avl,0.009014389087102177,0.012904268445898407,0.0119979,0.024902168445898407,167.09917265486231,171.12460354846385,0.41492047192385756,0.9659077321890178,"mixed_not_mission_grade:full_polar_candidate_not_mission_grade,full_polar_mission_grade_candidate,full_polar_mission_grade_candidate_query_warning_not_mission_grade",4,target
tier2_loaded_shape_airfoil_mvp_v1,combo_7461,root:dae11|mid1:cst_mid1_nsga2_g04_child_0075_96fc4d1a|mid2:cst_mid2_nsga2_g01_child_0046_9585b968|tip:cst_tip_nsga2_g05_child_0032_70ef8136,dae11,cst_mid1_nsga2_g04_child_0075_96fc4d1a,cst_mid2_nsga2_g01_child_0046_9585b968,cst_tip_nsga2_g05_child_0032_70ef8136,0.008065773909822906,0.018734845094376968,0.41492047192385756,0.043240607672308196,false,actual_loaded_shape_query_warning_not_mission_grade,root:full_polar_candidate_not_mission_grade; mid1:full_polar_candidate_not_mission_grade; mid2:full_polar_mission_grade_candidate; tip:full_polar_mission_grade_candidate,cl_outside_polar_envelope,top_raw_profile_proxy,evaluated_on_stage6_loaded_shape_cl_re,stage6_loaded_shape_avl_actual_local_cl_re,loaded_dihedral_avl,0.009022040317076657,0.012911919675872886,0.0119979,0.024909819675872885,167.15051413547693,171.17594502907846,0.41492047192385756,0.9659077321890178,"mixed_not_mission_grade:full_polar_candidate_not_mission_grade,full_polar_mission_grade_candidate,full_polar_mission_grade_candidate_query_warning_not_mission_grade",4,target
tier2_loaded_shape_airfoil_mvp_v1,combo_0261,root:dae31|mid1:cst_mid1_nsga2_g05_child_0114_b5496e0b|mid2:cst_mid2_nsga2_g01_child_0046_9585b968|tip:cst_tip_nsga2_g05_child_0032_70ef8136,dae31,cst_mid1_nsga2_g05_child_0114_b5496e0b,cst_mid2_nsga2_g01_child_0046_9585b968,cst_tip_nsga2_g05_child_0032_70ef8136,0.008099970404655012,0.012584886769425697,0.41492047192385756,0.043240607672308196,false,actual_loaded_shape_query_warning_not_mission_grade,root:full_polar_mission_grade_candidate; mid1:full_polar_mission_grade_candidate; mid2:full_polar_mission_grade_candidate; tip:full_polar_mission_grade_candidate,cl_outside_polar_envelope,top_raw_profile_proxy,evaluated_on_stage6_loaded_shape_cl_re,stage6_loaded_shape_avl_actual_local_cl_re,loaded_dihedral_avl,0.009013040631078845,0.012902919989875075,0.0119979,0.024900819989875075,167.09012421049292,171.11555510409445,0.41492047192385756,0.9659077321890178,"mixed_not_mission_grade:full_polar_mission_grade_candidate,full_polar_mission_grade_candidate_query_warning_not_mission_grade",4,target
tier2_loaded_shape_airfoil_mvp_v1,combo_0161,root:dae31|mid1:cst_mid1_nsga2_g06_child_0001_a86879e2|mid2:cst_mid2_nsga2_g01_child_0046_9585b968|tip:cst_tip_nsga2_g05_child_0032_70ef8136,dae31,cst_mid1_nsga2_g06_child_0001_a86879e2,cst_mid2_nsga2_g01_child_0046_9585b968,cst_tip_nsga2_g05_child_0032_70ef8136,0.008101128638352714,0.012559901927045853,0.41492047192385756,0.043240607672308196,false,actual_loaded_shape_query_warning_not_mission_grade,root:full_polar_mission_grade_candidate; mid1:full_polar_mission_grade_candidate; mid2:full_polar_mission_grade_candidate; tip:full_polar_mission_grade_candidate,cl_outside_polar_envelope,top_raw_profile_proxy,evaluated_on_stage6_loaded_shape_cl_re,stage6_loaded_shape_avl_actual_local_cl_re,loaded_dihedral_avl,0.009005172771795805,0.012895052130592034,0.0119979,0.024892952130592033,167.03732909830748,171.06275999190905,0.41492047192385756,0.9659077321890178,"mixed_not_mission_grade:full_polar_mission_grade_candidate,full_polar_mission_grade_candidate_query_warning_not_mission_grade",4,target
tier2_loaded_shape_airfoil_mvp_v1,combo_0066,root:dae31|mid1:dae31|mid2:cst_mid2_nsga2_g01_child_0046_9585b968|tip:cst_tip_nsga2_g01_child_0118_60ecf404,dae31,dae31,cst_mid2_nsga2_g01_child_0046_9585b968,cst_tip_nsga2_g01_child_0118_60ecf404,0.008109612152145586,0.01460634877050657,0.41492047192385756,0.043240607672308196,false,actual_loaded_shape_query_warning_not_mission_grade,root:full_polar_mission_grade_candidate; mid1:full_polar_mission_grade_candidate; mid2:full_polar_mission_grade_candidate; tip:full_polar_mission_grade_candidate,cl_outside_polar_envelope,top_raw_profile_proxy,evaluated_on_stage6_loaded_shape_cl_re,stage6_loaded_shape_avl_actual_local_cl_re,loaded_dihedral_avl,0.008468799674871116,0.012358679033667346,0.0119979,0.024356579033667346,163.43814451624334,167.46357540984488,0.41492047192385756,0.9659077321890178,"mixed_not_mission_grade:full_polar_mission_grade_candidate,full_polar_mission_grade_candidate_query_warning_not_mission_grade",4,target
tier2_loaded_shape_airfoil_mvp_v1,combo_2061,root:cst_root_nsga2_g04_child_0036_d62dd7fc|mid1:dae31|mid2:cst_mid2_nsga2_g01_child_0046_9585b968|tip:cst_tip_nsga2_g05_child_0032_70ef8136,cst_root_nsga2_g04_child_0036_d62dd7fc,dae31,cst_mid2_nsga2_g01_child_0046_9585b968,cst_tip_nsga2_g05_child_0032_70ef8136,0.008118108013433925,0.012555474893432438,0.41492047192385756,0.043240607672308196,false,actual_loaded_shape_query_warning_not_mission_grade,root:full_polar_mission_grade_candidate; mid1:full_polar_mission_grade_candidate; mid2:full_polar_mission_grade_candidate; tip:full_polar_mission_grade_candidate,cl_outside_polar_envelope,top_raw_profile_proxy,evaluated_on_stage6_loaded_shape_cl_re,stage6_loaded_shape_avl_actual_local_cl_re,loaded_dihedral_avl,0.009071114035779001,0.01296099339457523,0.0119979,0.02495889339457523,167.4798098677773,171.50524076137887,0.41492047192385756,0.9659077321890178,"mixed_not_mission_grade:full_polar_mission_grade_candidate,full_polar_mission_grade_candidate_query_warning_not_mission_grade",4,target
tier2_loaded_shape_airfoil_mvp_v1,combo_3061,root:cst_root_nsga2_g04_child_0010_d050d0cc|mid1:dae31|mid2:cst_mid2_nsga2_g01_child_0046_9585b968|tip:cst_tip_nsga2_g05_child_0032_70ef8136,cst_root_nsga2_g04_child_0010_d050d0cc,dae31,cst_mid2_nsga2_g01_child_0046_9585b968,cst_tip_nsga2_g05_child_0032_70ef8136,0.008125282429244048,0.012628532463582878,0.41492047192385756,0.043240607672308196,false,actual_loaded_shape_query_warning_not_mission_grade,root:full_polar_mission_grade_candidate; mid1:full_polar_mission_grade_candidate; mid2:full_polar_mission_grade_candidate; tip:full_polar_mission_grade_candidate,cl_outside_polar_envelope,top_raw_profile_proxy,evaluated_on_stage6_loaded_shape_cl_re,stage6_loaded_shape_avl_actual_local_cl_re,loaded_dihedral_avl,0.009075254916623428,0.012965134275419657,0.0119979,0.024963034275419658,167.50759611316673,171.53302700676824,0.41492047192385756,0.9659077321890178,"mixed_not_mission_grade:full_polar_mission_grade_candidate,full_polar_mission_grade_candidate_query_warning_not_mission_grade",4,target
tier2_loaded_shape_airfoil_mvp_v1,combo_0361,root:dae31|mid1:cst_mid1_nsga2_g07_child_0111_0738f459|mid2:cst_mid2_nsga2_g01_child_0046_9585b968|tip:cst_tip_nsga2_g05_child_0032_70ef8136,dae31,cst_mid1_nsga2_g07_child_0111_0738f459,cst_mid2_nsga2_g01_child_0046_9585b968,cst_tip_nsga2_g05_child_0032_70ef8136,0.008151673708066682,0.01261488898490509,0.41492047192385756,0.043240607672308196,false,actual_loaded_shape_query_warning_not_mission_grade,root:full_polar_mission_grade_candidate; mid1:full_polar_mission_grade_candidate; mid2:full_polar_mission_grade_candidate; tip:full_polar_mission_grade_candidate,cl_outside_polar_envelope,top_raw_profile_proxy,evaluated_on_stage6_loaded_shape_cl_re,stage6_loaded_shape_avl_actual_local_cl_re,loaded_dihedral_avl,0.009053167553450897,0.012943046912247127,0.0119979,0.024940946912247127,167.35938491941963,171.38481581302116,0.41492047192385756,0.9659077321890178,"mixed_not_mission_grade:full_polar_mission_grade_candidate,full_polar_mission_grade_candidate_query_warning_not_mission_grade",4,target
tier2_loaded_shape_airfoil_mvp_v1,combo_4261,root:fx76mp140|mid1:cst_mid1_nsga2_g05_child_0114_b5496e0b|mid2:cst_mid2_nsga2_g01_child_0046_9585b968|tip:cst_tip_nsga2_g05_child_0032_70ef8136,fx76mp140,cst_mid1_nsga2_g05_child_0114_b5496e0b,cst_mid2_nsga2_g01_child_0046_9585b968,cst_tip_nsga2_g05_child_0032_70ef8136,0.00815182044736269,0.015675825861806863,0.41492047192385756,0.043240607672308196,false,actual_loaded_shape_query_warning_not_mission_grade,root:full_polar_candidate_not_mission_grade; mid1:full_polar_mission_grade_candidate; mid2:full_polar_mission_grade_candidate; tip:full_polar_mission_grade_candidate,cl_outside_polar_envelope,top_raw_profile_proxy,evaluated_on_stage6_loaded_shape_cl_re,stage6_loaded_shape_avl_actual_local_cl_re,loaded_dihedral_avl,0.009085013960493861,0.01297489331929009,0.0119979,0.02497279331929009,167.573081500923,171.59851239452453,0.41492047192385756,0.9659077321890178,"mixed_not_mission_grade:full_polar_candidate_not_mission_grade,full_polar_mission_grade_candidate,full_polar_mission_grade_candidate_query_warning_not_mission_grade",4,target
tier2_loaded_shape_airfoil_mvp_v1,combo_5261,root:dae21|mid1:cst_mid1_nsga2_g05_child_0114_b5496e0b|mid2:cst_mid2_nsga2_g01_child_0046_9585b968|tip:cst_tip_nsga2_g05_child_0032_70ef8136,dae21,cst_mid1_nsga2_g05_child_0114_b5496e0b,cst_mid2_nsga2_g01_child_0046_9585b968,cst_tip_nsga2_g05_child_0032_70ef8136,0.008151916316415023,0.01572395733583778,0.41492047192385756,0.043240607672308196,false,actual_loaded_shape_query_warning_not_mission_grade,root:full_polar_candidate_not_mission_grade; mid1:full_polar_mission_grade_candidate; mid2:full_polar_mission_grade_candidate; tip:full_polar_mission_grade_candidate,cl_outside_polar_envelope,top_raw_profile_proxy,evaluated_on_stage6_loaded_shape_cl_re,stage6_loaded_shape_avl_actual_local_cl_re,loaded_dihedral_avl,0.009079451738944954,0.012969331097741184,0.0119979,0.024967231097741183,167.53575773849784,171.5611886320994,0.41492047192385756,0.9659077321890178,"mixed_not_mission_grade:full_polar_candidate_not_mission_grade,full_polar_mission_grade_candidate,full_polar_mission_grade_candidate_query_warning_not_mission_grade",4,target
tier2_loaded_shape_airfoil_mvp_v1,combo_4161,root:fx76mp140|mid1:cst_mid1_nsga2_g06_child_0001_a86879e2|mid2:cst_mid2_nsga2_g01_child_0046_9585b968|tip:cst_tip_nsga2_g05_child_0032_70ef8136,fx76mp140,cst_mid1_nsga2_g06_child_0001_a86879e2,cst_mid2_nsga2_g01_child_0046_9585b968,cst_tip_nsga2_g05_child_0032_70ef8136,0.00815297868106039,0.01565084101942702,0.41492047192385756,0.043240607672308196,false,actual_loaded_shape_query_warning_not_mission_grade,root:full_polar_candidate_not_mission_grade; mid1:full_polar_mission_grade_candidate; mid2:full_polar_mission_grade_candidate; tip:full_polar_mission_grade_candidate,cl_outside_polar_envelope,top_raw_profile_proxy,evaluated_on_stage6_loaded_shape_cl_re,stage6_loaded_shape_avl_actual_local_cl_re,loaded_dihedral_avl,0.00907714610121082,0.01296702546000705,0.0119979,0.024964925460007052,167.5202863887376,171.54571728233913,0.41492047192385756,0.9659077321890178,"mixed_not_mission_grade:full_polar_candidate_not_mission_grade,full_polar_mission_grade_candidate,full_polar_mission_grade_candidate_query_warning_not_mission_grade",4,target
tier2_loaded_shape_airfoil_mvp_v1,combo_5161,root:dae21|mid1:cst_mid1_nsga2_g06_child_0001_a86879e2|mid2:cst_mid2_nsga2_g01_child_0046_9585b968|tip:cst_tip_nsga2_g05_child_0032_70ef8136,dae21,cst_mid1_nsga2_g06_child_0001_a86879e2,cst_mid2_nsga2_g01_child_0046_9585b968,cst_tip_nsga2_g05_child_0032_70ef8136,0.008153074550112722,0.015698972493457936,0.41492047192385756,0.043240607672308196,false,actual_loaded_shape_query_warning_not_mission_grade,root:full_polar_candidate_not_mission_grade; mid1:full_polar_mission_grade_candidate; mid2:full_polar_mission_grade_candidate; tip:full_polar_mission_grade_candidate,cl_outside_polar_envelope,top_raw_profile_proxy,evaluated_on_stage6_loaded_shape_cl_re,stage6_loaded_shape_avl_actual_local_cl_re,loaded_dihedral_avl,0.009071583879661914,0.012961463238458143,0.0119979,0.024959363238458144,167.48296262631246,171.50839351991402,0.41492047192385756,0.9659077321890178,"mixed_not_mission_grade:full_polar_candidate_not_mission_grade,full_polar_mission_grade_candidate,full_polar_mission_grade_candidate_query_warning_not_mission_grade",4,target
tier2_loaded_shape_airfoil_mvp_v1,combo_4066,root:fx76mp140|mid1:dae31|mid2:cst_mid2_nsga2_g01_child_0046_9585b968|tip:cst_tip_nsga2_g01_child_0118_60ecf404,fx76mp140,dae31,cst_mid2_nsga2_g01_child_0046_9585b968,cst_tip_nsga2_g01_child_0118_60ecf404,0.008161462194853263,0.017697287862887736,0.41492047192385756,0.043240607672308196,false,actual_loaded_shape_query_warning_not_mission_grade,root:full_polar_candidate_not_mission_grade; mid1:full_polar_mission_grade_candidate; mid2:full_polar_mission_grade_candidate; tip:full_polar_mission_grade_candidate,cl_outside_polar_envelope,top_raw_profile_proxy,evaluated_on_stage6_loaded_shape_cl_re,stage6_loaded_shape_avl_actual_local_cl_re,loaded_dihedral_avl,0.008540773004286134,0.012430652363082363,0.0119979,0.024428552363082362,163.92110180667348,167.946532700275,0.41492047192385756,0.9659077321890178,"mixed_not_mission_grade:full_polar_candidate_not_mission_grade,full_polar_mission_grade_candidate,full_polar_mission_grade_candidate_query_warning_not_mission_grade",4,target
tier2_loaded_shape_airfoil_mvp_v1,combo_5066,root:dae21|mid1:dae31|mid2:cst_mid2_nsga2_g01_child_0046_9585b968|tip:cst_tip_nsga2_g01_child_0118_60ecf404,dae21,dae31,cst_mid2_nsga2_g01_child_0046_9585b968,cst_tip_nsga2_g01_child_0118_60ecf404,0.008161558063905597,0.01774541933691865,0.41492047192385756,0.043240607672308196,false,actual_loaded_shape_query_warning_not_mission_grade,root:full_polar_candidate_not_mission_grade; mid1:full_polar_mission_grade_candidate; mid2:full_polar_mission_grade_candidate; tip:full_polar_mission_grade_candidate,cl_outside_polar_envelope,top_raw_profile_proxy,evaluated_on_stage6_loaded_shape_cl_re,stage6_loaded_shape_avl_actual_local_cl_re,loaded_dihedral_avl,0.008535210782737227,0.012425090141533457,0.0119979,0.024422990141533457,163.88377804424834,167.90920893784988,0.41492047192385756,0.9659077321890178,"mixed_not_mission_grade:full_polar_candidate_not_mission_grade,full_polar_mission_grade_candidate,full_polar_mission_grade_candidate_query_warning_not_mission_grade",4,target
tier2_loaded_shape_airfoil_mvp_v1,combo_7761,root:dae11|mid1:dae11|mid2:cst_mid2_nsga2_g01_child_0046_9585b968|tip:cst_tip_nsga2_g05_child_0032_70ef8136,dae11,dae11,cst_mid2_nsga2_g01_child_0046_9585b968,cst_tip_nsga2_g05_child_0032_70ef8136,0.00817200038148923,0.018992023302274435,0.41492047192385756,0.043240607672308196,false,actual_loaded_shape_query_warning_not_mission_grade,root:full_polar_candidate_not_mission_grade; mid1:full_polar_candidate_not_mission_grade; mid2:full_polar_mission_grade_candidate; tip:full_polar_mission_grade_candidate,cl_outside_polar_envelope,top_raw_profile_proxy,evaluated_on_stage6_loaded_shape_cl_re,stage6_loaded_shape_avl_actual_local_cl_re,loaded_dihedral_avl,0.00912635235603372,0.01301623171482995,0.0119979,0.02501413171482995,167.85047146833077,171.87590236193228,0.41492047192385756,0.9659077321890178,"mixed_not_mission_grade:full_polar_candidate_not_mission_grade,full_polar_mission_grade_candidate,full_polar_mission_grade_candidate_query_warning_not_mission_grade",4,target
tier2_loaded_shape_airfoil_mvp_v1,combo_1461,root:cst_root_nsga2_g04_child_0066_2124fc90|mid1:cst_mid1_nsga2_g04_child_0075_96fc4d1a|mid2:cst_mid2_nsga2_g01_child_0046_9585b968|tip:cst_tip_nsga2_g05_child_0032_70ef8136,cst_root_nsga2_g04_child_0066_2124fc90,cst_mid1_nsga2_g04_child_0075_96fc4d1a,cst_mid2_nsga2_g01_child_0046_9585b968,cst_tip_nsga2_g05_child_0032_70ef8136,0.008172914137525904,0.015706973566327366,0.41492047192385756,0.043240607672308196,false,actual_loaded_shape_query_warning_not_mission_grade,root:full_polar_mission_grade_candidate; mid1:full_polar_candidate_not_mission_grade; mid2:full_polar_mission_grade_candidate; tip:full_polar_mission_grade_candidate,cl_outside_polar_envelope,top_raw_profile_proxy,evaluated_on_stage6_loaded_shape_cl_re,stage6_loaded_shape_avl_actual_local_cl_re,loaded_dihedral_avl,0.00913042912455828,0.013020308483354509,0.0119979,0.02501820848335451,167.8778275055786,171.90325839918017,0.41492047192385756,0.9659077321890178,"mixed_not_mission_grade:full_polar_candidate_not_mission_grade,full_polar_mission_grade_candidate,full_polar_mission_grade_candidate_query_warning_not_mission_grade",4,target
tier2_loaded_shape_airfoil_mvp_v1,combo_0666,root:dae31|mid1:dae21|mid2:cst_mid2_nsga2_g01_child_0046_9585b968|tip:cst_tip_nsga2_g01_child_0118_60ecf404,dae31,dae21,cst_mid2_nsga2_g01_child_0046_9585b968,cst_tip_nsga2_g01_child_0118_60ecf404,0.008199650508120266,0.01791205262042155,0.41492047192385756,0.043240607672308196,false,actual_loaded_shape_query_warning_not_mission_grade,root:full_polar_mission_grade_candidate; mid1:full_polar_candidate_not_mission_grade; mid2:full_polar_mission_grade_candidate; tip:full_polar_mission_grade_candidate,cl_outside_polar_envelope,top_raw_profile_proxy,evaluated_on_stage6_loaded_shape_cl_re,stage6_loaded_shape_avl_actual_local_cl_re,loaded_dihedral_avl,0.00856549437443697,0.012455373733233199,0.0119979,0.0244532737332332,164.08698778194804,168.11241867554958,0.41492047192385756,0.9659077321890178,"mixed_not_mission_grade:full_polar_candidate_not_mission_grade,full_polar_mission_grade_candidate,full_polar_mission_grade_candidate_query_warning_not_mission_grade",4,target
tier2_loaded_shape_airfoil_mvp_v1,combo_4361,root:fx76mp140|mid1:cst_mid1_nsga2_g07_child_0111_0738f459|mid2:cst_mid2_nsga2_g01_child_0046_9585b968|tip:cst_tip_nsga2_g05_child_0032_70ef8136,fx76mp140,cst_mid1_nsga2_g07_child_0111_0738f459,cst_mid2_nsga2_g01_child_0046_9585b968,cst_tip_nsga2_g05_child_0032_70ef8136,0.008203523750774358,0.015705828077286255,0.41492047192385756,0.043240607672308196,false,actual_loaded_shape_query_warning_not_mission_grade,root:full_polar_candidate_not_mission_grade; mid1:full_polar_mission_grade_candidate; mid2:full_polar_mission_grade_candidate; tip:full_polar_mission_grade_candidate,cl_outside_polar_envelope,top_raw_profile_proxy,evaluated_on_stage6_loaded_shape_cl_re,stage6_loaded_shape_avl_actual_local_cl_re,loaded_dihedral_avl,0.009125140882865913,0.013015020241662142,0.0119979,0.025012920241662143,167.84234220984976,171.86777310345127,0.41492047192385756,0.9659077321890178,"mixed_not_mission_grade:full_polar_candidate_not_mission_grade,full_polar_mission_grade_candidate,full_polar_mission_grade_candidate_query_warning_not_mission_grade",4,target
tier2_loaded_shape_airfoil_mvp_v1,combo_5361,root:dae21|mid1:cst_mid1_nsga2_g07_child_0111_0738f459|mid2:cst_mid2_nsga2_g01_child_0046_9585b968|tip:cst_tip_nsga2_g05_child_0032_70ef8136,dae21,cst_mid1_nsga2_g07_child_0111_0738f459,cst_mid2_nsga2_g01_child_0046_9585b968,cst_tip_nsga2_g05_child_0032_70ef8136,0.00820361961982669,0.015753959551317174,0.41492047192385756,0.043240607672308196,false,actual_loaded_shape_query_warning_not_mission_grade,root:full_polar_candidate_not_mission_grade; mid1:full_polar_mission_grade_candidate; mid2:full_polar_mission_grade_candidate; tip:full_polar_mission_grade_candidate,cl_outside_polar_envelope,top_raw_profile_proxy,evaluated_on_stage6_loaded_shape_cl_re,stage6_loaded_shape_avl_actual_local_cl_re,loaded_dihedral_avl,0.009119578661317006,0.013009458020113236,0.0119979,0.025007358020113238,167.80501844742463,171.83044934102614,0.41492047192385756,0.9659077321890178,"mixed_not_mission_grade:full_polar_candidate_not_mission_grade,full_polar_mission_grade_candidate,full_polar_mission_grade_candidate_query_warning_not_mission_grade",4,target
tier2_loaded_shape_airfoil_mvp_v1,combo_2661,root:cst_root_nsga2_g04_child_0036_d62dd7fc|mid1:dae21|mid2:cst_mid2_nsga2_g01_child_0046_9585b968|tip:cst_tip_nsga2_g05_child_0032_70ef8136,cst_root_nsga2_g04_child_0036_d62dd7fc,dae21,cst_mid2_nsga2_g01_child_0046_9585b968,cst_tip_nsga2_g05_child_0032_70ef8136,0.008208146369408604,0.015861178743347415,0.41492047192385756,0.043240607672308196,false,actual_loaded_shape_query_warning_not_mission_grade,root:full_polar_mission_grade_candidate; mid1:full_polar_candidate_not_mission_grade; mid2:full_polar_mission_grade_candidate; tip:full_polar_mission_grade_candidate,cl_outside_polar_envelope,top_raw_profile_proxy,evaluated_on_stage6_loaded_shape_cl_re,stage6_loaded_shape_avl_actual_local_cl_re,loaded_dihedral_avl,0.00916780873534485,0.01305768809414108,0.0119979,0.02505558809414108,168.12865313348195,172.15408402708348,0.41492047192385756,0.9659077321890178,"mixed_not_mission_grade:full_polar_candidate_not_mission_grade,full_polar_mission_grade_candidate,full_polar_mission_grade_candidate_query_warning_not_mission_grade",4,target
tier2_loaded_shape_airfoil_mvp_v1,combo_3661,root:cst_root_nsga2_g04_child_0010_d050d0cc|mid1:dae21|mid2:cst_mid2_nsga2_g01_child_0046_9585b968|tip:cst_tip_nsga2_g05_child_0032_70ef8136,cst_root_nsga2_g04_child_0010_d050d0cc,dae21,cst_mid2_nsga2_g01_child_0046_9585b968,cst_tip_nsga2_g05_child_0032_70ef8136,0.008215320785218725,0.015934236313497857,0.41492047192385756,0.043240607672308196,false,actual_loaded_shape_query_warning_not_mission_grade,root:full_polar_mission_grade_candidate; mid1:full_polar_candidate_not_mission_grade; mid2:full_polar_mission_grade_candidate; tip:full_polar_mission_grade_candidate,cl_outside_polar_envelope,top_raw_profile_proxy,evaluated_on_stage6_loaded_shape_cl_re,stage6_loaded_shape_avl_actual_local_cl_re,loaded_dihedral_avl,0.009171949616189277,0.013061828974985507,0.0119979,0.025059728974985505,168.15643937887134,172.18187027247288,0.41492047192385756,0.9659077321890178,"mixed_not_mission_grade:full_polar_candidate_not_mission_grade,full_polar_mission_grade_candidate,full_polar_mission_grade_candidate_query_warning_not_mission_grade",4,target
tier2_loaded_shape_airfoil_mvp_v1,combo_0566,root:dae31|mid1:fx76mp140|mid2:cst_mid2_nsga2_g01_child_0046_9585b968|tip:cst_tip_nsga2_g01_child_0118_60ecf404,dae31,fx76mp140,cst_mid2_nsga2_g01_child_0046_9585b968,cst_tip_nsga2_g01_child_0118_60ecf404,0.008240410694218932,0.017905993113525906,0.41492047192385756,0.043240607672308196,false,actual_loaded_shape_query_warning_not_mission_grade,root:full_polar_mission_grade_candidate; mid1:full_polar_candidate_not_mission_grade; mid2:full_polar_mission_grade_candidate; tip:full_polar_mission_grade_candidate,cl_outside_polar_envelope,top_raw_profile_proxy,evaluated_on_stage6_loaded_shape_cl_re,stage6_loaded_shape_avl_actual_local_cl_re,loaded_dihedral_avl,0.008611242140949906,0.012501121499746136,0.0119979,0.024499021499746136,164.39396562412782,168.41939651772938,0.41492047192385756,0.9659077321890178,"mixed_not_mission_grade:full_polar_candidate_not_mission_grade,full_polar_mission_grade_candidate,full_polar_mission_grade_candidate_query_warning_not_mission_grade",4,target
tier2_loaded_shape_airfoil_mvp_v1,combo_2561,root:cst_root_nsga2_g04_child_0036_d62dd7fc|mid1:fx76mp140|mid2:cst_mid2_nsga2_g01_child_0046_9585b968|tip:cst_tip_nsga2_g05_child_0032_70ef8136,cst_root_nsga2_g04_child_0036_d62dd7fc,fx76mp140,cst_mid2_nsga2_g01_child_0046_9585b968,cst_tip_nsga2_g05_child_0032_70ef8136,0.00824890655550727,0.015855119236451772,0.41492047192385756,0.043240607672308196,false,actual_loaded_shape_query_warning_not_mission_grade,root:full_polar_mission_grade_candidate; mid1:full_polar_candidate_not_mission_grade; mid2:full_polar_mission_grade_candidate; tip:full_polar_mission_grade_candidate,cl_outside_polar_envelope,top_raw_profile_proxy,evaluated_on_stage6_loaded_shape_cl_re,stage6_loaded_shape_avl_actual_local_cl_re,loaded_dihedral_avl,0.00921355650185779,0.013103435860654019,0.0119979,0.02510133586065402,168.43563097566175,172.4610618692633,0.41492047192385756,0.9659077321890178,"mixed_not_mission_grade:full_polar_candidate_not_mission_grade,full_polar_mission_grade_candidate,full_polar_mission_grade_candidate_query_warning_not_mission_grade",4,target
tier2_loaded_shape_airfoil_mvp_v1,combo_4666,root:fx76mp140|mid1:dae21|mid2:cst_mid2_nsga2_g01_child_0046_9585b968|tip:cst_tip_nsga2_g01_child_0118_60ecf404,fx76mp140,dae21,cst_mid2_nsga2_g01_child_0046_9585b968,cst_tip_nsga2_g01_child_0118_60ecf404,0.008251500550827942,0.021002991712802715,0.41492047192385756,0.043240607672308196,false,actual_loaded_shape_query_warning_not_mission_grade,root:full_polar_candidate_not_mission_grade; mid1:full_polar_candidate_not_mission_grade; mid2:full_polar_mission_grade_candidate; tip:full_polar_mission_grade_candidate,cl_outside_polar_envelope,top_raw_profile_proxy,evaluated_on_stage6_loaded_shape_cl_re,stage6_loaded_shape_avl_actual_local_cl_re,loaded_dihedral_avl,0.008637467703851985,0.012527347062648214,0.0119979,0.024525247062648213,164.56994507237815,168.59537596597966,0.41492047192385756,0.9659077321890178,"mixed_not_mission_grade:full_polar_candidate_not_mission_grade,full_polar_mission_grade_candidate,full_polar_mission_grade_candidate_query_warning_not_mission_grade",4,target
tier2_loaded_shape_airfoil_mvp_v1,combo_5666,root:dae21|mid1:dae21|mid2:cst_mid2_nsga2_g01_child_0046_9585b968|tip:cst_tip_nsga2_g01_child_0118_60ecf404,dae21,dae21,cst_mid2_nsga2_g01_child_0046_9585b968,cst_tip_nsga2_g01_child_0118_60ecf404,0.008251596419880276,0.021051123186833633,0.41492047192385756,0.043240607672308196,false,actual_loaded_shape_query_warning_not_mission_grade,root:full_polar_candidate_not_mission_grade; mid1:full_polar_candidate_not_mission_grade; mid2:full_polar_mission_grade_candidate; tip:full_polar_mission_grade_candidate,cl_outside_polar_envelope,top_raw_profile_proxy,evaluated_on_stage6_loaded_shape_cl_re,stage6_loaded_shape_avl_actual_local_cl_re,loaded_dihedral_avl,0.008631905482303076,0.012521784841099306,0.0119979,0.024519684841099308,164.532621309953,168.5580522035545,0.41492047192385756,0.9659077321890178,"mixed_not_mission_grade:full_polar_candidate_not_mission_grade,full_polar_mission_grade_candidate,full_polar_mission_grade_candidate_query_warning_not_mission_grade",4,target
tier2_loaded_shape_airfoil_mvp_v1,combo_3561,root:cst_root_nsga2_g04_child_0010_d050d0cc|mid1:fx76mp140|mid2:cst_mid2_nsga2_g01_child_0046_9585b968|tip:cst_tip_nsga2_g05_child_0032_70ef8136,cst_root_nsga2_g04_child_0010_d050d0cc,fx76mp140,cst_mid2_nsga2_g01_child_0046_9585b968,cst_tip_nsga2_g05_child_0032_70ef8136,0.008256080971317394,0.015928176806602214,0.41492047192385756,0.043240607672308196,false,actual_loaded_shape_query_warning_not_mission_grade,root:full_polar_mission_grade_candidate; mid1:full_polar_candidate_not_mission_grade; mid2:full_polar_mission_grade_candidate; tip:full_polar_mission_grade_candidate,cl_outside_polar_envelope,top_raw_profile_proxy,evaluated_on_stage6_loaded_shape_cl_re,stage6_loaded_shape_avl_actual_local_cl_re,loaded_dihedral_avl,0.009217697382702216,0.013107576741498445,0.0119979,0.025105476741498448,168.46341722105117,172.48884811465268,0.41492047192385756,0.9659077321890178,"mixed_not_mission_grade:full_polar_candidate_not_mission_grade,full_polar_mission_grade_candidate,full_polar_mission_grade_candidate_query_warning_not_mission_grade",4,target
tier2_loaded_shape_airfoil_mvp_v1,combo_1761,root:cst_root_nsga2_g04_child_0066_2124fc90|mid1:dae11|mid2:cst_mid2_nsga2_g01_child_0046_9585b968|tip:cst_tip_nsga2_g05_child_0032_70ef8136,cst_root_nsga2_g04_child_0066_2124fc90,dae11,cst_mid2_nsga2_g01_child_0046_9585b968,cst_tip_nsga2_g05_child_0032_70ef8136,0.008279140609192225,0.015964151774224833,0.41492047192385756,0.043240607672308196,false,actual_loaded_shape_query_warning_not_mission_grade,root:full_polar_mission_grade_candidate; mid1:full_polar_candidate_not_mission_grade; mid2:full_polar_mission_grade_candidate; tip:full_polar_mission_grade_candidate,cl_outside_polar_envelope,top_raw_profile_proxy,evaluated_on_stage6_loaded_shape_cl_re,stage6_loaded_shape_avl_actual_local_cl_re,loaded_dihedral_avl,0.009234741163515347,0.013124620522311576,0.0119979,0.02512252052231158,168.57778483843245,172.603215732034,0.41492047192385756,0.9659077321890178,"mixed_not_mission_grade:full_polar_candidate_not_mission_grade,full_polar_mission_grade_candidate,full_polar_mission_grade_candidate_query_warning_not_mission_grade",4,target
tier2_loaded_shape_airfoil_mvp_v1,combo_4566,root:fx76mp140|mid1:fx76mp140|mid2:cst_mid2_nsga2_g01_child_0046_9585b968|tip:cst_tip_nsga2_g01_child_0118_60ecf404,fx76mp140,fx76mp140,cst_mid2_nsga2_g01_child_0046_9585b968,cst_tip_nsga2_g01_child_0118_60ecf404,0.00829226073692661,0.02099693220590707,0.41492047192385756,0.043240607672308196,false,actual_loaded_shape_query_warning_not_mission_grade,root:full_polar_candidate_not_mission_grade; mid1:full_polar_candidate_not_mission_grade; mid2:full_polar_mission_grade_candidate; tip:full_polar_mission_grade_candidate,cl_outside_polar_envelope,top_raw_profile_proxy,evaluated_on_stage6_loaded_shape_cl_re,stage6_loaded_shape_avl_actual_local_cl_re,loaded_dihedral_avl,0.008683215470364922,0.012573094829161151,0.0119979,0.02457099482916115,164.8769229145579,168.90235380815943,0.41492047192385756,0.9659077321890178,"mixed_not_mission_grade:full_polar_candidate_not_mission_grade,full_polar_mission_grade_candidate,full_polar_mission_grade_candidate_query_warning_not_mission_grade",4,target
tier2_loaded_shape_airfoil_mvp_v1,combo_5566,root:dae21|mid1:fx76mp140|mid2:cst_mid2_nsga2_g01_child_0046_9585b968|tip:cst_tip_nsga2_g01_child_0118_60ecf404,dae21,fx76mp140,cst_mid2_nsga2_g01_child_0046_9585b968,cst_tip_nsga2_g01_child_0118_60ecf404,0.008292356605978943,0.021045063679937987,0.41492047192385756,0.043240607672308196,false,actual_loaded_shape_query_warning_not_mission_grade,root:full_polar_candidate_not_mission_grade; mid1:full_polar_candidate_not_mission_grade; mid2:full_polar_mission_grade_candidate; tip:full_polar_mission_grade_candidate,cl_outside_polar_envelope,top_raw_profile_proxy,evaluated_on_stage6_loaded_shape_cl_re,stage6_loaded_shape_avl_actual_local_cl_re,loaded_dihedral_avl,0.008677653248816013,0.012567532607612243,0.0119979,0.024565432607612243,164.8395991521328,168.8650300457343,0.41492047192385756,0.9659077321890178,"mixed_not_mission_grade:full_polar_candidate_not_mission_grade,full_polar_mission_grade_candidate,full_polar_mission_grade_candidate_query_warning_not_mission_grade",4,target
tier2_loaded_shape_airfoil_mvp_v1,combo_7261,root:dae11|mid1:cst_mid1_nsga2_g05_child_0114_b5496e0b|mid2:cst_mid2_nsga2_g01_child_0046_9585b968|tip:cst_tip_nsga2_g05_child_0032_70ef8136,dae11,cst_mid1_nsga2_g05_child_0114_b5496e0b,cst_mid2_nsga2_g01_child_0046_9585b968,cst_tip_nsga2_g05_child_0032_70ef8136,0.008324026310823981,0.015831966349290735,0.41492047192385756,0.043240607672308196,false,actual_loaded_shape_query_warning_not_mission_grade,root:full_polar_candidate_not_mission_grade; mid1:full_polar_mission_grade_candidate; mid2:full_polar_mission_grade_candidate; tip:full_polar_mission_grade_candidate,cl_outside_polar_envelope,top_raw_profile_proxy,evaluated_on_stage6_loaded_shape_cl_re,stage6_loaded_shape_avl_actual_local_cl_re,loaded_dihedral_avl,0.009275174258728317,0.013165053617524547,0.0119979,0.025162953617524547,168.84910003624913,172.87453092985066,0.41492047192385756,0.9659077321890178,"mixed_not_mission_grade:full_polar_candidate_not_mission_grade,full_polar_mission_grade_candidate,full_polar_mission_grade_candidate_query_warning_not_mission_grade",4,target
tier2_loaded_shape_airfoil_mvp_v1,combo_7161,root:dae11|mid1:cst_mid1_nsga2_g06_child_0001_a86879e2|mid2:cst_mid2_nsga2_g01_child_0046_9585b968|tip:cst_tip_nsga2_g05_child_0032_70ef8136,dae11,cst_mid1_nsga2_g06_child_0001_a86879e2,cst_mid2_nsga2_g01_child_0046_9585b968,cst_tip_nsga2_g05_child_0032_70ef8136,0.00832518454452168,0.01580698150691089,0.41492047192385756,0.043240607672308196,false,actual_loaded_shape_query_warning_not_mission_grade,root:full_polar_candidate_not_mission_grade; mid1:full_polar_mission_grade_candidate; mid2:full_polar_mission_grade_candidate; tip:full_polar_mission_grade_candidate,cl_outside_polar_envelope,top_raw_profile_proxy,evaluated_on_stage6_loaded_shape_cl_re,stage6_loaded_shape_avl_actual_local_cl_re,loaded_dihedral_avl,0.009267306399445277,0.013157185758241506,0.0119979,0.025155085758241505,168.7963049240637,172.82173581766523,0.41492047192385756,0.9659077321890178,"mixed_not_mission_grade:full_polar_candidate_not_mission_grade,full_polar_mission_grade_candidate,full_polar_mission_grade_candidate_query_warning_not_mission_grade",4,target
tier2_loaded_shape_airfoil_mvp_v1,combo_7066,root:dae11|mid1:dae31|mid2:cst_mid2_nsga2_g01_child_0046_9585b968|tip:cst_tip_nsga2_g01_child_0118_60ecf404,dae11,dae31,cst_mid2_nsga2_g01_child_0046_9585b968,cst_tip_nsga2_g01_child_0118_60ecf404,0.008333668058314554,0.017853428350371604,0.41492047192385756,0.043240607672308196,false,actual_loaded_shape_query_warning_not_mission_grade,root:full_polar_candidate_not_mission_grade; mid1:full_polar_mission_grade_candidate; mid2:full_polar_mission_grade_candidate; tip:full_polar_mission_grade_candidate,cl_outside_polar_envelope,top_raw_profile_proxy,evaluated_on_stage6_loaded_shape_cl_re,stage6_loaded_shape_avl_actual_local_cl_re,loaded_dihedral_avl,0.008730933302520588,0.012620812661316818,0.0119979,0.024618712661316818,165.19712034199955,169.2225512356011,0.41492047192385756,0.9659077321890178,"mixed_not_mission_grade:full_polar_candidate_not_mission_grade,full_polar_mission_grade_candidate,full_polar_mission_grade_candidate_query_warning_not_mission_grade",4,target
tier2_loaded_shape_airfoil_mvp_v1,combo_0466,root:dae31|mid1:cst_mid1_nsga2_g04_child_0075_96fc4d1a|mid2:cst_mid2_nsga2_g01_child_0046_9585b968|tip:cst_tip_nsga2_g01_child_0118_60ecf404,dae31,cst_mid1_nsga2_g04_child_0075_96fc4d1a,cst_mid2_nsga2_g01_child_0046_9585b968,cst_tip_nsga2_g01_child_0118_60ecf404,0.008352292800971366,0.01785107933142117,0.41492047192385756,0.043240607672308196,false,actual_loaded_shape_query_warning_not_mission_grade,root:full_polar_mission_grade_candidate; mid1:full_polar_candidate_not_mission_grade; mid2:full_polar_mission_grade_candidate; tip:full_polar_mission_grade_candidate,cl_outside_polar_envelope,top_raw_profile_proxy,evaluated_on_stage6_loaded_shape_cl_re,stage6_loaded_shape_avl_actual_local_cl_re,loaded_dihedral_avl,0.00872728217840601,0.01261716153720224,0.0119979,0.02461506153720224,165.17262047484417,169.1980513684457,0.41492047192385756,0.9659077321890178,"mixed_not_mission_grade:full_polar_candidate_not_mission_grade,full_polar_mission_grade_candidate,full_polar_mission_grade_candidate_query_warning_not_mission_grade",4,target
tier2_loaded_shape_airfoil_mvp_v1,combo_2461,root:cst_root_nsga2_g04_child_0036_d62dd7fc|mid1:cst_mid1_nsga2_g04_child_0075_96fc4d1a|mid2:cst_mid2_nsga2_g01_child_0046_9585b968|tip:cst_tip_nsga2_g05_child_0032_70ef8136,cst_root_nsga2_g04_child_0036_d62dd7fc,cst_mid1_nsga2_g04_child_0075_96fc4d1a,cst_mid2_nsga2_g01_child_0046_9585b968,cst_tip_nsga2_g05_child_0032_70ef8136,0.008360788662259703,0.01580020545434704,0.41492047192385756,0.043240607672308196,false,actual_loaded_shape_query_warning_not_mission_grade,root:full_polar_mission_grade_candidate; mid1:full_polar_candidate_not_mission_grade; mid2:full_polar_mission_grade_candidate; tip:full_polar_mission_grade_candidate,cl_outside_polar_envelope,top_raw_profile_proxy,evaluated_on_stage6_loaded_shape_cl_re,stage6_loaded_shape_avl_actual_local_cl_re,loaded_dihedral_avl,0.009329596539313893,0.013219475898110122,0.0119979,0.02521737589811012,169.21428582637807,173.23971671997964,0.41492047192385756,0.9659077321890178,"mixed_not_mission_grade:full_polar_candidate_not_mission_grade,full_polar_mission_grade_candidate,full_polar_mission_grade_candidate_query_warning_not_mission_grade",4,target
tier2_loaded_shape_airfoil_mvp_v1,combo_3461,root:cst_root_nsga2_g04_child_0010_d050d0cc|mid1:cst_mid1_nsga2_g04_child_0075_96fc4d1a|mid2:cst_mid2_nsga2_g01_child_0046_9585b968|tip:cst_tip_nsga2_g05_child_0032_70ef8136,cst_root_nsga2_g04_child_0010_d050d0cc,cst_mid1_nsga2_g04_child_0075_96fc4d1a,cst_mid2_nsga2_g01_child_0046_9585b968,cst_tip_nsga2_g05_child_0032_70ef8136,0.008367963078069824,0.01587326302449748,0.41492047192385756,0.043240607672308196,false,actual_loaded_shape_query_warning_not_mission_grade,root:full_polar_mission_grade_candidate; mid1:full_polar_candidate_not_mission_grade; mid2:full_polar_mission_grade_candidate; tip:full_polar_mission_grade_candidate,cl_outside_polar_envelope,top_raw_profile_proxy,evaluated_on_stage6_loaded_shape_cl_re,stage6_loaded_shape_avl_actual_local_cl_re,loaded_dihedral_avl,0.00933373742015832,0.013223616778954549,0.0119979,0.02522151677895455,169.2420720717675,173.26750296536903,0.41492047192385756,0.9659077321890178,"mixed_not_mission_grade:full_polar_candidate_not_mission_grade,full_polar_mission_grade_candidate,full_polar_mission_grade_candidate_query_warning_not_mission_grade",4,target
tier2_loaded_shape_airfoil_mvp_v1,combo_7361,root:dae11|mid1:cst_mid1_nsga2_g07_child_0111_0738f459|mid2:cst_mid2_nsga2_g01_child_0046_9585b968|tip:cst_tip_nsga2_g05_child_0032_70ef8136,dae11,cst_mid1_nsga2_g07_child_0111_0738f459,cst_mid2_nsga2_g01_child_0046_9585b968,cst_tip_nsga2_g05_child_0032_70ef8136,0.008375729614235647,0.015861968564770127,0.41492047192385756,0.043240607672308196,false,actual_loaded_shape_query_warning_not_mission_grade,root:full_polar_candidate_not_mission_grade; mid1:full_polar_mission_grade_candidate; mid2:full_polar_mission_grade_candidate; tip:full_polar_mission_grade_candidate,cl_outside_polar_envelope,top_raw_profile_proxy,evaluated_on_stage6_loaded_shape_cl_re,stage6_loaded_shape_avl_actual_local_cl_re,loaded_dihedral_avl,0.009315301181100367,0.013205180539896597,0.0119979,0.025203080539896595,169.11836074517583,173.14379163877737,0.41492047192385756,0.9659077321890178,"mixed_not_mission_grade:full_polar_candidate_not_mission_grade,full_polar_mission_grade_candidate,full_polar_mission_grade_candidate_query_warning_not_mission_grade",4,target
tier2_loaded_shape_airfoil_mvp_v1,combo_4466,root:fx76mp140|mid1:cst_mid1_nsga2_g04_child_0075_96fc4d1a|mid2:cst_mid2_nsga2_g01_child_0046_9585b968|tip:cst_tip_nsga2_g01_child_0118_60ecf404,fx76mp140,cst_mid1_nsga2_g04_child_0075_96fc4d1a,cst_mid2_nsga2_g01_child_0046_9585b968,cst_tip_nsga2_g01_child_0118_60ecf404,0.008404142843679043,0.020942018423802337,0.41492047192385756,0.043240607672308196,false,actual_loaded_shape_query_warning_not_mission_grade,root:full_polar_candidate_not_mission_grade; mid1:full_polar_candidate_not_mission_grade; mid2:full_polar_mission_grade_candidate; tip:full_polar_mission_grade_candidate,cl_outside_polar_envelope,top_raw_profile_proxy,evaluated_on_stage6_loaded_shape_cl_re,stage6_loaded_shape_avl_actual_local_cl_re,loaded_dihedral_avl,0.008799255507821025,0.012689134866617255,0.0119979,0.024687034866617254,165.65557776527424,169.6810086588758,0.41492047192385756,0.9659077321890178,"mixed_not_mission_grade:full_polar_candidate_not_mission_grade,full_polar_mission_grade_candidate,full_polar_mission_grade_candidate_query_warning_not_mission_grade",4,target
tier2_loaded_shape_airfoil_mvp_v1,combo_5466,root:dae21|mid1:cst_mid1_nsga2_g04_child_0075_96fc4d1a|mid2:cst_mid2_nsga2_g01_child_0046_9585b968|tip:cst_tip_nsga2_g01_child_0118_60ecf404,dae21,cst_mid1_nsga2_g04_child_0075_96fc4d1a,cst_mid2_nsga2_g01_child_0046_9585b968,cst_tip_nsga2_g01_child_0118_60ecf404,0.008404238712731375,0.020990149897833255,0.41492047192385756,0.043240607672308196,false,actual_loaded_shape_query_warning_not_mission_grade,root:full_polar_candidate_not_mission_grade; mid1:full_polar_candidate_not_mission_grade; mid2:full_polar_mission_grade_candidate; tip:full_polar_mission_grade_candidate,cl_outside_polar_envelope,top_raw_profile_proxy,evaluated_on_stage6_loaded_shape_cl_re,stage6_loaded_shape_avl_actual_local_cl_re,loaded_dihedral_avl,0.008793693286272119,0.012683572645068348,0.0119979,0.02468147264506835,165.61825400284914,169.64368489645065,0.41492047192385756,0.9659077321890178,"mixed_not_mission_grade:full_polar_candidate_not_mission_grade,full_polar_mission_grade_candidate,full_polar_mission_grade_candidate_query_warning_not_mission_grade",4,target
tier2_loaded_shape_airfoil_mvp_v1,combo_7666,root:dae11|mid1:dae21|mid2:cst_mid2_nsga2_g01_child_0046_9585b968|tip:cst_tip_nsga2_g01_child_0118_60ecf404,dae11,dae21,cst_mid2_nsga2_g01_child_0046_9585b968,cst_tip_nsga2_g01_child_0118_60ecf404,0.008423706414289234,0.021159132200286587,0.41492047192385756,0.043240607672308196,false,actual_loaded_shape_query_warning_not_mission_grade,root:full_polar_candidate_not_mission_grade; mid1:full_polar_candidate_not_mission_grade; mid2:full_polar_mission_grade_candidate; tip:full_polar_mission_grade_candidate,cl_outside_polar_envelope,top_raw_profile_proxy,evaluated_on_stage6_loaded_shape_cl_re,stage6_loaded_shape_avl_actual_local_cl_re,loaded_dihedral_avl,0.00882762800208644,0.012717507360882669,0.0119979,0.02471540736088267,165.84596360770422,169.87139450130576,0.41492047192385756,0.9659077321890178,"mixed_not_mission_grade:full_polar_candidate_not_mission_grade,full_polar_mission_grade_candidate,full_polar_mission_grade_candidate_query_warning_not_mission_grade",4,target
tier2_loaded_shape_airfoil_mvp_v1,combo_1261,root:cst_root_nsga2_g04_child_0066_2124fc90|mid1:cst_mid1_nsga2_g05_child_0114_b5496e0b|mid2:cst_mid2_nsga2_g01_child_0046_9585b968|tip:cst_tip_nsga2_g05_child_0032_70ef8136,cst_root_nsga2_g04_child_0066_2124fc90,cst_mid1_nsga2_g05_child_0114_b5496e0b,cst_mid2_nsga2_g01_child_0046_9585b968,cst_tip_nsga2_g05_child_0032_70ef8136,0.008431166538526977,0.012804094821241134,0.41492047192385756,0.043240607672308196,false,actual_loaded_shape_query_warning_not_mission_grade,root:full_polar_mission_grade_candidate; mid1:full_polar_mission_grade_candidate; mid2:full_polar_mission_grade_candidate; tip:full_polar_mission_grade_candidate,cl_outside_polar_envelope,top_raw_profile_proxy,evaluated_on_stage6_loaded_shape_cl_re,stage6_loaded_shape_avl_actual_local_cl_re,loaded_dihedral_avl,0.009383563066209941,0.01327344242500617,0.0119979,0.02527134242500617,169.5764134063508,173.60184429995238,0.41492047192385756,0.9659077321890178,"mixed_not_mission_grade:full_polar_mission_grade_candidate,full_polar_mission_grade_candidate_query_warning_not_mission_grade",4,target
tier2_loaded_shape_airfoil_mvp_v1,combo_1161,root:cst_root_nsga2_g04_child_0066_2124fc90|mid1:cst_mid1_nsga2_g06_child_0001_a86879e2|mid2:cst_mid2_nsga2_g01_child_0046_9585b968|tip:cst_tip_nsga2_g05_child_0032_70ef8136,cst_root_nsga2_g04_child_0066_2124fc90,cst_mid1_nsga2_g06_child_0001_a86879e2,cst_mid2_nsga2_g01_child_0046_9585b968,cst_tip_nsga2_g05_child_0032_70ef8136,0.008432324772224675,0.012779109978861291,0.41492047192385756,0.043240607672308196,false,actual_loaded_shape_query_warning_not_mission_grade,root:full_polar_mission_grade_candidate; mid1:full_polar_mission_grade_candidate; mid2:full_polar_mission_grade_candidate; tip:full_polar_mission_grade_candidate,cl_outside_polar_envelope,top_raw_profile_proxy,evaluated_on_stage6_loaded_shape_cl_re,stage6_loaded_shape_avl_actual_local_cl_re,loaded_dihedral_avl,0.0093756952069269,0.01326557456572313,0.0119979,0.02526347456572313,169.5236182941654,173.54904918776694,0.41492047192385756,0.9659077321890178,"mixed_not_mission_grade:full_polar_mission_grade_candidate,full_polar_mission_grade_candidate_query_warning_not_mission_grade",4,target
tier2_loaded_shape_airfoil_mvp_v1,combo_1066,root:cst_root_nsga2_g04_child_0066_2124fc90|mid1:dae31|mid2:cst_mid2_nsga2_g01_child_0046_9585b968|tip:cst_tip_nsga2_g01_child_0118_60ecf404,cst_root_nsga2_g04_child_0066_2124fc90,dae31,cst_mid2_nsga2_g01_child_0046_9585b968,cst_tip_nsga2_g01_child_0118_60ecf404,0.008440808286017551,0.014825556822322006,0.41492047192385756,0.043240607672308196,false,actual_loaded_shape_query_warning_not_mission_grade,root:full_polar_mission_grade_candidate; mid1:full_polar_mission_grade_candidate; mid2:full_polar_mission_grade_candidate; tip:full_polar_mission_grade_candidate,cl_outside_polar_envelope,top_raw_profile_proxy,evaluated_on_stage6_loaded_shape_cl_re,stage6_loaded_shape_avl_actual_local_cl_re,loaded_dihedral_avl,0.008839322110002214,0.012729201468798444,0.0119979,0.024727101468798446,165.92443371210132,169.9498646057028,0.41492047192385756,0.9659077321890178,"mixed_not_mission_grade:full_polar_mission_grade_candidate,full_polar_mission_grade_candidate_query_warning_not_mission_grade",4,target
tier2_loaded_shape_airfoil_mvp_v1,combo_0766,root:dae31|mid1:dae11|mid2:cst_mid2_nsga2_g01_child_0046_9585b968|tip:cst_tip_nsga2_g01_child_0118_60ecf404,dae31,dae11,cst_mid2_nsga2_g01_child_0046_9585b968,cst_tip_nsga2_g01_child_0118_60ecf404,0.008458519272637688,0.018108257539318637,0.41492047192385756,0.043240607672308196,false,actual_loaded_shape_query_warning_not_mission_grade,root:full_polar_mission_grade_candidate; mid1:full_polar_candidate_not_mission_grade; mid2:full_polar_mission_grade_candidate; tip:full_polar_mission_grade_candidate,cl_outside_polar_envelope,top_raw_profile_proxy,evaluated_on_stage6_loaded_shape_cl_re,stage6_loaded_shape_avl_actual_local_cl_re,loaded_dihedral_avl,0.008831594217363075,0.012721473576159305,0.0119979,0.024719373576159304,165.87257780769795,169.8980087012995,0.41492047192385756,0.9659077321890178,"mixed_not_mission_grade:full_polar_candidate_not_mission_grade,full_polar_mission_grade_candidate,full_polar_mission_grade_candidate_query_warning_not_mission_grade",4,target
tier2_loaded_shape_airfoil_mvp_v1,combo_0062,root:dae31|mid1:dae31|mid2:cst_mid2_nsga2_g01_child_0046_9585b968|tip:cst_tip_nsga2_g02_child_0093_97ccea59,dae31,dae31,cst_mid2_nsga2_g01_child_0046_9585b968,cst_tip_nsga2_g02_child_0093_97ccea59,0.008458877922613472,0.012889840334076494,0.41492047192385756,0.043240607672308196,false,actual_loaded_shape_query_warning_not_mission_grade,root:full_polar_mission_grade_candidate; mid1:full_polar_mission_grade_candidate; mid2:full_polar_mission_grade_candidate; tip:full_polar_mission_grade_candidate,cl_outside_polar_envelope,top_raw_profile_proxy,evaluated_on_stage6_loaded_shape_cl_re,stage6_loaded_shape_avl_actual_local_cl_re,loaded_dihedral_avl,0.008579074186397145,0.012468953545193374,0.0119979,0.024466853545193373,164.1781113862351,168.20354227983663,0.41492047192385756,0.9659077321890178,"mixed_not_mission_grade:full_polar_mission_grade_candidate,full_polar_mission_grade_candidate_query_warning_not_mission_grade",4,target
tier2_loaded_shape_airfoil_mvp_v1,combo_0064,root:dae31|mid1:dae31|mid2:cst_mid2_nsga2_g01_child_0046_9585b968|tip:cst_tip_nsga2_g06_child_0056_b3f9b7c4,dae31,dae31,cst_mid2_nsga2_g01_child_0046_9585b968,cst_tip_nsga2_g06_child_0056_b3f9b7c4,0.008463692812758982,0.012918444753208632,0.41492047192385756,0.043240607672308196,false,actual_loaded_shape_query_warning_not_mission_grade,root:full_polar_mission_grade_candidate; mid1:full_polar_mission_grade_candidate; mid2:full_polar_mission_grade_candidate; tip:full_polar_mission_grade_candidate,cl_outside_polar_envelope,top_raw_profile_proxy,evaluated_on_stage6_loaded_shape_cl_re,stage6_loaded_shape_avl_actual_local_cl_re,loaded_dihedral_avl,0.00857017287077077,0.012460052229567,0.0119979,0.024457952229567002,164.11838154865333,168.14381244225487,0.41492047192385756,0.9659077321890178,"mixed_not_mission_grade:full_polar_mission_grade_candidate,full_polar_mission_grade_candidate_query_warning_not_mission_grade",4,target
tier2_loaded_shape_airfoil_mvp_v1,combo_7566,root:dae11|mid1:fx76mp140|mid2:cst_mid2_nsga2_g01_child_0046_9585b968|tip:cst_tip_nsga2_g01_child_0118_60ecf404,dae11,fx76mp140,cst_mid2_nsga2_g01_child_0046_9585b968,cst_tip_nsga2_g01_child_0118_60ecf404,0.0084644666003879,0.02115307269339094,0.41492047192385756,0.043240607672308196,false,actual_loaded_shape_query_warning_not_mission_grade,root:full_polar_candidate_not_mission_grade; mid1:full_polar_candidate_not_mission_grade; mid2:full_polar_mission_grade_candidate; tip:full_polar_mission_grade_candidate,cl_outside_polar_envelope,top_raw_profile_proxy,evaluated_on_stage6_loaded_shape_cl_re,stage6_loaded_shape_avl_actual_local_cl_re,loaded_dihedral_avl,0.008873375768599376,0.012763255127395606,0.0119979,0.024761155127395608,166.15294144988403,170.17837234348556,0.41492047192385756,0.9659077321890178,"mixed_not_mission_grade:full_polar_candidate_not_mission_grade,full_polar_mission_grade_candidate,full_polar_mission_grade_candidate_query_warning_not_mission_grade",4,target
tier2_loaded_shape_airfoil_mvp_v1,combo_2761,root:cst_root_nsga2_g04_child_0036_d62dd7fc|mid1:dae11|mid2:cst_mid2_nsga2_g01_child_0046_9585b968|tip:cst_tip_nsga2_g05_child_0032_70ef8136,cst_root_nsga2_g04_child_0036_d62dd7fc,dae11,cst_mid2_nsga2_g01_child_0046_9585b968,cst_tip_nsga2_g05_child_0032_70ef8136,0.008467015133926024,0.016057383662244504,0.41492047192385756,0.043240607672308196,false,actual_loaded_shape_query_warning_not_mission_grade,root:full_polar_mission_grade_candidate; mid1:full_polar_candidate_not_mission_grade; mid2:full_polar_mission_grade_candidate; tip:full_polar_mission_grade_candidate,cl_outside_polar_envelope,top_raw_profile_proxy,evaluated_on_stage6_loaded_shape_cl_re,stage6_loaded_shape_avl_actual_local_cl_re,loaded_dihedral_avl,0.00943390857827096,0.01332378793706719,0.0119979,0.02532168793706719,169.91424315923192,173.93967405283348,0.41492047192385756,0.9659077321890178,"mixed_not_mission_grade:full_polar_candidate_not_mission_grade,full_polar_mission_grade_candidate,full_polar_mission_grade_candidate_query_warning_not_mission_grade",4,target
tier2_loaded_shape_airfoil_mvp_v1,combo_3761,root:cst_root_nsga2_g04_child_0010_d050d0cc|mid1:dae11|mid2:cst_mid2_nsga2_g01_child_0046_9585b968|tip:cst_tip_nsga2_g05_child_0032_70ef8136,cst_root_nsga2_g04_child_0010_d050d0cc,dae11,cst_mid2_nsga2_g01_child_0046_9585b968,cst_tip_nsga2_g05_child_0032_70ef8136,0.008474189549736149,0.016130441232394946,0.41492047192385756,0.043240607672308196,false,actual_loaded_shape_query_warning_not_mission_grade,root:full_polar_mission_grade_candidate; mid1:full_polar_candidate_not_mission_grade; mid2:full_polar_mission_grade_candidate; tip:full_polar_mission_grade_candidate,cl_outside_polar_envelope,top_raw_profile_proxy,evaluated_on_stage6_loaded_shape_cl_re,stage6_loaded_shape_avl_actual_local_cl_re,loaded_dihedral_avl,0.009438049459115387,0.013327928817911616,0.0119979,0.025325828817911615,169.94202940462134,173.96746029822287,0.41492047192385756,0.9659077321890178,"mixed_not_mission_grade:full_polar_candidate_not_mission_grade,full_polar_mission_grade_candidate,full_polar_mission_grade_candidate_query_warning_not_mission_grade",4,target
tier2_loaded_shape_airfoil_mvp_v1,combo_1361,root:cst_root_nsga2_g04_child_0066_2124fc90|mid1:cst_mid1_nsga2_g07_child_0111_0738f459|mid2:cst_mid2_nsga2_g01_child_0046_9585b968|tip:cst_tip_nsga2_g05_child_0032_70ef8136,cst_root_nsga2_g04_child_0066_2124fc90,cst_mid1_nsga2_g07_child_0111_0738f459,cst_mid2_nsga2_g01_child_0046_9585b968,cst_tip_nsga2_g05_child_0032_70ef8136,0.008482869841938644,0.012834097036720527,0.41492047192385756,0.043240607672308196,false,actual_loaded_shape_query_warning_not_mission_grade,root:full_polar_mission_grade_candidate; mid1:full_polar_mission_grade_candidate; mid2:full_polar_mission_grade_candidate; tip:full_polar_mission_grade_candidate,cl_outside_polar_envelope,top_raw_profile_proxy,evaluated_on_stage6_loaded_shape_cl_re,stage6_loaded_shape_avl_actual_local_cl_re,loaded_dihedral_avl,0.009423689988581995,0.013313569347378224,0.0119979,0.025311469347378227,169.8456741152776,173.8711050088791,0.41492047192385756,0.9659077321890178,"mixed_not_mission_grade:full_polar_mission_grade_candidate,full_polar_mission_grade_candidate_query_warning_not_mission_grade",4,target
tier2_loaded_shape_airfoil_mvp_v1,combo_0063,root:dae31|mid1:dae31|mid2:cst_mid2_nsga2_g01_child_0046_9585b968|tip:dae41,dae31,dae31,cst_mid2_nsga2_g01_child_0046_9585b968,dae41,0.00849923678901926,0.012915268816808977,0.41492047192385756,0.043240607672308196,false,actual_loaded_shape_query_warning_not_mission_grade,root:full_polar_mission_grade_candidate; mid1:full_polar_mission_grade_candidate; mid2:full_polar_mission_grade_candidate; tip:full_polar_candidate_not_mission_grade,cl_outside_polar_envelope,top_raw_profile_proxy,evaluated_on_stage6_loaded_shape_cl_re,stage6_loaded_shape_avl_actual_local_cl_re,loaded_dihedral_avl,0.008612745657450542,0.012502625016246771,0.0119979,0.02450052501624677,164.4040545593093,168.42948545291085,0.41492047192385756,0.9659077321890178,"mixed_not_mission_grade:full_polar_mission_grade_candidate,full_polar_mission_grade_candidate_query_warning_not_mission_grade",4,target
tier2_loaded_shape_airfoil_mvp_v1,combo_4766,root:fx76mp140|mid1:dae11|mid2:cst_mid2_nsga2_g01_child_0046_9585b968|tip:cst_tip_nsga2_g01_child_0118_60ecf404,fx76mp140,dae11,cst_mid2_nsga2_g01_child_0046_9585b968,cst_tip_nsga2_g01_child_0118_60ecf404,0.008510369315345365,0.021199196631699804,0.41492047192385756,0.043240607672308196,false,actual_loaded_shape_query_warning_not_mission_grade,root:full_polar_candidate_not_mission_grade; mid1:full_polar_candidate_not_mission_grade; mid2:full_polar_mission_grade_candidate; tip:full_polar_mission_grade_candidate,cl_outside_polar_envelope,top_raw_profile_proxy,evaluated_on_stage6_loaded_shape_cl_re,stage6_loaded_shape_avl_actual_local_cl_re,loaded_dihedral_avl,0.008903567546778091,0.01279344690557432,0.0119979,0.024791346905574323,166.3555350981281,170.38096599172962,0.41492047192385756,0.9659077321890178,"mixed_not_mission_grade:full_polar_candidate_not_mission_grade,full_polar_mission_grade_candidate,full_polar_mission_grade_candidate_query_warning_not_mission_grade",4,target
tier2_loaded_shape_airfoil_mvp_v1,combo_5766,root:dae21|mid1:dae11|mid2:cst_mid2_nsga2_g01_child_0046_9585b968|tip:cst_tip_nsga2_g01_child_0118_60ecf404,dae21,dae11,cst_mid2_nsga2_g01_child_0046_9585b968,cst_tip_nsga2_g01_child_0118_60ecf404,0.008510465184397699,0.021247328105730722,0.41492047192385756,0.043240607672308196,false,actual_loaded_shape_query_warning_not_mission_grade,root:full_polar_candidate_not_mission_grade; mid1:full_polar_candidate_not_mission_grade; mid2:full_polar_mission_grade_candidate; tip:full_polar_mission_grade_candidate,cl_outside_polar_envelope,top_raw_profile_proxy,evaluated_on_stage6_loaded_shape_cl_re,stage6_loaded_shape_avl_actual_local_cl_re,loaded_dihedral_avl,0.008898005325229184,0.012787884684025414,0.0119979,0.024785784684025414,166.31821133570293,170.34364222930446,0.41492047192385756,0.9659077321890178,"mixed_not_mission_grade:full_polar_candidate_not_mission_grade,full_polar_mission_grade_candidate,full_polar_mission_grade_candidate_query_warning_not_mission_grade",4,target
tier2_loaded_shape_airfoil_mvp_v1,combo_4062,root:fx76mp140|mid1:dae31|mid2:cst_mid2_nsga2_g01_child_0046_9585b968|tip:cst_tip_nsga2_g02_child_0093_97ccea59,fx76mp140,dae31,cst_mid2_nsga2_g01_child_0046_9585b968,cst_tip_nsga2_g02_child_0093_97ccea59,0.008510727965321149,0.01598077942645766,0.41492047192385756,0.043240607672308196,false,actual_loaded_shape_query_warning_not_mission_grade,root:full_polar_candidate_not_mission_grade; mid1:full_polar_mission_grade_candidate; mid2:full_polar_mission_grade_candidate; tip:full_polar_mission_grade_candidate,cl_outside_polar_envelope,top_raw_profile_proxy,evaluated_on_stage6_loaded_shape_cl_re,stage6_loaded_shape_avl_actual_local_cl_re,loaded_dihedral_avl,0.00865104751581216,0.01254092687460839,0.0119979,0.024538826874608392,164.66106867666522,168.6864995702667,0.41492047192385756,0.9659077321890178,"mixed_not_mission_grade:full_polar_candidate_not_mission_grade,full_polar_mission_grade_candidate,full_polar_mission_grade_candidate_query_warning_not_mission_grade",4,target
tier2_loaded_shape_airfoil_mvp_v1,combo_5062,root:dae21|mid1:dae31|mid2:cst_mid2_nsga2_g01_child_0046_9585b968|tip:cst_tip_nsga2_g02_child_0093_97ccea59,dae21,dae31,cst_mid2_nsga2_g01_child_0046_9585b968,cst_tip_nsga2_g02_child_0093_97ccea59,0.00851082383437348,0.016028910900488576,0.41492047192385756,0.043240607672308196,false,actual_loaded_shape_query_warning_not_mission_grade,root:full_polar_candidate_not_mission_grade; mid1:full_polar_mission_grade_candidate; mid2:full_polar_mission_grade_candidate; tip:full_polar_mission_grade_candidate,cl_outside_polar_envelope,top_raw_profile_proxy,evaluated_on_stage6_loaded_shape_cl_re,stage6_loaded_shape_avl_actual_local_cl_re,loaded_dihedral_avl,0.008645485294263256,0.012535364653059485,0.0119979,0.024533264653059488,164.6237449142401,168.6491758078416,0.41492047192385756,0.9659077321890178,"mixed_not_mission_grade:full_polar_candidate_not_mission_grade,full_polar_mission_grade_candidate,full_polar_mission_grade_candidate_query_warning_not_mission_grade",4,target
tier2_loaded_shape_airfoil_mvp_v1,combo_4064,root:fx76mp140|mid1:dae31|mid2:cst_mid2_nsga2_g01_child_0046_9585b968|tip:cst_tip_nsga2_g06_child_0056_b3f9b7c4,fx76mp140,dae31,cst_mid2_nsga2_g01_child_0046_9585b968,cst_tip_nsga2_g06_child_0056_b3f9b7c4,0.008515542855466659,0.016009383845589798,0.41492047192385756,0.043240607672308196,false,actual_loaded_shape_query_warning_not_mission_grade,root:full_polar_candidate_not_mission_grade; mid1:full_polar_mission_grade_candidate; mid2:full_polar_mission_grade_candidate; tip:full_polar_mission_grade_candidate,cl_outside_polar_envelope,top_raw_profile_proxy,evaluated_on_stage6_loaded_shape_cl_re,stage6_loaded_shape_avl_actual_local_cl_re,loaded_dihedral_avl,0.008642146200185784,0.012532025558982014,0.0119979,0.024529925558982014,164.60133883908344,168.62676973268498,0.41492047192385756,0.9659077321890178,"mixed_not_mission_grade:full_polar_candidate_not_mission_grade,full_polar_mission_grade_candidate,full_polar_mission_grade_candidate_query_warning_not_mission_grade",4,target
tier2_loaded_shape_airfoil_mvp_v1,combo_5064,root:dae21|mid1:dae31|mid2:cst_mid2_nsga2_g01_child_0046_9585b968|tip:cst_tip_nsga2_g06_child_0056_b3f9b7c4,dae21,dae31,cst_mid2_nsga2_g01_child_0046_9585b968,cst_tip_nsga2_g06_child_0056_b3f9b7c4,0.008515638724518992,0.016057515319620713,0.41492047192385756,0.043240607672308196,false,actual_loaded_shape_query_warning_not_mission_grade,root:full_polar_candidate_not_mission_grade; mid1:full_polar_mission_grade_candidate; mid2:full_polar_mission_grade_candidate; tip:full_polar_mission_grade_candidate,cl_outside_polar_envelope,top_raw_profile_proxy,evaluated_on_stage6_loaded_shape_cl_re,stage6_loaded_shape_avl_actual_local_cl_re,loaded_dihedral_avl,0.00863658397863688,0.012526463337433109,0.0119979,0.02452436333743311,164.5640150766583,168.58944597025987,0.41492047192385756,0.9659077321890178,"mixed_not_mission_grade:full_polar_candidate_not_mission_grade,full_polar_mission_grade_candidate,full_polar_mission_grade_candidate_query_warning_not_mission_grade",4,target
tier2_loaded_shape_airfoil_mvp_v1,combo_0001,root:dae31|mid1:dae31|mid2:dae31|tip:cst_tip_nsga2_g05_child_0032_70ef8136,dae31,dae31,dae31,cst_tip_nsga2_g05_child_0032_70ef8136,0.008521370822686964,0.009998310970141243,1.7386333650329884,0.1711948591266238,true,actual_loaded_shape_query_pass,root:full_polar_mission_grade_candidate; mid1:full_polar_mission_grade_candidate; mid2:full_polar_mission_grade_candidate; tip:full_polar_mission_grade_candidate,,top_raw_profile_proxy,evaluated_on_stage6_loaded_shape_cl_re,stage6_loaded_shape_avl_actual_local_cl_re,loaded_dihedral_avl,0.00914794260340339,0.01303782196219962,0.0119979,0.025035721962199622,167.9953469028024,172.0207777964039,1.7386333650329884,0.863277889739231,full_polar_mission_grade_candidate,0,target
tier2_loaded_shape_airfoil_mvp_v1,combo_1666,root:cst_root_nsga2_g04_child_0066_2124fc90|mid1:dae21|mid2:cst_mid2_nsga2_g01_child_0046_9585b968|tip:cst_tip_nsga2_g01_child_0118_60ecf404,cst_root_nsga2_g04_child_0066_2124fc90,dae21,cst_mid2_nsga2_g01_child_0046_9585b968,cst_tip_nsga2_g01_child_0118_60ecf404,0.008530846641992228,0.018131260672236985,0.41492047192385756,0.043240607672308196,false,actual_loaded_shape_query_warning_not_mission_grade,root:full_polar_mission_grade_candidate; mid1:full_polar_candidate_not_mission_grade; mid2:full_polar_mission_grade_candidate; tip:full_polar_mission_grade_candidate,cl_outside_polar_envelope,top_raw_profile_proxy,evaluated_on_stage6_loaded_shape_cl_re,stage6_loaded_shape_avl_actual_local_cl_re,loaded_dihedral_avl,0.008936016809568065,0.012825896168364295,0.0119979,0.024823796168364297,166.57327697780596,170.59870787140747,0.41492047192385756,0.9659077321890178,"mixed_not_mission_grade:full_polar_candidate_not_mission_grade,full_polar_mission_grade_candidate,full_polar_mission_grade_candidate_query_warning_not_mission_grade",4,target
tier2_loaded_shape_airfoil_mvp_v1,combo_0065,root:dae31|mid1:dae31|mid2:cst_mid2_nsga2_g01_child_0046_9585b968|tip:clarkysm,dae31,dae31,cst_mid2_nsga2_g01_child_0046_9585b968,clarkysm,0.008536696186970876,0.012985030830372404,0.41492047192385756,0.043240607672308196,false,actual_loaded_shape_query_warning_not_mission_grade,root:full_polar_mission_grade_candidate; mid1:full_polar_mission_grade_candidate; mid2:full_polar_mission_grade_candidate; tip:full_polar_mission_grade_candidate,cl_outside_polar_envelope,top_raw_profile_proxy,evaluated_on_stage6_loaded_shape_cl_re,stage6_loaded_shape_avl_actual_local_cl_re,loaded_dihedral_avl,0.008620323880883225,0.012510203239679454,0.0119979,0.024508103239679453,164.45490614954517,168.4803370431467,0.41492047192385756,0.9659077321890178,"mixed_not_mission_grade:full_polar_mission_grade_candidate,full_polar_mission_grade_candidate_query_warning_not_mission_grade",4,target
tier2_loaded_shape_airfoil_mvp_v1,combo_0662,root:dae31|mid1:dae21|mid2:cst_mid2_nsga2_g01_child_0046_9585b968|tip:cst_tip_nsga2_g02_child_0093_97ccea59,dae31,dae21,cst_mid2_nsga2_g01_child_0046_9585b968,cst_tip_nsga2_g02_child_0093_97ccea59,0.00854891627858815,0.016195544183991474,0.41492047192385756,0.043240607672308196,false,actual_loaded_shape_query_warning_not_mission_grade,root:full_polar_mission_grade_candidate; mid1:full_polar_candidate_not_mission_grade; mid2:full_polar_mission_grade_candidate; tip:full_polar_mission_grade_candidate,cl_outside_polar_envelope,top_raw_profile_proxy,evaluated_on_stage6_loaded_shape_cl_re,stage6_loaded_shape_avl_actual_local_cl_re,loaded_dihedral_avl,0.008675768885962996,0.012565648244759225,0.0119979,0.024563548244759224,164.82695465193973,168.8523855455413,0.41492047192385756,0.9659077321890178,"mixed_not_mission_grade:full_polar_candidate_not_mission_grade,full_polar_mission_grade_candidate,full_polar_mission_grade_candidate_query_warning_not_mission_grade",4,target
tier2_loaded_shape_airfoil_mvp_v1,combo_4063,root:fx76mp140|mid1:dae31|mid2:cst_mid2_nsga2_g01_child_0046_9585b968|tip:dae41,fx76mp140,dae31,cst_mid2_nsga2_g01_child_0046_9585b968,dae41,0.008551086831726937,0.01600620790919014,0.41492047192385756,0.043240607672308196,false,actual_loaded_shape_query_warning_not_mission_grade,root:full_polar_candidate_not_mission_grade; mid1:full_polar_mission_grade_candidate; mid2:full_polar_mission_grade_candidate; tip:full_polar_candidate_not_mission_grade,cl_outside_polar_envelope,top_raw_profile_proxy,evaluated_on_stage6_loaded_shape_cl_re,stage6_loaded_shape_avl_actual_local_cl_re,loaded_dihedral_avl,0.008684718986865557,0.012574598345661787,0.0119979,0.02457249834566179,164.8870118497394,168.91244274334093,0.41492047192385756,0.9659077321890178,"mixed_not_mission_grade:full_polar_candidate_not_mission_grade,full_polar_mission_grade_candidate,full_polar_mission_grade_candidate_query_warning_not_mission_grade",4,target
tier2_loaded_shape_airfoil_mvp_v1,combo_5063,root:dae21|mid1:dae31|mid2:cst_mid2_nsga2_g01_child_0046_9585b968|tip:dae41,dae21,dae31,cst_mid2_nsga2_g01_child_0046_9585b968,dae41,0.008551182700779269,0.01605433938322106,0.41492047192385756,0.043240607672308196,false,actual_loaded_shape_query_warning_not_mission_grade,root:full_polar_candidate_not_mission_grade; mid1:full_polar_mission_grade_candidate; mid2:full_polar_mission_grade_candidate; tip:full_polar_candidate_not_mission_grade,cl_outside_polar_envelope,top_raw_profile_proxy,evaluated_on_stage6_loaded_shape_cl_re,stage6_loaded_shape_avl_actual_local_cl_re,loaded_dihedral_avl,0.008679156765316649,0.012569036124112878,0.0119979,0.024566936124112877,164.84968808731423,168.8751189809158,0.41492047192385756,0.9659077321890178,"mixed_not_mission_grade:full_polar_candidate_not_mission_grade,full_polar_mission_grade_candidate,full_polar_mission_grade_candidate_query_warning_not_mission_grade",4,target
tier2_loaded_shape_airfoil_mvp_v1,combo_0664,root:dae31|mid1:dae21|mid2:cst_mid2_nsga2_g01_child_0046_9585b968|tip:cst_tip_nsga2_g06_child_0056_b3f9b7c4,dae31,dae21,cst_mid2_nsga2_g01_child_0046_9585b968,cst_tip_nsga2_g06_child_0056_b3f9b7c4,0.008553731168733661,0.01622414860312361,0.41492047192385756,0.043240607672308196,false,actual_loaded_shape_query_warning_not_mission_grade,root:full_polar_mission_grade_candidate; mid1:full_polar_candidate_not_mission_grade; mid2:full_polar_mission_grade_candidate; tip:full_polar_mission_grade_candidate,cl_outside_polar_envelope,top_raw_profile_proxy,evaluated_on_stage6_loaded_shape_cl_re,stage6_loaded_shape_avl_actual_local_cl_re,loaded_dihedral_avl,0.008666867570336622,0.012556746929132851,0.0119979,0.024554646929132853,164.767224814358,168.79265570795954,0.41492047192385756,0.9659077321890178,"mixed_not_mission_grade:full_polar_candidate_not_mission_grade,full_polar_mission_grade_candidate,full_polar_mission_grade_candidate_query_warning_not_mission_grade",4,target
tier2_loaded_shape_airfoil_mvp_v1,combo_1566,root:cst_root_nsga2_g04_child_0066_2124fc90|mid1:fx76mp140|mid2:cst_mid2_nsga2_g01_child_0046_9585b968|tip:cst_tip_nsga2_g01_child_0118_60ecf404,cst_root_nsga2_g04_child_0066_2124fc90,fx76mp140,cst_mid2_nsga2_g01_child_0046_9585b968,cst_tip_nsga2_g01_child_0118_60ecf404,0.008571606828090897,0.018125201165341342,0.41492047192385756,0.043240607672308196,false,actual_loaded_shape_query_warning_not_mission_grade,root:full_polar_mission_grade_candidate; mid1:full_polar_candidate_not_mission_grade; mid2:full_polar_mission_grade_candidate; tip:full_polar_mission_grade_candidate,cl_outside_polar_envelope,top_raw_profile_proxy,evaluated_on_stage6_loaded_shape_cl_re,stage6_loaded_shape_avl_actual_local_cl_re,loaded_dihedral_avl,0.008981764576081,0.01287164393487723,0.0119979,0.024869543934877232,166.8802548199857,170.90568571358727,0.41492047192385756,0.9659077321890178,"mixed_not_mission_grade:full_polar_candidate_not_mission_grade,full_polar_mission_grade_candidate,full_polar_mission_grade_candidate_query_warning_not_mission_grade",4,target
tier2_loaded_shape_airfoil_mvp_v1,combo_4001,root:fx76mp140|mid1:dae31|mid2:dae31|tip:cst_tip_nsga2_g05_child_0032_70ef8136,fx76mp140,dae31,dae31,cst_tip_nsga2_g05_child_0032_70ef8136,0.00857322086539464,0.01308925006252241,1.7386333650329884,0.1711948591266238,false,actual_loaded_shape_query_warning_not_mission_grade,root:full_polar_candidate_not_mission_grade; mid1:full_polar_mission_grade_candidate; mid2:full_polar_mission_grade_candidate; tip:full_polar_mission_grade_candidate,,top_raw_profile_proxy,evaluated_on_stage6_loaded_shape_cl_re,stage6_loaded_shape_avl_actual_local_cl_re,loaded_dihedral_avl,0.009219915932818406,0.013109795291614636,0.0119979,0.025107695291614635,168.47830419323247,172.503735086834,1.7386333650329884,0.8659209715288999,"mixed_not_mission_grade:full_polar_candidate_not_mission_grade,full_polar_mission_grade_candidate",0,target
tier2_loaded_shape_airfoil_mvp_v1,combo_5001,root:dae21|mid1:dae31|mid2:dae31|tip:cst_tip_nsga2_g05_child_0032_70ef8136,dae21,dae31,dae31,cst_tip_nsga2_g05_child_0032_70ef8136,0.008573316734446973,0.013137381536553328,1.5642903924721725,0.1551798757367877,false,actual_loaded_shape_query_warning_not_mission_grade,root:full_polar_candidate_not_mission_grade; mid1:full_polar_mission_grade_candidate; mid2:full_polar_mission_grade_candidate; tip:full_polar_mission_grade_candidate,,top_raw_profile_proxy,evaluated_on_stage6_loaded_shape_cl_re,stage6_loaded_shape_avl_actual_local_cl_re,loaded_dihedral_avl,0.0092143537112695,0.013104233070065729,0.0119979,0.02510213307006573,168.44098043080734,172.46641132440888,1.5642903924721725,0.8923468316493353,"mixed_not_mission_grade:full_polar_candidate_not_mission_grade,full_polar_mission_grade_candidate",0,target
tier2_loaded_shape_airfoil_mvp_v1,combo_7466,root:dae11|mid1:cst_mid1_nsga2_g04_child_0075_96fc4d1a|mid2:cst_mid2_nsga2_g01_child_0046_9585b968|tip:cst_tip_nsga2_g01_child_0118_60ecf404,dae11,cst_mid1_nsga2_g04_child_0075_96fc4d1a,cst_mid2_nsga2_g01_child_0046_9585b968,cst_tip_nsga2_g01_child_0118_60ecf404,0.008576348707140333,0.02109815891128621,0.41492047192385756,0.043240607672308196,false,actual_loaded_shape_query_warning_not_mission_grade,root:full_polar_candidate_not_mission_grade; mid1:full_polar_candidate_not_mission_grade; mid2:full_polar_mission_grade_candidate; tip:full_polar_mission_grade_candidate,cl_outside_polar_envelope,top_raw_profile_proxy,evaluated_on_stage6_loaded_shape_cl_re,stage6_loaded_shape_avl_actual_local_cl_re,loaded_dihedral_avl,0.00898941580605548,0.01287929516485171,0.0119979,0.02487719516485171,166.93159630060038,170.95702719420188,0.41492047192385756,0.9659077321890178,"mixed_not_mission_grade:full_polar_candidate_not_mission_grade,full_polar_mission_grade_candidate,full_polar_mission_grade_candidate_query_warning_not_mission_grade",4,target
tier2_loaded_shape_airfoil_mvp_v1,combo_4065,root:fx76mp140|mid1:dae31|mid2:cst_mid2_nsga2_g01_child_0046_9585b968|tip:clarkysm,fx76mp140,dae31,cst_mid2_nsga2_g01_child_0046_9585b968,clarkysm,0.008588546229678553,0.01607596992275357,0.41492047192385756,0.043240607672308196,false,actual_loaded_shape_query_warning_not_mission_grade,root:full_polar_candidate_not_mission_grade; mid1:full_polar_mission_grade_candidate; mid2:full_polar_mission_grade_candidate; tip:full_polar_mission_grade_candidate,cl_outside_polar_envelope,top_raw_profile_proxy,evaluated_on_stage6_loaded_shape_cl_re,stage6_loaded_shape_avl_actual_local_cl_re,loaded_dihedral_avl,0.00869229721029824,0.01258217656909447,0.0119979,0.024580076569094472,164.93786343997527,168.96329433357678,0.41492047192385756,0.9659077321890178,"mixed_not_mission_grade:full_polar_candidate_not_mission_grade,full_polar_mission_grade_candidate,full_polar_mission_grade_candidate_query_warning_not_mission_grade",4,target
tier2_loaded_shape_airfoil_mvp_v1,combo_5065,root:dae21|mid1:dae31|mid2:cst_mid2_nsga2_g01_child_0046_9585b968|tip:clarkysm,dae21,dae31,cst_mid2_nsga2_g01_child_0046_9585b968,clarkysm,0.008588642098730887,0.016124101396784486,0.41492047192385756,0.043240607672308196,false,actual_loaded_shape_query_warning_not_mission_grade,root:full_polar_candidate_not_mission_grade; mid1:full_polar_mission_grade_candidate; mid2:full_polar_mission_grade_candidate; tip:full_polar_mission_grade_candidate,cl_outside_polar_envelope,top_raw_profile_proxy,evaluated_on_stage6_loaded_shape_cl_re,stage6_loaded_shape_avl_actual_local_cl_re,loaded_dihedral_avl,0.008686734988749332,0.012576614347545562,0.0119979,0.02457451434754556,164.9005396775501,168.92597057115168,0.41492047192385756,0.9659077321890178,"mixed_not_mission_grade:full_polar_candidate_not_mission_grade,full_polar_mission_grade_candidate,full_polar_mission_grade_candidate_query_warning_not_mission_grade",4,target
tier2_loaded_shape_airfoil_mvp_v1,combo_0663,root:dae31|mid1:dae21|mid2:cst_mid2_nsga2_g01_child_0046_9585b968|tip:dae41,dae31,dae21,cst_mid2_nsga2_g01_child_0046_9585b968,dae41,0.008589275144993937,0.016220972666723954,0.41492047192385756,0.043240607672308196,false,actual_loaded_shape_query_warning_not_mission_grade,root:full_polar_mission_grade_candidate; mid1:full_polar_candidate_not_mission_grade; mid2:full_polar_mission_grade_candidate; tip:full_polar_candidate_not_mission_grade,cl_outside_polar_envelope,top_raw_profile_proxy,evaluated_on_stage6_loaded_shape_cl_re,stage6_loaded_shape_avl_actual_local_cl_re,loaded_dihedral_avl,0.008709440357016391,0.01259931971581262,0.0119979,0.02459721971581262,165.05289782501393,169.0783287186155,0.41492047192385756,0.9659077321890178,"mixed_not_mission_grade:full_polar_candidate_not_mission_grade,full_polar_mission_grade_candidate,full_polar_mission_grade_candidate_query_warning_not_mission_grade",4,target
tier2_loaded_shape_airfoil_mvp_v1,combo_0562,root:dae31|mid1:fx76mp140|mid2:cst_mid2_nsga2_g01_child_0046_9585b968|tip:cst_tip_nsga2_g02_child_0093_97ccea59,dae31,fx76mp140,cst_mid2_nsga2_g01_child_0046_9585b968,cst_tip_nsga2_g02_child_0093_97ccea59,0.008589676464686818,0.01618948467709583,0.41492047192385756,0.043240607672308196,false,actual_loaded_shape_query_warning_not_mission_grade,root:full_polar_mission_grade_candidate; mid1:full_polar_candidate_not_mission_grade; mid2:full_polar_mission_grade_candidate; tip:full_polar_mission_grade_candidate,cl_outside_polar_envelope,top_raw_profile_proxy,evaluated_on_stage6_loaded_shape_cl_re,stage6_loaded_shape_avl_actual_local_cl_re,loaded_dihedral_avl,0.008721516652475935,0.012611396011272164,0.0119979,0.024609296011272166,165.13393249411956,169.1593633877211,0.41492047192385756,0.9659077321890178,"mixed_not_mission_grade:full_polar_candidate_not_mission_grade,full_polar_mission_grade_candidate,full_polar_mission_grade_candidate_query_warning_not_mission_grade",4,target
tier2_loaded_shape_airfoil_mvp_v1,combo_0564,root:dae31|mid1:fx76mp140|mid2:cst_mid2_nsga2_g01_child_0046_9585b968|tip:cst_tip_nsga2_g06_child_0056_b3f9b7c4,dae31,fx76mp140,cst_mid2_nsga2_g01_child_0046_9585b968,cst_tip_nsga2_g06_child_0056_b3f9b7c4,0.008594491354832328,0.016218089096227968,0.41492047192385756,0.043240607672308196,false,actual_loaded_shape_query_warning_not_mission_grade,root:full_polar_mission_grade_candidate; mid1:full_polar_candidate_not_mission_grade; mid2:full_polar_mission_grade_candidate; tip:full_polar_mission_grade_candidate,cl_outside_polar_envelope,top_raw_profile_proxy,evaluated_on_stage6_loaded_shape_cl_re,stage6_loaded_shape_avl_actual_local_cl_re,loaded_dihedral_avl,0.008712615336849557,0.012602494695645786,0.0119979,0.02460039469564579,165.07420265653778,169.09963355013932,0.41492047192385756,0.9659077321890178,"mixed_not_mission_grade:full_polar_candidate_not_mission_grade,full_polar_mission_grade_candidate,full_polar_mission_grade_candidate_query_warning_not_mission_grade",4,target
tier2_loaded_shape_airfoil_mvp_v1,combo_4662,root:fx76mp140|mid1:dae21|mid2:cst_mid2_nsga2_g01_child_0046_9585b968|tip:cst_tip_nsga2_g02_child_0093_97ccea59,fx76mp140,dae21,cst_mid2_nsga2_g01_child_0046_9585b968,cst_tip_nsga2_g02_child_0093_97ccea59,0.008600766321295826,0.01928648327637264,0.41492047192385756,0.043240607672308196,false,actual_loaded_shape_query_warning_not_mission_grade,root:full_polar_candidate_not_mission_grade; mid1:full_polar_candidate_not_mission_grade; mid2:full_polar_mission_grade_candidate; tip:full_polar_mission_grade_candidate,cl_outside_polar_envelope,top_raw_profile_proxy,evaluated_on_stage6_loaded_shape_cl_re,stage6_loaded_shape_avl_actual_local_cl_re,loaded_dihedral_avl,0.008747742215378013,0.012637621574174243,0.0119979,0.024635521574174243,165.3099119423699,169.33534283597143,0.41492047192385756,0.9659077321890178,"mixed_not_mission_grade:full_polar_candidate_not_mission_grade,full_polar_mission_grade_candidate,full_polar_mission_grade_candidate_query_warning_not_mission_grade",4,target
tier2_loaded_shape_airfoil_mvp_v1,combo_5662,root:dae21|mid1:dae21|mid2:cst_mid2_nsga2_g01_child_0046_9585b968|tip:cst_tip_nsga2_g02_child_0093_97ccea59,dae21,dae21,cst_mid2_nsga2_g01_child_0046_9585b968,cst_tip_nsga2_g02_child_0093_97ccea59,0.00860086219034816,0.01933461475040356,0.41492047192385756,0.043240607672308196,false,actual_loaded_shape_query_warning_not_mission_grade,root:full_polar_candidate_not_mission_grade; mid1:full_polar_candidate_not_mission_grade; mid2:full_polar_mission_grade_candidate; tip:full_polar_mission_grade_candidate,cl_outside_polar_envelope,top_raw_profile_proxy,evaluated_on_stage6_loaded_shape_cl_re,stage6_loaded_shape_avl_actual_local_cl_re,loaded_dihedral_avl,0.008742179993829105,0.012632059352625334,0.0119979,0.024629959352625335,165.27258817994473,169.29801907354621,0.41492047192385756,0.9659077321890178,"mixed_not_mission_grade:full_polar_candidate_not_mission_grade,full_polar_mission_grade_candidate,full_polar_mission_grade_candidate_query_warning_not_mission_grade",4,target
tier2_loaded_shape_airfoil_mvp_v1,combo_4664,root:fx76mp140|mid1:dae21|mid2:cst_mid2_nsga2_g01_child_0046_9585b968|tip:cst_tip_nsga2_g06_child_0056_b3f9b7c4,fx76mp140,dae21,cst_mid2_nsga2_g01_child_0046_9585b968,cst_tip_nsga2_g06_child_0056_b3f9b7c4,0.008605581211441338,0.019315087695504777,0.41492047192385756,0.043240607672308196,false,actual_loaded_shape_query_warning_not_mission_grade,root:full_polar_candidate_not_mission_grade; mid1:full_polar_candidate_not_mission_grade; mid2:full_polar_mission_grade_candidate; tip:full_polar_mission_grade_candidate,cl_outside_polar_envelope,top_raw_profile_proxy,evaluated_on_stage6_loaded_shape_cl_re,stage6_loaded_shape_avl_actual_local_cl_re,loaded_dihedral_avl,0.008738840899751637,0.012628720258547867,0.0119979,0.024626620258547866,165.25018210478808,169.27561299838965,0.41492047192385756,0.9659077321890178,"mixed_not_mission_grade:full_polar_candidate_not_mission_grade,full_polar_mission_grade_candidate,full_polar_mission_grade_candidate_query_warning_not_mission_grade",4,target
tier2_loaded_shape_airfoil_mvp_v1,combo_5664,root:dae21|mid1:dae21|mid2:cst_mid2_nsga2_g01_child_0046_9585b968|tip:cst_tip_nsga2_g06_child_0056_b3f9b7c4,dae21,dae21,cst_mid2_nsga2_g01_child_0046_9585b968,cst_tip_nsga2_g06_child_0056_b3f9b7c4,0.00860567708049367,0.019363219169535695,0.41492047192385756,0.043240607672308196,false,actual_loaded_shape_query_warning_not_mission_grade,root:full_polar_candidate_not_mission_grade; mid1:full_polar_candidate_not_mission_grade; mid2:full_polar_mission_grade_candidate; tip:full_polar_mission_grade_candidate,cl_outside_polar_envelope,top_raw_profile_proxy,evaluated_on_stage6_loaded_shape_cl_re,stage6_loaded_shape_avl_actual_local_cl_re,loaded_dihedral_avl,0.008733278678202729,0.012623158036998958,0.0119979,0.02462105803699896,165.21285834236295,169.2382892359645,0.41492047192385756,0.9659077321890178,"mixed_not_mission_grade:full_polar_candidate_not_mission_grade,full_polar_mission_grade_candidate,full_polar_mission_grade_candidate_query_warning_not_mission_grade",4,target
tier2_loaded_shape_airfoil_mvp_v1,combo_0266,root:dae31|mid1:cst_mid1_nsga2_g05_child_0114_b5496e0b|mid2:cst_mid2_nsga2_g01_child_0046_9585b968|tip:cst_tip_nsga2_g01_child_0118_60ecf404,dae31,cst_mid1_nsga2_g05_child_0114_b5496e0b,cst_mid2_nsga2_g01_child_0046_9585b968,cst_tip_nsga2_g01_child_0118_60ecf404,0.00861054520197244,0.014948200586334937,0.41492047192385756,0.043240607672308196,false,actual_loaded_shape_query_warning_not_mission_grade,root:full_polar_mission_grade_candidate; mid1:full_polar_mission_grade_candidate; mid2:full_polar_mission_grade_candidate; tip:full_polar_mission_grade_candidate,cl_outside_polar_envelope,top_raw_profile_proxy,evaluated_on_stage6_loaded_shape_cl_re,stage6_loaded_shape_avl_actual_local_cl_re,loaded_dihedral_avl,0.00898041612005767,0.0128702954788539,0.0119979,0.0248681954788539,166.87120637561634,170.89663726921785,0.41492047192385756,0.9659077321890178,"mixed_not_mission_grade:full_polar_mission_grade_candidate,full_polar_mission_grade_candidate_query_warning_not_mission_grade",4,target
tier2_loaded_shape_airfoil_mvp_v1,combo_0601,root:dae31|mid1:dae21|mid2:dae31|tip:cst_tip_nsga2_g05_child_0032_70ef8136,dae31,dae21,dae31,cst_tip_nsga2_g05_child_0032_70ef8136,0.008611409178661641,0.013304014820056222,1.4886866591411752,0.14767987573678765,false,actual_loaded_shape_query_warning_not_mission_grade,root:full_polar_mission_grade_candidate; mid1:full_polar_candidate_not_mission_grade; mid2:full_polar_mission_grade_candidate; tip:full_polar_mission_grade_candidate,,top_raw_profile_proxy,evaluated_on_stage6_loaded_shape_cl_re,stage6_loaded_shape_avl_actual_local_cl_re,loaded_dihedral_avl,0.009244637302969242,0.013134516661765471,0.0119979,0.025132416661765473,168.64419016850707,172.66962106210858,1.4886866591411752,0.8975498179179896,"mixed_not_mission_grade:full_polar_candidate_not_mission_grade,full_polar_mission_grade_candidate",0,target
tier2_loaded_shape_airfoil_mvp_v1,combo_0166,root:dae31|mid1:cst_mid1_nsga2_g06_child_0001_a86879e2|mid2:cst_mid2_nsga2_g01_child_0046_9585b968|tip:cst_tip_nsga2_g01_child_0118_60ecf404,dae31,cst_mid1_nsga2_g06_child_0001_a86879e2,cst_mid2_nsga2_g01_child_0046_9585b968,cst_tip_nsga2_g01_child_0118_60ecf404,0.008611703435670139,0.014923215743955096,0.41492047192385756,0.043240607672308196,false,actual_loaded_shape_query_warning_not_mission_grade,root:full_polar_mission_grade_candidate; mid1:full_polar_mission_grade_candidate; mid2:full_polar_mission_grade_candidate; tip:full_polar_mission_grade_candidate,cl_outside_polar_envelope,top_raw_profile_proxy,evaluated_on_stage6_loaded_shape_cl_re,stage6_loaded_shape_avl_actual_local_cl_re,loaded_dihedral_avl,0.008972548260774631,0.01286242761957086,0.0119979,0.02486032761957086,166.81841126343096,170.84384215703247,0.41492047192385756,0.9659077321890178,"mixed_not_mission_grade:full_polar_mission_grade_candidate,full_polar_mission_grade_candidate_query_warning_not_mission_grade",4,target
tier2_loaded_shape_airfoil_mvp_v1,combo_2261,root:cst_root_nsga2_g04_child_0036_d62dd7fc|mid1:cst_mid1_nsga2_g05_child_0114_b5496e0b|mid2:cst_mid2_nsga2_g01_child_0046_9585b968|tip:cst_tip_nsga2_g05_child_0032_70ef8136,cst_root_nsga2_g04_child_0036_d62dd7fc,cst_mid1_nsga2_g05_child_0114_b5496e0b,cst_mid2_nsga2_g01_child_0046_9585b968,cst_tip_nsga2_g05_child_0032_70ef8136,0.008619041063260776,0.012897326709260805,0.41492047192385756,0.043240607672308196,false,actual_loaded_shape_query_warning_not_mission_grade,root:full_polar_mission_grade_candidate; mid1:full_polar_mission_grade_candidate; mid2:full_polar_mission_grade_candidate; tip:full_polar_mission_grade_candidate,cl_outside_polar_envelope,top_raw_profile_proxy,evaluated_on_stage6_loaded_shape_cl_re,stage6_loaded_shape_avl_actual_local_cl_re,loaded_dihedral_avl,0.009582730480965553,0.013472609839761783,0.0119979,0.025470509839761783,170.91287172715028,174.93830262075184,0.41492047192385756,0.9659077321890178,"mixed_not_mission_grade:full_polar_mission_grade_candidate,full_polar_mission_grade_candidate_query_warning_not_mission_grade",4,target
tier2_loaded_shape_airfoil_mvp_v1,combo_2161,root:cst_root_nsga2_g04_child_0036_d62dd7fc|mid1:cst_mid1_nsga2_g06_child_0001_a86879e2|mid2:cst_mid2_nsga2_g01_child_0046_9585b968|tip:cst_tip_nsga2_g05_child_0032_70ef8136,cst_root_nsga2_g04_child_0036_d62dd7fc,cst_mid1_nsga2_g06_child_0001_a86879e2,cst_mid2_nsga2_g01_child_0046_9585b968,cst_tip_nsga2_g05_child_0032_70ef8136,0.008620199296958477,0.012872341866880964,0.41492047192385756,0.043240607672308196,false,actual_loaded_shape_query_warning_not_mission_grade,root:full_polar_mission_grade_candidate; mid1:full_polar_mission_grade_candidate; mid2:full_polar_mission_grade_candidate; tip:full_polar_mission_grade_candidate,cl_outside_polar_envelope,top_raw_profile_proxy,evaluated_on_stage6_loaded_shape_cl_re,stage6_loaded_shape_avl_actual_local_cl_re,loaded_dihedral_avl,0.009574862621682516,0.013464741980478746,0.0119979,0.025462641980478748,170.8600766149649,174.88550750856643,0.41492047192385756,0.9659077321890178,"mixed_not_mission_grade:full_polar_mission_grade_candidate,full_polar_mission_grade_candidate_query_warning_not_mission_grade",4,target
tier2_loaded_shape_airfoil_mvp_v1,combo_3261,root:cst_root_nsga2_g04_child_0010_d050d0cc|mid1:cst_mid1_nsga2_g05_child_0114_b5496e0b|mid2:cst_mid2_nsga2_g01_child_0046_9585b968|tip:cst_tip_nsga2_g05_child_0032_70ef8136,cst_root_nsga2_g04_child_0010_d050d0cc,cst_mid1_nsga2_g05_child_0114_b5496e0b,cst_mid2_nsga2_g01_child_0046_9585b968,cst_tip_nsga2_g05_child_0032_70ef8136,0.0086262154790709,0.012970384279411247,0.41492047192385756,0.043240607672308196,false,actual_loaded_shape_query_warning_not_mission_grade,root:full_polar_mission_grade_candidate; mid1:full_polar_mission_grade_candidate; mid2:full_polar_mission_grade_candidate; tip:full_polar_mission_grade_candidate,cl_outside_polar_envelope,top_raw_profile_proxy,evaluated_on_stage6_loaded_shape_cl_re,stage6_loaded_shape_avl_actual_local_cl_re,loaded_dihedral_avl,0.009586871361809982,0.013476750720606211,0.0119979,0.02547465072060621,170.9406579725397,174.96608886614118,0.41492047192385756,0.9659077321890178,"mixed_not_mission_grade:full_polar_mission_grade_candidate,full_polar_mission_grade_candidate_query_warning_not_mission_grade",4,target
tier2_loaded_shape_airfoil_mvp_v1,combo_0665,root:dae31|mid1:dae21|mid2:cst_mid2_nsga2_g01_child_0046_9585b968|tip:clarkysm,dae31,dae21,cst_mid2_nsga2_g01_child_0046_9585b968,clarkysm,0.008626734542945555,0.016290734680287383,0.41492047192385756,0.043240607672308196,false,actual_loaded_shape_query_warning_not_mission_grade,root:full_polar_mission_grade_candidate; mid1:full_polar_candidate_not_mission_grade; mid2:full_polar_mission_grade_candidate; tip:full_polar_mission_grade_candidate,cl_outside_polar_envelope,top_raw_profile_proxy,evaluated_on_stage6_loaded_shape_cl_re,stage6_loaded_shape_avl_actual_local_cl_re,loaded_dihedral_avl,0.008717018580449076,0.012606897939245305,0.0119979,0.024604797939245304,165.1037494152498,169.12918030885135,0.41492047192385756,0.9659077321890178,"mixed_not_mission_grade:full_polar_candidate_not_mission_grade,full_polar_mission_grade_candidate,full_polar_mission_grade_candidate_query_warning_not_mission_grade",4,target
tier2_loaded_shape_airfoil_mvp_v1,combo_3161,root:cst_root_nsga2_g04_child_0010_d050d0cc|mid1:cst_mid1_nsga2_g06_child_0001_a86879e2|mid2:cst_mid2_nsga2_g01_child_0046_9585b968|tip:cst_tip_nsga2_g05_child_0032_70ef8136,cst_root_nsga2_g04_child_0010_d050d0cc,cst_mid1_nsga2_g06_child_0001_a86879e2,cst_mid2_nsga2_g01_child_0046_9585b968,cst_tip_nsga2_g05_child_0032_70ef8136,0.008627373712768598,0.012945399437031404,0.41492047192385756,0.043240607672308196,false,actual_loaded_shape_query_warning_not_mission_grade,root:full_polar_mission_grade_candidate; mid1:full_polar_mission_grade_candidate; mid2:full_polar_mission_grade_candidate; tip:full_polar_mission_grade_candidate,cl_outside_polar_envelope,top_raw_profile_proxy,evaluated_on_stage6_loaded_shape_cl_re,stage6_loaded_shape_avl_actual_local_cl_re,loaded_dihedral_avl,0.009579003502526941,0.01346888286132317,0.0119979,0.025466782861323173,170.8878628603543,174.91329375395583,0.41492047192385756,0.9659077321890178,"mixed_not_mission_grade:full_polar_mission_grade_candidate,full_polar_mission_grade_candidate_query_warning_not_mission_grade",4,target
tier2_loaded_shape_airfoil_mvp_v1,combo_2066,root:cst_root_nsga2_g04_child_0036_d62dd7fc|mid1:dae31|mid2:cst_mid2_nsga2_g01_child_0046_9585b968|tip:cst_tip_nsga2_g01_child_0118_60ecf404,cst_root_nsga2_g04_child_0036_d62dd7fc,dae31,cst_mid2_nsga2_g01_child_0046_9585b968,cst_tip_nsga2_g01_child_0118_60ecf404,0.00862868281075135,0.01491878871034168,0.41492047192385756,0.043240607672308196,false,actual_loaded_shape_query_warning_not_mission_grade,root:full_polar_mission_grade_candidate; mid1:full_polar_mission_grade_candidate; mid2:full_polar_mission_grade_candidate; tip:full_polar_mission_grade_candidate,cl_outside_polar_envelope,top_raw_profile_proxy,evaluated_on_stage6_loaded_shape_cl_re,stage6_loaded_shape_avl_actual_local_cl_re,loaded_dihedral_avl,0.009038489524757828,0.012928368883554057,0.0119979,0.024926268883554058,167.26089203290076,171.2863229265023,0.41492047192385756,0.9659077321890178,"mixed_not_mission_grade:full_polar_mission_grade_candidate,full_polar_mission_grade_candidate_query_warning_not_mission_grade",4,target
tier2_loaded_shape_airfoil_mvp_v1,combo_0563,root:dae31|mid1:fx76mp140|mid2:cst_mid2_nsga2_g01_child_0046_9585b968|tip:dae41,dae31,fx76mp140,cst_mid2_nsga2_g01_child_0046_9585b968,dae41,0.008630035331092606,0.01621491315982831,0.41492047192385756,0.043240607672308196,false,actual_loaded_shape_query_warning_not_mission_grade,root:full_polar_mission_grade_candidate; mid1:full_polar_candidate_not_mission_grade; mid2:full_polar_mission_grade_candidate; tip:full_polar_candidate_not_mission_grade,cl_outside_polar_envelope,top_raw_profile_proxy,evaluated_on_stage6_loaded_shape_cl_re,stage6_loaded_shape_avl_actual_local_cl_re,loaded_dihedral_avl,0.008755188123529328,0.012645067482325557,0.0119979,0.024642967482325556,165.3598756671937,169.38530656079527,0.41492047192385756,0.9659077321890178,"mixed_not_mission_grade:full_polar_candidate_not_mission_grade,full_polar_mission_grade_candidate,full_polar_mission_grade_candidate_query_warning_not_mission_grade",4,target
tier2_loaded_shape_airfoil_mvp_v1,combo_3066,root:cst_root_nsga2_g04_child_0010_d050d0cc|mid1:dae31|mid2:cst_mid2_nsga2_g01_child_0046_9585b968|tip:cst_tip_nsga2_g01_child_0118_60ecf404,cst_root_nsga2_g04_child_0010_d050d0cc,dae31,cst_mid2_nsga2_g01_child_0046_9585b968,cst_tip_nsga2_g01_child_0118_60ecf404,0.008635857226561475,0.014991846280492119,0.41492047192385756,0.043240607672308196,false,actual_loaded_shape_query_warning_not_mission_grade,root:full_polar_mission_grade_candidate; mid1:full_polar_mission_grade_candidate; mid2:full_polar_mission_grade_candidate; tip:full_polar_mission_grade_candidate,cl_outside_polar_envelope,top_raw_profile_proxy,evaluated_on_stage6_loaded_shape_cl_re,stage6_loaded_shape_avl_actual_local_cl_re,loaded_dihedral_avl,0.009042630405602254,0.012932509764398484,0.0119979,0.024930409764398483,167.28867827829012,171.3141091718917,0.41492047192385756,0.9659077321890178,"mixed_not_mission_grade:full_polar_mission_grade_candidate,full_polar_mission_grade_candidate_query_warning_not_mission_grade",4,target
tier2_loaded_shape_airfoil_mvp_v1,combo_4663,root:fx76mp140|mid1:dae21|mid2:cst_mid2_nsga2_g01_child_0046_9585b968|tip:dae41,fx76mp140,dae21,cst_mid2_nsga2_g01_child_0046_9585b968,dae41,0.008641125187701614,0.01931191175910512,0.41492047192385756,0.043240607672308196,false,actual_loaded_shape_query_warning_not_mission_grade,root:full_polar_candidate_not_mission_grade; mid1:full_polar_candidate_not_mission_grade; mid2:full_polar_mission_grade_candidate; tip:full_polar_candidate_not_mission_grade,cl_outside_polar_envelope,top_raw_profile_proxy,evaluated_on_stage6_loaded_shape_cl_re,stage6_loaded_shape_avl_actual_local_cl_re,loaded_dihedral_avl,0.008781413686431408,0.012671293045227638,0.0119979,0.02466919304522764,165.53585511544406,169.5612860090456,0.41492047192385756,0.9659077321890178,"mixed_not_mission_grade:full_polar_candidate_not_mission_grade,full_polar_mission_grade_candidate,full_polar_mission_grade_candidate_query_warning_not_mission_grade",4,target
tier2_loaded_shape_airfoil_mvp_v1,combo_5663,root:dae21|mid1:dae21|mid2:cst_mid2_nsga2_g01_child_0046_9585b968|tip:dae41,dae21,dae21,cst_mid2_nsga2_g01_child_0046_9585b968,dae41,0.008641221056753948,0.01936004323313604,0.41492047192385756,0.043240607672308196,false,actual_loaded_shape_query_warning_not_mission_grade,root:full_polar_candidate_not_mission_grade; mid1:full_polar_candidate_not_mission_grade; mid2:full_polar_mission_grade_candidate; tip:full_polar_candidate_not_mission_grade,cl_outside_polar_envelope,top_raw_profile_proxy,evaluated_on_stage6_loaded_shape_cl_re,stage6_loaded_shape_avl_actual_local_cl_re,loaded_dihedral_avl,0.008775851464882502,0.012665730823678731,0.0119979,0.024663630823678732,165.4985313530189,169.52396224662044,0.41492047192385756,0.9659077321890178,"mixed_not_mission_grade:full_polar_candidate_not_mission_grade,full_polar_mission_grade_candidate,full_polar_mission_grade_candidate_query_warning_not_mission_grade",4,target
tier2_loaded_shape_airfoil_mvp_v1,combo_4562,root:fx76mp140|mid1:fx76mp140|mid2:cst_mid2_nsga2_g01_child_0046_9585b968|tip:cst_tip_nsga2_g02_child_0093_97ccea59,fx76mp140,fx76mp140,cst_mid2_nsga2_g01_child_0046_9585b968,cst_tip_nsga2_g02_child_0093_97ccea59,0.008641526507394495,0.019280423769476994,0.41492047192385756,0.043240607672308196,false,actual_loaded_shape_query_warning_not_mission_grade,root:full_polar_candidate_not_mission_grade; mid1:full_polar_candidate_not_mission_grade; mid2:full_polar_mission_grade_candidate; tip:full_polar_mission_grade_candidate,cl_outside_polar_envelope,top_raw_profile_proxy,evaluated_on_stage6_loaded_shape_cl_re,stage6_loaded_shape_avl_actual_local_cl_re,loaded_dihedral_avl,0.008793489981890949,0.012683369340687178,0.0119979,0.02468126934068718,165.6168897845496,169.64232067815118,0.41492047192385756,0.9659077321890178,"mixed_not_mission_grade:full_polar_candidate_not_mission_grade,full_polar_mission_grade_candidate,full_polar_mission_grade_candidate_query_warning_not_mission_grade",4,target
tier2_loaded_shape_airfoil_mvp_v1,combo_5562,root:dae21|mid1:fx76mp140|mid2:cst_mid2_nsga2_g01_child_0046_9585b968|tip:cst_tip_nsga2_g02_child_0093_97ccea59,dae21,fx76mp140,cst_mid2_nsga2_g01_child_0046_9585b968,cst_tip_nsga2_g02_child_0093_97ccea59,0.008641622376446827,0.019328555243507912,0.41492047192385756,0.043240607672308196,false,actual_loaded_shape_query_warning_not_mission_grade,root:full_polar_candidate_not_mission_grade; mid1:full_polar_candidate_not_mission_grade; mid2:full_polar_mission_grade_candidate; tip:full_polar_mission_grade_candidate,cl_outside_polar_envelope,top_raw_profile_proxy,evaluated_on_stage6_loaded_shape_cl_re,stage6_loaded_shape_avl_actual_local_cl_re,loaded_dihedral_avl,0.00878792776034204,0.01267780711913827,0.0119979,0.02467570711913827,165.5795660221245,169.60499691572602,0.41492047192385756,0.9659077321890178,"mixed_not_mission_grade:full_polar_candidate_not_mission_grade,full_polar_mission_grade_candidate,full_polar_mission_grade_candidate_query_warning_not_mission_grade",4,target
tier2_loaded_shape_airfoil_mvp_v1,combo_4564,root:fx76mp140|mid1:fx76mp140|mid2:cst_mid2_nsga2_g01_child_0046_9585b968|tip:cst_tip_nsga2_g06_child_0056_b3f9b7c4,fx76mp140,fx76mp140,cst_mid2_nsga2_g01_child_0046_9585b968,cst_tip_nsga2_g06_child_0056_b3f9b7c4,0.008646341397540004,0.01930902818860913,0.41492047192385756,0.043240607672308196,false,actual_loaded_shape_query_warning_not_mission_grade,root:full_polar_candidate_not_mission_grade; mid1:full_polar_candidate_not_mission_grade; mid2:full_polar_mission_grade_candidate; tip:full_polar_mission_grade_candidate,cl_outside_polar_envelope,top_raw_profile_proxy,evaluated_on_stage6_loaded_shape_cl_re,stage6_loaded_shape_avl_actual_local_cl_re,loaded_dihedral_avl,0.008784588666264574,0.012674468025060804,0.0119979,0.024672368025060804,165.55715994696791,169.5825908405694,0.41492047192385756,0.9659077321890178,"mixed_not_mission_grade:full_polar_candidate_not_mission_grade,full_polar_mission_grade_candidate,full_polar_mission_grade_candidate_query_warning_not_mission_grade",4,target
tier2_loaded_shape_airfoil_mvp_v1,combo_5564,root:dae21|mid1:fx76mp140|mid2:cst_mid2_nsga2_g01_child_0046_9585b968|tip:cst_tip_nsga2_g06_child_0056_b3f9b7c4,dae21,fx76mp140,cst_mid2_nsga2_g01_child_0046_9585b968,cst_tip_nsga2_g06_child_0056_b3f9b7c4,0.008646437266592338,0.01935715966264005,0.41492047192385756,0.043240607672308196,false,actual_loaded_shape_query_warning_not_mission_grade,root:full_polar_candidate_not_mission_grade; mid1:full_polar_candidate_not_mission_grade; mid2:full_polar_mission_grade_candidate; tip:full_polar_mission_grade_candidate,cl_outside_polar_envelope,top_raw_profile_proxy,evaluated_on_stage6_loaded_shape_cl_re,stage6_loaded_shape_avl_actual_local_cl_re,loaded_dihedral_avl,0.008779026444715666,0.012668905803511895,0.0119979,0.024666805803511896,165.51983618454275,169.5452670781443,0.41492047192385756,0.9659077321890178,"mixed_not_mission_grade:full_polar_candidate_not_mission_grade,full_polar_mission_grade_candidate,full_polar_mission_grade_candidate_query_warning_not_mission_grade",4,target
tier2_loaded_shape_airfoil_mvp_v1,combo_0501,root:dae31|mid1:fx76mp140|mid2:dae31|tip:cst_tip_nsga2_g05_child_0032_70ef8136,dae31,fx76mp140,dae31,cst_tip_nsga2_g05_child_0032_70ef8136,0.00865216936476031,0.01329795531316058,1.7386333650329884,0.1711948591266238,false,actual_loaded_shape_query_warning_not_mission_grade,root:full_polar_mission_grade_candidate; mid1:full_polar_candidate_not_mission_grade; mid2:full_polar_mission_grade_candidate; tip:full_polar_mission_grade_candidate,,top_raw_profile_proxy,evaluated_on_stage6_loaded_shape_cl_re,stage6_loaded_shape_avl_actual_local_cl_re,loaded_dihedral_avl,0.009290385069482179,0.013180264428278408,0.0119979,0.02517816442827841,168.95116801068687,172.97659890428838,1.7386333650329884,0.8709698771391516,"mixed_not_mission_grade:full_polar_candidate_not_mission_grade,full_polar_mission_grade_candidate",0,target
tier2_loaded_shape_airfoil_mvp_v1,combo_0366,root:dae31|mid1:cst_mid1_nsga2_g07_child_0111_0738f459|mid2:cst_mid2_nsga2_g01_child_0046_9585b968|tip:cst_tip_nsga2_g01_child_0118_60ecf404,dae31,cst_mid1_nsga2_g07_child_0111_0738f459,cst_mid2_nsga2_g01_child_0046_9585b968,cst_tip_nsga2_g01_child_0118_60ecf404,0.008662248505384107,0.01497820280181433,0.41492047192385756,0.043240607672308196,false,actual_loaded_shape_query_warning_not_mission_grade,root:full_polar_mission_grade_candidate; mid1:full_polar_mission_grade_candidate; mid2:full_polar_mission_grade_candidate; tip:full_polar_mission_grade_candidate,cl_outside_polar_envelope,top_raw_profile_proxy,evaluated_on_stage6_loaded_shape_cl_re,stage6_loaded_shape_avl_actual_local_cl_re,loaded_dihedral_avl,0.009020543042429722,0.012910422401225951,0.0119979,0.024908322401225952,167.14046708454308,171.16589797814464,0.41492047192385756,0.9659077321890178,"mixed_not_mission_grade:full_polar_mission_grade_candidate,full_polar_mission_grade_candidate_query_warning_not_mission_grade",4,target
tier2_loaded_shape_airfoil_mvp_v1,combo_4266,root:fx76mp140|mid1:cst_mid1_nsga2_g05_child_0114_b5496e0b|mid2:cst_mid2_nsga2_g01_child_0046_9585b968|tip:cst_tip_nsga2_g01_child_0118_60ecf404,fx76mp140,cst_mid1_nsga2_g05_child_0114_b5496e0b,cst_mid2_nsga2_g01_child_0046_9585b968,cst_tip_nsga2_g01_child_0118_60ecf404,0.008662395244680116,0.018039139678716103,0.41492047192385756,0.043240607672308196,false,actual_loaded_shape_query_warning_not_mission_grade,root:full_polar_candidate_not_mission_grade; mid1:full_polar_mission_grade_candidate; mid2:full_polar_mission_grade_candidate; tip:full_polar_mission_grade_candidate,cl_outside_polar_envelope,top_raw_profile_proxy,evaluated_on_stage6_loaded_shape_cl_re,stage6_loaded_shape_avl_actual_local_cl_re,loaded_dihedral_avl,0.009052389449472686,0.012942268808268915,0.0119979,0.024940168808268916,167.35416366604645,171.37959455964796,0.41492047192385756,0.9659077321890178,"mixed_not_mission_grade:full_polar_candidate_not_mission_grade,full_polar_mission_grade_candidate,full_polar_mission_grade_candidate_query_warning_not_mission_grade",4,target
tier2_loaded_shape_airfoil_mvp_v1,combo_5266,root:dae21|mid1:cst_mid1_nsga2_g05_child_0114_b5496e0b|mid2:cst_mid2_nsga2_g01_child_0046_9585b968|tip:cst_tip_nsga2_g01_child_0118_60ecf404,dae21,cst_mid1_nsga2_g05_child_0114_b5496e0b,cst_mid2_nsga2_g01_child_0046_9585b968,cst_tip_nsga2_g01_child_0118_60ecf404,0.008662491113732448,0.018087271152747022,0.41492047192385756,0.043240607672308196,false,actual_loaded_shape_query_warning_not_mission_grade,root:full_polar_candidate_not_mission_grade; mid1:full_polar_mission_grade_candidate; mid2:full_polar_mission_grade_candidate; tip:full_polar_mission_grade_candidate,cl_outside_polar_envelope,top_raw_profile_proxy,evaluated_on_stage6_loaded_shape_cl_re,stage6_loaded_shape_avl_actual_local_cl_re,loaded_dihedral_avl,0.00904682722792378,0.012936706586720009,0.0119979,0.02493460658672001,167.31683990362131,171.34227079722282,0.41492047192385756,0.9659077321890178,"mixed_not_mission_grade:full_polar_candidate_not_mission_grade,full_polar_mission_grade_candidate,full_polar_mission_grade_candidate_query_warning_not_mission_grade",4,target
tier2_loaded_shape_airfoil_mvp_v1,combo_4601,root:fx76mp140|mid1:dae21|mid2:dae31|tip:cst_tip_nsga2_g05_child_0032_70ef8136,fx76mp140,dae21,dae31,cst_tip_nsga2_g05_child_0032_70ef8136,0.008663259221369318,0.01639495391243739,1.4886866591411752,0.14767987573678765,false,actual_loaded_shape_query_warning_not_mission_grade,root:full_polar_candidate_not_mission_grade; mid1:full_polar_candidate_not_mission_grade; mid2:full_polar_mission_grade_candidate; tip:full_polar_mission_grade_candidate,,top_raw_profile_proxy,evaluated_on_stage6_loaded_shape_cl_re,stage6_loaded_shape_avl_actual_local_cl_re,loaded_dihedral_avl,0.009316610632384257,0.013206489991180487,0.0119979,0.025204389991180486,169.12714745893715,173.15257835253868,1.4886866591411752,0.8975498179179896,"mixed_not_mission_grade:full_polar_candidate_not_mission_grade,full_polar_mission_grade_candidate",0,target
tier2_loaded_shape_airfoil_mvp_v1,combo_5601,root:dae21|mid1:dae21|mid2:dae31|tip:cst_tip_nsga2_g05_child_0032_70ef8136,dae21,dae21,dae31,cst_tip_nsga2_g05_child_0032_70ef8136,0.008663355090421654,0.01644308538646831,1.4886866591411752,0.14767987573678765,false,actual_loaded_shape_query_warning_not_mission_grade,root:full_polar_candidate_not_mission_grade; mid1:full_polar_candidate_not_mission_grade; mid2:full_polar_mission_grade_candidate; tip:full_polar_mission_grade_candidate,,top_raw_profile_proxy,evaluated_on_stage6_loaded_shape_cl_re,stage6_loaded_shape_avl_actual_local_cl_re,loaded_dihedral_avl,0.00931104841083535,0.01320092776963158,0.0119979,0.02519882776963158,169.089823696512,173.11525459011355,1.4886866591411752,0.8975498179179896,"mixed_not_mission_grade:full_polar_candidate_not_mission_grade,full_polar_mission_grade_candidate",0,target
tier2_loaded_shape_airfoil_mvp_v1,combo_4166,root:fx76mp140|mid1:cst_mid1_nsga2_g06_child_0001_a86879e2|mid2:cst_mid2_nsga2_g01_child_0046_9585b968|tip:cst_tip_nsga2_g01_child_0118_60ecf404,fx76mp140,cst_mid1_nsga2_g06_child_0001_a86879e2,cst_mid2_nsga2_g01_child_0046_9585b968,cst_tip_nsga2_g01_child_0118_60ecf404,0.008663553478377816,0.01801415483633626,0.41492047192385756,0.043240607672308196,false,actual_loaded_shape_query_warning_not_mission_grade,root:full_polar_candidate_not_mission_grade; mid1:full_polar_mission_grade_candidate; mid2:full_polar_mission_grade_candidate; tip:full_polar_mission_grade_candidate,cl_outside_polar_envelope,top_raw_profile_proxy,evaluated_on_stage6_loaded_shape_cl_re,stage6_loaded_shape_avl_actual_local_cl_re,loaded_dihedral_avl,0.009044521590189645,0.012934400948985875,0.0119979,0.024932300948985874,167.301368553861,171.32679944746258,0.41492047192385756,0.9659077321890178,"mixed_not_mission_grade:full_polar_candidate_not_mission_grade,full_polar_mission_grade_candidate,full_polar_mission_grade_candidate_query_warning_not_mission_grade",4,target
tier2_loaded_shape_airfoil_mvp_v1,combo_5166,root:dae21|mid1:cst_mid1_nsga2_g06_child_0001_a86879e2|mid2:cst_mid2_nsga2_g01_child_0046_9585b968|tip:cst_tip_nsga2_g01_child_0118_60ecf404,dae21,cst_mid1_nsga2_g06_child_0001_a86879e2,cst_mid2_nsga2_g01_child_0046_9585b968,cst_tip_nsga2_g01_child_0118_60ecf404,0.00866364934743015,0.018062286310367177,0.41492047192385756,0.043240607672308196,false,actual_loaded_shape_query_warning_not_mission_grade,root:full_polar_candidate_not_mission_grade; mid1:full_polar_mission_grade_candidate; mid2:full_polar_mission_grade_candidate; tip:full_polar_mission_grade_candidate,cl_outside_polar_envelope,top_raw_profile_proxy,evaluated_on_stage6_loaded_shape_cl_re,stage6_loaded_shape_avl_actual_local_cl_re,loaded_dihedral_avl,0.009038959368640739,0.012928838727436968,0.0119979,0.02492673872743697,167.26404479143588,171.28947568503744,0.41492047192385756,0.9659077321890178,"mixed_not_mission_grade:full_polar_candidate_not_mission_grade,full_polar_mission_grade_candidate,full_polar_mission_grade_candidate_query_warning_not_mission_grade",4,target
tier2_loaded_shape_airfoil_mvp_v1,combo_0565,root:dae31|mid1:fx76mp140|mid2:cst_mid2_nsga2_g01_child_0046_9585b968|tip:clarkysm,dae31,fx76mp140,cst_mid2_nsga2_g01_child_0046_9585b968,clarkysm,0.008667494729044222,0.01628467517339174,0.41492047192385756,0.043240607672308196,false,actual_loaded_shape_query_warning_not_mission_grade,root:full_polar_mission_grade_candidate; mid1:full_polar_candidate_not_mission_grade; mid2:full_polar_mission_grade_candidate; tip:full_polar_mission_grade_candidate,cl_outside_polar_envelope,top_raw_profile_proxy,evaluated_on_stage6_loaded_shape_cl_re,stage6_loaded_shape_avl_actual_local_cl_re,loaded_dihedral_avl,0.008762766346962013,0.012652645705758242,0.0119979,0.024650545705758243,165.4107272574296,169.43615815103115,0.41492047192385756,0.9659077321890178,"mixed_not_mission_grade:full_polar_candidate_not_mission_grade,full_polar_mission_grade_candidate,full_polar_mission_grade_candidate_query_warning_not_mission_grade",4,target
tier2_loaded_shape_airfoil_mvp_v1,combo_2361,root:cst_root_nsga2_g04_child_0036_d62dd7fc|mid1:cst_mid1_nsga2_g07_child_0111_0738f459|mid2:cst_mid2_nsga2_g01_child_0046_9585b968|tip:cst_tip_nsga2_g05_child_0032_70ef8136,cst_root_nsga2_g04_child_0036_d62dd7fc,cst_mid1_nsga2_g07_child_0111_0738f459,cst_mid2_nsga2_g01_child_0046_9585b968,cst_tip_nsga2_g05_child_0032_70ef8136,0.008670744366672443,0.012927328924740198,0.41492047192385756,0.043240607672308196,false,actual_loaded_shape_query_warning_not_mission_grade,root:full_polar_mission_grade_candidate; mid1:full_polar_mission_grade_candidate; mid2:full_polar_mission_grade_candidate; tip:full_polar_mission_grade_candidate,cl_outside_polar_envelope,top_raw_profile_proxy,evaluated_on_stage6_loaded_shape_cl_re,stage6_loaded_shape_avl_actual_local_cl_re,loaded_dihedral_avl,0.009622857403337607,0.013512736762133836,0.0119979,0.02551063676213384,171.18213243607704,175.20756332967858,0.41492047192385756,0.9659077321890178,"mixed_not_mission_grade:full_polar_mission_grade_candidate,full_polar_mission_grade_candidate_query_warning_not_mission_grade",4,target
tier2_loaded_shape_airfoil_mvp_v1,combo_3361,root:cst_root_nsga2_g04_child_0010_d050d0cc|mid1:cst_mid1_nsga2_g07_child_0111_0738f459|mid2:cst_mid2_nsga2_g01_child_0046_9585b968|tip:cst_tip_nsga2_g05_child_0032_70ef8136,cst_root_nsga2_g04_child_0010_d050d0cc,cst_mid1_nsga2_g07_child_0111_0738f459,cst_mid2_nsga2_g01_child_0046_9585b968,cst_tip_nsga2_g05_child_0032_70ef8136,0.008677918782482568,0.01300038649489064,0.41492047192385756,0.043240607672308196,false,actual_loaded_shape_query_warning_not_mission_grade,root:full_polar_mission_grade_candidate; mid1:full_polar_mission_grade_candidate; mid2:full_polar_mission_grade_candidate; tip:full_polar_mission_grade_candidate,cl_outside_polar_envelope,top_raw_profile_proxy,evaluated_on_stage6_loaded_shape_cl_re,stage6_loaded_shape_avl_actual_local_cl_re,loaded_dihedral_avl,0.009626998284182033,0.013516877642978263,0.0119979,0.025514777642978263,171.20991868146643,175.23534957506797,0.41492047192385756,0.9659077321890178,"mixed_not_mission_grade:full_polar_mission_grade_candidate,full_polar_mission_grade_candidate_query_warning_not_mission_grade",4,target
tier2_loaded_shape_airfoil_mvp_v1,combo_4665,root:fx76mp140|mid1:dae21|mid2:cst_mid2_nsga2_g01_child_0046_9585b968|tip:clarkysm,fx76mp140,dae21,cst_mid2_nsga2_g01_child_0046_9585b968,clarkysm,0.008678584585653232,0.01938167377266855,0.41492047192385756,0.043240607672308196,false,actual_loaded_shape_query_warning_not_mission_grade,root:full_polar_candidate_not_mission_grade; mid1:full_polar_candidate_not_mission_grade; mid2:full_polar_mission_grade_candidate; tip:full_polar_mission_grade_candidate,cl_outside_polar_envelope,top_raw_profile_proxy,evaluated_on_stage6_loaded_shape_cl_re,stage6_loaded_shape_avl_actual_local_cl_re,loaded_dihedral_avl,0.008788991909864092,0.012678871268660321,0.0119979,0.024676771268660323,165.58670670567992,169.61213759928145,0.41492047192385756,0.9659077321890178,"mixed_not_mission_grade:full_polar_candidate_not_mission_grade,full_polar_mission_grade_candidate,full_polar_mission_grade_candidate_query_warning_not_mission_grade",4,target
tier2_loaded_shape_airfoil_mvp_v1,combo_5665,root:dae21|mid1:dae21|mid2:cst_mid2_nsga2_g01_child_0046_9585b968|tip:clarkysm,dae21,dae21,cst_mid2_nsga2_g01_child_0046_9585b968,clarkysm,0.008678680454705564,0.019429805246699468,0.41492047192385756,0.043240607672308196,false,actual_loaded_shape_query_warning_not_mission_grade,root:full_polar_candidate_not_mission_grade; mid1:full_polar_candidate_not_mission_grade; mid2:full_polar_mission_grade_candidate; tip:full_polar_mission_grade_candidate,cl_outside_polar_envelope,top_raw_profile_proxy,evaluated_on_stage6_loaded_shape_cl_re,stage6_loaded_shape_avl_actual_local_cl_re,loaded_dihedral_avl,0.008783429688315185,0.012673309047111414,0.0119979,0.024671209047111415,165.54938294325478,169.5748138368563,0.41492047192385756,0.9659077321890178,"mixed_not_mission_grade:full_polar_candidate_not_mission_grade,full_polar_mission_grade_candidate,full_polar_mission_grade_candidate_query_warning_not_mission_grade",4,target
tier2_loaded_shape_airfoil_mvp_v1,combo_4563,root:fx76mp140|mid1:fx76mp140|mid2:cst_mid2_nsga2_g01_child_0046_9585b968|tip:dae41,fx76mp140,fx76mp140,cst_mid2_nsga2_g01_child_0046_9585b968,dae41,0.008681885373800283,0.019305852252209474,0.41492047192385756,0.043240607672308196,false,actual_loaded_shape_query_warning_not_mission_grade,root:full_polar_candidate_not_mission_grade; mid1:full_polar_candidate_not_mission_grade; mid2:full_polar_mission_grade_candidate; tip:full_polar_candidate_not_mission_grade,cl_outside_polar_envelope,top_raw_profile_proxy,evaluated_on_stage6_loaded_shape_cl_re,stage6_loaded_shape_avl_actual_local_cl_re,loaded_dihedral_avl,0.008827161452944345,0.012717040811740575,0.0119979,0.024714940811740575,165.84283295762387,169.8682638512254,0.41492047192385756,0.9659077321890178,"mixed_not_mission_grade:full_polar_candidate_not_mission_grade,full_polar_mission_grade_candidate,full_polar_mission_grade_candidate_query_warning_not_mission_grade",4,target
tier2_loaded_shape_airfoil_mvp_v1,combo_5563,root:dae21|mid1:fx76mp140|mid2:cst_mid2_nsga2_g01_child_0046_9585b968|tip:dae41,dae21,fx76mp140,cst_mid2_nsga2_g01_child_0046_9585b968,dae41,0.008681981242852615,0.019353983726240392,0.41492047192385756,0.043240607672308196,false,actual_loaded_shape_query_warning_not_mission_grade,root:full_polar_candidate_not_mission_grade; mid1:full_polar_candidate_not_mission_grade; mid2:full_polar_mission_grade_candidate; tip:full_polar_candidate_not_mission_grade,cl_outside_polar_envelope,top_raw_profile_proxy,evaluated_on_stage6_loaded_shape_cl_re,stage6_loaded_shape_avl_actual_local_cl_re,loaded_dihedral_avl,0.008821599231395437,0.012711478590191666,0.0119979,0.024709378590191667,165.8055091951987,169.83094008880022,0.41492047192385756,0.9659077321890178,"mixed_not_mission_grade:full_polar_candidate_not_mission_grade,full_polar_mission_grade_candidate,full_polar_mission_grade_candidate_query_warning_not_mission_grade",4,target
tier2_loaded_shape_airfoil_mvp_v1,combo_7766,root:dae11|mid1:dae11|mid2:cst_mid2_nsga2_g01_child_0046_9585b968|tip:cst_tip_nsga2_g01_child_0118_60ecf404,dae11,dae11,cst_mid2_nsga2_g01_child_0046_9585b968,cst_tip_nsga2_g01_child_0118_60ecf404,0.008682575178806655,0.021355337119183675,0.41492047192385756,0.043240607672308196,false,actual_loaded_shape_query_warning_not_mission_grade,root:full_polar_candidate_not_mission_grade; mid1:full_polar_candidate_not_mission_grade; mid2:full_polar_mission_grade_candidate; tip:full_polar_mission_grade_candidate,cl_outside_polar_envelope,top_raw_profile_proxy,evaluated_on_stage6_loaded_shape_cl_re,stage6_loaded_shape_avl_actual_local_cl_re,loaded_dihedral_avl,0.009093727845012547,0.012983607203808777,0.0119979,0.024981507203808775,167.63155363345416,171.6569845270557,0.41492047192385756,0.9659077321890178,"mixed_not_mission_grade:full_polar_candidate_not_mission_grade,full_polar_mission_grade_candidate,full_polar_mission_grade_candidate_query_warning_not_mission_grade",4,target
tier2_loaded_shape_airfoil_mvp_v1,combo_7062,root:dae11|mid1:dae31|mid2:cst_mid2_nsga2_g01_child_0046_9585b968|tip:cst_tip_nsga2_g02_child_0093_97ccea59,dae11,dae31,cst_mid2_nsga2_g01_child_0046_9585b968,cst_tip_nsga2_g02_child_0093_97ccea59,0.008682933828782439,0.01613691991394153,0.41492047192385756,0.043240607672308196,false,actual_loaded_shape_query_warning_not_mission_grade,root:full_polar_candidate_not_mission_grade; mid1:full_polar_mission_grade_candidate; mid2:full_polar_mission_grade_candidate; tip:full_polar_mission_grade_candidate,cl_outside_polar_envelope,top_raw_profile_proxy,evaluated_on_stage6_loaded_shape_cl_re,stage6_loaded_shape_avl_actual_local_cl_re,loaded_dihedral_avl,0.008841207814046615,0.012731087172842845,0.0119979,0.024728987172842845,165.93708721199127,169.96251810559284,0.41492047192385756,0.9659077321890178,"mixed_not_mission_grade:full_polar_candidate_not_mission_grade,full_polar_mission_grade_candidate,full_polar_mission_grade_candidate_query_warning_not_mission_grade",4,target
tier2_loaded_shape_airfoil_mvp_v1,combo_1466,root:cst_root_nsga2_g04_child_0066_2124fc90|mid1:cst_mid1_nsga2_g04_child_0075_96fc4d1a|mid2:cst_mid2_nsga2_g01_child_0046_9585b968|tip:cst_tip_nsga2_g01_child_0118_60ecf404,cst_root_nsga2_g04_child_0066_2124fc90,cst_mid1_nsga2_g04_child_0075_96fc4d1a,cst_mid2_nsga2_g01_child_0046_9585b968,cst_tip_nsga2_g01_child_0118_60ecf404,0.00868348893484333,0.018070287383236606,0.41492047192385756,0.043240607672308196,false,actual_loaded_shape_query_warning_not_mission_grade,root:full_polar_mission_grade_candidate; mid1:full_polar_candidate_not_mission_grade; mid2:full_polar_mission_grade_candidate; tip:full_polar_mission_grade_candidate,cl_outside_polar_envelope,top_raw_profile_proxy,evaluated_on_stage6_loaded_shape_cl_re,stage6_loaded_shape_avl_actual_local_cl_re,loaded_dihedral_avl,0.009097804613537108,0.012987683972333337,0.0119979,0.024985583972333338,167.6589096707021,171.68434056430362,0.41492047192385756,0.9659077321890178,"mixed_not_mission_grade:full_polar_candidate_not_mission_grade,full_polar_mission_grade_candidate,full_polar_mission_grade_candidate_query_warning_not_mission_grade",4,target
tier2_loaded_shape_airfoil_mvp_v1,combo_7064,root:dae11|mid1:dae31|mid2:cst_mid2_nsga2_g01_child_0046_9585b968|tip:cst_tip_nsga2_g06_child_0056_b3f9b7c4,dae11,dae31,cst_mid2_nsga2_g01_child_0046_9585b968,cst_tip_nsga2_g06_child_0056_b3f9b7c4,0.008687748718927949,0.016165524333073666,0.41492047192385756,0.043240607672308196,false,actual_loaded_shape_query_warning_not_mission_grade,root:full_polar_candidate_not_mission_grade; mid1:full_polar_mission_grade_candidate; mid2:full_polar_mission_grade_candidate; tip:full_polar_mission_grade_candidate,cl_outside_polar_envelope,top_raw_profile_proxy,evaluated_on_stage6_loaded_shape_cl_re,stage6_loaded_shape_avl_actual_local_cl_re,loaded_dihedral_avl,0.008832306498420239,0.012722185857216468,0.0119979,0.024720085857216467,165.8773573744095,169.90278826801108,0.41492047192385756,0.9659077321890178,"mixed_not_mission_grade:full_polar_candidate_not_mission_grade,full_polar_mission_grade_candidate,full_polar_mission_grade_candidate_query_warning_not_mission_grade",4,target
tier2_loaded_shape_airfoil_mvp_v1,combo_0462,root:dae31|mid1:cst_mid1_nsga2_g04_child_0075_96fc4d1a|mid2:cst_mid2_nsga2_g01_child_0046_9585b968|tip:cst_tip_nsga2_g02_child_0093_97ccea59,dae31,cst_mid1_nsga2_g04_child_0075_96fc4d1a,cst_mid2_nsga2_g01_child_0046_9585b968,cst_tip_nsga2_g02_child_0093_97ccea59,0.00870155857143925,0.016134570894991096,0.41492047192385756,0.043240607672308196,false,actual_loaded_shape_query_warning_not_mission_grade,root:full_polar_mission_grade_candidate; mid1:full_polar_candidate_not_mission_grade; mid2:full_polar_mission_grade_candidate; tip:full_polar_mission_grade_candidate,cl_outside_polar_envelope,top_raw_profile_proxy,evaluated_on_stage6_loaded_shape_cl_re,stage6_loaded_shape_avl_actual_local_cl_re,loaded_dihedral_avl,0.008837556689932038,0.012727436048728268,0.0119979,0.02472533604872827,165.9125873448359,169.93801823843742,0.41492047192385756,0.9659077321890178,"mixed_not_mission_grade:full_polar_candidate_not_mission_grade,full_polar_mission_grade_candidate,full_polar_mission_grade_candidate_query_warning_not_mission_grade",4,target
tier2_loaded_shape_airfoil_mvp_v1,combo_4501,root:fx76mp140|mid1:fx76mp140|mid2:dae31|tip:cst_tip_nsga2_g05_child_0032_70ef8136,fx76mp140,fx76mp140,dae31,cst_tip_nsga2_g05_child_0032_70ef8136,0.008704019407467987,0.016388894405541747,1.7386333650329884,0.1711948591266238,false,actual_loaded_shape_query_warning_not_mission_grade,root:full_polar_candidate_not_mission_grade; mid1:full_polar_candidate_not_mission_grade; mid2:full_polar_mission_grade_candidate; tip:full_polar_mission_grade_candidate,,top_raw_profile_proxy,evaluated_on_stage6_loaded_shape_cl_re,stage6_loaded_shape_avl_actual_local_cl_re,loaded_dihedral_avl,0.009362358398897194,0.013252237757693424,0.0119979,0.025250137757693424,169.43412530111695,173.4595561947185,1.7386333650329884,0.8709698771391516,"mixed_not_mission_grade:full_polar_candidate_not_mission_grade,full_polar_mission_grade_candidate",0,target
tier2_loaded_shape_airfoil_mvp_v1,combo_5501,root:dae21|mid1:fx76mp140|mid2:dae31|tip:cst_tip_nsga2_g05_child_0032_70ef8136,dae21,fx76mp140,dae31,cst_tip_nsga2_g05_child_0032_70ef8136,0.008704115276520319,0.016437025879572666,1.5642903924721725,0.1551798757367877,false,actual_loaded_shape_query_warning_not_mission_grade,root:full_polar_candidate_not_mission_grade; mid1:full_polar_candidate_not_mission_grade; mid2:full_polar_mission_grade_candidate; tip:full_polar_mission_grade_candidate,,top_raw_profile_proxy,evaluated_on_stage6_loaded_shape_cl_re,stage6_loaded_shape_avl_actual_local_cl_re,loaded_dihedral_avl,0.009356796177348288,0.013246675536144517,0.0119979,0.025244575536144516,169.3968015386918,173.42223243229333,1.5642903924721725,0.8923468316493353,"mixed_not_mission_grade:full_polar_candidate_not_mission_grade,full_polar_mission_grade_candidate",0,target
tier2_loaded_shape_airfoil_mvp_v1,combo_0071,root:dae31|mid1:dae31|mid2:dae21|tip:cst_tip_nsga2_g05_child_0032_70ef8136,dae31,dae31,dae21,cst_tip_nsga2_g05_child_0032_70ef8136,0.008706335993900874,0.01255584746837556,1.7386333650329884,0.1711948591266238,false,actual_loaded_shape_query_warning_not_mission_grade,root:full_polar_mission_grade_candidate; mid1:full_polar_mission_grade_candidate; mid2:full_polar_candidate_not_mission_grade; tip:full_polar_mission_grade_candidate,,top_raw_profile_proxy,evaluated_on_stage6_loaded_shape_cl_re,stage6_loaded_shape_avl_actual_local_cl_re,loaded_dihedral_avl,0.009303149260785933,0.013193028619582162,0.0119979,0.025190928619582165,169.03681861621945,173.06224950982093,1.7386333650329884,0.863277889739231,"mixed_not_mission_grade:full_polar_candidate_not_mission_grade,full_polar_mission_grade_candidate",0,target
tier2_loaded_shape_airfoil_mvp_v1,combo_0464,root:dae31|mid1:cst_mid1_nsga2_g04_child_0075_96fc4d1a|mid2:cst_mid2_nsga2_g01_child_0046_9585b968|tip:cst_tip_nsga2_g06_child_0056_b3f9b7c4,dae31,cst_mid1_nsga2_g04_child_0075_96fc4d1a,cst_mid2_nsga2_g01_child_0046_9585b968,cst_tip_nsga2_g06_child_0056_b3f9b7c4,0.00870637346158476,0.016163175314123233,0.41492047192385756,0.043240607672308196,false,actual_loaded_shape_query_warning_not_mission_grade,root:full_polar_mission_grade_candidate; mid1:full_polar_candidate_not_mission_grade; mid2:full_polar_mission_grade_candidate; tip:full_polar_mission_grade_candidate,cl_outside_polar_envelope,top_raw_profile_proxy,evaluated_on_stage6_loaded_shape_cl_re,stage6_loaded_shape_avl_actual_local_cl_re,loaded_dihedral_avl,0.008828655374305664,0.012718534733101894,0.0119979,0.024716434733101894,165.85285750725413,169.8782884008557,0.41492047192385756,0.9659077321890178,"mixed_not_mission_grade:full_polar_candidate_not_mission_grade,full_polar_mission_grade_candidate,full_polar_mission_grade_candidate_query_warning_not_mission_grade",4,target
tier2_loaded_shape_airfoil_mvp_v1,combo_4366,root:fx76mp140|mid1:cst_mid1_nsga2_g07_child_0111_0738f459|mid2:cst_mid2_nsga2_g01_child_0046_9585b968|tip:cst_tip_nsga2_g01_child_0118_60ecf404,fx76mp140,cst_mid1_nsga2_g07_child_0111_0738f459,cst_mid2_nsga2_g01_child_0046_9585b968,cst_tip_nsga2_g01_child_0118_60ecf404,0.008714098548091784,0.018069141894195496,0.41492047192385756,0.043240607672308196,false,actual_loaded_shape_query_warning_not_mission_grade,root:full_polar_candidate_not_mission_grade; mid1:full_polar_mission_grade_candidate; mid2:full_polar_mission_grade_candidate; tip:full_polar_mission_grade_candidate,cl_outside_polar_envelope,top_raw_profile_proxy,evaluated_on_stage6_loaded_shape_cl_re,stage6_loaded_shape_avl_actual_local_cl_re,loaded_dihedral_avl,0.00909251637184474,0.012982395730640969,0.0119979,0.02498029573064097,167.62342437497318,171.6488552685747,0.41492047192385756,0.9659077321890178,"mixed_not_mission_grade:full_polar_candidate_not_mission_grade,full_polar_mission_grade_candidate,full_polar_mission_grade_candidate_query_warning_not_mission_grade",4,target
tier2_loaded_shape_airfoil_mvp_v1,combo_5366,root:dae21|mid1:cst_mid1_nsga2_g07_child_0111_0738f459|mid2:cst_mid2_nsga2_g01_child_0046_9585b968|tip:cst_tip_nsga2_g01_child_0118_60ecf404,dae21,cst_mid1_nsga2_g07_child_0111_0738f459,cst_mid2_nsga2_g01_child_0046_9585b968,cst_tip_nsga2_g01_child_0118_60ecf404,0.008714194417144116,0.018117273368226414,0.41492047192385756,0.043240607672308196,false,actual_loaded_shape_query_warning_not_mission_grade,root:full_polar_candidate_not_mission_grade; mid1:full_polar_mission_grade_candidate; mid2:full_polar_mission_grade_candidate; tip:full_polar_mission_grade_candidate,cl_outside_polar_envelope,top_raw_profile_proxy,evaluated_on_stage6_loaded_shape_cl_re,stage6_loaded_shape_avl_actual_local_cl_re,loaded_dihedral_avl,0.00908695415029583,0.01297683350909206,0.0119979,0.02497473350909206,167.58610061254802,171.61153150614956,0.41492047192385756,0.9659077321890178,"mixed_not_mission_grade:full_polar_candidate_not_mission_grade,full_polar_mission_grade_candidate,full_polar_mission_grade_candidate_query_warning_not_mission_grade",4,target
tier2_loaded_shape_airfoil_mvp_v1,combo_2666,root:cst_root_nsga2_g04_child_0036_d62dd7fc|mid1:dae21|mid2:cst_mid2_nsga2_g01_child_0046_9585b968|tip:cst_tip_nsga2_g01_child_0118_60ecf404,cst_root_nsga2_g04_child_0036_d62dd7fc,dae21,cst_mid2_nsga2_g01_child_0046_9585b968,cst_tip_nsga2_g01_child_0118_60ecf404,0.008718721166726031,0.018224492560256655,0.41492047192385756,0.043240607672308196,false,actual_loaded_shape_query_warning_not_mission_grade,root:full_polar_mission_grade_candidate; mid1:full_polar_candidate_not_mission_grade; mid2:full_polar_mission_grade_candidate; tip:full_polar_mission_grade_candidate,cl_outside_polar_envelope,top_raw_profile_proxy,evaluated_on_stage6_loaded_shape_cl_re,stage6_loaded_shape_avl_actual_local_cl_re,loaded_dihedral_avl,0.009135184224323679,0.013025063583119908,0.0119979,0.02502296358311991,167.90973529860543,171.93516619220696,0.41492047192385756,0.9659077321890178,"mixed_not_mission_grade:full_polar_candidate_not_mission_grade,full_polar_mission_grade_candidate,full_polar_mission_grade_candidate_query_warning_not_mission_grade",4,target
tier2_loaded_shape_airfoil_mvp_v1,combo_4565,root:fx76mp140|mid1:fx76mp140|mid2:cst_mid2_nsga2_g01_child_0046_9585b968|tip:clarkysm,fx76mp140,fx76mp140,cst_mid2_nsga2_g01_child_0046_9585b968,clarkysm,0.008719344771751899,0.019375614265772903,0.41492047192385756,0.043240607672308196,false,actual_loaded_shape_query_warning_not_mission_grade,root:full_polar_candidate_not_mission_grade; mid1:full_polar_candidate_not_mission_grade; mid2:full_polar_mission_grade_candidate; tip:full_polar_mission_grade_candidate,cl_outside_polar_envelope,top_raw_profile_proxy,evaluated_on_stage6_loaded_shape_cl_re,stage6_loaded_shape_avl_actual_local_cl_re,loaded_dihedral_avl,0.008834739676377028,0.012724619035173258,0.0119979,0.02472251903517326,165.8936845478597,169.91911544146126,0.41492047192385756,0.9659077321890178,"mixed_not_mission_grade:full_polar_candidate_not_mission_grade,full_polar_mission_grade_candidate,full_polar_mission_grade_candidate_query_warning_not_mission_grade",4,target
tier2_loaded_shape_airfoil_mvp_v1,combo_5565,root:dae21|mid1:fx76mp140|mid2:cst_mid2_nsga2_g01_child_0046_9585b968|tip:clarkysm,dae21,fx76mp140,cst_mid2_nsga2_g01_child_0046_9585b968,clarkysm,0.008719440640804233,0.01942374573980382,0.41492047192385756,0.043240607672308196,false,actual_loaded_shape_query_warning_not_mission_grade,root:full_polar_candidate_not_mission_grade; mid1:full_polar_candidate_not_mission_grade; mid2:full_polar_mission_grade_candidate; tip:full_polar_mission_grade_candidate,cl_outside_polar_envelope,top_raw_profile_proxy,evaluated_on_stage6_loaded_shape_cl_re,stage6_loaded_shape_avl_actual_local_cl_re,loaded_dihedral_avl,0.008829177454828122,0.012719056813624351,0.0119979,0.024716956813624354,165.8563607854346,169.8817916790361,0.41492047192385756,0.9659077321890178,"mixed_not_mission_grade:full_polar_candidate_not_mission_grade,full_polar_mission_grade_candidate,full_polar_mission_grade_candidate_query_warning_not_mission_grade",4,target
tier2_loaded_shape_airfoil_mvp_v1,combo_7063,root:dae11|mid1:dae31|mid2:cst_mid2_nsga2_g01_child_0046_9585b968|tip:dae41,dae11,dae31,cst_mid2_nsga2_g01_child_0046_9585b968,dae41,0.008723292695188227,0.016162348396674013,0.41492047192385756,0.043240607672308196,false,actual_loaded_shape_query_warning_not_mission_grade,root:full_polar_candidate_not_mission_grade; mid1:full_polar_mission_grade_candidate; mid2:full_polar_mission_grade_candidate; tip:full_polar_candidate_not_mission_grade,cl_outside_polar_envelope,top_raw_profile_proxy,evaluated_on_stage6_loaded_shape_cl_re,stage6_loaded_shape_avl_actual_local_cl_re,loaded_dihedral_avl,0.008874879285100012,0.012764758643896241,0.0119979,0.024762658643896242,166.16303038506553,170.18846127866706,0.41492047192385756,0.9659077321890178,"mixed_not_mission_grade:full_polar_candidate_not_mission_grade,full_polar_mission_grade_candidate,full_polar_mission_grade_candidate_query_warning_not_mission_grade",4,target
tier2_loaded_shape_airfoil_mvp_v1,combo_3666,root:cst_root_nsga2_g04_child_0010_d050d0cc|mid1:dae21|mid2:cst_mid2_nsga2_g01_child_0046_9585b968|tip:cst_tip_nsga2_g01_child_0118_60ecf404,cst_root_nsga2_g04_child_0010_d050d0cc,dae21,cst_mid2_nsga2_g01_child_0046_9585b968,cst_tip_nsga2_g01_child_0118_60ecf404,0.008725895582536152,0.018297550130407098,0.41492047192385756,0.043240607672308196,false,actual_loaded_shape_query_warning_not_mission_grade,root:full_polar_mission_grade_candidate; mid1:full_polar_candidate_not_mission_grade; mid2:full_polar_mission_grade_candidate; tip:full_polar_mission_grade_candidate,cl_outside_polar_envelope,top_raw_profile_proxy,evaluated_on_stage6_loaded_shape_cl_re,stage6_loaded_shape_avl_actual_local_cl_re,loaded_dihedral_avl,0.009139325105168104,0.013029204463964333,0.0119979,0.025027104463964334,167.9375215439948,171.96295243759636,0.41492047192385756,0.9659077321890178,"mixed_not_mission_grade:full_polar_candidate_not_mission_grade,full_polar_mission_grade_candidate,full_polar_mission_grade_candidate_query_warning_not_mission_grade",4,target
tier2_loaded_shape_airfoil_mvp_v1,combo_0463,root:dae31|mid1:cst_mid1_nsga2_g04_child_0075_96fc4d1a|mid2:cst_mid2_nsga2_g01_child_0046_9585b968|tip:dae41,dae31,cst_mid1_nsga2_g04_child_0075_96fc4d1a,cst_mid2_nsga2_g01_child_0046_9585b968,dae41,0.008741917437845038,0.016159999377723576,0.41492047192385756,0.043240607672308196,false,actual_loaded_shape_query_warning_not_mission_grade,root:full_polar_mission_grade_candidate; mid1:full_polar_candidate_not_mission_grade; mid2:full_polar_mission_grade_candidate; tip:full_polar_candidate_not_mission_grade,cl_outside_polar_envelope,top_raw_profile_proxy,evaluated_on_stage6_loaded_shape_cl_re,stage6_loaded_shape_avl_actual_local_cl_re,loaded_dihedral_avl,0.008871228160985433,0.012761107519781663,0.0119979,0.02475900751978166,166.13853051791006,170.16396141151162,0.41492047192385756,0.9659077321890178,"mixed_not_mission_grade:full_polar_candidate_not_mission_grade,full_polar_mission_grade_candidate,full_polar_mission_grade_candidate_query_warning_not_mission_grade",4,target
tier2_loaded_shape_airfoil_mvp_v1,combo_7001,root:dae11|mid1:dae31|mid2:dae31|tip:cst_tip_nsga2_g05_child_0032_70ef8136,dae11,dae31,dae31,cst_tip_nsga2_g05_child_0032_70ef8136,0.008745426728855931,0.013245390550006281,1.7386333650329884,0.1711948591266238,false,actual_loaded_shape_query_warning_not_mission_grade,root:full_polar_candidate_not_mission_grade; mid1:full_polar_mission_grade_candidate; mid2:full_polar_mission_grade_candidate; tip:full_polar_mission_grade_candidate,,top_raw_profile_proxy,evaluated_on_stage6_loaded_shape_cl_re,stage6_loaded_shape_avl_actual_local_cl_re,loaded_dihedral_avl,0.00941007623105286,0.01329995558984909,0.0119979,0.02529785558984909,169.75432272855858,173.77975362216014,1.7386333650329884,0.8658005817436211,"mixed_not_mission_grade:full_polar_candidate_not_mission_grade,full_polar_mission_grade_candidate",0,target
tier2_loaded_shape_airfoil_mvp_v1,combo_4462,root:fx76mp140|mid1:cst_mid1_nsga2_g04_child_0075_96fc4d1a|mid2:cst_mid2_nsga2_g01_child_0046_9585b968|tip:cst_tip_nsga2_g02_child_0093_97ccea59,fx76mp140,cst_mid1_nsga2_g04_child_0075_96fc4d1a,cst_mid2_nsga2_g01_child_0046_9585b968,cst_tip_nsga2_g02_child_0093_97ccea59,0.008753408614146927,0.019225509987372262,0.41492047192385756,0.043240607672308196,false,actual_loaded_shape_query_warning_not_mission_grade,root:full_polar_candidate_not_mission_grade; mid1:full_polar_candidate_not_mission_grade; mid2:full_polar_mission_grade_candidate; tip:full_polar_mission_grade_candidate,cl_outside_polar_envelope,top_raw_profile_proxy,evaluated_on_stage6_loaded_shape_cl_re,stage6_loaded_shape_avl_actual_local_cl_re,loaded_dihedral_avl,0.008909530019347054,0.012799409378143283,0.0119979,0.024797309378143284,166.39554463526596,170.42097552886753,0.41492047192385756,0.9659077321890178,"mixed_not_mission_grade:full_polar_candidate_not_mission_grade,full_polar_mission_grade_candidate,full_polar_mission_grade_candidate_query_warning_not_mission_grade",4,target
tier2_loaded_shape_airfoil_mvp_v1,combo_5462,root:dae21|mid1:cst_mid1_nsga2_g04_child_0075_96fc4d1a|mid2:cst_mid2_nsga2_g01_child_0046_9585b968|tip:cst_tip_nsga2_g02_child_0093_97ccea59,dae21,cst_mid1_nsga2_g04_child_0075_96fc4d1a,cst_mid2_nsga2_g01_child_0046_9585b968,cst_tip_nsga2_g02_child_0093_97ccea59,0.00875350448319926,0.01927364146140318,0.41492047192385756,0.043240607672308196,false,actual_loaded_shape_query_warning_not_mission_grade,root:full_polar_candidate_not_mission_grade; mid1:full_polar_candidate_not_mission_grade; mid2:full_polar_mission_grade_candidate; tip:full_polar_mission_grade_candidate,cl_outside_polar_envelope,top_raw_profile_proxy,evaluated_on_stage6_loaded_shape_cl_re,stage6_loaded_shape_avl_actual_local_cl_re,loaded_dihedral_avl,0.008903967797798147,0.012793847156594377,0.0119979,0.02479174715659438,166.3582208728409,170.3836517664424,0.41492047192385756,0.9659077321890178,"mixed_not_mission_grade:full_polar_candidate_not_mission_grade,full_polar_mission_grade_candidate,full_polar_mission_grade_candidate_query_warning_not_mission_grade",4,target
tier2_loaded_shape_airfoil_mvp_v1,combo_0011,root:dae31|mid1:dae31|mid2:cst_mid2_seedless_sobol_0377_ed2a45eb|tip:cst_tip_nsga2_g05_child_0032_70ef8136,dae31,dae31,cst_mid2_seedless_sobol_0377_ed2a45eb,cst_tip_nsga2_g05_child_0032_70ef8136,0.008757941330635635,0.010326103431435722,1.704010502689841,0.1711948591266238,true,actual_loaded_shape_query_pass,root:full_polar_mission_grade_candidate; mid1:full_polar_mission_grade_candidate; mid2:full_polar_mission_grade_candidate; tip:full_polar_mission_grade_candidate,,top_raw_profile_proxy,evaluated_on_stage6_loaded_shape_cl_re,stage6_loaded_shape_avl_actual_local_cl_re,loaded_dihedral_avl,0.009307551953393382,0.013197431312189612,0.0119979,0.025195331312189612,169.0663616776503,173.0917925712518,1.704010502689841,0.8651987595672037,full_polar_mission_grade_candidate,0,target
tier2_loaded_shape_airfoil_mvp_v1,combo_4071,root:fx76mp140|mid1:dae31|mid2:dae21|tip:cst_tip_nsga2_g05_child_0032_70ef8136,fx76mp140,dae31,dae21,cst_tip_nsga2_g05_child_0032_70ef8136,0.00875818603660855,0.01564678656075673,1.7386333650329884,0.1711948591266238,false,actual_loaded_shape_query_warning_not_mission_grade,root:full_polar_candidate_not_mission_grade; mid1:full_polar_mission_grade_candidate; mid2:full_polar_candidate_not_mission_grade; tip:full_polar_mission_grade_candidate,,top_raw_profile_proxy,evaluated_on_stage6_loaded_shape_cl_re,stage6_loaded_shape_avl_actual_local_cl_re,loaded_dihedral_avl,0.009375122590200948,0.013265001948997178,0.0119979,0.025262901948997177,169.5197759066495,173.54520680025107,1.7386333650329884,0.8659209715288999,"mixed_not_mission_grade:full_polar_candidate_not_mission_grade,full_polar_mission_grade_candidate",0,target
tier2_loaded_shape_airfoil_mvp_v1,combo_4464,root:fx76mp140|mid1:cst_mid1_nsga2_g04_child_0075_96fc4d1a|mid2:cst_mid2_nsga2_g01_child_0046_9585b968|tip:cst_tip_nsga2_g06_child_0056_b3f9b7c4,fx76mp140,cst_mid1_nsga2_g04_child_0075_96fc4d1a,cst_mid2_nsga2_g01_child_0046_9585b968,cst_tip_nsga2_g06_child_0056_b3f9b7c4,0.008758223504292437,0.0192541144065044,0.41492047192385756,0.043240607672308196,false,actual_loaded_shape_query_warning_not_mission_grade,root:full_polar_candidate_not_mission_grade; mid1:full_polar_candidate_not_mission_grade; mid2:full_polar_mission_grade_candidate; tip:full_polar_mission_grade_candidate,cl_outside_polar_envelope,top_raw_profile_proxy,evaluated_on_stage6_loaded_shape_cl_re,stage6_loaded_shape_avl_actual_local_cl_re,loaded_dihedral_avl,0.00890062870372068,0.012790508062516909,0.0119979,0.02478840806251691,166.33581479768426,170.36124569128575,0.41492047192385756,0.9659077321890178,"mixed_not_mission_grade:full_polar_candidate_not_mission_grade,full_polar_mission_grade_candidate,full_polar_mission_grade_candidate_query_warning_not_mission_grade",4,target
tier2_loaded_shape_airfoil_mvp_v1,combo_5071,root:dae21|mid1:dae31|mid2:dae21|tip:cst_tip_nsga2_g05_child_0032_70ef8136,dae21,dae31,dae21,cst_tip_nsga2_g05_child_0032_70ef8136,0.008758281905660883,0.015694918034787644,1.5642903924721725,0.1551798757367877,false,actual_loaded_shape_query_warning_not_mission_grade,root:full_polar_candidate_not_mission_grade; mid1:full_polar_mission_grade_candidate; mid2:full_polar_candidate_not_mission_grade; tip:full_polar_mission_grade_candidate,,top_raw_profile_proxy,evaluated_on_stage6_loaded_shape_cl_re,stage6_loaded_shape_avl_actual_local_cl_re,loaded_dihedral_avl,0.009369560368652042,0.013259439727448271,0.0119979,0.025257339727448272,169.48245214422437,173.50788303782593,1.5642903924721725,0.8923468316493353,"mixed_not_mission_grade:full_polar_candidate_not_mission_grade,full_polar_mission_grade_candidate",0,target
tier2_loaded_shape_airfoil_mvp_v1,combo_5464,root:dae21|mid1:cst_mid1_nsga2_g04_child_0075_96fc4d1a|mid2:cst_mid2_nsga2_g01_child_0046_9585b968|tip:cst_tip_nsga2_g06_child_0056_b3f9b7c4,dae21,cst_mid1_nsga2_g04_child_0075_96fc4d1a,cst_mid2_nsga2_g01_child_0046_9585b968,cst_tip_nsga2_g06_child_0056_b3f9b7c4,0.00875831937334477,0.019302245880535317,0.41492047192385756,0.043240607672308196,false,actual_loaded_shape_query_warning_not_mission_grade,root:full_polar_candidate_not_mission_grade; mid1:full_polar_candidate_not_mission_grade; mid2:full_polar_mission_grade_candidate; tip:full_polar_mission_grade_candidate,cl_outside_polar_envelope,top_raw_profile_proxy,evaluated_on_stage6_loaded_shape_cl_re,stage6_loaded_shape_avl_actual_local_cl_re,loaded_dihedral_avl,0.00889506648217177,0.012784945840967999,0.0119979,0.024782845840968,166.2984910352591,170.32392192886059,0.41492047192385756,0.9659077321890178,"mixed_not_mission_grade:full_polar_candidate_not_mission_grade,full_polar_mission_grade_candidate,full_polar_mission_grade_candidate_query_warning_not_mission_grade",4,target
tier2_loaded_shape_airfoil_mvp_v1,combo_2566,root:cst_root_nsga2_g04_child_0036_d62dd7fc|mid1:fx76mp140|mid2:cst_mid2_nsga2_g01_child_0046_9585b968|tip:cst_tip_nsga2_g01_child_0118_60ecf404,cst_root_nsga2_g04_child_0036_d62dd7fc,fx76mp140,cst_mid2_nsga2_g01_child_0046_9585b968,cst_tip_nsga2_g01_child_0118_60ecf404,0.008759481352824696,0.018218433053361013,0.41492047192385756,0.043240607672308196,false,actual_loaded_shape_query_warning_not_mission_grade,root:full_polar_mission_grade_candidate; mid1:full_polar_candidate_not_mission_grade; mid2:full_polar_mission_grade_candidate; tip:full_polar_mission_grade_candidate,cl_outside_polar_envelope,top_raw_profile_proxy,evaluated_on_stage6_loaded_shape_cl_re,stage6_loaded_shape_avl_actual_local_cl_re,loaded_dihedral_avl,0.009180931990836614,0.013070811349632843,0.0119979,0.025068711349632844,168.21671314078517,172.24214403438674,0.41492047192385756,0.9659077321890178,"mixed_not_mission_grade:full_polar_candidate_not_mission_grade,full_polar_mission_grade_candidate,full_polar_mission_grade_candidate_query_warning_not_mission_grade",4,target
tier2_loaded_shape_airfoil_mvp_v1,combo_7065,root:dae11|mid1:dae31|mid2:cst_mid2_nsga2_g01_child_0046_9585b968|tip:clarkysm,dae11,dae31,cst_mid2_nsga2_g01_child_0046_9585b968,clarkysm,0.008760752093139843,0.01623211041023744,0.41492047192385756,0.043240607672308196,false,actual_loaded_shape_query_warning_not_mission_grade,root:full_polar_candidate_not_mission_grade; mid1:full_polar_mission_grade_candidate; mid2:full_polar_mission_grade_candidate; tip:full_polar_mission_grade_candidate,cl_outside_polar_envelope,top_raw_profile_proxy,evaluated_on_stage6_loaded_shape_cl_re,stage6_loaded_shape_avl_actual_local_cl_re,loaded_dihedral_avl,0.008882457508532697,0.012772336867328926,0.0119979,0.024770236867328925,166.21388197530138,170.2393128689029,0.41492047192385756,0.9659077321890178,"mixed_not_mission_grade:full_polar_candidate_not_mission_grade,full_polar_mission_grade_candidate,full_polar_mission_grade_candidate_query_warning_not_mission_grade",4,target
tier2_loaded_shape_airfoil_mvp_v1,combo_0401,root:dae31|mid1:cst_mid1_nsga2_g04_child_0075_96fc4d1a|mid2:dae31|tip:cst_tip_nsga2_g05_child_0032_70ef8136,dae31,cst_mid1_nsga2_g04_child_0075_96fc4d1a,dae31,cst_tip_nsga2_g05_child_0032_70ef8136,0.008764051471512744,0.013243041531055844,1.7386333650329884,0.1711948591266238,false,actual_loaded_shape_query_warning_not_mission_grade,root:full_polar_mission_grade_candidate; mid1:full_polar_candidate_not_mission_grade; mid2:full_polar_mission_grade_candidate; tip:full_polar_mission_grade_candidate,,top_raw_profile_proxy,evaluated_on_stage6_loaded_shape_cl_re,stage6_loaded_shape_avl_actual_local_cl_re,loaded_dihedral_avl,0.009406425106938284,0.013296304465734514,0.0119979,0.025294204465734514,169.7298228614032,173.75525375500473,1.7386333650329884,0.8582735736370172,"mixed_not_mission_grade:full_polar_candidate_not_mission_grade,full_polar_mission_grade_candidate",0,target
tier2_loaded_shape_airfoil_mvp_v1,combo_3566,root:cst_root_nsga2_g04_child_0010_d050d0cc|mid1:fx76mp140|mid2:cst_mid2_nsga2_g01_child_0046_9585b968|tip:cst_tip_nsga2_g01_child_0118_60ecf404,cst_root_nsga2_g04_child_0010_d050d0cc,fx76mp140,cst_mid2_nsga2_g01_child_0046_9585b968,cst_tip_nsga2_g01_child_0118_60ecf404,0.00876665576863482,0.018291490623511455,0.41492047192385756,0.043240607672308196,false,actual_loaded_shape_query_warning_not_mission_grade,root:full_polar_mission_grade_candidate; mid1:full_polar_candidate_not_mission_grade; mid2:full_polar_mission_grade_candidate; tip:full_polar_mission_grade_candidate,cl_outside_polar_envelope,top_raw_profile_proxy,evaluated_on_stage6_loaded_shape_cl_re,stage6_loaded_shape_avl_actual_local_cl_re,loaded_dihedral_avl,0.00918507287168104,0.01307495223047727,0.0119979,0.02507285223047727,168.2444993861746,172.26993027977613,0.41492047192385756,0.9659077321890178,"mixed_not_mission_grade:full_polar_candidate_not_mission_grade,full_polar_mission_grade_candidate,full_polar_mission_grade_candidate_query_warning_not_mission_grade",4,target
tier2_loaded_shape_airfoil_mvp_v1,combo_7662,root:dae11|mid1:dae21|mid2:cst_mid2_nsga2_g01_child_0046_9585b968|tip:cst_tip_nsga2_g02_child_0093_97ccea59,dae11,dae21,cst_mid2_nsga2_g01_child_0046_9585b968,cst_tip_nsga2_g02_child_0093_97ccea59,0.008772972184757118,0.019442623763856512,0.41492047192385756,0.043240607672308196,false,actual_loaded_shape_query_warning_not_mission_grade,root:full_polar_candidate_not_mission_grade; mid1:full_polar_candidate_not_mission_grade; mid2:full_polar_mission_grade_candidate; tip:full_polar_mission_grade_candidate,cl_outside_polar_envelope,top_raw_profile_proxy,evaluated_on_stage6_loaded_shape_cl_re,stage6_loaded_shape_avl_actual_local_cl_re,loaded_dihedral_avl,0.008937902513612468,0.012827781872408697,0.0119979,0.024825681872408696,166.58593047769594,170.6113613712975,0.41492047192385756,0.9659077321890178,"mixed_not_mission_grade:full_polar_candidate_not_mission_grade,full_polar_mission_grade_candidate,full_polar_mission_grade_candidate_query_warning_not_mission_grade",4,target
tier2_loaded_shape_airfoil_mvp_v1,combo_7664,root:dae11|mid1:dae21|mid2:cst_mid2_nsga2_g01_child_0046_9585b968|tip:cst_tip_nsga2_g06_child_0056_b3f9b7c4,dae11,dae21,cst_mid2_nsga2_g01_child_0046_9585b968,cst_tip_nsga2_g06_child_0056_b3f9b7c4,0.008777787074902628,0.01947122818298865,0.41492047192385756,0.043240607672308196,false,actual_loaded_shape_query_warning_not_mission_grade,root:full_polar_candidate_not_mission_grade; mid1:full_polar_candidate_not_mission_grade; mid2:full_polar_mission_grade_candidate; tip:full_polar_mission_grade_candidate,cl_outside_polar_envelope,top_raw_profile_proxy,evaluated_on_stage6_loaded_shape_cl_re,stage6_loaded_shape_avl_actual_local_cl_re,loaded_dihedral_avl,0.008929001197986093,0.012818880556782323,0.0119979,0.024816780556782325,166.52620064011424,170.55163153371572,0.41492047192385756,0.9659077321890178,"mixed_not_mission_grade:full_polar_candidate_not_mission_grade,full_polar_mission_grade_candidate,full_polar_mission_grade_candidate_query_warning_not_mission_grade",4,target
tier2_loaded_shape_airfoil_mvp_v1,combo_0465,root:dae31|mid1:cst_mid1_nsga2_g04_child_0075_96fc4d1a|mid2:cst_mid2_nsga2_g01_child_0046_9585b968|tip:clarkysm,dae31,cst_mid1_nsga2_g04_child_0075_96fc4d1a,cst_mid2_nsga2_g01_child_0046_9585b968,clarkysm,0.008779376835796654,0.016229761391287005,0.41492047192385756,0.043240607672308196,false,actual_loaded_shape_query_warning_not_mission_grade,root:full_polar_mission_grade_candidate; mid1:full_polar_candidate_not_mission_grade; mid2:full_polar_mission_grade_candidate; tip:full_polar_mission_grade_candidate,cl_outside_polar_envelope,top_raw_profile_proxy,evaluated_on_stage6_loaded_shape_cl_re,stage6_loaded_shape_avl_actual_local_cl_re,loaded_dihedral_avl,0.008878806384418117,0.012768685743214346,0.0119979,0.024766585743214345,166.1893821081459,170.2148130017475,0.41492047192385756,0.9659077321890178,"mixed_not_mission_grade:full_polar_candidate_not_mission_grade,full_polar_mission_grade_candidate,full_polar_mission_grade_candidate_query_warning_not_mission_grade",4,target
