combo_index,case_id,assignment,root_airfoil,mid1_airfoil,mid2_airfoil,tip_airfoil,status,error,known_policy_tags,selection_reasons,predicted_profile_cd_proxy,predicted_balanced_score,predicted_archive_pass,predicted_actual_query_pass,alpha_at_CL_req,CL_req,CL,CDi,CDi_conservative,e_CDi,profile_cd,CD0_total_est,CD_total,L_D,P_air,P_crank,P_crank_conservative,CD_total_conservative,L_D_conservative,local_Cl_max_root,local_Cl_max_mid1,local_Cl_max_mid2,local_Cl_max_tip,stall_margin,max_utilization,archive_source_quality,archive_source_quality_summary,actual_sidecar_query_quality,actual_sidecar_query_quality_summary,actual_sidecar_query_fail_reasons,target_vs_avl_rms,target_vs_avl_outer_delta,has_seed_reference,is_cst_only,no_ClarkY,no_DAE,avl_path,run_dir
1,raw_best_tier2,root:fx76mp140|mid1:dae31|mid2:dae31|tip:cst_tip_nsga2_g05_child_0032_70ef8136,fx76mp140,dae31,dae31,cst_tip_nsga2_g05_child_0032_70ef8136,ok,,,top_predicted_profile_proxy,0.009643276519751567,0.01316521318882598,False,False,-2.93957,1.1685305045195065,1.16853,0.0165352,0.01736196,0.7417936359121704,0.02230758115476686,0.026197460513585437,0.04273266051358544,27.34513813264706,233.14211650515563,282.39112948783384,287.85462479585794,0.04355942051358544,26.826126030649597,1.721,1.3788,1.0619,0.57,-3.0364958239760265,1.158555540699088,archive_not_mission_grade_sidecar,root:full_polar_candidate_not_mission_grade;mid1:full_polar_mission_grade_candidate;mid2:full_polar_mission_grade_candidate;tip:full_polar_mission_grade_candidate,actual_sidecar_query_not_mission_grade_sidecar,root:actual_sidecar_query_grade;mid1:mixed_actual_sidecar_query_quality;mid2:mixed_actual_sidecar_query_quality;tip:,"root:cl_outside_polar_envelope,insufficient_safe_clmax_margin",0.2753731257012387,0.31779507519073524,True,False,True,False,/Volumes/Samsung SSD/hpa-mdo/output/phase9_smooth_geometry_combo_reoptimization/avl_inputs/raw_best_tier2/combo_0001/raw_best_tier2_combo_0001.avl,/Volumes/Samsung SSD/hpa-mdo/output/phase9_smooth_geometry_combo_reoptimization/avl_runs/raw_best_tier2/combo_0001
2,raw_best_tier2,root:fx76mp140|mid1:dae31|mid2:dae31|tip:cst_tip_nsga2_g05_child_0102_33bdf605,fx76mp140,dae31,dae31,cst_tip_nsga2_g05_child_0102_33bdf605,ok,,,top_predicted_profile_proxy,0.009666548083966452,0.013259842135769865,False,False,-3.10381,1.1685305045195065,1.16853,0.0161246,0.01693083,0.7606828156068938,0.022462892880498176,0.026352772239316754,0.04247737223931675,27.509481941020894,231.74930716759923,280.70410267393316,286.03192915584845,0.04328360223931675,26.997071502012588,1.7044,1.3624,1.0485,0.6243,-2.8224851959630946,1.147380629615064,archive_not_mission_grade_sidecar,root:full_polar_candidate_not_mission_grade;mid1:full_polar_mission_grade_candidate;mid2:full_polar_mission_grade_candidate;tip:full_polar_mission_grade_candidate,actual_sidecar_query_not_mission_grade_sidecar,root:actual_sidecar_query_grade;mid1:mixed_actual_sidecar_query_quality;mid2:mixed_actual_sidecar_query_quality;tip:,"root:cl_outside_polar_envelope,insufficient_safe_clmax_margin",0.26202703965331803,0.27337694860854045,True,False,True,False,/Volumes/Samsung SSD/hpa-mdo/output/phase9_smooth_geometry_combo_reoptimization/avl_inputs/raw_best_tier2/combo_0002/raw_best_tier2_combo_0002.avl,/Volumes/Samsung SSD/hpa-mdo/output/phase9_smooth_geometry_combo_reoptimization/avl_runs/raw_best_tier2/combo_0002
3,raw_best_tier2,root:dae21|mid1:dae31|mid2:dae31|tip:cst_tip_nsga2_g05_child_0032_70ef8136,dae21,dae31,dae31,cst_tip_nsga2_g05_child_0032_70ef8136,ok,,,top_predicted_profile_proxy,0.009667227870685817,0.013200562176169663,False,False,-0.57105,1.1685305045195065,1.16853,0.0128656,0.013508880000000001,0.9550249113381011,0.009173803318699282,0.013063682677517858,0.02592928267751786,45.06605597434008,141.46574938799114,171.34901815405902,175.600018760941,0.02657256267751786,43.97507755276311,1.3199,1.3538,1.2862,0.8015,1.2255856671493068,0.9156562101329065,archive_not_mission_grade_sidecar,root:full_polar_candidate_not_mission_grade;mid1:full_polar_mission_grade_candidate;mid2:full_polar_mission_grade_candidate;tip:full_polar_mission_grade_candidate,actual_sidecar_query_grade_sidecar,root:actual_sidecar_query_grade;mid1:mixed_actual_sidecar_query_quality;mid2:mixed_actual_sidecar_query_quality;tip:,,0.06350132389543112,0.16157458328458707,True,False,True,False,/Volumes/Samsung SSD/hpa-mdo/output/phase9_smooth_geometry_combo_reoptimization/avl_inputs/raw_best_tier2/combo_0003/raw_best_tier2_combo_0003.avl,/Volumes/Samsung SSD/hpa-mdo/output/phase9_smooth_geometry_combo_reoptimization/avl_runs/raw_best_tier2/combo_0003
4,raw_best_tier2,root:dae21|mid1:dae31|mid2:dae31|tip:cst_tip_nsga2_g05_child_0102_33bdf605,dae21,dae31,dae31,cst_tip_nsga2_g05_child_0102_33bdf605,ok,,,top_predicted_profile_proxy,0.0096904994349007,0.013295191123113548,False,False,-0.73729,1.1685305045195065,1.16853,0.0126421,0.013274205,0.9718755019790587,0.010021846411107557,0.013911725769926133,0.026553825769926133,44.00610724210371,144.87315011293427,175.47619926469753,179.65335188659333,0.027185930769926134,42.98291327263177,1.3034,1.3376,1.2729,0.8558,1.3919138804775013,0.904209640341867,archive_not_mission_grade_sidecar,root:full_polar_candidate_not_mission_grade;mid1:full_polar_mission_grade_candidate;mid2:full_polar_mission_grade_candidate;tip:full_polar_mission_grade_candidate,actual_sidecar_query_grade_sidecar,root:actual_sidecar_query_grade;mid1:mixed_actual_sidecar_query_quality;mid2:mixed_actual_sidecar_query_quality;tip:,,0.04391724631078786,0.11638964332331814,True,False,True,False,/Volumes/Samsung SSD/hpa-mdo/output/phase9_smooth_geometry_combo_reoptimization/avl_inputs/raw_best_tier2/combo_0004/raw_best_tier2_combo_0004.avl,/Volumes/Samsung SSD/hpa-mdo/output/phase9_smooth_geometry_combo_reoptimization/avl_runs/raw_best_tier2/combo_0004
5,raw_best_tier2,root:dae31|mid1:dae31|mid2:dae31|tip:cst_tip_nsga2_g05_child_0032_70ef8136,dae31,dae31,dae31,cst_tip_nsga2_g05_child_0032_70ef8136,ok,,,top_predicted_profile_proxy,0.00970449614537909,0.011203351564173502,True,False,-0.8142,1.1685305045195065,1.16853,0.0129716,0.01362018,0.9470908507557968,0.009148594178219874,0.01303847353703845,0.02601007353703845,44.92607461703306,141.90653055528853,171.88291007181266,176.16893477895658,0.026658653537038453,43.8330654208022,1.3375,1.3408,1.2633,0.7778,1.5893102910548056,0.8946382706464376,archive_mission_grade_sidecar,root:full_polar_mission_grade_candidate;mid1:full_polar_mission_grade_candidate;mid2:full_polar_mission_grade_candidate;tip:full_polar_mission_grade_candidate,actual_sidecar_query_grade_sidecar,root:mixed_actual_sidecar_query_quality;mid1:mixed_actual_sidecar_query_quality;mid2:mixed_actual_sidecar_query_quality;tip:,,0.0742370114194643,0.17758421771379607,True,False,True,False,/Volumes/Samsung SSD/hpa-mdo/output/phase9_smooth_geometry_combo_reoptimization/avl_inputs/raw_best_tier2/combo_0005/raw_best_tier2_combo_0005.avl,/Volumes/Samsung SSD/hpa-mdo/output/phase9_smooth_geometry_combo_reoptimization/avl_runs/raw_best_tier2/combo_0005
6,raw_best_tier2,root:fx76mp140|mid1:dae31|mid2:cst_mid2_seedless_sobol_0237_e583606c|tip:cst_tip_nsga2_g05_child_0032_70ef8136,fx76mp140,dae31,cst_mid2_seedless_sobol_0237_e583606c,cst_tip_nsga2_g05_child_0032_70ef8136,ok,,,top_predicted_profile_proxy,0.009722910226318006,0.013214070634671149,False,False,-2.59722,1.1685305045195065,1.16853,0.0169695,0.017817975,0.7228585316274077,0.023412132903346334,0.027302012262164912,0.044271512262164914,26.394637201452678,241.53782951107573,292.5603555124464,298.16735050673225,0.045119987262164915,25.898289769673106,1.7547,1.4108,1.0093,0.5461,-3.470963183255287,1.1812419565744854,archive_not_mission_grade_sidecar,root:full_polar_candidate_not_mission_grade;mid1:full_polar_mission_grade_candidate;mid2:full_polar_mission_grade_candidate;tip:full_polar_mission_grade_candidate,actual_sidecar_query_not_mission_grade_sidecar,root:actual_sidecar_query_grade;mid1:mixed_actual_sidecar_query_quality;mid2:;tip:,"root:cl_outside_polar_envelope,insufficient_safe_clmax_margin",0.3004998928589849,0.3268124333403347,True,False,True,False,/Volumes/Samsung SSD/hpa-mdo/output/phase9_smooth_geometry_combo_reoptimization/avl_inputs/raw_best_tier2/combo_0006/raw_best_tier2_combo_0006.avl,/Volumes/Samsung SSD/hpa-mdo/output/phase9_smooth_geometry_combo_reoptimization/avl_runs/raw_best_tier2/combo_0006
7,raw_best_tier2,root:dae31|mid1:dae31|mid2:dae31|tip:cst_tip_nsga2_g05_child_0102_33bdf605,dae31,dae31,dae31,cst_tip_nsga2_g05_child_0102_33bdf605,ok,,,top_predicted_profile_proxy,0.009727767709593976,0.011297980511117387,True,False,-0.98025,1.1685305045195065,1.16853,0.012729,0.013365450000000001,0.9651247612012359,0.009951749180920956,0.013841628539739532,0.026570628539739533,43.97827860081782,144.96482316278335,175.58723735802246,179.79310313381222,0.027207078539739533,42.949503115989216,1.321,1.3244,1.2499,0.8321,1.7543745796128223,0.8836954994362635,archive_mission_grade_sidecar,root:full_polar_mission_grade_candidate;mid1:full_polar_mission_grade_candidate;mid2:full_polar_mission_grade_candidate;tip:full_polar_mission_grade_candidate,actual_sidecar_query_grade_sidecar,root:mixed_actual_sidecar_query_quality;mid1:mixed_actual_sidecar_query_quality;mid2:mixed_actual_sidecar_query_quality;tip:,,0.053739608300937804,0.1323997638718808,True,False,True,False,/Volumes/Samsung SSD/hpa-mdo/output/phase9_smooth_geometry_combo_reoptimization/avl_inputs/raw_best_tier2/combo_0007/raw_best_tier2_combo_0007.avl,/Volumes/Samsung SSD/hpa-mdo/output/phase9_smooth_geometry_combo_reoptimization/avl_runs/raw_best_tier2/combo_0007
8,raw_best_tier2,root:dae11|mid1:dae31|mid2:dae31|tip:cst_tip_nsga2_g05_child_0032_70ef8136,dae11,dae31,dae31,cst_tip_nsga2_g05_child_0032_70ef8136,ok,,,top_predicted_profile_proxy,0.009734211726262517,0.013228276596128024,False,False,-0.51792,1.1685305045195065,1.16853,0.0128505,0.013493025000000002,0.956163504135248,0.009412101540603278,0.013301980899421854,0.026152480899421855,44.68143993732307,142.6834808661972,172.82398360731247,177.06999493198737,0.026795005899421857,43.61001109332539,1.316,1.3574,1.2912,0.8067,1.4222330233680327,0.9057144902860041,archive_not_mission_grade_sidecar,root:full_polar_candidate_not_mission_grade;mid1:full_polar_mission_grade_candidate;mid2:full_polar_mission_grade_candidate;tip:full_polar_mission_grade_candidate,actual_sidecar_query_grade_sidecar,root:actual_sidecar_query_grade;mid1:mixed_actual_sidecar_query_quality;mid2:mixed_actual_sidecar_query_quality;tip:,,0.06232835030095236,0.15809396362733674,True,False,True,False,/Volumes/Samsung SSD/hpa-mdo/output/phase9_smooth_geometry_combo_reoptimization/avl_inputs/raw_best_tier2/combo_0008/raw_best_tier2_combo_0008.avl,/Volumes/Samsung SSD/hpa-mdo/output/phase9_smooth_geometry_combo_reoptimization/avl_runs/raw_best_tier2/combo_0008
9,raw_best_tier2,root:fx76mp140|mid1:dae31|mid2:cst_mid2_nsga2_g02_child_0106_7ea30168|tip:cst_tip_nsga2_g05_child_0032_70ef8136,fx76mp140,dae31,cst_mid2_nsga2_g02_child_0106_7ea30168,cst_tip_nsga2_g05_child_0032_70ef8136,ok,,,top_predicted_profile_proxy,0.009734617217983254,0.016171256089737643,False,False,-2.71261,1.1685305045195065,1.16853,0.0167893,0.017628765,0.7306044575273938,0.022984523126710163,0.02687440248552874,0.04366370248552874,26.7620572237727,238.22172290656346,288.54375352054683,294.09120754438743,0.04450316748552874,26.257243484960522,1.7434,1.4,1.027,0.5539,-3.3252812497284143,1.1736349387883729,archive_not_mission_grade_sidecar,root:full_polar_candidate_not_mission_grade;mid1:full_polar_mission_grade_candidate;mid2:full_polar_candidate_not_mission_grade;tip:full_polar_mission_grade_candidate,actual_sidecar_query_not_mission_grade_sidecar,root:actual_sidecar_query_grade;mid1:mixed_actual_sidecar_query_quality;mid2:;tip:,"root:cl_outside_polar_envelope,insufficient_safe_clmax_margin",0.29158831904377475,0.32080383926080147,True,False,True,False,/Volumes/Samsung SSD/hpa-mdo/output/phase9_smooth_geometry_combo_reoptimization/avl_inputs/raw_best_tier2/combo_0009/raw_best_tier2_combo_0009.avl,/Volumes/Samsung SSD/hpa-mdo/output/phase9_smooth_geometry_combo_reoptimization/avl_runs/raw_best_tier2/combo_0009
10,raw_best_tier2,root:fx76mp140|mid1:dae21|mid2:dae31|tip:cst_tip_nsga2_g05_child_0032_70ef8136,fx76mp140,dae21,dae31,cst_tip_nsga2_g05_child_0032_70ef8136,ok,,,top_predicted_profile_proxy,0.009735388052032461,0.017290906368734215,False,False,-2.64775,1.1685305045195065,1.16853,0.0168155,0.017656275000000003,0.7295036558674793,0.02296491486231177,0.026854794221130348,0.04367029422113035,26.75801767220749,238.25768629314248,288.58731382405824,294.14342474815226,0.04451106922113035,26.2525822220595,1.7456,1.3612,1.0448,0.5956,-3.3536441040433806,1.1751159511007134,archive_not_mission_grade_sidecar,root:full_polar_candidate_not_mission_grade;mid1:full_polar_candidate_not_mission_grade;mid2:full_polar_mission_grade_candidate;tip:full_polar_mission_grade_candidate,actual_sidecar_query_not_mission_grade_sidecar,root:actual_sidecar_query_grade;mid1:actual_sidecar_query_grade;mid2:mixed_actual_sidecar_query_quality;tip:,"root:cl_outside_polar_envelope,insufficient_safe_clmax_margin",0.28333196799387766,0.30004937830115347,True,False,True,False,/Volumes/Samsung SSD/hpa-mdo/output/phase9_smooth_geometry_combo_reoptimization/avl_inputs/raw_best_tier2/combo_0010/raw_best_tier2_combo_0010.avl,/Volumes/Samsung SSD/hpa-mdo/output/phase9_smooth_geometry_combo_reoptimization/avl_runs/raw_best_tier2/combo_0010
11,raw_best_tier2,root:fx76mp140|mid1:dae31|mid2:cst_mid2_seedless_sobol_0237_e583606c|tip:cst_tip_nsga2_g05_child_0102_33bdf605,fx76mp140,dae31,cst_mid2_seedless_sobol_0237_e583606c,cst_tip_nsga2_g05_child_0102_33bdf605,ok,,,top_predicted_profile_proxy,0.009746181790532889,0.013308699581615034,False,False,-2.76152,1.1685305045195065,1.16853,0.016594,0.0174237,0.739215852262944,0.023938220642521546,0.027828100001340124,0.04442210000134013,26.305161270724575,242.35941056428152,293.5554876020852,299.0384113732734,0.045251800001340124,25.82285134480619,1.7381,1.3944,0.996,0.6002,-3.2569525552423575,1.1700670454904616,archive_not_mission_grade_sidecar,root:full_polar_candidate_not_mission_grade;mid1:full_polar_mission_grade_candidate;mid2:full_polar_mission_grade_candidate;tip:full_polar_mission_grade_candidate,actual_sidecar_query_not_mission_grade_sidecar,root:actual_sidecar_query_grade;mid1:mixed_actual_sidecar_query_quality;mid2:;tip:,"root:cl_outside_polar_envelope,insufficient_safe_clmax_margin",0.2876655120256574,0.2901891962678392,True,False,True,False,/Volumes/Samsung SSD/hpa-mdo/output/phase9_smooth_geometry_combo_reoptimization/avl_inputs/raw_best_tier2/combo_0011/raw_best_tier2_combo_0011.avl,/Volumes/Samsung SSD/hpa-mdo/output/phase9_smooth_geometry_combo_reoptimization/avl_runs/raw_best_tier2/combo_0011
12,raw_best_tier2,root:dae21|mid1:dae31|mid2:cst_mid2_seedless_sobol_0237_e583606c|tip:cst_tip_nsga2_g05_child_0032_70ef8136,dae21,dae31,cst_mid2_seedless_sobol_0237_e583606c,cst_tip_nsga2_g05_child_0032_70ef8136,ok,,,top_predicted_profile_proxy,0.009746861577252255,0.013249419622014832,False,False,-0.2249,1.1685305045195065,1.16853,0.0129597,0.013607685,0.9481717609400172,0.009535339812873113,0.01342521917169169,0.02638491917169169,44.28781823873161,143.95162448521108,174.3600102776297,178.64210303389515,0.027032904171691692,43.22622893559353,1.3524,1.3831,1.2336,0.7777,0.897969489381655,0.9382024839637417,archive_not_mission_grade_sidecar,root:full_polar_candidate_not_mission_grade;mid1:full_polar_mission_grade_candidate;mid2:full_polar_mission_grade_candidate;tip:full_polar_mission_grade_candidate,actual_sidecar_query_grade_sidecar,root:actual_sidecar_query_grade;mid1:mixed_actual_sidecar_query_quality;mid2:;tip:,,0.08158120043736683,0.164074629622037,True,False,True,False,/Volumes/Samsung SSD/hpa-mdo/output/phase9_smooth_geometry_combo_reoptimization/avl_inputs/raw_best_tier2/combo_0012/raw_best_tier2_combo_0012.avl,/Volumes/Samsung SSD/hpa-mdo/output/phase9_smooth_geometry_combo_reoptimization/avl_runs/raw_best_tier2/combo_0012
13,raw_best_tier2,root:dae11|mid1:dae31|mid2:dae31|tip:cst_tip_nsga2_g05_child_0102_33bdf605,dae11,dae31,dae31,cst_tip_nsga2_g05_child_0102_33bdf605,ok,,,top_predicted_profile_proxy,0.0097574832904774,0.01332290554307191,False,False,-0.68419,1.1685305045195065,1.16853,0.0126312,0.01326276,0.9727475219544836,0.010281219442572166,0.014171098801390742,0.02680229880139074,43.59814481505865,146.2287766466881,177.1181887677908,181.2917398548484,0.027433858801390744,42.594463760244636,1.2995,1.3413,1.2779,0.8609,1.5842778432329157,0.8949718917199185,archive_not_mission_grade_sidecar,root:full_polar_candidate_not_mission_grade;mid1:full_polar_mission_grade_candidate;mid2:full_polar_mission_grade_candidate;tip:full_polar_mission_grade_candidate,actual_sidecar_query_grade_sidecar,root:actual_sidecar_query_grade;mid1:mixed_actual_sidecar_query_quality;mid2:mixed_actual_sidecar_query_quality;tip:,,0.0435281085466794,0.11285862395574286,True,False,True,False,/Volumes/Samsung SSD/hpa-mdo/output/phase9_smooth_geometry_combo_reoptimization/avl_inputs/raw_best_tier2/combo_0013/raw_best_tier2_combo_0013.avl,/Volumes/Samsung SSD/hpa-mdo/output/phase9_smooth_geometry_combo_reoptimization/avl_runs/raw_best_tier2/combo_0013
14,raw_best_tier2,root:fx76mp140|mid1:dae31|mid2:cst_mid2_nsga2_g02_child_0106_7ea30168|tip:cst_tip_nsga2_g05_child_0102_33bdf605,fx76mp140,dae31,cst_mid2_nsga2_g02_child_0106_7ea30168,cst_tip_nsga2_g05_child_0102_33bdf605,ok,,,top_predicted_profile_proxy,0.009757888782198139,0.01626588503668153,False,False,-2.87693,1.1685305045195065,1.16853,0.0164016,0.01722168,0.7478744402231899,0.023099724672324944,0.026989604031143522,0.04339120403114352,26.930123987359455,236.73501775794404,286.7429963153392,292.1623480403917,0.04421128403114352,26.430594137378247,1.7267,1.3836,1.0137,0.6082,-3.109981401064802,1.162392708962879,archive_not_mission_grade_sidecar,root:full_polar_candidate_not_mission_grade;mid1:full_polar_mission_grade_candidate;mid2:full_polar_candidate_not_mission_grade;tip:full_polar_mission_grade_candidate,actual_sidecar_query_not_mission_grade_sidecar,root:actual_sidecar_query_grade;mid1:mixed_actual_sidecar_query_quality;mid2:;tip:,"root:cl_outside_polar_envelope,insufficient_safe_clmax_margin",0.27855291420984507,0.2833641040673507,True,False,True,False,/Volumes/Samsung SSD/hpa-mdo/output/phase9_smooth_geometry_combo_reoptimization/avl_inputs/raw_best_tier2/combo_0014/raw_best_tier2_combo_0014.avl,/Volumes/Samsung SSD/hpa-mdo/output/phase9_smooth_geometry_combo_reoptimization/avl_runs/raw_best_tier2/combo_0014
15,raw_best_tier2,root:dae21|mid1:dae31|mid2:cst_mid2_nsga2_g02_child_0106_7ea30168|tip:cst_tip_nsga2_g05_child_0032_70ef8136,dae21,dae31,cst_mid2_nsga2_g02_child_0106_7ea30168,cst_tip_nsga2_g05_child_0032_70ef8136,ok,,,top_predicted_profile_proxy,0.009758568568917504,0.016206605077081326,False,False,-0.34155,1.1685305045195065,1.16853,0.0128939,0.013538595,0.9529777907740975,0.009337588075743171,0.013227467434561747,0.026121367434561747,44.73466052062031,142.51373110191588,172.6183758501888,176.8787272310086,0.026766062434561748,43.65716875152463,1.3414,1.3732,1.2514,0.7855,0.7321160460190779,0.9382955202302705,archive_not_mission_grade_sidecar,root:full_polar_candidate_not_mission_grade;mid1:full_polar_mission_grade_candidate;mid2:full_polar_candidate_not_mission_grade;tip:full_polar_mission_grade_candidate,actual_sidecar_query_grade_sidecar,root:actual_sidecar_query_grade;mid1:mixed_actual_sidecar_query_quality;mid2:;tip:,,0.0732524584399787,0.1598548147916936,True,False,True,False,/Volumes/Samsung SSD/hpa-mdo/output/phase9_smooth_geometry_combo_reoptimization/avl_inputs/raw_best_tier2/combo_0015/raw_best_tier2_combo_0015.avl,/Volumes/Samsung SSD/hpa-mdo/output/phase9_smooth_geometry_combo_reoptimization/avl_runs/raw_best_tier2/combo_0015
16,raw_best_tier2,root:fx76mp140|mid1:dae21|mid2:dae31|tip:cst_tip_nsga2_g05_child_0102_33bdf605,fx76mp140,dae21,dae31,cst_tip_nsga2_g05_child_0102_33bdf605,ok,,,top_predicted_profile_proxy,0.009758659616247344,0.017385535315678102,False,False,-2.81229,1.1685305045195065,1.16853,0.0164344,0.01725612,0.7464074312383134,0.02314927189516153,0.02703915125398011,0.04347355125398011,26.879113180626685,237.18429017837613,287.28717318117265,292.717362552344,0.04429527125398011,26.380479708982687,1.729,1.3448,1.0315,0.6499,-3.1396334760304514,1.1639410400166896,archive_not_mission_grade_sidecar,root:full_polar_candidate_not_mission_grade;mid1:full_polar_candidate_not_mission_grade;mid2:full_polar_mission_grade_candidate;tip:full_polar_mission_grade_candidate,actual_sidecar_query_not_mission_grade_sidecar,root:actual_sidecar_query_grade;mid1:actual_sidecar_query_grade;mid2:mixed_actual_sidecar_query_quality;tip:,"root:cl_outside_polar_envelope,insufficient_safe_clmax_margin",0.2711434616377875,0.25557352716702575,True,False,True,False,/Volumes/Samsung SSD/hpa-mdo/output/phase9_smooth_geometry_combo_reoptimization/avl_inputs/raw_best_tier2/combo_0016/raw_best_tier2_combo_0016.avl,/Volumes/Samsung SSD/hpa-mdo/output/phase9_smooth_geometry_combo_reoptimization/avl_runs/raw_best_tier2/combo_0016
17,raw_best_tier2,root:dae21|mid1:dae21|mid2:dae31|tip:cst_tip_nsga2_g05_child_0032_70ef8136,dae21,dae21,dae31,cst_tip_nsga2_g05_child_0032_70ef8136,ok,,,top_predicted_profile_proxy,0.009759339402966713,0.017326255356077902,False,False,-0.27825,1.1685305045195065,1.16853,0.0127917,0.013431285,0.9606245901838177,0.009174314789468056,0.013064194148286634,0.025855894148286634,45.19397000226891,141.06535407380917,170.8640432095557,175.09062607106642,0.026495479148286635,44.103014630519375,1.3152,1.319,1.269,0.8271,1.2346581151490277,0.9150318517806679,archive_not_mission_grade_sidecar,root:full_polar_candidate_not_mission_grade;mid1:full_polar_candidate_not_mission_grade;mid2:full_polar_mission_grade_candidate;tip:full_polar_mission_grade_candidate,actual_sidecar_query_grade_sidecar,root:actual_sidecar_query_grade;mid1:actual_sidecar_query_grade;mid2:mixed_actual_sidecar_query_quality;tip:,,0.05508224157967074,0.1438940502257774,True,False,True,False,/Volumes/Samsung SSD/hpa-mdo/output/phase9_smooth_geometry_combo_reoptimization/avl_inputs/raw_best_tier2/combo_0017/raw_best_tier2_combo_0017.avl,/Volumes/Samsung SSD/hpa-mdo/output/phase9_smooth_geometry_combo_reoptimization/avl_runs/raw_best_tier2/combo_0017
18,raw_best_tier2,root:fx76mp140|mid1:dae31|mid2:cst_mid2_seedless_sobol_0377_ed2a45eb|tip:cst_tip_nsga2_g05_child_0032_70ef8136,fx76mp140,dae31,cst_mid2_seedless_sobol_0377_ed2a45eb,cst_tip_nsga2_g05_child_0032_70ef8136,ok,,,top_predicted_profile_proxy,0.009759901324995286,0.013351957834660444,False,False,-2.68712,1.1685305045195065,1.16853,0.0168264,0.017667719999999998,0.728993570743871,0.02315958078087082,0.027049460139689396,0.043875860139689395,26.632651777063913,239.37921892785744,289.9457593602924,295.50547181922474,0.044717180139689394,26.13157853132067,1.7459,1.4024,1.0231,0.552,-3.3575117659954214,1.1753179073251234,archive_not_mission_grade_sidecar,root:full_polar_candidate_not_mission_grade;mid1:full_polar_mission_grade_candidate;mid2:full_polar_mission_grade_candidate;tip:full_polar_mission_grade_candidate,actual_sidecar_query_not_mission_grade_sidecar,root:actual_sidecar_query_grade;mid1:mixed_actual_sidecar_query_quality;mid2:;tip:,"root:cl_outside_polar_envelope,insufficient_safe_clmax_margin",0.29349733626718777,0.32224982925245843,True,False,True,False,/Volumes/Samsung SSD/hpa-mdo/output/phase9_smooth_geometry_combo_reoptimization/avl_inputs/raw_best_tier2/combo_0018/raw_best_tier2_combo_0018.avl,/Volumes/Samsung SSD/hpa-mdo/output/phase9_smooth_geometry_combo_reoptimization/avl_runs/raw_best_tier2/combo_0018
19,raw_best_tier2,root:dae21|mid1:dae31|mid2:cst_mid2_seedless_sobol_0237_e583606c|tip:cst_tip_nsga2_g05_child_0102_33bdf605,dae21,dae31,cst_mid2_seedless_sobol_0237_e583606c,cst_tip_nsga2_g05_child_0102_33bdf605,ok,,,top_predicted_profile_proxy,0.00977013314146714,0.013344048568958718,False,False,-0.39108,1.1685305045195065,1.16853,0.0127715,0.013410075,0.9621109765072338,0.010335413395650927,0.014225292754469505,0.026996792754469506,43.284049151581094,147.28990252378676,178.40346720419907,182.62337566169762,0.027635367754469505,42.28387748994288,1.3359,1.367,1.2203,0.8318,1.0642977027098472,0.9267559141727023,archive_not_mission_grade_sidecar,root:full_polar_candidate_not_mission_grade;mid1:full_polar_mission_grade_candidate;mid2:full_polar_mission_grade_candidate;tip:full_polar_mission_grade_candidate,actual_sidecar_query_grade_sidecar,root:actual_sidecar_query_grade;mid1:mixed_actual_sidecar_query_quality;mid2:;tip:,,0.06454814631759889,0.12674698374542248,True,False,True,False,/Volumes/Samsung SSD/hpa-mdo/output/phase9_smooth_geometry_combo_reoptimization/avl_inputs/raw_best_tier2/combo_0019/raw_best_tier2_combo_0019.avl,/Volumes/Samsung SSD/hpa-mdo/output/phase9_smooth_geometry_combo_reoptimization/avl_runs/raw_best_tier2/combo_0019
20,raw_best_tier2,root:dae21|mid1:dae31|mid2:cst_mid2_nsga2_g02_child_0106_7ea30168|tip:cst_tip_nsga2_g05_child_0102_33bdf605,dae21,dae31,cst_mid2_nsga2_g02_child_0106_7ea30168,cst_tip_nsga2_g05_child_0102_33bdf605,ok,,,top_predicted_profile_proxy,0.009781840133132387,0.016301234024025214,False,False,-0.50781,1.1685305045195065,1.16853,0.0126936,0.01332828,0.9679988121788586,0.010175270403697737,0.014065149762516313,0.026758749762516312,43.669099449346675,145.99118050891144,176.830402748197,181.02457179616343,0.02739342976251631,42.65732749239237,1.325,1.3571,1.2381,0.8397,0.8504361012111038,0.9283232248658286,archive_not_mission_grade_sidecar,root:full_polar_candidate_not_mission_grade;mid1:full_polar_mission_grade_candidate;mid2:full_polar_candidate_not_mission_grade;tip:full_polar_mission_grade_candidate,actual_sidecar_query_grade_sidecar,root:actual_sidecar_query_grade;mid1:mixed_actual_sidecar_query_quality;mid2:;tip:,,0.054807419478381296,0.12066351689715782,True,False,True,False,/Volumes/Samsung SSD/hpa-mdo/output/phase9_smooth_geometry_combo_reoptimization/avl_inputs/raw_best_tier2/combo_0020/raw_best_tier2_combo_0020.avl,/Volumes/Samsung SSD/hpa-mdo/output/phase9_smooth_geometry_combo_reoptimization/avl_runs/raw_best_tier2/combo_0020
21,raw_best_tier2,root:dae21|mid1:dae21|mid2:dae31|tip:cst_tip_nsga2_g05_child_0102_33bdf605,dae21,dae21,dae31,cst_tip_nsga2_g05_child_0102_33bdf605,ok,,,top_predicted_profile_proxy,0.009782610967181596,0.01742088430302179,False,False,-0.44469,1.1685305045195065,1.16853,0.0125981,0.013228005,0.975370171093715,0.010073869206530285,0.013963748565348863,0.026561848565348864,43.9928155468783,144.91692111812478,175.52921647059688,179.69183078672359,0.027191753565348864,42.9737089853813,1.2987,1.3027,1.2556,0.8814,1.398970228921727,0.903724028290126,archive_not_mission_grade_sidecar,root:full_polar_candidate_not_mission_grade;mid1:full_polar_candidate_not_mission_grade;mid2:full_polar_mission_grade_candidate;tip:full_polar_mission_grade_candidate,actual_sidecar_query_grade_sidecar,root:actual_sidecar_query_grade;mid1:actual_sidecar_query_grade;mid2:mixed_actual_sidecar_query_quality;tip:,,0.03664481664954102,0.09865141887793982,True,False,True,False,/Volumes/Samsung SSD/hpa-mdo/output/phase9_smooth_geometry_combo_reoptimization/avl_inputs/raw_best_tier2/combo_0021/raw_best_tier2_combo_0021.avl,/Volumes/Samsung SSD/hpa-mdo/output/phase9_smooth_geometry_combo_reoptimization/avl_runs/raw_best_tier2/combo_0021
22,raw_best_tier2,root:fx76mp140|mid1:dae31|mid2:cst_mid2_seedless_sobol_0377_ed2a45eb|tip:cst_tip_nsga2_g05_child_0102_33bdf605,fx76mp140,dae31,cst_mid2_seedless_sobol_0377_ed2a45eb,cst_tip_nsga2_g05_child_0102_33bdf605,ok,,,top_predicted_profile_proxy,0.00978317288921017,0.01344658678160433,False,False,-2.85144,1.1685305045195065,1.16853,0.0164411,0.017263155000000002,0.7460776601787394,0.023391724463531743,0.02728160382235032,0.04372270382235032,26.72594332837607,238.54362414973184,288.93365328213645,294.36605644077713,0.044544758822350324,26.23272715831153,1.7293,1.3859,1.0098,0.6062,-3.143501137982492,1.1641429962410996,archive_not_mission_grade_sidecar,root:full_polar_candidate_not_mission_grade;mid1:full_polar_mission_grade_candidate;mid2:full_polar_mission_grade_candidate;tip:full_polar_mission_grade_candidate,actual_sidecar_query_not_mission_grade_sidecar,root:actual_sidecar_query_grade;mid1:mixed_actual_sidecar_query_quality;mid2:;tip:,"root:cl_outside_polar_envelope,insufficient_safe_clmax_margin",0.2805242285932913,0.28487225571848285,True,False,True,False,/Volumes/Samsung SSD/hpa-mdo/output/phase9_smooth_geometry_combo_reoptimization/avl_inputs/raw_best_tier2/combo_0022/raw_best_tier2_combo_0022.avl,/Volumes/Samsung SSD/hpa-mdo/output/phase9_smooth_geometry_combo_reoptimization/avl_runs/raw_best_tier2/combo_0022
23,raw_best_tier2,root:dae21|mid1:dae31|mid2:cst_mid2_seedless_sobol_0377_ed2a45eb|tip:cst_tip_nsga2_g05_child_0032_70ef8136,dae21,dae31,cst_mid2_seedless_sobol_0377_ed2a45eb,cst_tip_nsga2_g05_child_0032_70ef8136,ok,,,top_predicted_profile_proxy,0.009783852675929535,0.013387306822004128,False,False,-0.31579,1.1685305045195065,1.16853,0.0129056,0.01355088,0.9521301568664557,0.009348814258777888,0.013238693617596466,0.026144293617596466,44.69543226568664,142.63881245121308,172.76987942249647,177.03409667098668,0.026789573617596464,43.618854155706636,1.3438,1.3754,1.2475,0.7836,0.9846617702678638,0.9322363930423515,archive_not_mission_grade_sidecar,root:full_polar_candidate_not_mission_grade;mid1:full_polar_mission_grade_candidate;mid2:full_polar_mission_grade_candidate;tip:full_polar_mission_grade_candidate,actual_sidecar_query_grade_sidecar,root:actual_sidecar_query_grade;mid1:mixed_actual_sidecar_query_quality;mid2:;tip:,,0.07490949480002448,0.1607139388418759,True,False,True,False,/Volumes/Samsung SSD/hpa-mdo/output/phase9_smooth_geometry_combo_reoptimization/avl_inputs/raw_best_tier2/combo_0023/raw_best_tier2_combo_0023.avl,/Volumes/Samsung SSD/hpa-mdo/output/phase9_smooth_geometry_combo_reoptimization/avl_runs/raw_best_tier2/combo_0023
24,raw_best_tier2,root:dae31|mid1:dae31|mid2:cst_mid2_seedless_sobol_0237_e583606c|tip:cst_tip_nsga2_g05_child_0032_70ef8136,dae31,dae31,cst_mid2_seedless_sobol_0237_e583606c,cst_tip_nsga2_g05_child_0032_70ef8136,ok,,,top_predicted_profile_proxy,0.009784129851945529,0.01125220901001867,True,False,-0.46839,1.1685305045195065,1.16853,0.0131005,0.013755525,0.9378525001645729,0.009514936069686815,0.013404815428505391,0.026505315428505392,44.08664773944925,144.60848595359357,175.1556273662713,179.48424270099778,0.02716034042850539,43.023411565677854,1.37,1.3719,1.2107,0.754,1.2762920365332013,0.9153895014169509,archive_mission_grade_sidecar,root:full_polar_mission_grade_candidate;mid1:full_polar_mission_grade_candidate;mid2:full_polar_mission_grade_candidate;tip:full_polar_mission_grade_candidate,actual_sidecar_query_grade_sidecar,root:mixed_actual_sidecar_query_quality;mid1:mixed_actual_sidecar_query_quality;mid2:;tip:,,0.0966532024552049,0.180735864494046,True,False,True,False,/Volumes/Samsung SSD/hpa-mdo/output/phase9_smooth_geometry_combo_reoptimization/avl_inputs/raw_best_tier2/combo_0024/raw_best_tier2_combo_0024.avl,/Volumes/Samsung SSD/hpa-mdo/output/phase9_smooth_geometry_combo_reoptimization/avl_runs/raw_best_tier2/combo_0024
25,raw_best_tier2,root:fx76mp140|mid1:dae31|mid2:cst_mid2_nsga2_g01_child_0103_58b101ad|tip:cst_tip_nsga2_g05_child_0032_70ef8136,fx76mp140,dae31,cst_mid2_nsga2_g01_child_0103_58b101ad,cst_tip_nsga2_g05_child_0032_70ef8136,ok,,,top_predicted_profile_proxy,0.009795017603121823,0.01353166662975272,False,False,-2.7617,1.1685305045195065,1.16853,0.0167223,0.017558415,0.7335191323492024,0.022935107718662622,0.0268249870774812,0.0435472870774812,26.83360050513381,237.58658027093497,287.7744431576247,293.29975930677153,0.044383402077481204,26.328096761928567,1.7385,1.3954,1.0345,0.5577,-3.262109437845078,1.1703363204563417,archive_not_mission_grade_sidecar,root:full_polar_candidate_not_mission_grade;mid1:full_polar_mission_grade_candidate;mid2:full_polar_mission_grade_candidate;tip:full_polar_mission_grade_candidate,actual_sidecar_query_not_mission_grade_sidecar,root:actual_sidecar_query_grade;mid1:mixed_actual_sidecar_query_quality;mid2:;tip:,"root:cl_outside_polar_envelope,insufficient_safe_clmax_margin",0.28791622165631936,0.31875384625503295,True,False,True,False,/Volumes/Samsung SSD/hpa-mdo/output/phase9_smooth_geometry_combo_reoptimization/avl_inputs/raw_best_tier2/combo_0025/raw_best_tier2_combo_0025.avl,/Volumes/Samsung SSD/hpa-mdo/output/phase9_smooth_geometry_combo_reoptimization/avl_runs/raw_best_tier2/combo_0025
26,raw_best_tier2,root:dae31|mid1:dae31|mid2:cst_mid2_nsga2_g02_child_0106_7ea30168|tip:cst_tip_nsga2_g05_child_0032_70ef8136,dae31,dae31,cst_mid2_nsga2_g02_child_0106_7ea30168,cst_tip_nsga2_g05_child_0032_70ef8136,ok,,,top_predicted_profile_proxy,0.009795836843610777,0.014209394465085168,False,False,-0.58493,1.1685305045195065,1.16853,0.013023,0.013674150000000001,0.9434013263836357,0.009324167187542162,0.013214046546360738,0.026237046546360738,44.53742544743817,143.14485663063596,173.38282053129356,177.6858286229041,0.026888196546360738,43.45886502669383,1.3591,1.3613,1.2285,0.7618,0.935840050823393,0.9211251770839758,archive_not_mission_grade_sidecar,root:full_polar_mission_grade_candidate;mid1:full_polar_mission_grade_candidate;mid2:full_polar_candidate_not_mission_grade;tip:full_polar_mission_grade_candidate,actual_sidecar_query_grade_sidecar,root:mixed_actual_sidecar_query_quality;mid1:mixed_actual_sidecar_query_quality;mid2:;tip:,,0.0874346615491762,0.17630873402095137,True,False,True,False,/Volumes/Samsung SSD/hpa-mdo/output/phase9_smooth_geometry_combo_reoptimization/avl_inputs/raw_best_tier2/combo_0026/raw_best_tier2_combo_0026.avl,/Volumes/Samsung SSD/hpa-mdo/output/phase9_smooth_geometry_combo_reoptimization/avl_runs/raw_best_tier2/combo_0026
27,raw_best_tier2,root:dae31|mid1:dae21|mid2:dae31|tip:cst_tip_nsga2_g05_child_0032_70ef8136,dae31,dae21,dae31,cst_tip_nsga2_g05_child_0032_70ef8136,ok,,,top_predicted_profile_proxy,0.009796607677659984,0.015329044744081742,False,False,-0.52136,1.1685305045195065,1.16853,0.0129336,0.01358028,0.949971182313467,0.009213914035437592,0.013103793394256168,0.02603739339425617,44.87893572239391,142.05558304249166,172.0634484526304,176.33691735024647,0.02668407339425617,43.791309042458124,1.3457,1.323,1.2461,0.8034,1.1943361240391628,0.9178067777906169,archive_not_mission_grade_sidecar,root:full_polar_mission_grade_candidate;mid1:full_polar_candidate_not_mission_grade;mid2:full_polar_mission_grade_candidate;tip:full_polar_mission_grade_candidate,actual_sidecar_query_grade_sidecar,root:mixed_actual_sidecar_query_quality;mid1:actual_sidecar_query_grade;mid2:mixed_actual_sidecar_query_quality;tip:,,0.07115858008171265,0.15984209432793417,True,False,True,False,/Volumes/Samsung SSD/hpa-mdo/output/phase9_smooth_geometry_combo_reoptimization/avl_inputs/raw_best_tier2/combo_0027/raw_best_tier2_combo_0027.avl,/Volumes/Samsung SSD/hpa-mdo/output/phase9_smooth_geometry_combo_reoptimization/avl_runs/raw_best_tier2/combo_0027
28,raw_best_tier2,root:dae21|mid1:dae31|mid2:cst_mid2_seedless_sobol_0377_ed2a45eb|tip:cst_tip_nsga2_g05_child_0102_33bdf605,dae21,dae31,cst_mid2_seedless_sobol_0377_ed2a45eb,cst_tip_nsga2_g05_child_0102_33bdf605,ok,,,top_predicted_profile_proxy,0.009807124240144419,0.013481935768948013,False,False,-0.48203,1.1685305045195065,1.16853,0.0127077,0.013343085000000001,0.9669247560355972,0.01018709774706361,0.014076977105882186,0.026784677105882185,43.626828126402366,146.13263567774544,177.00173895075756,181.20056686489093,0.027420062105882187,42.61589561713034,1.3274,1.3592,1.2341,0.8377,1.1499819338183117,0.9208591964015607,archive_not_mission_grade_sidecar,root:full_polar_candidate_not_mission_grade;mid1:full_polar_mission_grade_candidate;mid2:full_polar_mission_grade_candidate;tip:full_polar_mission_grade_candidate,actual_sidecar_query_grade_sidecar,root:actual_sidecar_query_grade;mid1:mixed_actual_sidecar_query_quality;mid2:;tip:,,0.05677097694567965,0.1221785661617979,True,False,True,False,/Volumes/Samsung SSD/hpa-mdo/output/phase9_smooth_geometry_combo_reoptimization/avl_inputs/raw_best_tier2/combo_0028/raw_best_tier2_combo_0028.avl,/Volumes/Samsung SSD/hpa-mdo/output/phase9_smooth_geometry_combo_reoptimization/avl_runs/raw_best_tier2/combo_0028
29,raw_best_tier2,root:dae31|mid1:dae31|mid2:cst_mid2_seedless_sobol_0237_e583606c|tip:cst_tip_nsga2_g05_child_0102_33bdf605,dae31,dae31,cst_mid2_seedless_sobol_0237_e583606c,cst_tip_nsga2_g05_child_0102_33bdf605,ok,,,top_predicted_profile_proxy,0.009807401416160412,0.011346837956962556,True,False,-0.6344,1.1685305045195065,1.16853,0.0128932,0.01353786,0.9528988516034878,0.010241136162873735,0.014131015521692311,0.02702421552169231,43.240126751562066,147.43951647044756,178.58468564734443,182.84480573693608,0.02766887552169231,42.232670554442386,1.3535,1.3555,1.1974,0.8081,1.441356325091218,0.9044467302067767,archive_mission_grade_sidecar,root:full_polar_mission_grade_candidate;mid1:full_polar_mission_grade_candidate;mid2:full_polar_mission_grade_candidate;tip:full_polar_mission_grade_candidate,actual_sidecar_query_grade_sidecar,root:mixed_actual_sidecar_query_quality;mid1:mixed_actual_sidecar_query_quality;mid2:;tip:,,0.07960132573533364,0.1434029392493078,True,False,True,False,/Volumes/Samsung SSD/hpa-mdo/output/phase9_smooth_geometry_combo_reoptimization/avl_inputs/raw_best_tier2/combo_0029/raw_best_tier2_combo_0029.avl,/Volumes/Samsung SSD/hpa-mdo/output/phase9_smooth_geometry_combo_reoptimization/avl_runs/raw_best_tier2/combo_0029
30,raw_best_tier2,root:fx76mp140|mid1:fx76mp140|mid2:dae31|tip:cst_tip_nsga2_g05_child_0032_70ef8136,fx76mp140,fx76mp140,dae31,cst_tip_nsga2_g05_child_0032_70ef8136,ok,,,top_predicted_profile_proxy,0.009813524956766476,0.01732868840379843,False,False,-5.49485,1.1685305045195065,1.16853,0.0170263,0.017877615000000003,0.7195451117928765,0.01191858725300104,0.015808466611819616,0.03283476661181962,35.588208021520316,179.14089342503578,216.9826712997042,222.60843392507377,0.033686081611819615,34.68882246338494,1.537,1.5376,1.203,0.3448,-0.6720651506283526,1.0350929688430666,archive_not_mission_grade_sidecar,root:full_polar_candidate_not_mission_grade;mid1:full_polar_candidate_not_mission_grade;mid2:full_polar_mission_grade_candidate;tip:full_polar_mission_grade_candidate,actual_sidecar_query_not_mission_grade_sidecar,root:actual_sidecar_query_grade;mid1:actual_sidecar_query_grade;mid2:mixed_actual_sidecar_query_quality;tip:,root:insufficient_safe_clmax_margin|mid1:insufficient_safe_clmax_margin,0.27796802613907046,0.47346388425576774,True,False,True,False,/Volumes/Samsung SSD/hpa-mdo/output/phase9_smooth_geometry_combo_reoptimization/avl_inputs/raw_best_tier2/combo_0030/raw_best_tier2_combo_0030.avl,/Volumes/Samsung SSD/hpa-mdo/output/phase9_smooth_geometry_combo_reoptimization/avl_runs/raw_best_tier2/combo_0030
31,raw_best_tier2,root:dae11|mid1:dae31|mid2:cst_mid2_seedless_sobol_0237_e583606c|tip:cst_tip_nsga2_g05_child_0032_70ef8136,dae11,dae31,cst_mid2_seedless_sobol_0237_e583606c,cst_tip_nsga2_g05_child_0032_70ef8136,ok,,,top_predicted_profile_proxy,0.009813845432828955,0.013277134041973193,False,False,-0.17169,1.1685305045195065,1.16853,0.012937,0.013583850000000001,0.9498517577381135,0.009749991626330976,0.013639870985149554,0.026576870985149555,43.967948866984756,144.99888088157664,175.6284894398942,179.90308175204692,0.027223720985149556,42.92324716216919,1.3485,1.3867,1.2386,0.7829,1.1273315810052331,0.9252646851919861,archive_not_mission_grade_sidecar,root:full_polar_candidate_not_mission_grade;mid1:full_polar_mission_grade_candidate;mid2:full_polar_mission_grade_candidate;tip:full_polar_mission_grade_candidate,actual_sidecar_query_grade_sidecar,root:actual_sidecar_query_grade;mid1:mixed_actual_sidecar_query_quality;mid2:;tip:,,0.07901393852536667,0.16041691581726747,True,False,True,False,/Volumes/Samsung SSD/hpa-mdo/output/phase9_smooth_geometry_combo_reoptimization/avl_inputs/raw_best_tier2/combo_0031/raw_best_tier2_combo_0031.avl,/Volumes/Samsung SSD/hpa-mdo/output/phase9_smooth_geometry_combo_reoptimization/avl_runs/raw_best_tier2/combo_0031
32,raw_best_tier2,root:fx76mp140|mid1:dae21|mid2:cst_mid2_seedless_sobol_0237_e583606c|tip:cst_tip_nsga2_g05_child_0032_70ef8136,fx76mp140,dae21,cst_mid2_seedless_sobol_0237_e583606c,cst_tip_nsga2_g05_child_0032_70ef8136,ok,,,top_predicted_profile_proxy,0.0098150217585989,0.017339763814579384,False,False,-2.30529,1.1685305045195065,1.16853,0.0172167,0.018077535000000002,0.7125529568660919,0.02354760451160915,0.02743748387042773,0.04465418387042773,26.16844387773856,243.62562061990366,295.0891722624802,300.77784610190514,0.045515018870427734,25.67351466657812,1.7793,1.3932,0.9924,0.5717,-3.7881114633226436,1.197802366976111,archive_not_mission_grade_sidecar,root:full_polar_candidate_not_mission_grade;mid1:full_polar_candidate_not_mission_grade;mid2:full_polar_mission_grade_candidate;tip:full_polar_mission_grade_candidate,actual_sidecar_query_not_mission_grade_sidecar,root:actual_sidecar_query_grade;mid1:actual_sidecar_query_grade;mid2:;tip:,"root:cl_outside_polar_envelope,insufficient_safe_clmax_margin",0.30743126950780064,0.308904685194753,True,False,True,False,/Volumes/Samsung SSD/hpa-mdo/output/phase9_smooth_geometry_combo_reoptimization/avl_inputs/raw_best_tier2/combo_0032/raw_best_tier2_combo_0032.avl,/Volumes/Samsung SSD/hpa-mdo/output/phase9_smooth_geometry_combo_reoptimization/avl_runs/raw_best_tier2/combo_0032
33,raw_best_tier2,root:cst_root_nsga2_g03_child_0090_3408e0ca|mid1:dae31|mid2:dae31|tip:cst_tip_nsga2_g05_child_0032_70ef8136,cst_root_nsga2_g03_child_0090_3408e0ca,dae31,dae31,cst_tip_nsga2_g05_child_0032_70ef8136,ok,,,top_predicted_profile_proxy,0.009817384132183159,0.013239419613302272,False,False,-1.02566,1.1685305045195065,1.16853,0.0131149,0.013770645000000001,0.9366461155433157,0.009428547072925302,0.013318426431743878,0.026433326431743877,44.20671410905795,144.21572625016424,174.67990098130358,179.0132743070091,0.02708907143174388,43.136602428911,1.3639,1.344,1.2433,0.7571,1.557102624994704,0.8967734455167156,archive_not_mission_grade_sidecar,root:full_polar_candidate_not_mission_grade;mid1:full_polar_mission_grade_candidate;mid2:full_polar_mission_grade_candidate;tip:full_polar_mission_grade_candidate,actual_sidecar_query_grade_sidecar,root:actual_sidecar_query_not_mission_grade;mid1:mixed_actual_sidecar_query_quality;mid2:mixed_actual_sidecar_query_quality;tip:,,0.08883954528353373,0.19154743001017455,True,False,True,False,/Volumes/Samsung SSD/hpa-mdo/output/phase9_smooth_geometry_combo_reoptimization/avl_inputs/raw_best_tier2/combo_0033/raw_best_tier2_combo_0033.avl,/Volumes/Samsung SSD/hpa-mdo/output/phase9_smooth_geometry_combo_reoptimization/avl_runs/raw_best_tier2/combo_0033
34,raw_best_tier2,root:fx76mp140|mid1:dae31|mid2:cst_mid2_nsga2_g01_child_0103_58b101ad|tip:cst_tip_nsga2_g05_child_0102_33bdf605,fx76mp140,dae31,cst_mid2_nsga2_g01_child_0103_58b101ad,cst_tip_nsga2_g05_child_0102_33bdf605,ok,,,top_predicted_profile_proxy,0.009818289167336708,0.013626295576696605,False,False,-2.92591,1.1685305045195065,1.16853,0.0163301,0.017146605000000002,0.7511360608252898,0.02297612077435844,0.02686600013317702,0.04319610013317702,27.051759323569346,235.67056412543837,285.4536871674399,290.84941414561763,0.04401260513317702,26.549905441490434,1.7219,1.379,1.0212,0.6119,-3.0480988098321484,1.159161409372318,archive_not_mission_grade_sidecar,root:full_polar_candidate_not_mission_grade;mid1:full_polar_mission_grade_candidate;mid2:full_polar_mission_grade_candidate;tip:full_polar_mission_grade_candidate,actual_sidecar_query_not_mission_grade_sidecar,root:actual_sidecar_query_grade;mid1:mixed_actual_sidecar_query_quality;mid2:;tip:,"root:cl_outside_polar_envelope,insufficient_safe_clmax_margin",0.2748207645336303,0.28055217854523995,True,False,True,False,/Volumes/Samsung SSD/hpa-mdo/output/phase9_smooth_geometry_combo_reoptimization/avl_inputs/raw_best_tier2/combo_0034/raw_best_tier2_combo_0034.avl,/Volumes/Samsung SSD/hpa-mdo/output/phase9_smooth_geometry_combo_reoptimization/avl_runs/raw_best_tier2/combo_0034
35,raw_best_tier2,root:dae21|mid1:dae31|mid2:cst_mid2_nsga2_g01_child_0103_58b101ad|tip:cst_tip_nsga2_g05_child_0032_70ef8136,dae21,dae31,cst_mid2_nsga2_g01_child_0103_58b101ad,cst_tip_nsga2_g05_child_0032_70ef8136,ok,,,top_predicted_profile_proxy,0.009818968954056073,0.013567015617096403,False,False,-0.3912,1.1685305045195065,1.16853,0.0128757,0.013519485000000001,0.9543084820455245,0.009402805289169452,0.01329268464798803,0.02616838464798803,44.654284941097785,142.77024900926435,172.929080679826,177.1834184887141,0.02681216964798803,43.582094245297014,1.3368,1.369,1.2588,0.7893,0.6067327968254282,0.9496929928831613,archive_not_mission_grade_sidecar,root:full_polar_candidate_not_mission_grade;mid1:full_polar_mission_grade_candidate;mid2:full_polar_mission_grade_candidate;tip:full_polar_mission_grade_candidate,actual_sidecar_query_grade_sidecar,root:actual_sidecar_query_grade;mid1:mixed_actual_sidecar_query_quality;mid2:;tip:,,0.07028380739964613,0.15910671490276151,True,False,True,False,/Volumes/Samsung SSD/hpa-mdo/output/phase9_smooth_geometry_combo_reoptimization/avl_inputs/raw_best_tier2/combo_0035/raw_best_tier2_combo_0035.avl,/Volumes/Samsung SSD/hpa-mdo/output/phase9_smooth_geometry_combo_reoptimization/avl_runs/raw_best_tier2/combo_0035
36,raw_best_tier2,root:dae31|mid1:dae31|mid2:cst_mid2_nsga2_g02_child_0106_7ea30168|tip:cst_tip_nsga2_g05_child_0102_33bdf605,dae31,dae31,cst_mid2_nsga2_g02_child_0106_7ea30168,cst_tip_nsga2_g05_child_0102_33bdf605,ok,,,top_predicted_profile_proxy,0.009819108407825662,0.014304023412029054,False,False,-0.75101,1.1685305045195065,1.16853,0.0128035,0.013443675,0.9595583140348868,0.010118923222941655,0.014008802581760231,0.026812302581760233,43.58187816791348,146.28335556829902,177.18429695772653,181.41477872851164,0.027452477581760233,42.56557540350721,1.3426,1.345,1.2151,0.816,1.0550497304905448,0.9110779020551396,archive_not_mission_grade_sidecar,root:full_polar_mission_grade_candidate;mid1:full_polar_mission_grade_candidate;mid2:full_polar_candidate_not_mission_grade;tip:full_polar_mission_grade_candidate,actual_sidecar_query_grade_sidecar,root:mixed_actual_sidecar_query_quality;mid1:mixed_actual_sidecar_query_quality;mid2:;tip:,,0.06903488263759622,0.1373287450976114,True,False,True,False,/Volumes/Samsung SSD/hpa-mdo/output/phase9_smooth_geometry_combo_reoptimization/avl_inputs/raw_best_tier2/combo_0036/raw_best_tier2_combo_0036.avl,/Volumes/Samsung SSD/hpa-mdo/output/phase9_smooth_geometry_combo_reoptimization/avl_runs/raw_best_tier2/combo_0036
37,raw_best_tier2,root:dae31|mid1:dae21|mid2:dae31|tip:cst_tip_nsga2_g05_child_0102_33bdf605,dae31,dae21,dae31,cst_tip_nsga2_g05_child_0102_33bdf605,ok,,,top_predicted_profile_proxy,0.009819879241874867,0.015423673691025628,False,False,-0.68763,1.1685305045195065,1.16853,0.0127208,0.013356840000000002,0.9658296707005476,0.01006205693735112,0.013951936296169698,0.0266727362961697,43.80992229459831,145.52190568841158,176.26199816910318,180.46515453336323,0.0273087762961697,42.789559365331336,1.3292,1.3066,1.2327,0.8577,1.3596562875896085,0.9064295811498262,archive_not_mission_grade_sidecar,root:full_polar_mission_grade_candidate;mid1:full_polar_candidate_not_mission_grade;mid2:full_polar_mission_grade_candidate;tip:full_polar_mission_grade_candidate,actual_sidecar_query_grade_sidecar,root:mixed_actual_sidecar_query_quality;mid1:actual_sidecar_query_grade;mid2:mixed_actual_sidecar_query_quality;tip:,,0.053421946578301654,0.1146632769349758,True,False,True,False,/Volumes/Samsung SSD/hpa-mdo/output/phase9_smooth_geometry_combo_reoptimization/avl_inputs/raw_best_tier2/combo_0037/raw_best_tier2_combo_0037.avl,/Volumes/Samsung SSD/hpa-mdo/output/phase9_smooth_geometry_combo_reoptimization/avl_runs/raw_best_tier2/combo_0037
38,raw_best_tier2,root:dae31|mid1:dae31|mid2:cst_mid2_seedless_sobol_0377_ed2a45eb|tip:cst_tip_nsga2_g05_child_0032_70ef8136,dae31,dae31,cst_mid2_seedless_sobol_0377_ed2a45eb,cst_tip_nsga2_g05_child_0032_70ef8136,ok,,,top_predicted_profile_proxy,0.009821120950622809,0.011390096210007968,True,False,-0.55919,1.1685305045195065,1.16853,0.0130373,0.013689165,0.942382707696189,0.009354017658582453,0.01324389701740103,0.02628119701740103,44.46260586022057,143.38573407985916,173.67458100758134,177.9823140485668,0.02693306201740103,43.38647064208805,1.3615,1.3636,1.2245,0.7598,1.3598306703765877,0.9098513915971675,archive_mission_grade_sidecar,root:full_polar_mission_grade_candidate;mid1:full_polar_mission_grade_candidate;mid2:full_polar_mission_grade_candidate;tip:full_polar_mission_grade_candidate,actual_sidecar_query_grade_sidecar,root:mixed_actual_sidecar_query_quality;mid1:mixed_actual_sidecar_query_quality;mid2:;tip:,,0.08935256666751111,0.17722763459129087,True,False,True,False,/Volumes/Samsung SSD/hpa-mdo/output/phase9_smooth_geometry_combo_reoptimization/avl_inputs/raw_best_tier2/combo_0038/raw_best_tier2_combo_0038.avl,/Volumes/Samsung SSD/hpa-mdo/output/phase9_smooth_geometry_combo_reoptimization/avl_runs/raw_best_tier2/combo_0038
39,raw_best_tier2,root:cst_root_nsga2_g04_child_0066_2124fc90|mid1:dae31|mid2:dae31|tip:cst_tip_nsga2_g05_child_0032_70ef8136,cst_root_nsga2_g04_child_0066_2124fc90,dae31,dae31,cst_tip_nsga2_g05_child_0032_70ef8136,ok,,,top_predicted_profile_proxy,0.009824426740378043,0.011240920416404182,True,False,-0.84468,1.1685305045195065,1.16853,0.0129905,0.013640025,0.9457129194152568,0.009429165100002449,0.013319044458821025,0.026309544458821027,44.41469924910552,143.54039289142702,173.86190999446103,178.1541795647648,0.026959069458821025,43.344615670225316,1.3396,1.3401,1.2603,0.7748,1.596355718005452,0.8941712011435644,archive_mission_grade_sidecar,root:full_polar_mission_grade_candidate;mid1:full_polar_mission_grade_candidate;mid2:full_polar_mission_grade_candidate;tip:full_polar_mission_grade_candidate,actual_sidecar_query_grade_sidecar,root:;mid1:mixed_actual_sidecar_query_quality;mid2:mixed_actual_sidecar_query_quality;tip:,,0.0761918786565732,0.1796290815189744,True,False,True,False,/Volumes/Samsung SSD/hpa-mdo/output/phase9_smooth_geometry_combo_reoptimization/avl_inputs/raw_best_tier2/combo_0039/raw_best_tier2_combo_0039.avl,/Volumes/Samsung SSD/hpa-mdo/output/phase9_smooth_geometry_combo_reoptimization/avl_runs/raw_best_tier2/combo_0039
40,raw_best_tier2,root:dae11|mid1:dae31|mid2:cst_mid2_nsga2_g02_child_0106_7ea30168|tip:cst_tip_nsga2_g05_child_0032_70ef8136,dae11,dae31,cst_mid2_nsga2_g02_child_0106_7ea30168,cst_tip_nsga2_g05_child_0032_70ef8136,ok,,,top_predicted_profile_proxy,0.009825552424494203,0.016234319497039688,False,False,-0.28837,1.1685305045195065,1.16853,0.0128738,0.01351749,0.9544984053080163,0.009559885079898993,0.013449764438717569,0.02632356443871757,44.39104389680575,143.6168835135216,173.9545585192849,178.20826853769654,0.02696725443871757,43.33145990723541,1.3375,1.3769,1.2564,0.7907,0.6876348222626782,0.9420445034499855,archive_not_mission_grade_sidecar,root:full_polar_candidate_not_mission_grade;mid1:full_polar_mission_grade_candidate;mid2:full_polar_candidate_not_mission_grade;tip:full_polar_mission_grade_candidate,actual_sidecar_query_grade_sidecar,root:actual_sidecar_query_grade;mid1:mixed_actual_sidecar_query_quality;mid2:;tip:,,0.07101781297093067,0.15626290249272745,True,False,True,False,/Volumes/Samsung SSD/hpa-mdo/output/phase9_smooth_geometry_combo_reoptimization/avl_inputs/raw_best_tier2/combo_0040/raw_best_tier2_combo_0040.avl,/Volumes/Samsung SSD/hpa-mdo/output/phase9_smooth_geometry_combo_reoptimization/avl_runs/raw_best_tier2/combo_0040
41,raw_best_tier2,root:dae11|mid1:dae21|mid2:dae31|tip:cst_tip_nsga2_g05_child_0032_70ef8136,dae11,dae21,dae31,cst_tip_nsga2_g05_child_0032_70ef8136,ok,,,top_predicted_profile_proxy,0.009826323258543412,0.017353969776036263,False,False,-0.22516,1.1685305045195065,1.16853,0.0127688,0.01340724,0.9623803968475211,0.009389873142711887,0.013279752501530465,0.026048552501530466,44.859709745900474,142.11646523089206,172.1371914133867,176.35620774757672,0.026686992501530466,43.78651901118092,1.3114,1.3207,1.274,0.8323,1.2175212689273347,0.9162111953348963,archive_not_mission_grade_sidecar,root:full_polar_candidate_not_mission_grade;mid1:full_polar_candidate_not_mission_grade;mid2:full_polar_mission_grade_candidate;tip:full_polar_mission_grade_candidate,actual_sidecar_query_grade_sidecar,root:actual_sidecar_query_grade;mid1:actual_sidecar_query_grade;mid2:mixed_actual_sidecar_query_quality;tip:,,0.05258793401539179,0.1403524048910142,True,False,True,False,/Volumes/Samsung SSD/hpa-mdo/output/phase9_smooth_geometry_combo_reoptimization/avl_inputs/raw_best_tier2/combo_0041/raw_best_tier2_combo_0041.avl,/Volumes/Samsung SSD/hpa-mdo/output/phase9_smooth_geometry_combo_reoptimization/avl_runs/raw_best_tier2/combo_0041
42,raw_best_tier2,root:fx76mp140|mid1:dae21|mid2:cst_mid2_nsga2_g02_child_0106_7ea30168|tip:cst_tip_nsga2_g05_child_0032_70ef8136,fx76mp140,dae21,cst_mid2_nsga2_g02_child_0106_7ea30168,cst_tip_nsga2_g05_child_0032_70ef8136,ok,,,top_predicted_profile_proxy,0.009826728750264148,0.02029694926964588,False,False,-2.42066,1.1685305045195065,1.16853,0.0170478,0.01790019,0.7196001858280661,0.023134603756046847,0.027024483114865425,0.044072283114865426,26.513954393376213,240.45086922092128,291.24378539355774,296.87665196379174,0.04492467311486542,26.010884965857297,1.768,1.3824,1.0101,0.5796,-3.6424295297957685,1.1901953491899984,archive_not_mission_grade_sidecar,root:full_polar_candidate_not_mission_grade;mid1:full_polar_candidate_not_mission_grade;mid2:full_polar_candidate_not_mission_grade;tip:full_polar_mission_grade_candidate,actual_sidecar_query_not_mission_grade_sidecar,root:actual_sidecar_query_grade;mid1:actual_sidecar_query_grade;mid2:;tip:,"root:cl_outside_polar_envelope,insufficient_safe_clmax_margin",0.29885238101536254,0.3028332016524563,True,False,True,False,/Volumes/Samsung SSD/hpa-mdo/output/phase9_smooth_geometry_combo_reoptimization/avl_inputs/raw_best_tier2/combo_0042/raw_best_tier2_combo_0042.avl,/Volumes/Samsung SSD/hpa-mdo/output/phase9_smooth_geometry_combo_reoptimization/avl_runs/raw_best_tier2/combo_0042
43,raw_best_tier2,root:fx76mp140|mid1:fx76mp140|mid2:dae31|tip:cst_tip_nsga2_g05_child_0102_33bdf605,fx76mp140,fx76mp140,dae31,cst_tip_nsga2_g05_child_0102_33bdf605,ok,,,top_predicted_profile_proxy,0.00983679652098136,0.017423317350742318,False,False,-5.65609,1.1685305045195065,1.16853,0.0163575,0.017175375,0.7490290370530546,0.012285167730656833,0.01617504708947541,0.03253254708947541,35.91881389753025,177.49203519244094,214.98550774278215,220.39028812046158,0.03335042208947541,35.037952484813275,1.5205,1.5212,1.1897,0.399,-0.4606329639167834,1.0240526952419828,archive_not_mission_grade_sidecar,root:full_polar_candidate_not_mission_grade;mid1:full_polar_candidate_not_mission_grade;mid2:full_polar_mission_grade_candidate;tip:full_polar_mission_grade_candidate,actual_sidecar_query_not_mission_grade_sidecar,root:actual_sidecar_query_grade;mid1:actual_sidecar_query_grade;mid2:mixed_actual_sidecar_query_quality;tip:,root:insufficient_safe_clmax_margin|mid1:insufficient_safe_clmax_margin,0.25779371523840106,0.43040725421515397,True,False,True,False,/Volumes/Samsung SSD/hpa-mdo/output/phase9_smooth_geometry_combo_reoptimization/avl_inputs/raw_best_tier2/combo_0043/raw_best_tier2_combo_0043.avl,/Volumes/Samsung SSD/hpa-mdo/output/phase9_smooth_geometry_combo_reoptimization/avl_runs/raw_best_tier2/combo_0043
44,raw_best_tier2,root:dae11|mid1:dae31|mid2:cst_mid2_seedless_sobol_0237_e583606c|tip:cst_tip_nsga2_g05_child_0102_33bdf605,dae11,dae31,cst_mid2_seedless_sobol_0237_e583606c,cst_tip_nsga2_g05_child_0102_33bdf605,ok,,,top_predicted_profile_proxy,0.00983711699704384,0.013371762988917079,False,False,-0.33791,1.1685305045195065,1.16853,0.0127531,0.013390755,0.9635321271106116,0.010570658415789087,0.014460537774607665,0.027213637774607665,42.939151104959286,148.4729720153889,179.83644866205051,184.05027746440925,0.027851292774607666,41.956059777048075,1.332,1.3707,1.2253,0.837,1.2883699113057376,0.9145888108405967,archive_not_mission_grade_sidecar,root:full_polar_candidate_not_mission_grade;mid1:full_polar_mission_grade_candidate;mid2:full_polar_mission_grade_candidate;tip:full_polar_mission_grade_candidate,actual_sidecar_query_grade_sidecar,root:actual_sidecar_query_grade;mid1:mixed_actual_sidecar_query_quality;mid2:;tip:,,0.06220396245024381,0.12308577563686296,True,False,True,False,/Volumes/Samsung SSD/hpa-mdo/output/phase9_smooth_geometry_combo_reoptimization/avl_inputs/raw_best_tier2/combo_0044/raw_best_tier2_combo_0044.avl,/Volumes/Samsung SSD/hpa-mdo/output/phase9_smooth_geometry_combo_reoptimization/avl_runs/raw_best_tier2/combo_0044
45,raw_best_tier2,root:dae21|mid1:fx76mp140|mid2:dae31|tip:cst_tip_nsga2_g05_child_0032_70ef8136,dae21,fx76mp140,dae31,cst_tip_nsga2_g05_child_0032_70ef8136,ok,,,top_predicted_profile_proxy,0.009837476307700726,0.017364037391142114,False,False,-3.11373,1.1685305045195065,1.16853,0.016437,0.017258850000000003,0.7466094641275992,0.01970786642905907,0.02359774578787765,0.04003474578787765,29.187908690888516,218.42275333557316,264.56244347816516,269.99349193104104,0.04085659578787765,28.600779922692805,1.3553,1.6989,1.4315,0.5784,-2.7515780601756803,1.1436780988342128,archive_not_mission_grade_sidecar,root:full_polar_candidate_not_mission_grade;mid1:full_polar_candidate_not_mission_grade;mid2:full_polar_mission_grade_candidate;tip:full_polar_mission_grade_candidate,actual_sidecar_query_not_mission_grade_sidecar,root:actual_sidecar_query_grade;mid1:actual_sidecar_query_grade;mid2:mixed_actual_sidecar_query_quality;tip:,"mid1:cl_outside_polar_envelope,insufficient_safe_clmax_margin",0.23015009618438473,0.31604766495525644,True,False,True,False,/Volumes/Samsung SSD/hpa-mdo/output/phase9_smooth_geometry_combo_reoptimization/avl_inputs/raw_best_tier2/combo_0045/raw_best_tier2_combo_0045.avl,/Volumes/Samsung SSD/hpa-mdo/output/phase9_smooth_geometry_combo_reoptimization/avl_runs/raw_best_tier2/combo_0045
46,raw_best_tier2,root:fx76mp140|mid1:dae21|mid2:cst_mid2_seedless_sobol_0237_e583606c|tip:cst_tip_nsga2_g05_child_0102_33bdf605,fx76mp140,dae21,cst_mid2_seedless_sobol_0237_e583606c,cst_tip_nsga2_g05_child_0102_33bdf605,ok,,,top_predicted_profile_proxy,0.009838293322813784,0.01743439276152327,False,False,-2.46987,1.1685305045195065,1.16853,0.0168707,0.017714235,0.7271541813890179,0.024223835421841925,0.028113714780660503,0.0449844147806605,25.976341144308403,245.4273042132436,297.27144405673886,302.8457939462523,0.0458279497806605,25.49820600991906,1.7627,1.3768,0.9791,0.6259,-3.5741008353097112,1.186627455892087,archive_not_mission_grade_sidecar,root:full_polar_candidate_not_mission_grade;mid1:full_polar_candidate_not_mission_grade;mid2:full_polar_mission_grade_candidate;tip:full_polar_mission_grade_candidate,actual_sidecar_query_not_mission_grade_sidecar,root:actual_sidecar_query_grade;mid1:actual_sidecar_query_grade;mid2:;tip:,"root:cl_outside_polar_envelope,insufficient_safe_clmax_margin",0.29561171083658117,0.2724041950530882,True,False,True,False,/Volumes/Samsung SSD/hpa-mdo/output/phase9_smooth_geometry_combo_reoptimization/avl_inputs/raw_best_tier2/combo_0046/raw_best_tier2_combo_0046.avl,/Volumes/Samsung SSD/hpa-mdo/output/phase9_smooth_geometry_combo_reoptimization/avl_runs/raw_best_tier2/combo_0046
47,raw_best_tier2,root:dae21|mid1:dae21|mid2:cst_mid2_seedless_sobol_0237_e583606c|tip:cst_tip_nsga2_g05_child_0032_70ef8136,dae21,dae21,cst_mid2_seedless_sobol_0237_e583606c,cst_tip_nsga2_g05_child_0032_70ef8136,ok,,,top_predicted_profile_proxy,0.00983897310953315,0.01737511280192307,False,False,0.06783,1.1685305045195065,1.16853,0.0128533,0.013495965,0.9561026885175559,0.009427010684026736,0.013316890042845312,0.026170190042845314,44.6512043896667,142.78009893606733,172.94101130822108,177.1879477978085,0.026812855042845314,43.58098019223487,1.3476,1.3499,1.2166,0.8032,0.92317073382532,0.9364681552075237,archive_not_mission_grade_sidecar,root:full_polar_candidate_not_mission_grade;mid1:full_polar_candidate_not_mission_grade;mid2:full_polar_mission_grade_candidate;tip:full_polar_mission_grade_candidate,actual_sidecar_query_grade_sidecar,root:actual_sidecar_query_grade;mid1:actual_sidecar_query_grade;mid2:;tip:,,0.07383893957560632,0.1462443331600145,True,False,True,False,/Volumes/Samsung SSD/hpa-mdo/output/phase9_smooth_geometry_combo_reoptimization/avl_inputs/raw_best_tier2/combo_0047/raw_best_tier2_combo_0047.avl,/Volumes/Samsung SSD/hpa-mdo/output/phase9_smooth_geometry_combo_reoptimization/avl_runs/raw_best_tier2/combo_0047
48,raw_best_tier2,root:cst_root_nsga2_g03_child_0090_3408e0ca|mid1:dae31|mid2:dae31|tip:cst_tip_nsga2_g05_child_0102_33bdf605,cst_root_nsga2_g03_child_0090_3408e0ca,dae31,dae31,cst_tip_nsga2_g05_child_0102_33bdf605,ok,,,top_predicted_profile_proxy,0.009840655696398044,0.013334048560246158,False,False,-1.19155,1.1685305045195065,1.16853,0.0128556,0.01349838,0.9555220726559466,0.010281847298029381,0.014171726656847957,0.027027326656847955,43.23514934923962,147.4564902938932,178.60524502651793,182.85294147299786,0.027670106656847958,42.23079148234189,1.3473,1.3275,1.23,0.8114,1.7231734031171009,0.885763950091845,archive_not_mission_grade_sidecar,root:full_polar_candidate_not_mission_grade;mid1:full_polar_mission_grade_candidate;mid2:full_polar_mission_grade_candidate;tip:full_polar_mission_grade_candidate,actual_sidecar_query_grade_sidecar,root:actual_sidecar_query_not_mission_grade;mid1:mixed_actual_sidecar_query_quality;mid2:mixed_actual_sidecar_query_quality;tip:,,0.06938336498464595,0.146311053385684,True,False,True,False,/Volumes/Samsung SSD/hpa-mdo/output/phase9_smooth_geometry_combo_reoptimization/avl_inputs/raw_best_tier2/combo_0048/raw_best_tier2_combo_0048.avl,/Volumes/Samsung SSD/hpa-mdo/output/phase9_smooth_geometry_combo_reoptimization/avl_runs/raw_best_tier2/combo_0048
49,raw_best_tier2,root:dae21|mid1:dae31|mid2:cst_mid2_nsga2_g01_child_0103_58b101ad|tip:cst_tip_nsga2_g05_child_0102_33bdf605,dae21,dae31,cst_mid2_nsga2_g01_child_0103_58b101ad,cst_tip_nsga2_g05_child_0102_33bdf605,ok,,,top_predicted_profile_proxy,0.009842240518270956,0.013661644564040289,False,False,-0.55735,1.1685305045195065,1.16853,0.0126708,0.01330434,0.96972401978486,0.010237095694034613,0.01412697505285319,0.02679777505285319,43.605504644128715,146.20409584526115,177.08829438621748,181.27492994846722,0.027431315052853192,42.59841361116098,1.3203,1.3529,1.2455,0.8434,0.72775000530617,0.9396588994566075,archive_not_mission_grade_sidecar,root:full_polar_candidate_not_mission_grade;mid1:full_polar_mission_grade_candidate;mid2:full_polar_mission_grade_candidate;tip:full_polar_mission_grade_candidate,actual_sidecar_query_grade_sidecar,root:actual_sidecar_query_grade;mid1:mixed_actual_sidecar_query_quality;mid2:;tip:,,0.0513569940713823,0.11798523779808712,True,False,True,False,/Volumes/Samsung SSD/hpa-mdo/output/phase9_smooth_geometry_combo_reoptimization/avl_inputs/raw_best_tier2/combo_0049/raw_best_tier2_combo_0049.avl,/Volumes/Samsung SSD/hpa-mdo/output/phase9_smooth_geometry_combo_reoptimization/avl_runs/raw_best_tier2/combo_0049
50,raw_best_tier2,root:dae31|mid1:dae31|mid2:cst_mid2_seedless_sobol_0377_ed2a45eb|tip:cst_tip_nsga2_g05_child_0102_33bdf605,dae31,dae31,cst_mid2_seedless_sobol_0377_ed2a45eb,cst_tip_nsga2_g05_child_0102_33bdf605,ok,,,top_predicted_profile_proxy,0.009844392514837694,0.011484725156951854,True,False,-0.72526,1.1685305045195065,1.16853,0.0128203,0.013461315,0.9583008879469025,0.010151279474890399,0.014041158833708975,0.026861458833708975,43.50212368410514,146.5515437054534,177.50913724013253,181.74517000039316,0.027502473833708976,42.48819621045409,1.345,1.3473,1.2112,0.814,1.5238884693702264,0.8989753446016895,archive_mission_grade_sidecar,root:full_polar_mission_grade_candidate;mid1:full_polar_mission_grade_candidate;mid2:full_polar_mission_grade_candidate;tip:full_polar_mission_grade_candidate,actual_sidecar_query_grade_sidecar,root:mixed_actual_sidecar_query_quality;mid1:mixed_actual_sidecar_query_quality;mid2:;tip:,,0.0712337457804977,0.1388416712606081,True,False,True,False,/Volumes/Samsung SSD/hpa-mdo/output/phase9_smooth_geometry_combo_reoptimization/avl_inputs/raw_best_tier2/combo_0050/raw_best_tier2_combo_0050.avl,/Volumes/Samsung SSD/hpa-mdo/output/phase9_smooth_geometry_combo_reoptimization/avl_runs/raw_best_tier2/combo_0050
51,raw_best_tier2,root:cst_root_nsga2_g04_child_0066_2124fc90|mid1:dae31|mid2:dae31|tip:cst_tip_nsga2_g05_child_0102_33bdf605,cst_root_nsga2_g04_child_0066_2124fc90,dae31,dae31,cst_tip_nsga2_g05_child_0102_33bdf605,ok,,,top_predicted_profile_proxy,0.009847698304592926,0.011335549363348067,True,False,-1.01071,1.1685305045195065,1.16853,0.0127455,0.013382775000000001,0.9638753352422841,0.010270960703997651,0.014160840062816229,0.02690634006281623,43.4295597911654,146.79640804620962,177.805726800157,182.01704444061022,0.027543615062816232,42.42473262331559,1.3231,1.3237,1.247,0.8291,1.7614200065634686,0.8832284299333901,archive_mission_grade_sidecar,root:full_polar_mission_grade_candidate;mid1:full_polar_mission_grade_candidate;mid2:full_polar_mission_grade_candidate;tip:full_polar_mission_grade_candidate,actual_sidecar_query_grade_sidecar,root:;mid1:mixed_actual_sidecar_query_quality;mid2:mixed_actual_sidecar_query_quality;tip:,,0.055810839737755344,0.13438394701711354,True,False,True,False,/Volumes/Samsung SSD/hpa-mdo/output/phase9_smooth_geometry_combo_reoptimization/avl_inputs/raw_best_tier2/combo_0051/raw_best_tier2_combo_0051.avl,/Volumes/Samsung SSD/hpa-mdo/output/phase9_smooth_geometry_combo_reoptimization/avl_runs/raw_best_tier2/combo_0051
52,raw_best_tier2,root:dae11|mid1:dae31|mid2:cst_mid2_nsga2_g02_child_0106_7ea30168|tip:cst_tip_nsga2_g05_child_0102_33bdf605,dae11,dae31,cst_mid2_nsga2_g02_child_0106_7ea30168,cst_tip_nsga2_g05_child_0102_33bdf605,ok,,,top_predicted_profile_proxy,0.009848823988709086,0.016328948443983575,False,False,-0.45466,1.1685305045195065,1.16853,0.0126777,0.013311585,0.969229460900805,0.010418185762323286,0.014308065121141862,0.026985765121141862,43.30173701853008,147.2297376348435,178.33059306545968,182.51950849838684,0.027619650121141863,42.307940158338134,1.3211,1.3607,1.2431,0.8449,0.8059548774547023,0.9320722080855437,archive_not_mission_grade_sidecar,root:full_polar_candidate_not_mission_grade;mid1:full_polar_mission_grade_candidate;mid2:full_polar_candidate_not_mission_grade;tip:full_polar_mission_grade_candidate,actual_sidecar_query_grade_sidecar,root:actual_sidecar_query_grade;mid1:mixed_actual_sidecar_query_quality;mid2:;tip:,,0.052871394122110685,0.11701176726342966,True,False,True,False,/Volumes/Samsung SSD/hpa-mdo/output/phase9_smooth_geometry_combo_reoptimization/avl_inputs/raw_best_tier2/combo_0052/raw_best_tier2_combo_0052.avl,/Volumes/Samsung SSD/hpa-mdo/output/phase9_smooth_geometry_combo_reoptimization/avl_runs/raw_best_tier2/combo_0052
53,raw_best_tier2,root:dae11|mid1:dae21|mid2:dae31|tip:cst_tip_nsga2_g05_child_0102_33bdf605,dae11,dae21,dae31,cst_tip_nsga2_g05_child_0102_33bdf605,ok,,,top_predicted_profile_proxy,0.009849594822758295,0.01744859872298015,False,False,-0.39164,1.1685305045195065,1.16853,0.0125793,0.013208265,0.976844623329942,0.010310669209993904,0.01420054856881248,0.026779848568812478,43.634694255902716,146.10629200200597,176.9698304287863,181.12623292335718,0.02740881356881248,42.63338511846919,1.2949,1.3044,1.2606,0.8865,1.381833382700034,0.9049033718443543,archive_not_mission_grade_sidecar,root:full_polar_candidate_not_mission_grade;mid1:full_polar_candidate_not_mission_grade;mid2:full_polar_mission_grade_candidate;tip:full_polar_mission_grade_candidate,actual_sidecar_query_grade_sidecar,root:actual_sidecar_query_grade;mid1:actual_sidecar_query_grade;mid2:mixed_actual_sidecar_query_quality;tip:,,0.03447801282522804,0.09517830074092337,True,False,True,False,/Volumes/Samsung SSD/hpa-mdo/output/phase9_smooth_geometry_combo_reoptimization/avl_inputs/raw_best_tier2/combo_0053/raw_best_tier2_combo_0053.avl,/Volumes/Samsung SSD/hpa-mdo/output/phase9_smooth_geometry_combo_reoptimization/avl_runs/raw_best_tier2/combo_0053
54,raw_best_tier2,root:fx76mp140|mid1:dae21|mid2:cst_mid2_nsga2_g02_child_0106_7ea30168|tip:cst_tip_nsga2_g05_child_0102_33bdf605,fx76mp140,dae21,cst_mid2_nsga2_g02_child_0106_7ea30168,cst_tip_nsga2_g05_child_0102_33bdf605,ok,,,top_predicted_profile_proxy,0.00985000031447903,0.020391578216589767,False,False,-2.58528,1.1685305045195065,1.16853,0.0166897,0.017524184999999998,0.735027568215605,0.02380294210144274,0.027692821460261318,0.044382521460261316,26.328619151703023,242.1434767861268,293.29393990567684,298.8084844919129,0.04521700646026132,25.842721489014583,1.7513,1.366,0.9968,0.6338,-3.427129681132158,1.1789531193645046,archive_not_mission_grade_sidecar,root:full_polar_candidate_not_mission_grade;mid1:full_polar_candidate_not_mission_grade;mid2:full_polar_candidate_not_mission_grade;tip:full_polar_mission_grade_candidate,actual_sidecar_query_not_mission_grade_sidecar,root:actual_sidecar_query_grade;mid1:actual_sidecar_query_grade;mid2:;tip:,"root:cl_outside_polar_envelope,insufficient_safe_clmax_margin",0.28688393380198346,0.26546099005597024,True,False,True,False,/Volumes/Samsung SSD/hpa-mdo/output/phase9_smooth_geometry_combo_reoptimization/avl_inputs/raw_best_tier2/combo_0054/raw_best_tier2_combo_0054.avl,/Volumes/Samsung SSD/hpa-mdo/output/phase9_smooth_geometry_combo_reoptimization/avl_runs/raw_best_tier2/combo_0054
55,raw_best_tier2,root:cst_root_nsga2_g04_child_0066_2124fc90|mid1:dae21|mid2:cst_mid2_nsga2_g01_child_0046_9585b968|tip:cst_tip_nsga2_g04_child_0123_01770232,cst_root_nsga2_g04_child_0066_2124fc90,dae21,cst_mid2_nsga2_g01_child_0046_9585b968,cst_tip_nsga2_g04_child_0123_01770232,ok,,raw_best,known_policy_or_baseline,0.010740657573044711,0.016330481349801976,False,False,-0.39996,1.1685305045195065,1.16853,0.0128661,0.013509405,0.9550041667552719,0.010425051640557305,0.01431493099937588,0.027181030999375883,42.99066155902393,148.29507500409633,179.62097263093062,183.87213844583272,0.02782433599937588,41.996707649940596,1.365,1.3356,1.1667,0.8496,0.9753047233198282,0.926547794721956,archive_not_mission_grade_sidecar,root:full_polar_mission_grade_candidate;mid1:full_polar_candidate_not_mission_grade;mid2:full_polar_mission_grade_candidate;tip:full_polar_mission_grade_candidate,actual_sidecar_query_not_mission_grade_sidecar,root:;mid1:actual_sidecar_query_grade;mid2:;tip:,mid2:cl_outside_polar_envelope,0.07992029976703345,0.12062244764692542,True,False,True,False,/Volumes/Samsung SSD/hpa-mdo/output/phase9_smooth_geometry_combo_reoptimization/avl_inputs/raw_best_tier2/combo_0055/raw_best_tier2_combo_0055.avl,/Volumes/Samsung SSD/hpa-mdo/output/phase9_smooth_geometry_combo_reoptimization/avl_runs/raw_best_tier2/combo_0055
56,raw_best_tier2,root:cst_root_nsga2_g05_child_0019_00cc4dca|mid1:cst_mid1_nsga2_g06_child_0001_a86879e2|mid2:dae31|tip:dae41,cst_root_nsga2_g05_child_0019_00cc4dca,cst_mid1_nsga2_g06_child_0001_a86879e2,dae31,dae41,ok,,policy_F,known_policy_or_baseline,0.010947374497220134,0.011841277243293185,True,False,-0.85567,1.1685305045195065,1.16853,0.0126032,0.013233360000000001,0.9748417921676659,0.010821920081879524,0.0147117994406981,0.027314999440698103,42.77981066982741,149.02598399921564,180.5062790688174,184.67057850674917,0.0279451594406981,41.815131060505244,1.3059,1.3073,1.2432,0.8758,2.5716441058878816,0.8295154371029619,archive_mission_grade_sidecar,root:full_polar_mission_grade_candidate;mid1:full_polar_mission_grade_candidate;mid2:full_polar_mission_grade_candidate;tip:full_polar_mission_grade_candidate,actual_sidecar_query_grade_sidecar,root:actual_sidecar_query_grade;mid1:actual_sidecar_query_grade;mid2:mixed_actual_sidecar_query_quality;tip:actual_sidecar_query_not_mission_grade,,0.039340340681191,0.09872202554800136,True,False,True,False,/Volumes/Samsung SSD/hpa-mdo/output/phase9_smooth_geometry_combo_reoptimization/avl_inputs/raw_best_tier2/combo_0056/raw_best_tier2_combo_0056.avl,/Volumes/Samsung SSD/hpa-mdo/output/phase9_smooth_geometry_combo_reoptimization/avl_runs/raw_best_tier2/combo_0056
57,raw_best_tier2,root:cst_root_nsga2_g05_child_0019_00cc4dca|mid1:cst_mid1_nsga2_g05_child_0114_b5496e0b|mid2:dae31|tip:clarkysm,cst_root_nsga2_g05_child_0019_00cc4dca,cst_mid1_nsga2_g05_child_0114_b5496e0b,dae31,clarkysm,ok,,conservative_best,known_policy_or_baseline,0.010950192696278255,0.011938572274619473,True,False,-1.39354,1.1685305045195065,1.16853,0.012549,0.01317645,0.978901165514965,0.010817014007004846,0.014706893365823422,0.027255893365823423,42.87258131060729,148.70351132307104,180.11568716457248,184.26207805312507,0.02788334336582342,41.90783326047524,1.2981,1.3406,1.2548,0.8877,2.4548913164200177,0.8372554460077192,archive_mission_grade_sidecar,root:full_polar_mission_grade_candidate;mid1:full_polar_mission_grade_candidate;mid2:full_polar_mission_grade_candidate;tip:full_polar_mission_grade_candidate,actual_sidecar_query_grade_sidecar,root:actual_sidecar_query_grade;mid1:actual_sidecar_query_grade;mid2:mixed_actual_sidecar_query_quality;tip:actual_sidecar_query_grade,,0.03677423630376519,0.0871984078000344,True,False,False,False,/Volumes/Samsung SSD/hpa-mdo/output/phase9_smooth_geometry_combo_reoptimization/avl_inputs/raw_best_tier2/combo_0057/raw_best_tier2_combo_0057.avl,/Volumes/Samsung SSD/hpa-mdo/output/phase9_smooth_geometry_combo_reoptimization/avl_runs/raw_best_tier2/combo_0057
58,raw_best_tier2,root:fx76mp140|mid1:fx76mp140|mid2:clarkysm|tip:clarkysm,fx76mp140,fx76mp140,clarkysm,clarkysm,ok,,old_fx_clark_baseline,known_policy_or_baseline,0.011009179532339758,0.01863388207853408,False,True,-5.47235,1.1685305045195065,1.16853,0.0165823,0.017411415000000003,0.7389000983519172,0.01218320369390758,0.01607308305272616,0.03265538305272616,35.7837022653438,178.16220728355435,215.79724719422765,221.2763050977455,0.03348449805272616,34.89765630291029,1.5372,1.5372,1.1091,0.4425,-0.666908268025629,1.0348236938771864,archive_not_mission_grade_sidecar,root:full_polar_candidate_not_mission_grade;mid1:full_polar_candidate_not_mission_grade;mid2:full_polar_mission_grade_candidate;tip:full_polar_mission_grade_candidate,actual_sidecar_query_not_mission_grade_sidecar,root:actual_sidecar_query_grade;mid1:actual_sidecar_query_grade;mid2:actual_sidecar_query_grade;tip:actual_sidecar_query_grade,root:insufficient_safe_clmax_margin|mid1:insufficient_safe_clmax_margin,0.2693735067845726,0.4331347864690341,True,False,False,True,/Volumes/Samsung SSD/hpa-mdo/output/phase9_smooth_geometry_combo_reoptimization/avl_inputs/raw_best_tier2/combo_0058/raw_best_tier2_combo_0058.avl,/Volumes/Samsung SSD/hpa-mdo/output/phase9_smooth_geometry_combo_reoptimization/avl_runs/raw_best_tier2/combo_0058
59,raw_best_tier2,root:dae11|mid1:dae11|mid2:clarkysm|tip:clarkysm,dae11,dae11,clarkysm,clarkysm,ok,,policy_A,known_policy_or_baseline,0.011393858782957017,0.018948253391151262,False,True,-0.14185,1.1685305045195065,1.16853,0.0126417,0.013273785000000001,0.9721061792577501,0.01094535353668805,0.014835232895506627,0.02747693289550663,42.52769073474715,149.90946534424094,181.57638728711353,185.75340774259328,0.028109017895506627,41.571374313518874,1.3101,1.3127,1.1777,0.9358,1.2474798866435075,0.9027504938394629,archive_not_mission_grade_sidecar,root:full_polar_candidate_not_mission_grade;mid1:full_polar_candidate_not_mission_grade;mid2:full_polar_mission_grade_candidate;tip:full_polar_mission_grade_candidate,actual_sidecar_query_grade_sidecar,root:actual_sidecar_query_grade;mid1:actual_sidecar_query_grade;mid2:actual_sidecar_query_grade;tip:actual_sidecar_query_grade,,0.051251431033334294,0.10865705372988327,True,False,False,False,/Volumes/Samsung SSD/hpa-mdo/output/phase9_smooth_geometry_combo_reoptimization/avl_inputs/raw_best_tier2/combo_0059/raw_best_tier2_combo_0059.avl,/Volumes/Samsung SSD/hpa-mdo/output/phase9_smooth_geometry_combo_reoptimization/avl_runs/raw_best_tier2/combo_0059
60,raw_best_tier2,root:cst_root_nsga2_g05_child_0019_00cc4dca|mid1:cst_mid1_nsga2_g06_child_0001_a86879e2|mid2:clarkysm|tip:clarkysm,cst_root_nsga2_g05_child_0019_00cc4dca,cst_mid1_nsga2_g06_child_0001_a86879e2,clarkysm,clarkysm,ok,,policy_C;policy_E;policy_G,known_policy_or_baseline,0.0118862176797797,0.013002648164867106,True,True,-0.59364,1.1685305045195065,1.16853,0.0127575,0.013395375000000001,0.9631172643003311,0.011385791602355097,0.015275670961173674,0.02803317096117367,41.68385039772837,152.94420547864283,185.2521868685112,189.46746950144686,0.028671045961173675,40.75646581230173,1.3298,1.3306,1.1704,0.894,1.3192596574434077,0.8971547745518448,archive_mission_grade_sidecar,root:full_polar_mission_grade_candidate;mid1:full_polar_mission_grade_candidate;mid2:full_polar_mission_grade_candidate;tip:full_polar_mission_grade_candidate,actual_sidecar_query_grade_sidecar,root:actual_sidecar_query_grade;mid1:actual_sidecar_query_grade;mid2:actual_sidecar_query_grade;tip:actual_sidecar_query_grade,,0.0643179639009755,0.1210785766889736,True,False,False,True,/Volumes/Samsung SSD/hpa-mdo/output/phase9_smooth_geometry_combo_reoptimization/avl_inputs/raw_best_tier2/combo_0060/raw_best_tier2_combo_0060.avl,/Volumes/Samsung SSD/hpa-mdo/output/phase9_smooth_geometry_combo_reoptimization/avl_runs/raw_best_tier2/combo_0060
61,conservative_best_tier2,root:dae31|mid1:dae31|mid2:dae31|tip:cst_tip_nsga2_g05_child_0032_70ef8136,dae31,dae31,dae31,cst_tip_nsga2_g05_child_0032_70ef8136,ok,,,top_predicted_profile_proxy,0.009688409736878543,0.01123603532712976,True,False,0.23296,1.1685305045195065,1.16853,0.012963,0.01361115,0.9481091171156654,0.009143351509586867,0.013033230868405445,0.025996230868405447,44.94999719131136,141.83100731324393,171.7914332767005,176.07461640589858,0.026644380868405447,43.85654559926871,1.3366,1.3398,1.2629,0.7809,1.5993751866985861,0.8939710284994759,archive_mission_grade_sidecar,root:full_polar_mission_grade_candidate;mid1:full_polar_mission_grade_candidate;mid2:full_polar_mission_grade_candidate;tip:full_polar_mission_grade_candidate,actual_sidecar_query_grade_sidecar,root:mixed_actual_sidecar_query_quality;mid1:mixed_actual_sidecar_query_quality;mid2:mixed_actual_sidecar_query_quality;tip:,,0.07308127472967908,0.17524907293196146,True,False,True,False,/Volumes/Samsung SSD/hpa-mdo/output/phase9_smooth_geometry_combo_reoptimization/avl_inputs/conservative_best_tier2/combo_0061/conservative_best_tier2_combo_0061.avl,/Volumes/Samsung SSD/hpa-mdo/output/phase9_smooth_geometry_combo_reoptimization/avl_runs/conservative_best_tier2/combo_0061
62,conservative_best_tier2,root:dae31|mid1:dae31|mid2:dae31|tip:cst_tip_nsga2_g05_child_0102_33bdf605,dae31,dae31,dae31,cst_tip_nsga2_g05_child_0102_33bdf605,ok,,,top_predicted_profile_proxy,0.009694629108713285,0.011274381980422833,True,False,0.06684,1.1685305045195065,1.16853,0.0127247,0.013360935,0.9658315883021005,0.009948849946038636,0.013838729304857213,0.026563429304857215,43.99019761751306,144.92554536361268,175.53966250437583,179.7441074911927,0.027199664304857214,42.96121052901505,1.3202,1.3235,1.2496,0.8349,1.763432985692227,0.8830949815039977,archive_mission_grade_sidecar,root:full_polar_mission_grade_candidate;mid1:full_polar_mission_grade_candidate;mid2:full_polar_mission_grade_candidate;tip:full_polar_mission_grade_candidate,actual_sidecar_query_grade_sidecar,root:mixed_actual_sidecar_query_quality;mid1:mixed_actual_sidecar_query_quality;mid2:mixed_actual_sidecar_query_quality;tip:,,0.05274726644794874,0.1302114234495404,True,False,True,False,/Volumes/Samsung SSD/hpa-mdo/output/phase9_smooth_geometry_combo_reoptimization/avl_inputs/conservative_best_tier2/combo_0062/conservative_best_tier2_combo_0062.avl,/Volumes/Samsung SSD/hpa-mdo/output/phase9_smooth_geometry_combo_reoptimization/avl_runs/conservative_best_tier2/combo_0062
63,conservative_best_tier2,root:dae31|mid1:dae21|mid2:dae31|tip:cst_tip_nsga2_g05_child_0032_70ef8136,dae31,dae21,dae31,cst_tip_nsga2_g05_child_0032_70ef8136,ok,,,top_predicted_profile_proxy,0.00974492702975624,0.015336486897443031,False,False,0.52382,1.1685305045195065,1.16853,0.0129265,0.013572825000000002,0.9508677291234908,0.009209742524928089,0.013099621883746665,0.026026121883746665,44.898372094739734,141.99408760118723,171.98896269523647,176.26008563896704,0.02667244688374667,43.810397659150325,1.3446,1.3222,1.2459,0.8063,1.202400522261135,0.9172517925886271,archive_not_mission_grade_sidecar,root:full_polar_mission_grade_candidate;mid1:full_polar_candidate_not_mission_grade;mid2:full_polar_mission_grade_candidate;tip:full_polar_mission_grade_candidate,actual_sidecar_query_grade_sidecar,root:mixed_actual_sidecar_query_quality;mid1:actual_sidecar_query_grade;mid2:mixed_actual_sidecar_query_quality;tip:,,0.07008683543510269,0.1577036664784135,True,False,True,False,/Volumes/Samsung SSD/hpa-mdo/output/phase9_smooth_geometry_combo_reoptimization/avl_inputs/conservative_best_tier2/combo_0063/conservative_best_tier2_combo_0063.avl,/Volumes/Samsung SSD/hpa-mdo/output/phase9_smooth_geometry_combo_reoptimization/avl_runs/conservative_best_tier2/combo_0063
64,conservative_best_tier2,root:dae21|mid1:dae31|mid2:dae31|tip:cst_tip_nsga2_g05_child_0032_70ef8136,dae21,dae31,dae31,cst_tip_nsga2_g05_child_0032_70ef8136,ok,,,top_predicted_profile_proxy,0.009744980724017669,0.013319546252808831,False,False,0.47444,1.1685305045195065,1.16853,0.0128586,0.01350153,0.9559215621675543,0.009169852973843288,0.013059732332661864,0.025918332332661866,45.085096121209276,141.40600617178356,171.27665476233474,175.5253424569353,0.026561262332661865,43.99378651076336,1.3191,1.3526,1.2855,0.8044,1.2336500653712812,0.9151012249309166,archive_not_mission_grade_sidecar,root:full_polar_candidate_not_mission_grade;mid1:full_polar_mission_grade_candidate;mid2:full_polar_mission_grade_candidate;tip:full_polar_mission_grade_candidate,actual_sidecar_query_grade_sidecar,root:actual_sidecar_query_grade;mid1:mixed_actual_sidecar_query_quality;mid2:mixed_actual_sidecar_query_quality;tip:,,0.062446251566807866,0.1594349789539246,True,False,True,False,/Volumes/Samsung SSD/hpa-mdo/output/phase9_smooth_geometry_combo_reoptimization/avl_inputs/conservative_best_tier2/combo_0064/conservative_best_tier2_combo_0064.avl,/Volumes/Samsung SSD/hpa-mdo/output/phase9_smooth_geometry_combo_reoptimization/avl_runs/conservative_best_tier2/combo_0064
65,conservative_best_tier2,root:dae31|mid1:dae21|mid2:dae31|tip:cst_tip_nsga2_g05_child_0102_33bdf605,dae31,dae21,dae31,cst_tip_nsga2_g05_child_0102_33bdf605,ok,,,top_predicted_profile_proxy,0.009751146401590981,0.015374833550736105,False,False,0.35753,1.1685305045195065,1.16853,0.0127176,0.013353480000000001,0.9664536083036083,0.010060568899197816,0.013950448258016394,0.026668048258016393,43.81762374260918,145.49632855082683,176.23101810904413,180.43311714197552,0.027303928258016395,42.79715700529017,1.3281,1.3059,1.2326,0.8602,1.3667126360338342,0.9059439690980852,archive_not_mission_grade_sidecar,root:full_polar_mission_grade_candidate;mid1:full_polar_candidate_not_mission_grade;mid2:full_polar_mission_grade_candidate;tip:full_polar_mission_grade_candidate,actual_sidecar_query_grade_sidecar,root:mixed_actual_sidecar_query_quality;mid1:actual_sidecar_query_grade;mid2:mixed_actual_sidecar_query_quality;tip:,,0.05255985274904318,0.11267823918357855,True,False,True,False,/Volumes/Samsung SSD/hpa-mdo/output/phase9_smooth_geometry_combo_reoptimization/avl_inputs/conservative_best_tier2/combo_0065/conservative_best_tier2_combo_0065.avl,/Volumes/Samsung SSD/hpa-mdo/output/phase9_smooth_geometry_combo_reoptimization/avl_runs/conservative_best_tier2/combo_0065
66,conservative_best_tier2,root:dae21|mid1:dae31|mid2:dae31|tip:cst_tip_nsga2_g05_child_0102_33bdf605,dae21,dae31,dae31,cst_tip_nsga2_g05_child_0102_33bdf605,ok,,,top_predicted_profile_proxy,0.009751200095852411,0.013357892906101905,False,False,0.30817,1.1685305045195065,1.16853,0.0126392,0.01327116,0.9724817789507884,0.010020466858137917,0.013910346216956495,0.026549546216956495,44.013200638932084,144.84980160092857,175.4479186057759,179.6241130211551,0.027181506216956496,42.98990994805683,1.3027,1.3365,1.2723,0.8584,1.398970228921727,0.903724028290126,archive_not_mission_grade_sidecar,root:full_polar_candidate_not_mission_grade;mid1:full_polar_mission_grade_candidate;mid2:full_polar_mission_grade_candidate;tip:full_polar_mission_grade_candidate,actual_sidecar_query_grade_sidecar,root:actual_sidecar_query_grade;mid1:mixed_actual_sidecar_query_quality;mid2:mixed_actual_sidecar_query_quality;tip:,,0.0430527850498608,0.11433859376785782,True,False,True,False,/Volumes/Samsung SSD/hpa-mdo/output/phase9_smooth_geometry_combo_reoptimization/avl_inputs/conservative_best_tier2/combo_0066/conservative_best_tier2_combo_0066.avl,/Volumes/Samsung SSD/hpa-mdo/output/phase9_smooth_geometry_combo_reoptimization/avl_runs/conservative_best_tier2/combo_0066
67,conservative_best_tier2,root:fx76mp140|mid1:dae31|mid2:dae31|tip:cst_tip_nsga2_g05_child_0032_70ef8136,fx76mp140,dae31,dae31,cst_tip_nsga2_g05_child_0032_70ef8136,ok,,,top_predicted_profile_proxy,0.00976277363808431,0.01330633375877922,False,False,-1.85654,1.1685305045195065,1.16853,0.0163968,0.017216640000000002,0.748465598684784,0.022085217149658824,0.025975096508477402,0.042371896508477405,27.577960884656576,231.17384954730912,280.0070852074965,285.42485093555604,0.04319173650847741,27.05449233999088,1.7104,1.3782,1.0658,0.5771,-2.8998384350039124,1.1514197541032654,archive_not_mission_grade_sidecar,root:full_polar_candidate_not_mission_grade;mid1:full_polar_mission_grade_candidate;mid2:full_polar_mission_grade_candidate;tip:full_polar_mission_grade_candidate,actual_sidecar_query_not_mission_grade_sidecar,root:actual_sidecar_query_grade;mid1:mixed_actual_sidecar_query_quality;mid2:mixed_actual_sidecar_query_quality;tip:,"root:cl_outside_polar_envelope,insufficient_safe_clmax_margin",0.26969248573590454,0.3127932426302841,True,False,True,False,/Volumes/Samsung SSD/hpa-mdo/output/phase9_smooth_geometry_combo_reoptimization/avl_inputs/conservative_best_tier2/combo_0067/conservative_best_tier2_combo_0067.avl,/Volumes/Samsung SSD/hpa-mdo/output/phase9_smooth_geometry_combo_reoptimization/avl_runs/conservative_best_tier2/combo_0067
68,conservative_best_tier2,root:fx76mp140|mid1:dae31|mid2:dae31|tip:cst_tip_nsga2_g05_child_0102_33bdf605,fx76mp140,dae31,dae31,cst_tip_nsga2_g05_child_0102_33bdf605,ok,,,top_predicted_profile_proxy,0.009768993009919052,0.013344680412072294,False,False,-2.02111,1.1685305045195065,1.16853,0.0159942,0.016793910000000002,0.7672925338114751,0.021922049882128272,0.02581192924094685,0.04180612924094685,27.951176675189384,228.08711971078327,276.26831360317743,281.5530538334498,0.04260583924094685,27.426534140336244,1.6939,1.3619,1.0525,0.6312,-2.6871170276416634,1.1403121617607117,archive_not_mission_grade_sidecar,root:full_polar_candidate_not_mission_grade;mid1:full_polar_mission_grade_candidate;mid2:full_polar_mission_grade_candidate;tip:full_polar_mission_grade_candidate,actual_sidecar_query_not_mission_grade_sidecar,root:actual_sidecar_query_grade;mid1:mixed_actual_sidecar_query_quality;mid2:mixed_actual_sidecar_query_quality;tip:,"root:cl_outside_polar_envelope,insufficient_safe_clmax_margin",0.2563967732061051,0.2685261212059032,True,False,True,False,/Volumes/Samsung SSD/hpa-mdo/output/phase9_smooth_geometry_combo_reoptimization/avl_inputs/conservative_best_tier2/combo_0068/conservative_best_tier2_combo_0068.avl,/Volumes/Samsung SSD/hpa-mdo/output/phase9_smooth_geometry_combo_reoptimization/avl_runs/conservative_best_tier2/combo_0068
69,conservative_best_tier2,root:dae21|mid1:dae21|mid2:dae31|tip:cst_tip_nsga2_g05_child_0032_70ef8136,dae21,dae21,dae31,cst_tip_nsga2_g05_child_0032_70ef8136,ok,,,top_predicted_profile_proxy,0.009801498016895364,0.017419997823122105,False,False,0.76525,1.1685305045195065,1.16853,0.012787,0.01342635,0.9613730303376009,0.009172873212688679,0.013062752571507255,0.025849752571507255,45.20470752232703,141.0318466770823,170.82345769995436,175.0484876060761,0.026489102571507255,44.11363130800909,1.3144,1.3182,1.2685,0.8297,1.2427225133709998,0.9144768665786782,archive_not_mission_grade_sidecar,root:full_polar_candidate_not_mission_grade;mid1:full_polar_candidate_not_mission_grade;mid2:full_polar_mission_grade_candidate;tip:full_polar_mission_grade_candidate,actual_sidecar_query_grade_sidecar,root:actual_sidecar_query_grade;mid1:actual_sidecar_query_grade;mid2:mixed_actual_sidecar_query_quality;tip:,,0.05417187450394347,0.14183498774476044,True,False,True,False,/Volumes/Samsung SSD/hpa-mdo/output/phase9_smooth_geometry_combo_reoptimization/avl_inputs/conservative_best_tier2/combo_0069/conservative_best_tier2_combo_0069.avl,/Volumes/Samsung SSD/hpa-mdo/output/phase9_smooth_geometry_combo_reoptimization/avl_runs/conservative_best_tier2/combo_0069
70,conservative_best_tier2,root:dae21|mid1:dae21|mid2:dae31|tip:cst_tip_nsga2_g05_child_0102_33bdf605,dae21,dae21,dae31,cst_tip_nsga2_g05_child_0102_33bdf605,ok,,,top_predicted_profile_proxy,0.009807717388730106,0.01745834447641518,False,False,0.59882,1.1685305045195065,1.16853,0.012597,0.013226850000000002,0.9758399316102059,0.010074611905149179,0.013964491263967756,0.026561491263967757,43.99340733194027,144.91497174265365,175.52685530844676,179.68910616692924,0.027191341263967758,42.97436059426642,1.298,1.302,1.2552,0.8837,1.4060265773659526,0.903238416238385,archive_not_mission_grade_sidecar,root:full_polar_candidate_not_mission_grade;mid1:full_polar_candidate_not_mission_grade;mid2:full_polar_mission_grade_candidate;tip:full_polar_mission_grade_candidate,actual_sidecar_query_grade_sidecar,root:actual_sidecar_query_grade;mid1:actual_sidecar_query_grade;mid2:mixed_actual_sidecar_query_quality;tip:,,0.03599716783401016,0.09680642078709945,True,False,True,False,/Volumes/Samsung SSD/hpa-mdo/output/phase9_smooth_geometry_combo_reoptimization/avl_inputs/conservative_best_tier2/combo_0070/conservative_best_tier2_combo_0070.avl,/Volumes/Samsung SSD/hpa-mdo/output/phase9_smooth_geometry_combo_reoptimization/avl_runs/conservative_best_tier2/combo_0070
71,conservative_best_tier2,root:dae31|mid1:fx76mp140|mid2:dae31|tip:cst_tip_nsga2_g05_child_0032_70ef8136,dae31,fx76mp140,dae31,cst_tip_nsga2_g05_child_0032_70ef8136,ok,,,top_predicted_profile_proxy,0.009808341121655339,0.015363441669676606,False,False,-2.26841,1.1685305045195065,1.16853,0.0160888,0.01689324,0.763081885422302,0.01689583761242504,0.02078571697124362,0.03687451697124362,31.6893779362799,201.1810832383789,243.6786376433853,248.99463523106118,0.03767895697124362,31.012814537603116,1.3728,1.6698,1.4058,0.5619,-2.3764148508277105,1.1240883450664363,archive_not_mission_grade_sidecar,root:full_polar_mission_grade_candidate;mid1:full_polar_candidate_not_mission_grade;mid2:full_polar_mission_grade_candidate;tip:full_polar_mission_grade_candidate,actual_sidecar_query_not_mission_grade_sidecar,root:mixed_actual_sidecar_query_quality;mid1:actual_sidecar_query_grade;mid2:mixed_actual_sidecar_query_quality;tip:,mid1:insufficient_safe_clmax_margin,0.2179370666734256,0.3269303376173302,True,False,True,False,/Volumes/Samsung SSD/hpa-mdo/output/phase9_smooth_geometry_combo_reoptimization/avl_inputs/conservative_best_tier2/combo_0071/conservative_best_tier2_combo_0071.avl,/Volumes/Samsung SSD/hpa-mdo/output/phase9_smooth_geometry_combo_reoptimization/avl_runs/conservative_best_tier2/combo_0071
72,conservative_best_tier2,root:dae31|mid1:fx76mp140|mid2:dae31|tip:cst_tip_nsga2_g05_child_0102_33bdf605,dae31,fx76mp140,dae31,cst_tip_nsga2_g05_child_0102_33bdf605,ok,,,top_predicted_profile_proxy,0.00981456049349008,0.01540178832296968,False,False,-2.43263,1.1685305045195065,1.16853,0.015597,0.016376850000000002,0.787129660463213,0.015253528763066349,0.019143408121884926,0.034740408121884926,33.63606151141857,189.5377488891476,229.57576173588615,234.72926071498847,0.03552025812188493,32.89757919297172,1.3564,1.6541,1.3925,0.616,-2.174007208670903,1.1135193026556427,archive_not_mission_grade_sidecar,root:full_polar_mission_grade_candidate;mid1:full_polar_candidate_not_mission_grade;mid2:full_polar_mission_grade_candidate;tip:full_polar_mission_grade_candidate,actual_sidecar_query_not_mission_grade_sidecar,root:mixed_actual_sidecar_query_quality;mid1:actual_sidecar_query_grade;mid2:mixed_actual_sidecar_query_quality;tip:,mid1:insufficient_safe_clmax_margin,0.20351108790214892,0.2818213502757577,True,False,True,False,/Volumes/Samsung SSD/hpa-mdo/output/phase9_smooth_geometry_combo_reoptimization/avl_inputs/conservative_best_tier2/combo_0072/conservative_best_tier2_combo_0072.avl,/Volumes/Samsung SSD/hpa-mdo/output/phase9_smooth_geometry_combo_reoptimization/avl_runs/conservative_best_tier2/combo_0072
73,conservative_best_tier2,root:fx76mp140|mid1:dae21|mid2:dae31|tip:cst_tip_nsga2_g05_child_0032_70ef8136,fx76mp140,dae21,dae31,cst_tip_nsga2_g05_child_0032_70ef8136,ok,,,top_predicted_profile_proxy,0.009819290930962005,0.017406785329092494,False,False,-1.56648,1.1685305045195065,1.16853,0.016668,0.0175014,0.7363633112420861,0.022634605210202243,0.02652448456902082,0.04319248456902082,27.054023777034995,235.6508382232922,285.4297943596078,290.9371689177713,0.04402588456902082,26.541897248823314,1.7347,1.361,1.0489,0.6026,-3.213119053119226,1.1677782082804808,archive_not_mission_grade_sidecar,root:full_polar_candidate_not_mission_grade;mid1:full_polar_candidate_not_mission_grade;mid2:full_polar_mission_grade_candidate;tip:full_polar_mission_grade_candidate,actual_sidecar_query_not_mission_grade_sidecar,root:actual_sidecar_query_grade;mid1:actual_sidecar_query_grade;mid2:mixed_actual_sidecar_query_quality;tip:,"root:cl_outside_polar_envelope,insufficient_safe_clmax_margin",0.27751439925546156,0.29518410249704663,True,False,True,False,/Volumes/Samsung SSD/hpa-mdo/output/phase9_smooth_geometry_combo_reoptimization/avl_inputs/conservative_best_tier2/combo_0073/conservative_best_tier2_combo_0073.avl,/Volumes/Samsung SSD/hpa-mdo/output/phase9_smooth_geometry_combo_reoptimization/avl_runs/conservative_best_tier2/combo_0073
74,conservative_best_tier2,root:fx76mp140|mid1:dae21|mid2:dae31|tip:cst_tip_nsga2_g05_child_0102_33bdf605,fx76mp140,dae21,dae31,cst_tip_nsga2_g05_child_0102_33bdf605,ok,,,top_predicted_profile_proxy,0.009825510302796747,0.017445131982385568,False,False,-1.73131,1.1685305045195065,1.16853,0.0162947,0.017109435,0.7532199535263496,0.022892796435090703,0.02678267579390928,0.04307737579390928,27.12631591371741,235.02282435438534,284.6691186463001,290.05314889665453,0.043892110793909284,26.622791280333193,1.7181,1.3446,1.0356,0.6566,-2.999108425106297,1.156603297196457,archive_not_mission_grade_sidecar,root:full_polar_candidate_not_mission_grade;mid1:full_polar_candidate_not_mission_grade;mid2:full_polar_mission_grade_candidate;tip:full_polar_mission_grade_candidate,actual_sidecar_query_not_mission_grade_sidecar,root:actual_sidecar_query_grade;mid1:actual_sidecar_query_grade;mid2:mixed_actual_sidecar_query_quality;tip:,"root:cl_outside_polar_envelope,insufficient_safe_clmax_margin",0.2653952122048409,0.2508627274352621,True,False,True,False,/Volumes/Samsung SSD/hpa-mdo/output/phase9_smooth_geometry_combo_reoptimization/avl_inputs/conservative_best_tier2/combo_0074/conservative_best_tier2_combo_0074.avl,/Volumes/Samsung SSD/hpa-mdo/output/phase9_smooth_geometry_combo_reoptimization/avl_runs/conservative_best_tier2/combo_0074
75,conservative_best_tier2,root:dae21|mid1:fx76mp140|mid2:dae31|tip:cst_tip_nsga2_g05_child_0032_70ef8136,dae21,fx76mp140,dae31,cst_tip_nsga2_g05_child_0032_70ef8136,ok,,,top_predicted_profile_proxy,0.009864912108794463,0.01744695259535568,False,False,-2.02784,1.1685305045195065,1.16853,0.0162904,0.01710492,0.7537289174167652,0.019273141098792794,0.023163020457611372,0.03945342045761137,29.61797712254054,215.2511413589856,260.72085920419767,266.1034686655792,0.04026794045761137,29.018879317892534,1.3549,1.6894,1.4286,0.5855,-2.6291020983610505,1.1372828183945607,archive_not_mission_grade_sidecar,root:full_polar_candidate_not_mission_grade;mid1:full_polar_candidate_not_mission_grade;mid2:full_polar_mission_grade_candidate;tip:full_polar_mission_grade_candidate,actual_sidecar_query_not_mission_grade_sidecar,root:actual_sidecar_query_grade;mid1:actual_sidecar_query_grade;mid2:mixed_actual_sidecar_query_quality;tip:,"mid1:cl_outside_polar_envelope,insufficient_safe_clmax_margin",0.22529335043296977,0.3110534417327671,True,False,True,False,/Volumes/Samsung SSD/hpa-mdo/output/phase9_smooth_geometry_combo_reoptimization/avl_inputs/conservative_best_tier2/combo_0075/conservative_best_tier2_combo_0075.avl,/Volumes/Samsung SSD/hpa-mdo/output/phase9_smooth_geometry_combo_reoptimization/avl_runs/conservative_best_tier2/combo_0075
76,conservative_best_tier2,root:dae21|mid1:fx76mp140|mid2:dae31|tip:cst_tip_nsga2_g05_child_0102_33bdf605,dae21,fx76mp140,dae31,cst_tip_nsga2_g05_child_0102_33bdf605,ok,,,top_predicted_profile_proxy,0.009871131480629205,0.017485299248648754,False,False,-2.19229,1.1685305045195065,1.16853,0.0158173,0.016608165,0.776273166487711,0.018262416672641966,0.022152296031460544,0.037969596031460544,30.77542630559711,207.15564805065597,250.915271379186,256.1415610119458,0.038760461031460546,30.147487244051355,1.3384,1.6737,1.4154,0.6395,-2.4266944562042423,1.126713775983767,archive_not_mission_grade_sidecar,root:full_polar_candidate_not_mission_grade;mid1:full_polar_candidate_not_mission_grade;mid2:full_polar_mission_grade_candidate;tip:full_polar_mission_grade_candidate,actual_sidecar_query_not_mission_grade_sidecar,root:actual_sidecar_query_grade;mid1:actual_sidecar_query_grade;mid2:mixed_actual_sidecar_query_quality;tip:,"mid1:cl_outside_polar_envelope,insufficient_safe_clmax_margin",0.21259258807695272,0.2659440269265391,True,False,True,False,/Volumes/Samsung SSD/hpa-mdo/output/phase9_smooth_geometry_combo_reoptimization/avl_inputs/conservative_best_tier2/combo_0076/conservative_best_tier2_combo_0076.avl,/Volumes/Samsung SSD/hpa-mdo/output/phase9_smooth_geometry_combo_reoptimization/avl_runs/conservative_best_tier2/combo_0076
77,conservative_best_tier2,root:fx76mp140|mid1:fx76mp140|mid2:dae31|tip:cst_tip_nsga2_g05_child_0032_70ef8136,fx76mp140,fx76mp140,dae31,cst_tip_nsga2_g05_child_0032_70ef8136,ok,,,top_predicted_profile_proxy,0.009882705022861104,0.01743374010132607,False,False,-4.36927,1.1685305045195065,1.16853,0.016874,0.0177177,0.7264757995311321,0.011700407607208675,0.015590286966027253,0.03246428696602725,35.99433758524661,177.1196195866177,214.5344229489071,220.1098632113532,0.033307986966027256,35.0825916231851,1.5317,1.5323,1.2054,0.3563,-0.6037364561422954,1.0315250755451553,archive_not_mission_grade_sidecar,root:full_polar_candidate_not_mission_grade;mid1:full_polar_candidate_not_mission_grade;mid2:full_polar_mission_grade_candidate;tip:full_polar_mission_grade_candidate,actual_sidecar_query_not_mission_grade_sidecar,root:actual_sidecar_query_grade;mid1:actual_sidecar_query_grade;mid2:mixed_actual_sidecar_query_quality;tip:,root:insufficient_safe_clmax_margin|mid1:insufficient_safe_clmax_margin,0.27244785794209925,0.46552987960810444,True,False,True,False,/Volumes/Samsung SSD/hpa-mdo/output/phase9_smooth_geometry_combo_reoptimization/avl_inputs/conservative_best_tier2/combo_0077/conservative_best_tier2_combo_0077.avl,/Volumes/Samsung SSD/hpa-mdo/output/phase9_smooth_geometry_combo_reoptimization/avl_runs/conservative_best_tier2/combo_0077
78,conservative_best_tier2,root:dae31|mid1:cst_mid1_nsga2_g04_child_0075_96fc4d1a|mid2:dae31|tip:cst_tip_nsga2_g05_child_0032_70ef8136,dae31,cst_mid1_nsga2_g04_child_0075_96fc4d1a,dae31,cst_tip_nsga2_g05_child_0032_70ef8136,ok,,,top_predicted_profile_proxy,0.009886455814382376,0.015162433837112773,False,False,0.26892,1.1685305045195065,1.16853,0.0129545,0.013602225,0.9487474718923323,0.009320914575026559,0.013210793933845135,0.026165293933845136,44.65955962405596,142.75338659938566,172.9086562492559,177.18903084211226,0.026813018933845134,43.58071380930968,1.3359,1.3373,1.2608,0.7838,1.6386282797093341,0.8913687841263246,archive_not_mission_grade_sidecar,root:full_polar_mission_grade_candidate;mid1:full_polar_candidate_not_mission_grade;mid2:full_polar_mission_grade_candidate;tip:full_polar_mission_grade_candidate,actual_sidecar_query_grade_sidecar,root:mixed_actual_sidecar_query_quality;mid1:;mid2:mixed_actual_sidecar_query_quality;tip:,,0.07240289756259095,0.17321195529181593,True,False,True,False,/Volumes/Samsung SSD/hpa-mdo/output/phase9_smooth_geometry_combo_reoptimization/avl_inputs/conservative_best_tier2/combo_0078/conservative_best_tier2_combo_0078.avl,/Volumes/Samsung SSD/hpa-mdo/output/phase9_smooth_geometry_combo_reoptimization/avl_runs/conservative_best_tier2/combo_0078
79,conservative_best_tier2,root:fx76mp140|mid1:fx76mp140|mid2:dae31|tip:cst_tip_nsga2_g05_child_0102_33bdf605,fx76mp140,fx76mp140,dae31,cst_tip_nsga2_g05_child_0102_33bdf605,ok,,,top_predicted_profile_proxy,0.009888924394695846,0.017472086754619143,False,False,-4.53121,1.1685305045195065,1.16853,0.0162182,0.01702911,0.7558905271488874,0.012082246872193635,0.015972126231012213,0.032190326231012215,36.300672945455965,175.62493648397285,212.72400252419192,218.08275594747053,0.03300123623101221,35.408688824250916,1.5153,1.5159,1.1921,0.4103,-0.3923042694307262,1.0204848019440715,archive_not_mission_grade_sidecar,root:full_polar_candidate_not_mission_grade;mid1:full_polar_candidate_not_mission_grade;mid2:full_polar_mission_grade_candidate;tip:full_polar_mission_grade_candidate,actual_sidecar_query_not_mission_grade_sidecar,root:actual_sidecar_query_grade;mid1:actual_sidecar_query_grade;mid2:mixed_actual_sidecar_query_quality;tip:,root:insufficient_safe_clmax_margin|mid1:insufficient_safe_clmax_margin,0.25233187434401255,0.4225120697306013,True,False,True,False,/Volumes/Samsung SSD/hpa-mdo/output/phase9_smooth_geometry_combo_reoptimization/avl_inputs/conservative_best_tier2/combo_0079/conservative_best_tier2_combo_0079.avl,/Volumes/Samsung SSD/hpa-mdo/output/phase9_smooth_geometry_combo_reoptimization/avl_runs/conservative_best_tier2/combo_0079
80,conservative_best_tier2,root:dae11|mid1:dae31|mid2:dae31|tip:cst_tip_nsga2_g05_child_0032_70ef8136,dae11,dae31,dae31,cst_tip_nsga2_g05_child_0032_70ef8136,ok,,,top_predicted_profile_proxy,0.009889713676910244,0.013419075169954792,False,False,0.52728,1.1685305045195065,1.16853,0.0128437,0.013485885,0.9570633310713188,0.009408627336965887,0.013298506695784463,0.026142206695784462,44.699000284009564,142.62742656130163,172.75608837366963,176.99985286927105,0.026784391695784462,43.62729300674837,1.3153,1.3562,1.2905,0.8095,1.4343108981405694,0.90491379970965,archive_not_mission_grade_sidecar,root:full_polar_candidate_not_mission_grade;mid1:full_polar_mission_grade_candidate;mid2:full_polar_mission_grade_candidate;tip:full_polar_mission_grade_candidate,actual_sidecar_query_grade_sidecar,root:actual_sidecar_query_grade;mid1:mixed_actual_sidecar_query_quality;mid2:mixed_actual_sidecar_query_quality;tip:,,0.06130190094311431,0.15595989366136354,True,False,True,False,/Volumes/Samsung SSD/hpa-mdo/output/phase9_smooth_geometry_combo_reoptimization/avl_inputs/conservative_best_tier2/combo_0080/conservative_best_tier2_combo_0080.avl,/Volumes/Samsung SSD/hpa-mdo/output/phase9_smooth_geometry_combo_reoptimization/avl_runs/conservative_best_tier2/combo_0080
81,conservative_best_tier2,root:dae31|mid1:cst_mid1_nsga2_g04_child_0075_96fc4d1a|mid2:dae31|tip:cst_tip_nsga2_g05_child_0102_33bdf605,dae31,cst_mid1_nsga2_g04_child_0075_96fc4d1a,dae31,cst_tip_nsga2_g05_child_0102_33bdf605,ok,,,top_predicted_profile_proxy,0.009892675186217118,0.015200780490405847,False,False,0.10279,1.1685305045195065,1.16853,0.0127198,0.013355790000000001,0.9662202116005396,0.010164890762465038,0.014054770121283616,0.026774570121283616,43.64329657679991,146.07749369144094,176.9349487541678,181.13777470238767,0.027410560121283616,42.63066859447982,1.3195,1.3211,1.2475,0.8378,1.8036925682673532,0.8804260129161503,archive_not_mission_grade_sidecar,root:full_polar_mission_grade_candidate;mid1:full_polar_candidate_not_mission_grade;mid2:full_polar_mission_grade_candidate;tip:full_polar_mission_grade_candidate,actual_sidecar_query_grade_sidecar,root:mixed_actual_sidecar_query_quality;mid1:;mid2:mixed_actual_sidecar_query_quality;tip:,,0.05224859923896396,0.12812656576171477,True,False,True,False,/Volumes/Samsung SSD/hpa-mdo/output/phase9_smooth_geometry_combo_reoptimization/avl_inputs/conservative_best_tier2/combo_0081/conservative_best_tier2_combo_0081.avl,/Volumes/Samsung SSD/hpa-mdo/output/phase9_smooth_geometry_combo_reoptimization/avl_runs/conservative_best_tier2/combo_0081
82,conservative_best_tier2,root:dae11|mid1:dae31|mid2:dae31|tip:cst_tip_nsga2_g05_child_0102_33bdf605,dae11,dae31,dae31,cst_tip_nsga2_g05_child_0102_33bdf605,ok,,,top_predicted_profile_proxy,0.009895933048744986,0.013457421823247866,False,False,0.36098,1.1685305045195065,1.16853,0.0126284,0.01325982,0.9733468213936612,0.010280497547188438,0.014170376906007014,0.026798776906007016,43.60387448344993,146.20956178540862,177.09491495325656,181.26754087540158,0.027430196906007016,42.60015006540499,1.2989,1.3402,1.2772,0.8635,1.595349228441074,0.8942379253582605,archive_not_mission_grade_sidecar,root:full_polar_candidate_not_mission_grade;mid1:full_polar_mission_grade_candidate;mid2:full_polar_mission_grade_candidate;tip:full_polar_mission_grade_candidate,actual_sidecar_query_grade_sidecar,root:actual_sidecar_query_grade;mid1:mixed_actual_sidecar_query_quality;mid2:mixed_actual_sidecar_query_quality;tip:,,0.04270015956477858,0.11086724715612206,True,False,True,False,/Volumes/Samsung SSD/hpa-mdo/output/phase9_smooth_geometry_combo_reoptimization/avl_inputs/conservative_best_tier2/combo_0082/conservative_best_tier2_combo_0082.avl,/Volumes/Samsung SSD/hpa-mdo/output/phase9_smooth_geometry_combo_reoptimization/avl_runs/conservative_best_tier2/combo_0082
83,conservative_best_tier2,root:dae31|mid1:dae31|mid2:dae31|tip:cst_tip_nsga2_g06_child_0056_b3f9b7c4,dae31,dae31,dae31,cst_tip_nsga2_g06_child_0056_b3f9b7c4,ok,,,top_predicted_profile_proxy,0.009912796942599151,0.011371496664754743,True,False,-0.23111,1.1685305045195065,1.16853,0.012501,0.01312605,0.9830641800617093,0.00950987045897662,0.013399749817795199,0.0259007498177952,45.11570177465146,141.3100789657489,171.16046386355242,175.29099478217506,0.0265257998177952,44.05260209102467,1.2907,1.2943,1.2255,0.9323,2.0573279384906464,0.8636115108127119,archive_mission_grade_sidecar,root:full_polar_mission_grade_candidate;mid1:full_polar_mission_grade_candidate;mid2:full_polar_mission_grade_candidate;tip:full_polar_mission_grade_candidate,actual_sidecar_query_grade_sidecar,root:mixed_actual_sidecar_query_quality;mid1:mixed_actual_sidecar_query_quality;mid2:mixed_actual_sidecar_query_quality;tip:,,0.029208587213611432,0.08845360496267712,True,False,True,False,/Volumes/Samsung SSD/hpa-mdo/output/phase9_smooth_geometry_combo_reoptimization/avl_inputs/conservative_best_tier2/combo_0083/conservative_best_tier2_combo_0083.avl,/Volumes/Samsung SSD/hpa-mdo/output/phase9_smooth_geometry_combo_reoptimization/avl_runs/conservative_best_tier2/combo_0083
84,conservative_best_tier2,root:dae31|mid1:dae31|mid2:dae31|tip:cst_tip_nsga2_g02_child_0093_97ccea59,dae31,dae31,dae31,cst_tip_nsga2_g02_child_0093_97ccea59,ok,,,top_predicted_profile_proxy,0.009914873547906428,0.011321745983541801,True,False,-0.02101,1.1685305045195065,1.16853,0.0126322,0.013263810000000001,0.972887270437766,0.009612735096485452,0.01350261445530403,0.02613481445530403,44.71164341028465,142.587095756465,172.70723807711363,176.8811195802114,0.02676642445530403,43.656578280404226,1.3114,1.3149,1.2423,0.8641,1.8499910882287476,0.8773566990401259,archive_mission_grade_sidecar,root:full_polar_mission_grade_candidate;mid1:full_polar_mission_grade_candidate;mid2:full_polar_mission_grade_candidate;tip:full_polar_mission_grade_candidate,actual_sidecar_query_grade_sidecar,root:mixed_actual_sidecar_query_quality;mid1:mixed_actual_sidecar_query_quality;mid2:mixed_actual_sidecar_query_quality;tip:,,0.04308498301846801,0.10621852527614695,True,False,True,False,/Volumes/Samsung SSD/hpa-mdo/output/phase9_smooth_geometry_combo_reoptimization/avl_inputs/conservative_best_tier2/combo_0084/conservative_best_tier2_combo_0084.avl,/Volumes/Samsung SSD/hpa-mdo/output/phase9_smooth_geometry_combo_reoptimization/avl_runs/conservative_best_tier2/combo_0084
85,conservative_best_tier2,root:dae31|mid1:dae31|mid2:dae21|tip:cst_tip_nsga2_g05_child_0032_70ef8136,dae31,dae31,dae21,cst_tip_nsga2_g05_child_0032_70ef8136,ok,,,top_predicted_profile_proxy,0.009920864539597283,0.01422421827637165,False,False,0.33449,1.1685305045195065,1.16853,0.0129679,0.013616295,0.9477671114543773,0.009352513809376349,0.013242393168194925,0.026210293168194926,44.582885701464356,142.99889475664367,173.20602562577963,177.49082779357474,0.026858688168194925,43.506611238863016,1.3461,1.3489,1.2475,0.7743,1.5077846363401755,0.9000429320368285,archive_not_mission_grade_sidecar,root:full_polar_mission_grade_candidate;mid1:full_polar_mission_grade_candidate;mid2:full_polar_candidate_not_mission_grade;tip:full_polar_mission_grade_candidate,actual_sidecar_query_grade_sidecar,root:mixed_actual_sidecar_query_quality;mid1:mixed_actual_sidecar_query_quality;mid2:actual_sidecar_query_grade;tip:,,0.07792300323754103,0.17361722254085787,True,False,True,False,/Volumes/Samsung SSD/hpa-mdo/output/phase9_smooth_geometry_combo_reoptimization/avl_inputs/conservative_best_tier2/combo_0085/conservative_best_tier2_combo_0085.avl,/Volumes/Samsung SSD/hpa-mdo/output/phase9_smooth_geometry_combo_reoptimization/avl_runs/conservative_best_tier2/combo_0085
86,conservative_best_tier2,root:dae31|mid1:dae31|mid2:dae21|tip:cst_tip_nsga2_g05_child_0102_33bdf605,dae31,dae31,dae21,cst_tip_nsga2_g05_child_0102_33bdf605,ok,,,top_predicted_profile_proxy,0.009927083911432025,0.014262564929664724,False,False,0.16843,1.1685305045195065,1.16853,0.0127403,0.013377315,0.964665498262721,0.010164968247167207,0.014054847605985785,0.026795147605985784,43.6097804610887,146.18976094272267,177.07093137442183,181.28053085146595,0.027432162605985785,42.59709747654126,1.3297,1.3326,1.2342,0.8283,1.6718424353338142,0.8891668850413506,archive_not_mission_grade_sidecar,root:full_polar_mission_grade_candidate;mid1:full_polar_mission_grade_candidate;mid2:full_polar_candidate_not_mission_grade;tip:full_polar_mission_grade_candidate,actual_sidecar_query_grade_sidecar,root:mixed_actual_sidecar_query_quality;mid1:mixed_actual_sidecar_query_quality;mid2:actual_sidecar_query_grade;tip:,,0.05833604777057096,0.12986423118789536,True,False,True,False,/Volumes/Samsung SSD/hpa-mdo/output/phase9_smooth_geometry_combo_reoptimization/avl_inputs/conservative_best_tier2/combo_0086/conservative_best_tier2_combo_0086.avl,/Volumes/Samsung SSD/hpa-mdo/output/phase9_smooth_geometry_combo_reoptimization/avl_runs/conservative_best_tier2/combo_0086
87,conservative_best_tier2,root:dae31|mid1:dae31|mid2:dae31|tip:dae41,dae31,dae31,dae31,dae41,ok,,,top_predicted_profile_proxy,0.009938485854860183,0.011344126492413818,True,False,-0.00962,1.1685305045195065,1.16853,0.0126425,0.013274625,0.9720946472314771,0.009619469124649161,0.013509348483467739,0.026151848483467736,44.68252044432766,142.68003051247982,172.81980439980597,176.99708918811794,0.02678397348346774,43.62797421528122,1.3126,1.316,1.2433,0.8601,1.8389197030205868,0.8780906654017839,archive_mission_grade_sidecar,root:full_polar_mission_grade_candidate;mid1:full_polar_mission_grade_candidate;mid2:full_polar_mission_grade_candidate;tip:full_polar_mission_grade_candidate,actual_sidecar_query_grade_sidecar,root:mixed_actual_sidecar_query_quality;mid1:mixed_actual_sidecar_query_quality;mid2:mixed_actual_sidecar_query_quality;tip:actual_sidecar_query_not_mission_grade,,0.04426598082848721,0.10932590803020181,True,False,True,False,/Volumes/Samsung SSD/hpa-mdo/output/phase9_smooth_geometry_combo_reoptimization/avl_inputs/conservative_best_tier2/combo_0087/conservative_best_tier2_combo_0087.avl,/Volumes/Samsung SSD/hpa-mdo/output/phase9_smooth_geometry_combo_reoptimization/avl_runs/conservative_best_tier2/combo_0087
88,conservative_best_tier2,root:cst_root_nsga2_g04_child_0066_2124fc90|mid1:dae31|mid2:dae31|tip:cst_tip_nsga2_g05_child_0032_70ef8136,cst_root_nsga2_g04_child_0066_2124fc90,dae31,dae31,cst_tip_nsga2_g05_child_0032_70ef8136,ok,,,top_predicted_profile_proxy,0.00993909398690878,0.011399164709571545,True,False,0.20288,1.1685305045195065,1.16853,0.0129815,0.013630575,0.9467579621130355,0.009425853419362732,0.013315732778181308,0.026297232778181308,44.43549305647972,143.47322245907898,173.78055045915573,178.0698462850977,0.026946307778181307,43.36514353427215,1.3386,1.3392,1.26,0.7779,1.6054141240848567,0.8935706832112986,archive_mission_grade_sidecar,root:full_polar_mission_grade_candidate;mid1:full_polar_mission_grade_candidate;mid2:full_polar_mission_grade_candidate;tip:full_polar_mission_grade_candidate,actual_sidecar_query_grade_sidecar,root:;mid1:mixed_actual_sidecar_query_quality;mid2:mixed_actual_sidecar_query_quality;tip:,,0.07500593113851146,0.17728643034399866,True,False,True,False,/Volumes/Samsung SSD/hpa-mdo/output/phase9_smooth_geometry_combo_reoptimization/avl_inputs/conservative_best_tier2/combo_0088/conservative_best_tier2_combo_0088.avl,/Volumes/Samsung SSD/hpa-mdo/output/phase9_smooth_geometry_combo_reoptimization/avl_runs/conservative_best_tier2/combo_0088
89,conservative_best_tier2,root:dae21|mid1:cst_mid1_nsga2_g04_child_0075_96fc4d1a|mid2:dae31|tip:cst_tip_nsga2_g05_child_0032_70ef8136,dae21,cst_mid1_nsga2_g04_child_0075_96fc4d1a,dae31,cst_tip_nsga2_g05_child_0032_70ef8136,ok,,,top_predicted_profile_proxy,0.0099430268015215,0.017245944762791846,False,False,0.51046,1.1685305045195065,1.16853,0.0128467,0.013489035000000002,0.9568234372548357,0.00930962624958043,0.013199505608399009,0.026046205608399008,44.863751829659805,142.10366098174626,172.12168239068103,176.3664381344031,0.02668854060839901,43.78397911168528,1.3185,1.3492,1.2834,0.8073,1.2396983640377601,0.9146849860294244,archive_not_mission_grade_sidecar,root:full_polar_candidate_not_mission_grade;mid1:full_polar_candidate_not_mission_grade;mid2:full_polar_mission_grade_candidate;tip:full_polar_mission_grade_candidate,actual_sidecar_query_grade_sidecar,root:actual_sidecar_query_grade;mid1:;mid2:mixed_actual_sidecar_query_quality;tip:,,0.06122062413982523,0.15734160960413668,True,False,True,False,/Volumes/Samsung SSD/hpa-mdo/output/phase9_smooth_geometry_combo_reoptimization/avl_inputs/conservative_best_tier2/combo_0089/conservative_best_tier2_combo_0089.avl,/Volumes/Samsung SSD/hpa-mdo/output/phase9_smooth_geometry_combo_reoptimization/avl_runs/conservative_best_tier2/combo_0089
90,conservative_best_tier2,root:cst_root_nsga2_g04_child_0066_2124fc90|mid1:dae31|mid2:dae31|tip:cst_tip_nsga2_g05_child_0102_33bdf605,cst_root_nsga2_g04_child_0066_2124fc90,dae31,dae31,cst_tip_nsga2_g05_child_0102_33bdf605,ok,,,top_predicted_profile_proxy,0.009945313358743522,0.01143751136286462,True,False,0.03678,1.1685305045195065,1.16853,0.0127409,0.013377945,0.9646035375576089,0.010270285230492617,0.014160164589311193,0.026901064589311192,43.438076609942335,146.767625961412,177.77086477884205,181.98066250551025,0.027538109589311195,42.43321426003283,1.3222,1.3228,1.2467,0.8319,1.7704784126428734,0.8826279120011244,archive_mission_grade_sidecar,root:full_polar_mission_grade_candidate;mid1:full_polar_mission_grade_candidate;mid2:full_polar_mission_grade_candidate;tip:full_polar_mission_grade_candidate,actual_sidecar_query_grade_sidecar,root:;mid1:mixed_actual_sidecar_query_quality;mid2:mixed_actual_sidecar_query_quality;tip:,,0.054788786674280734,0.1321906129905791,True,False,True,False,/Volumes/Samsung SSD/hpa-mdo/output/phase9_smooth_geometry_combo_reoptimization/avl_inputs/conservative_best_tier2/combo_0090/conservative_best_tier2_combo_0090.avl,/Volumes/Samsung SSD/hpa-mdo/output/phase9_smooth_geometry_combo_reoptimization/avl_runs/conservative_best_tier2/combo_0090
91,conservative_best_tier2,root:dae11|mid1:dae21|mid2:dae31|tip:cst_tip_nsga2_g05_child_0032_70ef8136,dae11,dae21,dae31,cst_tip_nsga2_g05_child_0032_70ef8136,ok,,,top_predicted_profile_proxy,0.00994623096978794,0.017519526740268066,False,False,0.81805,1.1685305045195065,1.16853,0.0127644,0.01340262,0.9630916926648339,0.009389093475368065,0.013278972834186643,0.026043372834186646,44.86863172290796,142.08820584819,172.10296250992005,176.3205250135331,0.026681592834186644,43.79538027513445,1.3106,1.3199,1.2734,0.8349,1.2255856671493068,0.9156562101329065,archive_not_mission_grade_sidecar,root:full_polar_candidate_not_mission_grade;mid1:full_polar_candidate_not_mission_grade;mid2:full_polar_mission_grade_candidate;tip:full_polar_mission_grade_candidate,actual_sidecar_query_grade_sidecar,root:actual_sidecar_query_grade;mid1:actual_sidecar_query_grade;mid2:mixed_actual_sidecar_query_quality;tip:,,0.051702592917386256,0.1383508820772833,True,False,True,False,/Volumes/Samsung SSD/hpa-mdo/output/phase9_smooth_geometry_combo_reoptimization/avl_inputs/conservative_best_tier2/combo_0091/conservative_best_tier2_combo_0091.avl,/Volumes/Samsung SSD/hpa-mdo/output/phase9_smooth_geometry_combo_reoptimization/avl_runs/conservative_best_tier2/combo_0091
92,conservative_best_tier2,root:dae21|mid1:cst_mid1_nsga2_g04_child_0075_96fc4d1a|mid2:dae31|tip:cst_tip_nsga2_g05_child_0102_33bdf605,dae21,cst_mid1_nsga2_g04_child_0075_96fc4d1a,dae31,cst_tip_nsga2_g05_child_0102_33bdf605,ok,,,top_predicted_profile_proxy,0.009949246173356243,0.01728429141608492,False,False,0.34417,1.1685305045195065,1.16853,0.012631,0.01326255,0.9731464649899225,0.010199785062067455,0.014089664420886033,0.026720664420886032,43.73134163558194,145.78339337259018,176.5787225927691,180.75220759661866,0.027352214420886034,42.72160515191127,1.3021,1.3331,1.2702,0.8613,1.405018527588206,0.9033077893886337,archive_not_mission_grade_sidecar,root:full_polar_candidate_not_mission_grade;mid1:full_polar_candidate_not_mission_grade;mid2:full_polar_mission_grade_candidate;tip:full_polar_mission_grade_candidate,actual_sidecar_query_grade_sidecar,root:actual_sidecar_query_grade;mid1:;mid2:mixed_actual_sidecar_query_quality;tip:,,0.04182087417755299,0.11230576289483518,True,False,True,False,/Volumes/Samsung SSD/hpa-mdo/output/phase9_smooth_geometry_combo_reoptimization/avl_inputs/conservative_best_tier2/combo_0092/conservative_best_tier2_combo_0092.avl,/Volumes/Samsung SSD/hpa-mdo/output/phase9_smooth_geometry_combo_reoptimization/avl_runs/conservative_best_tier2/combo_0092
93,conservative_best_tier2,root:dae11|mid1:dae21|mid2:dae31|tip:cst_tip_nsga2_g05_child_0102_33bdf605,dae11,dae21,dae31,cst_tip_nsga2_g05_child_0102_33bdf605,ok,,,top_predicted_profile_proxy,0.009952450341622681,0.01755787339356114,False,False,0.65159,1.1685305045195065,1.16853,0.0125786,0.01320753,0.9772841395551034,0.010312010316965716,0.014201889675784292,0.026780489675784294,43.63364967057066,146.1097897724354,176.97406706932583,181.13023827266852,0.027409419675784294,42.63244236257513,1.2942,1.3037,1.2602,0.8888,1.3888897311442594,0.9044177597926133,archive_not_mission_grade_sidecar,root:full_polar_candidate_not_mission_grade;mid1:full_polar_candidate_not_mission_grade;mid2:full_polar_mission_grade_candidate;tip:full_polar_mission_grade_candidate,actual_sidecar_query_grade_sidecar,root:actual_sidecar_query_grade;mid1:actual_sidecar_query_grade;mid2:mixed_actual_sidecar_query_quality;tip:,,0.033867244561849676,0.09333104411304882,True,False,True,False,/Volumes/Samsung SSD/hpa-mdo/output/phase9_smooth_geometry_combo_reoptimization/avl_inputs/conservative_best_tier2/combo_0093/conservative_best_tier2_combo_0093.avl,/Volumes/Samsung SSD/hpa-mdo/output/phase9_smooth_geometry_combo_reoptimization/avl_runs/conservative_best_tier2/combo_0093
94,conservative_best_tier2,root:dae31|mid1:dae31|mid2:dae31|tip:clarkysm,dae31,dae31,dae31,clarkysm,ok,,,top_predicted_profile_proxy,0.00995701461843833,0.011403972336074214,True,False,-0.15222,1.1685305045195065,1.16853,0.0125323,0.013158915,0.9806089317165586,0.009566994299848888,0.013456873658667465,0.025989173658667465,44.962203102975465,141.7925043790676,171.74479697076987,175.885669911451,0.026615788658667466,43.903658820907154,1.2985,1.3021,1.232,0.9063,1.9788217524691505,0.8688159995590143,archive_mission_grade_sidecar,root:full_polar_mission_grade_candidate;mid1:full_polar_mission_grade_candidate;mid2:full_polar_mission_grade_candidate;tip:full_polar_mission_grade_candidate,actual_sidecar_query_grade_sidecar,root:mixed_actual_sidecar_query_quality;mid1:mixed_actual_sidecar_query_quality;mid2:mixed_actual_sidecar_query_quality;tip:actual_sidecar_query_grade,,0.031983561350967894,0.07415619251880234,True,False,False,False,/Volumes/Samsung SSD/hpa-mdo/output/phase9_smooth_geometry_combo_reoptimization/avl_inputs/conservative_best_tier2/combo_0094/conservative_best_tier2_combo_0094.avl,/Volumes/Samsung SSD/hpa-mdo/output/phase9_smooth_geometry_combo_reoptimization/avl_runs/conservative_best_tier2/combo_0094
95,conservative_best_tier2,root:fx76mp140|mid1:cst_mid1_nsga2_g04_child_0075_96fc4d1a|mid2:dae31|tip:cst_tip_nsga2_g05_child_0032_70ef8136,fx76mp140,cst_mid1_nsga2_g04_child_0075_96fc4d1a,dae31,cst_tip_nsga2_g05_child_0032_70ef8136,ok,,,top_predicted_profile_proxy,0.009960819715588142,0.017232732268762235,False,False,-1.82529,1.1685305045195065,1.16853,0.0164216,0.017242680000000003,0.7473480790268218,0.02254654799006934,0.026436427348887917,0.04285802734888792,27.26514907013861,233.82609660306414,283.2195937537114,288.64555379956806,0.04367910734888792,26.752618710493348,1.7129,1.378,1.0633,0.5796,-2.9320689512709226,1.1531027226400161,archive_not_mission_grade_sidecar,root:full_polar_candidate_not_mission_grade;mid1:full_polar_candidate_not_mission_grade;mid2:full_polar_mission_grade_candidate;tip:full_polar_mission_grade_candidate,actual_sidecar_query_not_mission_grade_sidecar,root:actual_sidecar_query_grade;mid1:;mid2:mixed_actual_sidecar_query_quality;tip:,"root:cl_outside_polar_envelope,insufficient_safe_clmax_margin",0.27054364646831547,0.3109767049789214,True,False,True,False,/Volumes/Samsung SSD/hpa-mdo/output/phase9_smooth_geometry_combo_reoptimization/avl_inputs/conservative_best_tier2/combo_0095/conservative_best_tier2_combo_0095.avl,/Volumes/Samsung SSD/hpa-mdo/output/phase9_smooth_geometry_combo_reoptimization/avl_runs/conservative_best_tier2/combo_0095
96,conservative_best_tier2,root:fx76mp140|mid1:cst_mid1_nsga2_g04_child_0075_96fc4d1a|mid2:dae31|tip:cst_tip_nsga2_g05_child_0102_33bdf605,fx76mp140,cst_mid1_nsga2_g04_child_0075_96fc4d1a,dae31,cst_tip_nsga2_g05_child_0102_33bdf605,ok,,,top_predicted_profile_proxy,0.009967039087422884,0.01727107892205531,False,False,-1.98989,1.1685305045195065,1.16853,0.0160222,0.01682331,0.7659779065638213,0.02261444209260856,0.02650432145142714,0.04252652145142714,27.47768838451027,232.01745689659478,281.02889643482894,286.322888314227,0.04332763145142714,26.969637281684758,1.6963,1.3616,1.05,0.6336,-2.7180583232579902,1.141927811555992,archive_not_mission_grade_sidecar,root:full_polar_candidate_not_mission_grade;mid1:full_polar_candidate_not_mission_grade;mid2:full_polar_mission_grade_candidate;tip:full_polar_mission_grade_candidate,actual_sidecar_query_not_mission_grade_sidecar,root:actual_sidecar_query_grade;mid1:;mid2:mixed_actual_sidecar_query_quality;tip:,"root:cl_outside_polar_envelope,insufficient_safe_clmax_margin",0.25737660378218813,0.26680157694616374,True,False,True,False,/Volumes/Samsung SSD/hpa-mdo/output/phase9_smooth_geometry_combo_reoptimization/avl_inputs/conservative_best_tier2/combo_0096/conservative_best_tier2_combo_0096.avl,/Volumes/Samsung SSD/hpa-mdo/output/phase9_smooth_geometry_combo_reoptimization/avl_runs/conservative_best_tier2/combo_0096
97,conservative_best_tier2,root:dae31|mid1:dae21|mid2:dae31|tip:cst_tip_nsga2_g06_child_0056_b3f9b7c4,dae31,dae21,dae31,cst_tip_nsga2_g06_child_0056_b3f9b7c4,ok,,,top_predicted_profile_proxy,0.009969314235476848,0.015471948235068015,False,False,0.05925,1.1685305045195065,1.16853,0.0125471,0.013174455000000002,0.9795361864630369,0.009657969140394141,0.013547848499212718,0.02609494849921272,44.77995059291881,142.36959389096157,172.4437910500988,176.589554148175,0.02672230349921272,43.72865926599229,1.2985,1.2765,1.2084,0.9577,1.6630792706913415,0.8855482629249602,archive_not_mission_grade_sidecar,root:full_polar_mission_grade_candidate;mid1:full_polar_candidate_not_mission_grade;mid2:full_polar_mission_grade_candidate;tip:full_polar_mission_grade_candidate,actual_sidecar_query_grade_sidecar,root:mixed_actual_sidecar_query_quality;mid1:actual_sidecar_query_grade;mid2:mixed_actual_sidecar_query_quality;tip:,,0.039582833597566834,0.09963573066647369,True,False,True,False,/Volumes/Samsung SSD/hpa-mdo/output/phase9_smooth_geometry_combo_reoptimization/avl_inputs/conservative_best_tier2/combo_0097/conservative_best_tier2_combo_0097.avl,/Volumes/Samsung SSD/hpa-mdo/output/phase9_smooth_geometry_combo_reoptimization/avl_runs/conservative_best_tier2/combo_0097
98,conservative_best_tier2,root:dae21|mid1:dae31|mid2:dae31|tip:cst_tip_nsga2_g06_child_0056_b3f9b7c4,dae21,dae31,dae31,cst_tip_nsga2_g06_child_0056_b3f9b7c4,ok,,,top_predicted_profile_proxy,0.009969367929738277,0.013455007590433814,False,False,0.00994,1.1685305045195065,1.16853,0.0124497,0.013072185,0.98723340850728,0.009621604307343132,0.01351148366616171,0.025961183666161708,45.01067900238274,141.63979574788652,171.5598301209866,175.67341069674666,0.02658366866616171,43.9567058705831,1.2732,1.3077,1.2481,0.9558,1.6963449133569788,0.8832589489667525,archive_not_mission_grade_sidecar,root:full_polar_candidate_not_mission_grade;mid1:full_polar_mission_grade_candidate;mid2:full_polar_mission_grade_candidate;tip:full_polar_mission_grade_candidate,actual_sidecar_query_grade_sidecar,root:actual_sidecar_query_grade;mid1:mixed_actual_sidecar_query_quality;mid2:mixed_actual_sidecar_query_quality;tip:,,0.029018428367141722,0.0981365002018793,True,False,True,False,/Volumes/Samsung SSD/hpa-mdo/output/phase9_smooth_geometry_combo_reoptimization/avl_inputs/conservative_best_tier2/combo_0098/conservative_best_tier2_combo_0098.avl,/Volumes/Samsung SSD/hpa-mdo/output/phase9_smooth_geometry_combo_reoptimization/avl_runs/conservative_best_tier2/combo_0098
99,conservative_best_tier2,root:dae31|mid1:dae21|mid2:dae31|tip:cst_tip_nsga2_g02_child_0093_97ccea59,dae31,dae21,dae31,cst_tip_nsga2_g02_child_0093_97ccea59,ok,,,top_predicted_profile_proxy,0.009971390840784125,0.015422197553855073,False,False,0.26958,1.1685305045195065,1.16853,0.0126409,0.013272945000000001,0.9723010043504089,0.009723112613361973,0.01361299197218055,0.02625389197218055,44.50884865976131,143.23676240438982,173.4941405091931,177.67089663184066,0.02688593697218055,43.462517439083854,1.3193,1.2972,1.2253,0.8894,1.4544129666977916,0.899908505026446,archive_not_mission_grade_sidecar,root:full_polar_mission_grade_candidate;mid1:full_polar_candidate_not_mission_grade;mid2:full_polar_mission_grade_candidate;tip:full_polar_mission_grade_candidate,actual_sidecar_query_grade_sidecar,root:mixed_actual_sidecar_query_quality;mid1:actual_sidecar_query_grade;mid2:mixed_actual_sidecar_query_quality;tip:,,0.04532209087478293,0.08862797601432515,True,False,True,False,/Volumes/Samsung SSD/hpa-mdo/output/phase9_smooth_geometry_combo_reoptimization/avl_inputs/conservative_best_tier2/combo_0099/conservative_best_tier2_combo_0099.avl,/Volumes/Samsung SSD/hpa-mdo/output/phase9_smooth_geometry_combo_reoptimization/avl_runs/conservative_best_tier2/combo_0099
100,conservative_best_tier2,root:dae21|mid1:dae31|mid2:dae31|tip:cst_tip_nsga2_g02_child_0093_97ccea59,dae21,dae31,dae31,cst_tip_nsga2_g02_child_0093_97ccea59,ok,,,top_predicted_profile_proxy,0.009971444535045554,0.013405256909220873,False,False,0.22024,1.1685305045195065,1.16853,0.0125568,0.013184640000000001,0.9788466053322405,0.009685571592727966,0.013575450951546542,0.026132250951546542,44.71602950263078,142.5731097166419,172.69029762190155,176.83926575556774,0.026760090951546543,43.66691079769943,1.294,1.328,1.265,0.8875,1.4866705595856824,0.897688564218487,archive_not_mission_grade_sidecar,root:full_polar_candidate_not_mission_grade;mid1:full_polar_mission_grade_candidate;mid2:full_polar_mission_grade_candidate;tip:full_polar_mission_grade_candidate,actual_sidecar_query_grade_sidecar,root:actual_sidecar_query_grade;mid1:mixed_actual_sidecar_query_quality;mid2:mixed_actual_sidecar_query_quality;tip:,,0.034612168740192545,0.09020070869227481,True,False,True,False,/Volumes/Samsung SSD/hpa-mdo/output/phase9_smooth_geometry_combo_reoptimization/avl_inputs/conservative_best_tier2/combo_0100/conservative_best_tier2_combo_0100.avl,/Volumes/Samsung SSD/hpa-mdo/output/phase9_smooth_geometry_combo_reoptimization/avl_runs/conservative_best_tier2/combo_0100
101,conservative_best_tier2,root:dae31|mid1:dae31|mid2:dae31|tip:cst_tip_nsga2_g06_child_0069_48b22f3d,dae31,dae31,dae31,cst_tip_nsga2_g06_child_0069_48b22f3d,ok,,,top_predicted_profile_proxy,0.009971486633387636,0.011381794718539685,True,False,0.05872,1.1685305045195065,1.16853,0.0127165,0.013352325000000002,0.9664543869514204,0.009692239572924677,0.013582118931743253,0.026298618931743255,44.43315094044934,143.48078507678989,173.7897106065769,177.9914461818641,0.026934443931743254,43.3842446304358,1.3193,1.3227,1.2487,0.8381,1.7714849022072516,0.8825611877864282,archive_mission_grade_sidecar,root:full_polar_mission_grade_candidate;mid1:full_polar_mission_grade_candidate;mid2:full_polar_mission_grade_candidate;tip:full_polar_mission_grade_candidate,actual_sidecar_query_grade_sidecar,root:mixed_actual_sidecar_query_quality;mid1:mixed_actual_sidecar_query_quality;mid2:mixed_actual_sidecar_query_quality;tip:,,0.051803835693495545,0.12772834423080792,True,False,True,False,/Volumes/Samsung SSD/hpa-mdo/output/phase9_smooth_geometry_combo_reoptimization/avl_inputs/conservative_best_tier2/combo_0101/conservative_best_tier2_combo_0101.avl,/Volumes/Samsung SSD/hpa-mdo/output/phase9_smooth_geometry_combo_reoptimization/avl_runs/conservative_best_tier2/combo_0101
102,conservative_best_tier2,root:dae31|mid1:dae31|mid2:cst_mid2_seedless_sobol_0377_ed2a45eb|tip:cst_tip_nsga2_g05_child_0032_70ef8136,dae31,dae31,cst_mid2_seedless_sobol_0377_ed2a45eb,cst_tip_nsga2_g05_child_0032_70ef8136,ok,,,top_predicted_profile_proxy,0.009976018579598872,0.011635709596611603,True,False,0.48668,1.1685305045195065,1.16853,0.0130278,0.01367919,0.9434417483352501,0.009346961444434223,0.0132368408032528,0.026264640803252803,44.49063336799136,143.29540619571998,173.56517223318795,177.86976632179145,0.0269160308032528,43.41392358557896,1.3603,1.3623,1.2246,0.763,1.3729150347135022,0.9089839768061172,archive_mission_grade_sidecar,root:full_polar_mission_grade_candidate;mid1:full_polar_mission_grade_candidate;mid2:full_polar_mission_grade_candidate;tip:full_polar_mission_grade_candidate,actual_sidecar_query_grade_sidecar,root:mixed_actual_sidecar_query_quality;mid1:mixed_actual_sidecar_query_quality;mid2:;tip:,,0.08804318836486831,0.17496801881926938,True,False,True,False,/Volumes/Samsung SSD/hpa-mdo/output/phase9_smooth_geometry_combo_reoptimization/avl_inputs/conservative_best_tier2/combo_0102/conservative_best_tier2_combo_0102.avl,/Volumes/Samsung SSD/hpa-mdo/output/phase9_smooth_geometry_combo_reoptimization/avl_runs/conservative_best_tier2/combo_0102
103,conservative_best_tier2,root:dae31|mid1:dae21|mid2:dae21|tip:cst_tip_nsga2_g05_child_0032_70ef8136,dae31,dae21,dae21,cst_tip_nsga2_g05_child_0032_70ef8136,ok,,,top_predicted_profile_proxy,0.00997738183247498,0.018324669846684925,False,False,0.62526,1.1685305045195065,1.16853,0.0129217,0.013567785,0.9512535501743355,0.009411595563138545,0.013301474921957122,0.026223174921957124,44.56098500647515,143.06917541083936,173.29115238716008,177.56068933389764,0.02686925992195712,43.48949349232363,1.3542,1.3315,1.2305,0.7997,1.1086518929307003,0.9237034955617583,archive_not_mission_grade_sidecar,root:full_polar_mission_grade_candidate;mid1:full_polar_candidate_not_mission_grade;mid2:full_polar_candidate_not_mission_grade;tip:full_polar_mission_grade_candidate,actual_sidecar_query_grade_sidecar,root:mixed_actual_sidecar_query_quality;mid1:actual_sidecar_query_grade;mid2:actual_sidecar_query_grade;tip:,,0.07471417798218498,0.15607127669479665,True,False,True,False,/Volumes/Samsung SSD/hpa-mdo/output/phase9_smooth_geometry_combo_reoptimization/avl_inputs/conservative_best_tier2/combo_0103/conservative_best_tier2_combo_0103.avl,/Volumes/Samsung SSD/hpa-mdo/output/phase9_smooth_geometry_combo_reoptimization/avl_runs/conservative_best_tier2/combo_0103
104,conservative_best_tier2,root:dae21|mid1:dae31|mid2:dae21|tip:cst_tip_nsga2_g05_child_0032_70ef8136,dae21,dae31,dae21,cst_tip_nsga2_g05_child_0032_70ef8136,ok,,,top_predicted_profile_proxy,0.009977435526736408,0.016307729202050723,False,False,0.57605,1.1685305045195065,1.16853,0.0128534,0.013496069999999999,0.9563410696999002,0.009351686480050102,0.01324156583886868,0.02609496583886868,44.779920837411865,142.3696884931708,172.44390563610804,176.69087516729948,0.02673763583886868,43.70358365120696,1.3286,1.3612,1.2701,0.7978,1.1378853364853514,0.9216916742045455,archive_not_mission_grade_sidecar,root:full_polar_candidate_not_mission_grade;mid1:full_polar_mission_grade_candidate;mid2:full_polar_candidate_not_mission_grade;tip:full_polar_mission_grade_candidate,actual_sidecar_query_grade_sidecar,root:actual_sidecar_query_grade;mid1:mixed_actual_sidecar_query_quality;mid2:actual_sidecar_query_grade;tip:,,0.06543332120769471,0.1577458096258345,True,False,True,False,/Volumes/Samsung SSD/hpa-mdo/output/phase9_smooth_geometry_combo_reoptimization/avl_inputs/conservative_best_tier2/combo_0104/conservative_best_tier2_combo_0104.avl,/Volumes/Samsung SSD/hpa-mdo/output/phase9_smooth_geometry_combo_reoptimization/avl_runs/conservative_best_tier2/combo_0104
105,conservative_best_tier2,root:dae31|mid1:dae31|mid2:cst_mid2_seedless_sobol_0377_ed2a45eb|tip:cst_tip_nsga2_g05_child_0102_33bdf605,dae31,dae31,cst_mid2_seedless_sobol_0377_ed2a45eb,cst_tip_nsga2_g05_child_0102_33bdf605,ok,,,top_predicted_profile_proxy,0.009982237951433614,0.011674056249904677,True,False,0.32055,1.1685305045195065,1.16853,0.0128148,0.01345554,0.9591066396582922,0.010147270669121267,0.014037150027939843,0.026851950027939844,43.51752864516855,146.49966528094606,177.44630000114591,181.68051547318544,0.027492690027939845,42.50331645728266,1.3439,1.3461,1.2113,0.817,1.535966344142763,0.8981746540253354,archive_mission_grade_sidecar,root:full_polar_mission_grade_candidate;mid1:full_polar_mission_grade_candidate;mid2:full_polar_mission_grade_candidate;tip:full_polar_mission_grade_candidate,actual_sidecar_query_grade_sidecar,root:mixed_actual_sidecar_query_quality;mid1:mixed_actual_sidecar_query_quality;mid2:;tip:,,0.0700898044683395,0.1367737365357531,True,False,True,False,/Volumes/Samsung SSD/hpa-mdo/output/phase9_smooth_geometry_combo_reoptimization/avl_inputs/conservative_best_tier2/combo_0105/conservative_best_tier2_combo_0105.avl,/Volumes/Samsung SSD/hpa-mdo/output/phase9_smooth_geometry_combo_reoptimization/avl_runs/conservative_best_tier2/combo_0105
106,conservative_best_tier2,root:dae31|mid1:dae21|mid2:dae21|tip:cst_tip_nsga2_g05_child_0102_33bdf605,dae31,dae21,dae21,cst_tip_nsga2_g05_child_0102_33bdf605,ok,,,top_predicted_profile_proxy,0.009983601204309722,0.018363016499978,False,False,0.45903,1.1685305045195065,1.16853,0.0127235,0.013359675000000001,0.9660385664726533,0.010267765041529871,0.01415764440034845,0.02688114440034845,43.470266262338114,146.6589448037181,177.6392257796973,181.84327426726594,0.02751731940034845,42.4652738705613,1.3378,1.3152,1.2173,0.8536,1.2729640067033996,0.9123956720712164,archive_not_mission_grade_sidecar,root:full_polar_mission_grade_candidate;mid1:full_polar_candidate_not_mission_grade;mid2:full_polar_candidate_not_mission_grade;tip:full_polar_mission_grade_candidate,actual_sidecar_query_grade_sidecar,root:mixed_actual_sidecar_query_quality;mid1:actual_sidecar_query_grade;mid2:actual_sidecar_query_grade;tip:,,0.057638361178181545,0.11221067377963356,True,False,True,False,/Volumes/Samsung SSD/hpa-mdo/output/phase9_smooth_geometry_combo_reoptimization/avl_inputs/conservative_best_tier2/combo_0106/conservative_best_tier2_combo_0106.avl,/Volumes/Samsung SSD/hpa-mdo/output/phase9_smooth_geometry_combo_reoptimization/avl_runs/conservative_best_tier2/combo_0106
107,conservative_best_tier2,root:dae21|mid1:dae31|mid2:dae21|tip:cst_tip_nsga2_g05_child_0102_33bdf605,dae21,dae31,dae21,cst_tip_nsga2_g05_child_0102_33bdf605,ok,,,top_predicted_profile_proxy,0.00998365489857115,0.016346075855343797,False,False,0.40984,1.1685305045195065,1.16853,0.0126447,0.013276935,0.972092101772894,0.010210337384942939,0.014100216743761516,0.026744916743761518,43.69168600205406,145.9157099149585,176.73898972257572,180.91700142617609,0.027377151743761517,42.68269086048302,1.3122,1.3452,1.2568,0.8517,1.3032055000357972,0.9103144775637547,archive_not_mission_grade_sidecar,root:full_polar_candidate_not_mission_grade;mid1:full_polar_mission_grade_candidate;mid2:full_polar_candidate_not_mission_grade;tip:full_polar_mission_grade_candidate,actual_sidecar_query_grade_sidecar,root:actual_sidecar_query_grade;mid1:mixed_actual_sidecar_query_quality;mid2:actual_sidecar_query_grade;tip:,,0.04609098285814597,0.11360687342103959,True,False,True,False,/Volumes/Samsung SSD/hpa-mdo/output/phase9_smooth_geometry_combo_reoptimization/avl_inputs/conservative_best_tier2/combo_0107/conservative_best_tier2_combo_0107.avl,/Volumes/Samsung SSD/hpa-mdo/output/phase9_smooth_geometry_combo_reoptimization/avl_runs/conservative_best_tier2/combo_0107
108,conservative_best_tier2,root:fx76mp140|mid1:dae31|mid2:dae31|tip:cst_tip_nsga2_g06_child_0056_b3f9b7c4,fx76mp140,dae31,dae31,cst_tip_nsga2_g06_child_0056_b3f9b7c4,ok,,,top_predicted_profile_proxy,0.009987160843804918,0.013441795096404204,False,False,-2.31627,1.1685305045195065,1.16853,0.0154736,0.016247280000000003,0.7930940286594812,0.016735915422885557,0.020625794781704135,0.03609939478170414,32.36980873462566,196.95214860974997,238.55638155250722,243.66910719224802,0.03687307478170414,31.690617379685236,1.6642,1.3324,1.0284,0.7287,-2.304218494389613,1.120318495544115,archive_not_mission_grade_sidecar,root:full_polar_candidate_not_mission_grade;mid1:full_polar_mission_grade_candidate;mid2:full_polar_mission_grade_candidate;tip:full_polar_mission_grade_candidate,actual_sidecar_query_not_mission_grade_sidecar,root:actual_sidecar_query_grade;mid1:mixed_actual_sidecar_query_quality;mid2:mixed_actual_sidecar_query_quality;tip:,root:insufficient_safe_clmax_margin,0.2363431964065294,0.19900843614817798,True,False,True,False,/Volumes/Samsung SSD/hpa-mdo/output/phase9_smooth_geometry_combo_reoptimization/avl_inputs/conservative_best_tier2/combo_0108/conservative_best_tier2_combo_0108.avl,/Volumes/Samsung SSD/hpa-mdo/output/phase9_smooth_geometry_combo_reoptimization/avl_runs/conservative_best_tier2/combo_0108
109,conservative_best_tier2,root:fx76mp140|mid1:dae31|mid2:dae31|tip:cst_tip_nsga2_g02_child_0093_97ccea59,fx76mp140,dae31,dae31,cst_tip_nsga2_g02_child_0093_97ccea59,ok,,,top_predicted_profile_proxy,0.009989237449112195,0.013392044415191262,False,False,-2.10814,1.1685305045195065,1.16853,0.0158135,0.016604175000000002,0.7760603436486226,0.02019066349077758,0.024080542849596157,0.03989404284959616,29.29085199324027,217.65510207222596,263.6326333239171,268.85766737572413,0.04068471784959616,28.7216076768517,1.6851,1.3532,1.0452,0.6604,-2.5736656103817976,1.1343881125113497,archive_not_mission_grade_sidecar,root:full_polar_candidate_not_mission_grade;mid1:full_polar_mission_grade_candidate;mid2:full_polar_mission_grade_candidate;tip:full_polar_mission_grade_candidate,actual_sidecar_query_not_mission_grade_sidecar,root:actual_sidecar_query_grade;mid1:mixed_actual_sidecar_query_quality;mid2:mixed_actual_sidecar_query_quality;tip:,"root:cl_outside_polar_envelope,insufficient_safe_clmax_margin",0.2499450605583723,0.2468372871189256,True,False,True,False,/Volumes/Samsung SSD/hpa-mdo/output/phase9_smooth_geometry_combo_reoptimization/avl_inputs/conservative_best_tier2/combo_0109/conservative_best_tier2_combo_0109.avl,/Volumes/Samsung SSD/hpa-mdo/output/phase9_smooth_geometry_combo_reoptimization/avl_runs/conservative_best_tier2/combo_0109
110,conservative_best_tier2,root:dae31|mid1:dae31|mid2:dae31|tip:cst_tip_nsga2_g02_child_0073_ab290648,dae31,dae31,dae31,cst_tip_nsga2_g02_child_0073_ab290648,ok,,,top_predicted_profile_proxy,0.009993154083559275,0.011399662901049913,True,False,-0.0151,1.1685305045195065,1.16853,0.0126383,0.013270215,0.9724176968123837,0.009712390117057027,0.013602269475875603,0.0262405694758756,44.531446072228,143.16407713395876,173.4061011796981,177.5819982206412,0.026872484475875605,43.48427498650295,1.312,1.3155,1.2428,0.862,1.8439521508424794,0.8777570443283029,archive_mission_grade_sidecar,root:full_polar_mission_grade_candidate;mid1:full_polar_mission_grade_candidate;mid2:full_polar_mission_grade_candidate;tip:full_polar_mission_grade_candidate,actual_sidecar_query_grade_sidecar,root:mixed_actual_sidecar_query_quality;mid1:mixed_actual_sidecar_query_quality;mid2:mixed_actual_sidecar_query_quality;tip:,,0.043722479512157866,0.1078638314459548,True,False,True,False,/Volumes/Samsung SSD/hpa-mdo/output/phase9_smooth_geometry_combo_reoptimization/avl_inputs/conservative_best_tier2/combo_0110/conservative_best_tier2_combo_0110.avl,/Volumes/Samsung SSD/hpa-mdo/output/phase9_smooth_geometry_combo_reoptimization/avl_runs/conservative_best_tier2/combo_0110
111,conservative_best_tier2,root:dae31|mid1:dae21|mid2:dae31|tip:dae41,dae31,dae21,dae31,dae41,ok,,,top_predicted_profile_proxy,0.00999500314773788,0.01544457806272709,False,False,0.28098,1.1685305045195065,1.16853,0.0126491,0.013281555,0.9716706932424508,0.009736741656147694,0.01362662101496627,0.02627572101496627,44.471872107864456,143.35585794337985,173.63839382676824,177.8178593609455,0.02690817601496627,43.426596580517845,1.3205,1.2983,1.2263,0.8855,1.4433244191425778,0.9006716096791821,archive_not_mission_grade_sidecar,root:full_polar_mission_grade_candidate;mid1:full_polar_candidate_not_mission_grade;mid2:full_polar_mission_grade_candidate;tip:full_polar_mission_grade_candidate,actual_sidecar_query_grade_sidecar,root:mixed_actual_sidecar_query_quality;mid1:actual_sidecar_query_grade;mid2:mixed_actual_sidecar_query_quality;tip:actual_sidecar_query_not_mission_grade,,0.04613792513435192,0.09168033023252231,True,False,True,False,/Volumes/Samsung SSD/hpa-mdo/output/phase9_smooth_geometry_combo_reoptimization/avl_inputs/conservative_best_tier2/combo_0111/conservative_best_tier2_combo_0111.avl,/Volumes/Samsung SSD/hpa-mdo/output/phase9_smooth_geometry_combo_reoptimization/avl_runs/conservative_best_tier2/combo_0111
112,conservative_best_tier2,root:dae21|mid1:dae31|mid2:dae31|tip:dae41,dae21,dae31,dae31,dae41,ok,,,top_predicted_profile_proxy,0.00999505684199931,0.01342763741809289,False,False,0.23164,1.1685305045195065,1.16853,0.0125658,0.01319409,0.9781455262566552,0.009698141347111878,0.013588020705930456,0.026153820705930454,44.67915099894138,142.69079062227993,172.83283747853673,176.98477935656484,0.026782110705930458,43.63100867403833,1.2951,1.3291,1.266,0.8836,1.4755820120304706,0.8984516688712229,archive_not_mission_grade_sidecar,root:full_polar_candidate_not_mission_grade;mid1:full_polar_mission_grade_candidate;mid2:full_polar_mission_grade_candidate;tip:full_polar_mission_grade_candidate,actual_sidecar_query_grade_sidecar,root:actual_sidecar_query_grade;mid1:mixed_actual_sidecar_query_quality;mid2:mixed_actual_sidecar_query_quality;tip:actual_sidecar_query_not_mission_grade,,0.035584666847107205,0.09340661699539787,True,False,True,False,/Volumes/Samsung SSD/hpa-mdo/output/phase9_smooth_geometry_combo_reoptimization/avl_inputs/conservative_best_tier2/combo_0112/conservative_best_tier2_combo_0112.avl,/Volumes/Samsung SSD/hpa-mdo/output/phase9_smooth_geometry_combo_reoptimization/avl_runs/conservative_best_tier2/combo_0112
113,conservative_best_tier2,root:fx76mp140|mid1:dae31|mid2:dae21|tip:cst_tip_nsga2_g05_child_0032_70ef8136,fx76mp140,dae31,dae21,cst_tip_nsga2_g05_child_0032_70ef8136,ok,,,top_predicted_profile_proxy,0.009995228440803049,0.016294516708021112,False,False,-1.75587,1.1685305045195065,1.16853,0.016489,0.01731345,0.7443060041472538,0.02251125488489474,0.026401134243713317,0.04289013424371332,27.24473879889489,234.00126635201113,283.4317664147422,288.8799965017088,0.043714584243713314,26.730907424506853,1.7203,1.3876,1.0504,0.5705,-3.027471279421263,1.1580843095087976,archive_not_mission_grade_sidecar,root:full_polar_candidate_not_mission_grade;mid1:full_polar_mission_grade_candidate;mid2:full_polar_candidate_not_mission_grade;tip:full_polar_mission_grade_candidate,actual_sidecar_query_not_mission_grade_sidecar,root:actual_sidecar_query_grade;mid1:mixed_actual_sidecar_query_quality;mid2:actual_sidecar_query_grade;tip:,"root:cl_outside_polar_envelope,insufficient_safe_clmax_margin",0.2766054866513254,0.3116601211600938,True,False,True,False,/Volumes/Samsung SSD/hpa-mdo/output/phase9_smooth_geometry_combo_reoptimization/avl_inputs/conservative_best_tier2/combo_0113/conservative_best_tier2_combo_0113.avl,/Volumes/Samsung SSD/hpa-mdo/output/phase9_smooth_geometry_combo_reoptimization/avl_runs/conservative_best_tier2/combo_0113
114,conservative_best_tier2,root:cst_root_nsga2_g04_child_0066_2124fc90|mid1:dae21|mid2:dae31|tip:cst_tip_nsga2_g05_child_0032_70ef8136,cst_root_nsga2_g04_child_0066_2124fc90,dae21,dae31,cst_tip_nsga2_g05_child_0032_70ef8136,ok,,,top_predicted_profile_proxy,0.009995611279786477,0.01549961627988482,False,False,0.49382,1.1685305045195065,1.16853,0.0129504,0.013597920000000001,0.9491129000273971,0.009462893318539778,0.013352772677358356,0.026303172677358357,44.425458436250615,143.50562953716215,173.8198032184619,178.09882310555338,0.026950692677358355,43.35808799085913,1.35,1.3223,1.243,0.8033,1.2013924724833884,0.9173211657388759,archive_not_mission_grade_sidecar,root:full_polar_mission_grade_candidate;mid1:full_polar_candidate_not_mission_grade;mid2:full_polar_mission_grade_candidate;tip:full_polar_mission_grade_candidate,actual_sidecar_query_grade_sidecar,root:;mid1:actual_sidecar_query_grade;mid2:mixed_actual_sidecar_query_quality;tip:,,0.0726540374917708,0.15968268558293564,True,False,True,False,/Volumes/Samsung SSD/hpa-mdo/output/phase9_smooth_geometry_combo_reoptimization/avl_inputs/conservative_best_tier2/combo_0114/conservative_best_tier2_combo_0114.avl,/Volumes/Samsung SSD/hpa-mdo/output/phase9_smooth_geometry_combo_reoptimization/avl_runs/conservative_best_tier2/combo_0114
115,conservative_best_tier2,root:cst_root_nsga2_g04_child_0066_2124fc90|mid1:dae21|mid2:cst_mid2_nsga2_g01_child_0046_9585b968|tip:cst_tip_nsga2_g04_child_0123_01770232,cst_root_nsga2_g04_child_0066_2124fc90,dae21,cst_mid2_nsga2_g01_child_0046_9585b968,cst_tip_nsga2_g04_child_0123_01770232,ok,,raw_best,known_policy_or_baseline,0.010756335491059435,0.016425904470413113,False,False,0.64375,1.1685305045195065,1.16853,0.0128615,0.013504575,0.9557224002940322,0.01042200080033138,0.014311880159149956,0.027173380159149954,43.002765856717794,148.25333332309924,179.57041342429656,183.82005932541367,0.027816455159149954,42.00860597922484,1.3635,1.3346,1.1672,0.8522,0.9705069129482877,0.9258540632194688,archive_not_mission_grade_sidecar,root:full_polar_mission_grade_candidate;mid1:full_polar_candidate_not_mission_grade;mid2:full_polar_mission_grade_candidate;tip:full_polar_mission_grade_candidate,actual_sidecar_query_not_mission_grade_sidecar,root:;mid1:actual_sidecar_query_grade;mid2:;tip:,mid2:cl_outside_polar_envelope,0.07881262501225238,0.11895724084847537,True,False,True,False,/Volumes/Samsung SSD/hpa-mdo/output/phase9_smooth_geometry_combo_reoptimization/avl_inputs/conservative_best_tier2/combo_0115/conservative_best_tier2_combo_0115.avl,/Volumes/Samsung SSD/hpa-mdo/output/phase9_smooth_geometry_combo_reoptimization/avl_runs/conservative_best_tier2/combo_0115
116,conservative_best_tier2,root:cst_root_nsga2_g05_child_0019_00cc4dca|mid1:cst_mid1_nsga2_g06_child_0001_a86879e2|mid2:dae31|tip:dae41,cst_root_nsga2_g05_child_0019_00cc4dca,cst_mid1_nsga2_g06_child_0001_a86879e2,dae31,dae41,ok,,policy_F,known_policy_or_baseline,0.0109721958058448,0.011947862552809252,True,False,0.19067,1.1685305045195065,1.16853,0.0126021,0.013232205,0.9753112900994255,0.010821857979015498,0.014711737337834076,0.027313837337834074,42.78163079271557,149.0196437639469,180.49859952028453,184.6625355005721,0.027943942337834076,41.81695232520576,1.3052,1.3065,1.2429,0.8783,2.574663574581018,0.8293152644588732,archive_mission_grade_sidecar,root:full_polar_mission_grade_candidate;mid1:full_polar_mission_grade_candidate;mid2:full_polar_mission_grade_candidate;tip:full_polar_mission_grade_candidate,actual_sidecar_query_grade_sidecar,root:actual_sidecar_query_grade;mid1:actual_sidecar_query_grade;mid2:mixed_actual_sidecar_query_quality;tip:actual_sidecar_query_not_mission_grade,,0.038618761731379896,0.0967916489430587,True,False,True,False,/Volumes/Samsung SSD/hpa-mdo/output/phase9_smooth_geometry_combo_reoptimization/avl_inputs/conservative_best_tier2/combo_0116/conservative_best_tier2_combo_0116.avl,/Volumes/Samsung SSD/hpa-mdo/output/phase9_smooth_geometry_combo_reoptimization/avl_runs/conservative_best_tier2/combo_0116
117,conservative_best_tier2,root:cst_root_nsga2_g05_child_0019_00cc4dca|mid1:cst_mid1_nsga2_g05_child_0114_b5496e0b|mid2:dae31|tip:clarkysm,cst_root_nsga2_g05_child_0019_00cc4dca,cst_mid1_nsga2_g05_child_0114_b5496e0b,dae31,clarkysm,ok,,conservative_best,known_policy_or_baseline,0.010995291359076703,0.012053022980700882,True,False,-0.34349,1.1685305045195065,1.16853,0.0125481,0.013175505,0.9793574076013659,0.010816739486387866,0.014706618845206444,0.027254718845206444,42.87442887069178,148.69710333865748,180.10792555554443,184.25401906966084,0.027882123845206445,41.90966624375004,1.2974,1.3392,1.2543,0.8903,2.4599237642419083,0.8369218249342383,archive_mission_grade_sidecar,root:full_polar_mission_grade_candidate;mid1:full_polar_mission_grade_candidate;mid2:full_polar_mission_grade_candidate;tip:full_polar_mission_grade_candidate,actual_sidecar_query_grade_sidecar,root:actual_sidecar_query_grade;mid1:actual_sidecar_query_grade;mid2:mixed_actual_sidecar_query_quality;tip:actual_sidecar_query_grade,,0.036026132433962715,0.08533878047219179,True,False,False,False,/Volumes/Samsung SSD/hpa-mdo/output/phase9_smooth_geometry_combo_reoptimization/avl_inputs/conservative_best_tier2/combo_0117/conservative_best_tier2_combo_0117.avl,/Volumes/Samsung SSD/hpa-mdo/output/phase9_smooth_geometry_combo_reoptimization/avl_runs/conservative_best_tier2/combo_0117
118,conservative_best_tier2,root:fx76mp140|mid1:fx76mp140|mid2:clarkysm|tip:clarkysm,fx76mp140,fx76mp140,clarkysm,clarkysm,ok,,old_fx_clark_baseline,known_policy_or_baseline,0.012238676419379388,0.020059402642267903,False,True,-4.34882,1.1685305045195065,1.16853,0.0164353,0.017257065000000002,0.745931287767368,0.011975884350281536,0.015865763709100113,0.03230106370910012,36.17622363904687,176.22910130094346,213.45579130443733,218.8862780500448,0.03312282870910012,35.27870505209798,1.5316,1.5317,1.1124,0.4536,-0.5960011322382144,1.0311211630963353,archive_not_mission_grade_sidecar,root:full_polar_candidate_not_mission_grade;mid1:full_polar_candidate_not_mission_grade;mid2:full_polar_mission_grade_candidate;tip:full_polar_mission_grade_candidate,actual_sidecar_query_not_mission_grade_sidecar,root:actual_sidecar_query_grade;mid1:actual_sidecar_query_grade;mid2:actual_sidecar_query_grade;tip:actual_sidecar_query_grade,root:insufficient_safe_clmax_margin|mid1:insufficient_safe_clmax_margin,0.2637123276138958,0.42530483955494525,True,False,False,True,/Volumes/Samsung SSD/hpa-mdo/output/phase9_smooth_geometry_combo_reoptimization/avl_inputs/conservative_best_tier2/combo_0118/conservative_best_tier2_combo_0118.avl,/Volumes/Samsung SSD/hpa-mdo/output/phase9_smooth_geometry_combo_reoptimization/avl_runs/conservative_best_tier2/combo_0118
119,conservative_best_tier2,root:dae11|mid1:dae11|mid2:clarkysm|tip:clarkysm,dae11,dae11,clarkysm,clarkysm,ok,,policy_A,known_policy_or_baseline,0.012647739647161831,0.02041499543049938,False,True,0.89945,1.1685305045195065,1.16853,0.0126432,0.013275360000000002,0.9723740509881537,0.010951436298955508,0.014841315657774086,0.027484515657774086,42.51595767848227,149.95083560349332,181.6264966127584,185.8040126922984,0.028116675657774086,41.560052075232264,1.3093,1.3118,1.178,0.9377,1.2445300330489915,0.9029804549060774,archive_not_mission_grade_sidecar,root:full_polar_candidate_not_mission_grade;mid1:full_polar_candidate_not_mission_grade;mid2:full_polar_mission_grade_candidate;tip:full_polar_mission_grade_candidate,actual_sidecar_query_grade_sidecar,root:actual_sidecar_query_grade;mid1:actual_sidecar_query_grade;mid2:actual_sidecar_query_grade;tip:actual_sidecar_query_grade,,0.05082847708558066,0.10935709542803063,True,False,False,False,/Volumes/Samsung SSD/hpa-mdo/output/phase9_smooth_geometry_combo_reoptimization/avl_inputs/conservative_best_tier2/combo_0119/conservative_best_tier2_combo_0119.avl,/Volumes/Samsung SSD/hpa-mdo/output/phase9_smooth_geometry_combo_reoptimization/avl_runs/conservative_best_tier2/combo_0119
120,conservative_best_tier2,root:cst_root_nsga2_g05_child_0019_00cc4dca|mid1:cst_mid1_nsga2_g06_child_0001_a86879e2|mid2:clarkysm|tip:clarkysm,cst_root_nsga2_g05_child_0019_00cc4dca,cst_mid1_nsga2_g06_child_0001_a86879e2,clarkysm,clarkysm,ok,,policy_C;policy_E;policy_G,known_policy_or_baseline,0.013078091084381441,0.014465433928467029,True,True,0.45105,1.1685305045195065,1.16853,0.012756,0.0133938,0.9636103009789677,0.011390424238152456,0.015280303596971034,0.028036303596971034,41.67919285357401,152.9612966059272,185.27288833082267,189.487675339698,0.028674103596971035,40.75211978528749,1.3288,1.3295,1.1708,0.8964,1.3153265193173862,0.8974613893073307,archive_mission_grade_sidecar,root:full_polar_mission_grade_candidate;mid1:full_polar_mission_grade_candidate;mid2:full_polar_mission_grade_candidate;tip:full_polar_mission_grade_candidate,actual_sidecar_query_grade_sidecar,root:actual_sidecar_query_grade;mid1:actual_sidecar_query_grade;mid2:actual_sidecar_query_grade;tip:actual_sidecar_query_grade,,0.06353476072156072,0.11958668510589698,True,False,False,True,/Volumes/Samsung SSD/hpa-mdo/output/phase9_smooth_geometry_combo_reoptimization/avl_inputs/conservative_best_tier2/combo_0120/conservative_best_tier2_combo_0120.avl,/Volumes/Samsung SSD/hpa-mdo/output/phase9_smooth_geometry_combo_reoptimization/avl_runs/conservative_best_tier2/combo_0120
121,policy_A_performance_candidate,root:dae31|mid1:dae31|mid2:dae31|tip:cst_tip_nsga2_g05_child_0032_70ef8136,dae31,dae31,dae31,cst_tip_nsga2_g05_child_0032_70ef8136,ok,,,top_predicted_profile_proxy,0.009550230109401099,0.010987401138439417,True,False,4.04521,1.1685305045195065,1.16853,0.0129384,0.01358532,0.9513123562936197,0.009125044061544465,0.013014923551752947,0.025953323551752946,45.024310747306245,141.59690751915457,171.5078821695186,175.78293691970725,0.026600243551752945,43.92931599464625,1.3334,1.3366,1.2615,0.7911,1.631582852758688,0.8918358536291979,archive_mission_grade_sidecar,root:full_polar_mission_grade_candidate;mid1:full_polar_mission_grade_candidate;mid2:full_polar_mission_grade_candidate;tip:full_polar_mission_grade_candidate,actual_sidecar_query_grade_sidecar,root:mixed_actual_sidecar_query_quality;mid1:mixed_actual_sidecar_query_quality;mid2:mixed_actual_sidecar_query_quality;tip:,,0.0693237671169886,0.16763419406743385,True,False,True,False,/Volumes/Samsung SSD/hpa-mdo/output/phase9_smooth_geometry_combo_reoptimization/avl_inputs/policy_A_performance_candidate/combo_0121/policy_A_performance_candidate_combo_0121.avl,/Volumes/Samsung SSD/hpa-mdo/output/phase9_smooth_geometry_combo_reoptimization/avl_runs/policy_A_performance_candidate/combo_0121
122,policy_A_performance_candidate,root:dae31|mid1:dae31|mid2:dae31|tip:cst_tip_nsga2_g05_child_0102_33bdf605,dae31,dae31,dae31,cst_tip_nsga2_g05_child_0102_33bdf605,ok,,,top_predicted_profile_proxy,0.009572904277929825,0.010996701733824958,True,False,3.87897,1.1685305045195065,1.16853,0.0127137,0.013349385,0.968059387116025,0.009939681290119406,0.013829560780327887,0.026543260780327885,44.023622952367035,144.81550443719706,175.40637649854295,179.60718676700535,0.02717894578032789,42.993959882185294,1.3173,1.3206,1.2485,0.8442,1.7926211830591927,0.8811599792778084,archive_mission_grade_sidecar,root:full_polar_mission_grade_candidate;mid1:full_polar_mission_grade_candidate;mid2:full_polar_mission_grade_candidate;tip:full_polar_mission_grade_candidate,actual_sidecar_query_grade_sidecar,root:mixed_actual_sidecar_query_quality;mid1:mixed_actual_sidecar_query_quality;mid2:mixed_actual_sidecar_query_quality;tip:,,0.049546103412355824,0.1231587595718413,True,False,True,False,/Volumes/Samsung SSD/hpa-mdo/output/phase9_smooth_geometry_combo_reoptimization/avl_inputs/policy_A_performance_candidate/combo_0122/policy_A_performance_candidate_combo_0122.avl,/Volumes/Samsung SSD/hpa-mdo/output/phase9_smooth_geometry_combo_reoptimization/avl_runs/policy_A_performance_candidate/combo_0122
123,policy_A_performance_candidate,root:dae21|mid1:dae31|mid2:dae31|tip:cst_tip_nsga2_g05_child_0032_70ef8136,dae21,dae31,dae31,cst_tip_nsga2_g05_child_0032_70ef8136,ok,,,top_predicted_profile_proxy,0.009584961547012785,0.013053234004238485,False,False,4.28062,1.1685305045195065,1.16853,0.012839,0.01348095,0.9587923819124733,0.009157504985349955,0.013047384475558435,0.025886384475558435,45.140738198600765,141.23169933445206,171.0655272946367,175.30773869153836,0.026528334475558434,44.048393071797186,1.3167,1.3488,1.2833,0.8138,1.2578432600371996,0.9134362693249473,archive_not_mission_grade_sidecar,root:full_polar_candidate_not_mission_grade;mid1:full_polar_mission_grade_candidate;mid2:full_polar_mission_grade_candidate;tip:full_polar_mission_grade_candidate,actual_sidecar_query_grade_sidecar,root:actual_sidecar_query_grade;mid1:mixed_actual_sidecar_query_quality;mid2:mixed_actual_sidecar_query_quality;tip:,,0.05905857560814255,0.15230621803303418,True,False,True,False,/Volumes/Samsung SSD/hpa-mdo/output/phase9_smooth_geometry_combo_reoptimization/avl_inputs/policy_A_performance_candidate/combo_0123/policy_A_performance_candidate_combo_0123.avl,/Volumes/Samsung SSD/hpa-mdo/output/phase9_smooth_geometry_combo_reoptimization/avl_runs/policy_A_performance_candidate/combo_0123
124,policy_A_performance_candidate,root:fx76mp140|mid1:dae31|mid2:dae31|tip:cst_tip_nsga2_g05_child_0032_70ef8136,fx76mp140,dae31,dae31,cst_tip_nsga2_g05_child_0032_70ef8136,ok,,,top_predicted_profile_proxy,0.009591375971743872,0.013032501559481973,False,False,2.07859,1.1685305045195065,1.16853,0.0159636,0.016761780000000004,0.770267156987812,0.018055820520114098,0.021945700010322578,0.03790930001032258,30.82437565983332,206.82667624335826,250.51680746530798,255.7914367865619,0.03870748001032258,30.18875174017737,1.6757,1.3762,1.0788,0.6007,-2.4524788692178485,1.1280601508131676,archive_not_mission_grade_sidecar,root:full_polar_candidate_not_mission_grade;mid1:full_polar_mission_grade_candidate;mid2:full_polar_mission_grade_candidate;tip:full_polar_mission_grade_candidate,actual_sidecar_query_not_mission_grade_sidecar,root:actual_sidecar_query_grade;mid1:mixed_actual_sidecar_query_quality;mid2:mixed_actual_sidecar_query_quality;tip:,root:insufficient_safe_clmax_margin,0.25107433361289294,0.29630108762355045,True,False,True,False,/Volumes/Samsung SSD/hpa-mdo/output/phase9_smooth_geometry_combo_reoptimization/avl_inputs/policy_A_performance_candidate/combo_0124/policy_A_performance_candidate_combo_0124.avl,/Volumes/Samsung SSD/hpa-mdo/output/phase9_smooth_geometry_combo_reoptimization/avl_runs/policy_A_performance_candidate/combo_0124
125,policy_A_performance_candidate,root:dae21|mid1:dae31|mid2:dae31|tip:cst_tip_nsga2_g05_child_0102_33bdf605,dae21,dae31,dae31,cst_tip_nsga2_g05_child_0102_33bdf605,ok,,,top_predicted_profile_proxy,0.009607635715541513,0.013062534599624028,False,False,4.11434,1.1685305045195065,1.16853,0.0126326,0.013264230000000002,0.9743910343192485,0.010017189379446307,0.013907068869654787,0.026539668869654788,44.02958116239323,144.7959075850875,175.3826400013172,179.5566535298241,0.02717129886965479,43.00605981794026,1.3005,1.333,1.2702,0.8669,1.4211473240321524,0.902197818984654,archive_not_mission_grade_sidecar,root:full_polar_candidate_not_mission_grade;mid1:full_polar_mission_grade_candidate;mid2:full_polar_mission_grade_candidate;tip:full_polar_mission_grade_candidate,actual_sidecar_query_grade_sidecar,root:actual_sidecar_query_grade;mid1:mixed_actual_sidecar_query_quality;mid2:mixed_actual_sidecar_query_quality;tip:,,0.04030963042158519,0.1078273588585058,True,False,True,False,/Volumes/Samsung SSD/hpa-mdo/output/phase9_smooth_geometry_combo_reoptimization/avl_inputs/policy_A_performance_candidate/combo_0125/policy_A_performance_candidate_combo_0125.avl,/Volumes/Samsung SSD/hpa-mdo/output/phase9_smooth_geometry_combo_reoptimization/avl_runs/policy_A_performance_candidate/combo_0125
126,policy_A_performance_candidate,root:fx76mp140|mid1:dae31|mid2:dae31|tip:cst_tip_nsga2_g05_child_0102_33bdf605,fx76mp140,dae31,dae31,cst_tip_nsga2_g05_child_0102_33bdf605,ok,,,top_predicted_profile_proxy,0.009614050140272598,0.013041802154867516,False,False,1.91295,1.1685305045195065,1.16853,0.0155865,0.016365825,0.788862459701487,0.0165132829477968,0.02040316243800528,0.03598966243800528,32.46850415816993,196.35346100155357,237.83122698831585,242.98125642501714,0.03676898743800528,31.780328639447006,1.6594,1.3601,1.0656,0.6539,-2.2423359031569596,1.117087195953554,archive_not_mission_grade_sidecar,root:full_polar_candidate_not_mission_grade;mid1:full_polar_mission_grade_candidate;mid2:full_polar_mission_grade_candidate;tip:full_polar_mission_grade_candidate,actual_sidecar_query_not_mission_grade_sidecar,root:actual_sidecar_query_grade;mid1:mixed_actual_sidecar_query_quality;mid2:mixed_actual_sidecar_query_quality;tip:,root:insufficient_safe_clmax_margin,0.2379291961864854,0.2525331511869322,True,False,True,False,/Volumes/Samsung SSD/hpa-mdo/output/phase9_smooth_geometry_combo_reoptimization/avl_inputs/policy_A_performance_candidate/combo_0126/policy_A_performance_candidate_combo_0126.avl,/Volumes/Samsung SSD/hpa-mdo/output/phase9_smooth_geometry_combo_reoptimization/avl_runs/policy_A_performance_candidate/combo_0126
127,policy_A_performance_candidate,root:dae31|mid1:dae31|mid2:cst_mid2_seedless_sobol_0237_e583606c|tip:cst_tip_nsga2_g05_child_0032_70ef8136,dae31,dae31,cst_mid2_seedless_sobol_0237_e583606c,cst_tip_nsga2_g05_child_0032_70ef8136,ok,,,top_predicted_profile_proxy,0.009635439811334402,0.011061597006940812,True,False,4.38351,1.1685305045195065,1.16853,0.0130595,0.013712475,0.9425877396422901,0.009477175846460895,0.013367055336669376,0.026426555336669377,44.218040892301175,144.17877943819093,174.63514951331265,178.9502176446186,0.027079530336669377,43.151801009530686,1.3646,1.3664,1.2114,0.7678,1.331648962573998,0.9117196696086608,archive_mission_grade_sidecar,root:full_polar_mission_grade_candidate;mid1:full_polar_mission_grade_candidate;mid2:full_polar_mission_grade_candidate;tip:full_polar_mission_grade_candidate,actual_sidecar_query_grade_sidecar,root:mixed_actual_sidecar_query_quality;mid1:mixed_actual_sidecar_query_quality;mid2:;tip:,,0.09090806830325014,0.1711785415632091,True,False,True,False,/Volumes/Samsung SSD/hpa-mdo/output/phase9_smooth_geometry_combo_reoptimization/avl_inputs/policy_A_performance_candidate/combo_0127/policy_A_performance_candidate_combo_0127.avl,/Volumes/Samsung SSD/hpa-mdo/output/phase9_smooth_geometry_combo_reoptimization/avl_runs/policy_A_performance_candidate/combo_0127
128,policy_A_performance_candidate,root:dae31|mid1:dae31|mid2:cst_mid2_seedless_sobol_0237_e583606c|tip:cst_tip_nsga2_g05_child_0102_33bdf605,dae31,dae31,cst_mid2_seedless_sobol_0237_e583606c,cst_tip_nsga2_g05_child_0102_33bdf605,ok,,,top_predicted_profile_proxy,0.00965811397986313,0.011070897602326353,True,False,4.21727,1.1685305045195065,1.16853,0.0128688,0.01351224,0.9565066035793034,0.010223099433597546,0.014112978923806026,0.026981778923806026,43.308134271625505,147.20798464820848,178.30424497118275,182.55630276574993,0.027625218923806025,42.29941155371354,1.3484,1.3503,1.1984,0.8208,1.4936937824388805,0.9009770710425752,archive_mission_grade_sidecar,root:full_polar_mission_grade_candidate;mid1:full_polar_mission_grade_candidate;mid2:full_polar_mission_grade_candidate;tip:full_polar_mission_grade_candidate,actual_sidecar_query_grade_sidecar,root:mixed_actual_sidecar_query_quality;mid1:mixed_actual_sidecar_query_quality;mid2:;tip:,,0.0745330842982649,0.13462374672432353,True,False,True,False,/Volumes/Samsung SSD/hpa-mdo/output/phase9_smooth_geometry_combo_reoptimization/avl_inputs/policy_A_performance_candidate/combo_0128/policy_A_performance_candidate_combo_0128.avl,/Volumes/Samsung SSD/hpa-mdo/output/phase9_smooth_geometry_combo_reoptimization/avl_runs/policy_A_performance_candidate/combo_0128
129,policy_A_performance_candidate,root:dae21|mid1:dae31|mid2:cst_mid2_seedless_sobol_0237_e583606c|tip:cst_tip_nsga2_g05_child_0032_70ef8136,dae21,dae31,cst_mid2_seedless_sobol_0237_e583606c,cst_tip_nsga2_g05_child_0032_70ef8136,ok,,,top_predicted_profile_proxy,0.009670171248946091,0.01312742987273988,False,False,4.61899,1.1685305045195065,1.16853,0.0129284,0.01357482,0.9522438543074402,0.00950780246679645,0.013397681957004932,0.02632608195700493,44.38679885703919,143.6306138123082,173.97118921064464,178.24293980054284,0.02697250195700493,43.32302974274256,1.3478,1.3768,1.2332,0.7905,0.9443397791579989,0.9350113190523005,archive_not_mission_grade_sidecar,root:full_polar_candidate_not_mission_grade;mid1:full_polar_mission_grade_candidate;mid2:full_polar_mission_grade_candidate;tip:full_polar_mission_grade_candidate,actual_sidecar_query_grade_sidecar,root:actual_sidecar_query_grade;mid1:mixed_actual_sidecar_query_quality;mid2:;tip:,,0.07644185811456168,0.15522815571495296,True,False,True,False,/Volumes/Samsung SSD/hpa-mdo/output/phase9_smooth_geometry_combo_reoptimization/avl_inputs/policy_A_performance_candidate/combo_0129/policy_A_performance_candidate_combo_0129.avl,/Volumes/Samsung SSD/hpa-mdo/output/phase9_smooth_geometry_combo_reoptimization/avl_runs/policy_A_performance_candidate/combo_0129
130,policy_A_performance_candidate,root:fx76mp140|mid1:dae31|mid2:cst_mid2_seedless_sobol_0237_e583606c|tip:cst_tip_nsga2_g05_child_0032_70ef8136,fx76mp140,dae31,cst_mid2_seedless_sobol_0237_e583606c,cst_tip_nsga2_g05_child_0032_70ef8136,ok,,,top_predicted_profile_proxy,0.009676585673677178,0.013106697427983368,False,False,2.41593,1.1685305045195065,1.16853,0.0163518,0.01716939,0.7520837068571813,0.02241932639876432,0.0263092058889728,0.0426610058889728,27.39106779527562,232.75117321638712,281.91760321752315,287.32050004125216,0.0434785958889728,26.875994512414174,1.7078,1.407,1.0286,0.5773,-2.8663186980862254,1.149669466825045,archive_not_mission_grade_sidecar,root:full_polar_candidate_not_mission_grade;mid1:full_polar_mission_grade_candidate;mid2:full_polar_mission_grade_candidate;tip:full_polar_mission_grade_candidate,actual_sidecar_query_not_mission_grade_sidecar,root:actual_sidecar_query_grade;mid1:mixed_actual_sidecar_query_quality;mid2:;tip:,"root:cl_outside_polar_envelope,insufficient_safe_clmax_margin",0.2752267327722582,0.3050090337490212,True,False,True,False,/Volumes/Samsung SSD/hpa-mdo/output/phase9_smooth_geometry_combo_reoptimization/avl_inputs/policy_A_performance_candidate/combo_0130/policy_A_performance_candidate_combo_0130.avl,/Volumes/Samsung SSD/hpa-mdo/output/phase9_smooth_geometry_combo_reoptimization/avl_runs/policy_A_performance_candidate/combo_0130
131,policy_A_performance_candidate,root:dae31|mid1:dae21|mid2:dae31|tip:cst_tip_nsga2_g05_child_0032_70ef8136,dae31,dae21,dae31,cst_tip_nsga2_g05_child_0032_70ef8136,ok,,,top_predicted_profile_proxy,0.009676715983621294,0.015155215801202802,False,False,4.32888,1.1685305045195065,1.16853,0.0129065,0.013551825,0.9537453052452447,0.009196337543435571,0.013086217033644054,0.02599271703364405,44.95607377278035,141.8118316386443,171.76820692665248,176.03272140551465,0.026638042033644053,43.86698177905281,1.3408,1.3197,1.2451,0.8157,1.2276017667047998,0.9155174638324091,archive_not_mission_grade_sidecar,root:full_polar_mission_grade_candidate;mid1:full_polar_candidate_not_mission_grade;mid2:full_polar_mission_grade_candidate;tip:full_polar_mission_grade_candidate,actual_sidecar_query_grade_sidecar,root:mixed_actual_sidecar_query_quality;mid1:actual_sidecar_query_grade;mid2:mixed_actual_sidecar_query_quality;tip:,,0.06661169447659901,0.15063507464462117,True,False,True,False,/Volumes/Samsung SSD/hpa-mdo/output/phase9_smooth_geometry_combo_reoptimization/avl_inputs/policy_A_performance_candidate/combo_0131/policy_A_performance_candidate_combo_0131.avl,/Volumes/Samsung SSD/hpa-mdo/output/phase9_smooth_geometry_combo_reoptimization/avl_runs/policy_A_performance_candidate/combo_0131
132,policy_A_performance_candidate,root:dae21|mid1:dae31|mid2:cst_mid2_seedless_sobol_0237_e583606c|tip:cst_tip_nsga2_g05_child_0102_33bdf605,dae21,dae31,cst_mid2_seedless_sobol_0237_e583606c,cst_tip_nsga2_g05_child_0102_33bdf605,ok,,,top_predicted_profile_proxy,0.009692845417474819,0.013136730468125421,False,False,4.45272,1.1685305045195065,1.16853,0.0127558,0.01339359,0.9650791802804066,0.010317911643311925,0.014207791133520407,0.026963591133520405,43.33734697033071,147.10875516594524,178.1840542223174,182.39877500560257,0.027601381133520408,42.33594322207262,1.3316,1.361,1.2201,0.8435,1.107643843152954,0.9237728687120071,archive_not_mission_grade_sidecar,root:full_polar_candidate_not_mission_grade;mid1:full_polar_mission_grade_candidate;mid2:full_polar_mission_grade_candidate;tip:full_polar_mission_grade_candidate,actual_sidecar_query_grade_sidecar,root:actual_sidecar_query_grade;mid1:mixed_actual_sidecar_query_quality;mid2:;tip:,,0.06017022586319134,0.11866366061627798,True,False,True,False,/Volumes/Samsung SSD/hpa-mdo/output/phase9_smooth_geometry_combo_reoptimization/avl_inputs/policy_A_performance_candidate/combo_0132/policy_A_performance_candidate_combo_0132.avl,/Volumes/Samsung SSD/hpa-mdo/output/phase9_smooth_geometry_combo_reoptimization/avl_runs/policy_A_performance_candidate/combo_0132
133,policy_A_performance_candidate,root:dae31|mid1:dae31|mid2:cst_mid2_nsga2_g02_child_0106_7ea30168|tip:cst_tip_nsga2_g05_child_0032_70ef8136,dae31,dae31,cst_mid2_nsga2_g02_child_0106_7ea30168,cst_tip_nsga2_g05_child_0032_70ef8136,ok,,,top_predicted_profile_proxy,0.009693849261353336,0.01405641881657968,False,False,4.26922,1.1685305045195065,1.16853,0.0129869,0.013636245,0.9478245755524439,0.009299497842238224,0.013189377332446704,0.026176277332446703,44.640820758384116,142.81330532666416,172.98123222706414,177.27231215466148,0.026825622332446702,43.56023841825732,1.354,1.3562,1.2284,0.7755,0.9367296752985209,0.9210501974195815,archive_not_mission_grade_sidecar,root:full_polar_mission_grade_candidate;mid1:full_polar_mission_grade_candidate;mid2:full_polar_candidate_not_mission_grade;tip:full_polar_mission_grade_candidate,actual_sidecar_query_grade_sidecar,root:mixed_actual_sidecar_query_quality;mid1:mixed_actual_sidecar_query_quality;mid2:;tip:,,0.08199491457983979,0.1667003914505073,True,False,True,False,/Volumes/Samsung SSD/hpa-mdo/output/phase9_smooth_geometry_combo_reoptimization/avl_inputs/policy_A_performance_candidate/combo_0133/policy_A_performance_candidate_combo_0133.avl,/Volumes/Samsung SSD/hpa-mdo/output/phase9_smooth_geometry_combo_reoptimization/avl_runs/policy_A_performance_candidate/combo_0133
134,policy_A_performance_candidate,root:dae31|mid1:dae31|mid2:cst_mid2_seedless_sobol_0377_ed2a45eb|tip:cst_tip_nsga2_g05_child_0032_70ef8136,dae31,dae31,cst_mid2_seedless_sobol_0377_ed2a45eb,cst_tip_nsga2_g05_child_0032_70ef8136,ok,,,top_predicted_profile_proxy,0.00969457856202164,0.011215415751169178,True,False,4.29413,1.1685305045195065,1.16853,0.0130001,0.013650105000000001,0.9468621764634142,0.009325546843172673,0.013215426333381155,0.026215526333381155,44.573986028713655,143.02744118269248,173.2406022077186,177.53604362689933,0.026865531333381154,43.49552927202208,1.3563,1.3584,1.2247,0.7736,1.4121681277242502,0.906381732432966,archive_mission_grade_sidecar,root:full_polar_mission_grade_candidate;mid1:full_polar_mission_grade_candidate;mid2:full_polar_mission_grade_candidate;tip:full_polar_mission_grade_candidate,actual_sidecar_query_grade_sidecar,root:mixed_actual_sidecar_query_quality;mid1:mixed_actual_sidecar_query_quality;mid2:;tip:,,0.08380511683963843,0.16755128824151333,True,False,True,False,/Volumes/Samsung SSD/hpa-mdo/output/phase9_smooth_geometry_combo_reoptimization/avl_inputs/policy_A_performance_candidate/combo_0134/policy_A_performance_candidate_combo_0134.avl,/Volumes/Samsung SSD/hpa-mdo/output/phase9_smooth_geometry_combo_reoptimization/avl_runs/policy_A_performance_candidate/combo_0134
135,policy_A_performance_candidate,root:fx76mp140|mid1:dae31|mid2:cst_mid2_seedless_sobol_0237_e583606c|tip:cst_tip_nsga2_g05_child_0102_33bdf605,fx76mp140,dae31,cst_mid2_seedless_sobol_0237_e583606c,cst_tip_nsga2_g05_child_0102_33bdf605,ok,,,top_predicted_profile_proxy,0.009699259842205904,0.01311599802336891,False,False,2.25019,1.1685305045195065,1.16853,0.0160088,0.01680924,0.7681449926352252,0.022103639711213225,0.025993519201421705,0.04200231920142171,27.820618640504822,229.15749097390722,277.5647904238217,282.8543545495885,0.04280275920142171,27.300354610800262,1.6916,1.3908,1.0154,0.6305,-2.6574649526760172,1.1387638307069012,archive_not_mission_grade_sidecar,root:full_polar_candidate_not_mission_grade;mid1:full_polar_mission_grade_candidate;mid2:full_polar_mission_grade_candidate;tip:full_polar_mission_grade_candidate,actual_sidecar_query_not_mission_grade_sidecar,root:actual_sidecar_query_grade;mid1:mixed_actual_sidecar_query_quality;mid2:;tip:,"root:cl_outside_polar_envelope,insufficient_safe_clmax_margin",0.2626297501226513,0.26918690879523915,True,False,True,False,/Volumes/Samsung SSD/hpa-mdo/output/phase9_smooth_geometry_combo_reoptimization/avl_inputs/policy_A_performance_candidate/combo_0135/policy_A_performance_candidate_combo_0135.avl,/Volumes/Samsung SSD/hpa-mdo/output/phase9_smooth_geometry_combo_reoptimization/avl_runs/policy_A_performance_candidate/combo_0135
136,policy_A_performance_candidate,root:dae31|mid1:dae21|mid2:dae31|tip:cst_tip_nsga2_g05_child_0102_33bdf605,dae31,dae21,dae31,cst_tip_nsga2_g05_child_0102_33bdf605,ok,,,top_predicted_profile_proxy,0.009699390152150022,0.015164516396588343,False,False,4.16259,1.1685305045195065,1.16853,0.0127101,0.013345605,0.9684330872176977,0.010056694805899978,0.01394657429610846,0.026656674296108462,43.836319997731195,145.43426923906844,176.1558493690267,180.35547013978453,0.02729217929610846,42.81558067757986,1.3245,1.3036,1.2321,0.8687,1.389897780922006,0.9043483866423645,archive_not_mission_grade_sidecar,root:full_polar_mission_grade_candidate;mid1:full_polar_candidate_not_mission_grade;mid2:full_polar_mission_grade_candidate;tip:full_polar_mission_grade_candidate,actual_sidecar_query_grade_sidecar,root:mixed_actual_sidecar_query_quality;mid1:actual_sidecar_query_grade;mid2:mixed_actual_sidecar_query_quality;tip:,,0.049775869776493994,0.10616103995096215,True,False,True,False,/Volumes/Samsung SSD/hpa-mdo/output/phase9_smooth_geometry_combo_reoptimization/avl_inputs/policy_A_performance_candidate/combo_0136/policy_A_performance_candidate_combo_0136.avl,/Volumes/Samsung SSD/hpa-mdo/output/phase9_smooth_geometry_combo_reoptimization/avl_runs/policy_A_performance_candidate/combo_0136
137,policy_A_performance_candidate,root:dae21|mid1:dae21|mid2:dae31|tip:cst_tip_nsga2_g05_child_0032_70ef8136,dae21,dae21,dae31,cst_tip_nsga2_g05_child_0032_70ef8136,ok,,,top_predicted_profile_proxy,0.009711447421232984,0.01722104866700187,False,False,4.56422,1.1685305045195065,1.16853,0.0127745,0.013413224999999999,0.9636994505841681,0.009168164440569235,0.013058043930777717,0.02583254393077772,45.23482114850028,140.93795450347142,170.70973171447605,174.93063127750432,0.026471268930777718,44.143350572849755,1.3121,1.3158,1.2669,0.8384,1.2669157080369182,0.9128119109727089,archive_not_mission_grade_sidecar,root:full_polar_candidate_not_mission_grade;mid1:full_polar_candidate_not_mission_grade;mid2:full_polar_mission_grade_candidate;tip:full_polar_mission_grade_candidate,actual_sidecar_query_grade_sidecar,root:actual_sidecar_query_grade;mid1:actual_sidecar_query_grade;mid2:mixed_actual_sidecar_query_quality;tip:,,0.05124814677765074,0.13524752604564572,True,False,True,False,/Volumes/Samsung SSD/hpa-mdo/output/phase9_smooth_geometry_combo_reoptimization/avl_inputs/policy_A_performance_candidate/combo_0137/policy_A_performance_candidate_combo_0137.avl,/Volumes/Samsung SSD/hpa-mdo/output/phase9_smooth_geometry_combo_reoptimization/avl_runs/policy_A_performance_candidate/combo_0137
138,policy_A_performance_candidate,root:dae11|mid1:dae31|mid2:dae31|tip:cst_tip_nsga2_g05_child_0032_70ef8136,dae11,dae31,dae31,cst_tip_nsga2_g05_child_0032_70ef8136,ok,,,top_predicted_profile_proxy,0.009711725815339786,0.013137778935443826,False,False,4.33242,1.1685305045195065,1.16853,0.0128247,0.013465935,0.959877907373663,0.009397727130952674,0.013287606621161154,0.026112306621161152,44.750183178859466,142.46429203471442,172.55849325910177,176.79597970678807,0.026753541621161156,43.677600560938,1.313,1.3523,1.2881,0.8188,1.4735639911513174,0.9023115553364989,archive_not_mission_grade_sidecar,root:full_polar_candidate_not_mission_grade;mid1:full_polar_mission_grade_candidate;mid2:full_polar_mission_grade_candidate;tip:full_polar_mission_grade_candidate,actual_sidecar_query_grade_sidecar,root:actual_sidecar_query_grade;mid1:mixed_actual_sidecar_query_quality;mid2:mixed_actual_sidecar_query_quality;tip:,,0.057946532161364396,0.14890817898615627,True,False,True,False,/Volumes/Samsung SSD/hpa-mdo/output/phase9_smooth_geometry_combo_reoptimization/avl_inputs/policy_A_performance_candidate/combo_0138/policy_A_performance_candidate_combo_0138.avl,/Volumes/Samsung SSD/hpa-mdo/output/phase9_smooth_geometry_combo_reoptimization/avl_runs/policy_A_performance_candidate/combo_0138
139,policy_A_performance_candidate,root:dae31|mid1:dae31|mid2:cst_mid2_nsga2_g02_child_0106_7ea30168|tip:cst_tip_nsga2_g05_child_0102_33bdf605,dae31,dae31,cst_mid2_nsga2_g02_child_0106_7ea30168,cst_tip_nsga2_g05_child_0102_33bdf605,ok,,,top_predicted_profile_proxy,0.009716523429882063,0.014065719411965221,False,False,4.10297,1.1685305045195065,1.16853,0.0127845,0.013423725000000001,0.9627642685024339,0.010105466242391933,0.013995345732600414,0.026779845732600414,43.634698877185734,146.10627159233832,176.96980570777413,181.19400943109287,0.027419070732600415,42.617436452000554,1.3379,1.3402,1.2153,0.8285,1.0532704815402891,0.9112278613839282,archive_not_mission_grade_sidecar,root:full_polar_mission_grade_candidate;mid1:full_polar_mission_grade_candidate;mid2:full_polar_candidate_not_mission_grade;tip:full_polar_mission_grade_candidate,actual_sidecar_query_grade_sidecar,root:mixed_actual_sidecar_query_quality;mid1:mixed_actual_sidecar_query_quality;mid2:;tip:,,0.06429398995349495,0.1287078008285526,True,False,True,False,/Volumes/Samsung SSD/hpa-mdo/output/phase9_smooth_geometry_combo_reoptimization/avl_inputs/policy_A_performance_candidate/combo_0139/policy_A_performance_candidate_combo_0139.avl,/Volumes/Samsung SSD/hpa-mdo/output/phase9_smooth_geometry_combo_reoptimization/avl_runs/policy_A_performance_candidate/combo_0139
140,policy_A_performance_candidate,root:dae31|mid1:dae31|mid2:cst_mid2_seedless_sobol_0377_ed2a45eb|tip:cst_tip_nsga2_g05_child_0102_33bdf605,dae31,dae31,cst_mid2_seedless_sobol_0377_ed2a45eb,cst_tip_nsga2_g05_child_0102_33bdf605,ok,,,top_predicted_profile_proxy,0.009717252730550368,0.01122471634655472,True,False,4.12788,1.1685305045195065,1.16853,0.0128,0.01344,0.9616148894808594,0.010134378923249334,0.014024258413457814,0.026824258413457813,43.56245330283767,146.34857960547208,177.26329894073655,181.49262411250547,0.027464258413457815,42.5473168409642,1.3402,1.3424,1.2116,0.8266,1.573206458024755,0.8957058580815765,archive_mission_grade_sidecar,root:full_polar_mission_grade_candidate;mid1:full_polar_mission_grade_candidate;mid2:full_polar_mission_grade_candidate;tip:full_polar_mission_grade_candidate,actual_sidecar_query_grade_sidecar,root:mixed_actual_sidecar_query_quality;mid1:mixed_actual_sidecar_query_quality;mid2:;tip:,,0.06639094085384503,0.13014298861664408,True,False,True,False,/Volumes/Samsung SSD/hpa-mdo/output/phase9_smooth_geometry_combo_reoptimization/avl_inputs/policy_A_performance_candidate/combo_0140/policy_A_performance_candidate_combo_0140.avl,/Volumes/Samsung SSD/hpa-mdo/output/phase9_smooth_geometry_combo_reoptimization/avl_runs/policy_A_performance_candidate/combo_0140
141,policy_A_performance_candidate,root:fx76mp140|mid1:dae21|mid2:dae31|tip:cst_tip_nsga2_g05_child_0032_70ef8136,fx76mp140,dae21,dae31,cst_tip_nsga2_g05_child_0032_70ef8136,ok,,,top_predicted_profile_proxy,0.009717861845964071,0.017200316222245358,False,False,2.36216,1.1685305045195065,1.16853,0.0162056,0.01701588,0.7588686847625054,0.021607583650670673,0.025497463140879154,0.041703063140879154,28.02025598388388,227.52480093924964,275.5872104399826,280.9418004402653,0.04251334314087915,27.486205934152792,1.6987,1.3599,1.0625,0.6254,-2.74899961887432,1.143543461351273,archive_not_mission_grade_sidecar,root:full_polar_candidate_not_mission_grade;mid1:full_polar_candidate_not_mission_grade;mid2:full_polar_mission_grade_candidate;tip:full_polar_mission_grade_candidate,actual_sidecar_query_not_mission_grade_sidecar,root:actual_sidecar_query_grade;mid1:actual_sidecar_query_grade;mid2:mixed_actual_sidecar_query_quality;tip:,"root:cl_outside_polar_envelope,insufficient_safe_clmax_margin",0.2584262529145887,0.2791751901395971,True,False,True,False,/Volumes/Samsung SSD/hpa-mdo/output/phase9_smooth_geometry_combo_reoptimization/avl_inputs/policy_A_performance_candidate/combo_0141/policy_A_performance_candidate_combo_0141.avl,/Volumes/Samsung SSD/hpa-mdo/output/phase9_smooth_geometry_combo_reoptimization/avl_runs/policy_A_performance_candidate/combo_0141
142,policy_A_performance_candidate,root:dae21|mid1:dae31|mid2:cst_mid2_nsga2_g02_child_0106_7ea30168|tip:cst_tip_nsga2_g05_child_0032_70ef8136,dae21,dae31,cst_mid2_nsga2_g02_child_0106_7ea30168,cst_tip_nsga2_g05_child_0032_70ef8136,ok,,,top_predicted_profile_proxy,0.009728580698965022,0.01612225168237875,False,False,4.50467,1.1685305045195065,1.16853,0.0128664,0.013509720000000001,0.9567997123322473,0.009319002787773312,0.013208882277981792,0.026075282277981792,44.81372404954651,142.2622935320305,172.3138245300757,176.56508932617314,0.02671860227798179,43.73471682246143,1.3373,1.3673,1.2501,0.7982,0.7436811641957426,0.9373207845931446,archive_not_mission_grade_sidecar,root:full_polar_candidate_not_mission_grade;mid1:full_polar_mission_grade_candidate;mid2:full_polar_candidate_not_mission_grade;tip:full_polar_mission_grade_candidate,actual_sidecar_query_grade_sidecar,root:actual_sidecar_query_grade;mid1:mixed_actual_sidecar_query_quality;mid2:;tip:,,0.06836705804917677,0.1509315224503015,True,False,True,False,/Volumes/Samsung SSD/hpa-mdo/output/phase9_smooth_geometry_combo_reoptimization/avl_inputs/policy_A_performance_candidate/combo_0142/policy_A_performance_candidate_combo_0142.avl,/Volumes/Samsung SSD/hpa-mdo/output/phase9_smooth_geometry_combo_reoptimization/avl_runs/policy_A_performance_candidate/combo_0142
143,policy_A_performance_candidate,root:dae21|mid1:dae31|mid2:cst_mid2_seedless_sobol_0377_ed2a45eb|tip:cst_tip_nsga2_g05_child_0032_70ef8136,dae21,dae31,cst_mid2_seedless_sobol_0377_ed2a45eb,cst_tip_nsga2_g05_child_0032_70ef8136,ok,,,top_predicted_profile_proxy,0.00972930999963333,0.013281248616968246,False,False,4.52959,1.1685305045195065,1.16853,0.0128773,0.013521165,0.9560061993964151,0.009328230257601941,0.013218109747810423,0.026095409747810425,44.77915908630459,142.3721055751099,172.44683330318546,176.7016996339995,0.026739274747810425,43.700904962472585,1.3395,1.3694,1.2465,0.7963,1.0280079107109705,0.9292533475816563,archive_not_mission_grade_sidecar,root:full_polar_candidate_not_mission_grade;mid1:full_polar_mission_grade_candidate;mid2:full_polar_mission_grade_candidate;tip:full_polar_mission_grade_candidate,actual_sidecar_query_grade_sidecar,root:actual_sidecar_query_grade;mid1:mixed_actual_sidecar_query_quality;mid2:;tip:,,0.0699567603961751,0.15180802327886533,True,False,True,False,/Volumes/Samsung SSD/hpa-mdo/output/phase9_smooth_geometry_combo_reoptimization/avl_inputs/policy_A_performance_candidate/combo_0143/policy_A_performance_candidate_combo_0143.avl,/Volumes/Samsung SSD/hpa-mdo/output/phase9_smooth_geometry_combo_reoptimization/avl_runs/policy_A_performance_candidate/combo_0143
144,policy_A_performance_candidate,root:dae21|mid1:dae21|mid2:dae31|tip:cst_tip_nsga2_g05_child_0102_33bdf605,dae21,dae21,dae31,cst_tip_nsga2_g05_child_0102_33bdf605,ok,,,top_predicted_profile_proxy,0.00973412158976171,0.01723034926238741,False,False,4.3979,1.1685305045195065,1.16853,0.0125964,0.013226220000000002,0.9772749514698654,0.010076838497556558,0.01396671798776504,0.02656311798776504,43.99071317823951,144.92384197475602,175.53759929112888,179.6996517593844,0.027192937987765044,42.971837211752,1.2959,1.2998,1.2538,0.8914,1.4282036724763778,0.901712206932913,archive_not_mission_grade_sidecar,root:full_polar_candidate_not_mission_grade;mid1:full_polar_candidate_not_mission_grade;mid2:full_polar_mission_grade_candidate;tip:full_polar_mission_grade_candidate,actual_sidecar_query_grade_sidecar,root:actual_sidecar_query_grade;mid1:actual_sidecar_query_grade;mid2:mixed_actual_sidecar_query_quality;tip:,,0.03395816727830673,0.09083461648179192,True,False,True,False,/Volumes/Samsung SSD/hpa-mdo/output/phase9_smooth_geometry_combo_reoptimization/avl_inputs/policy_A_performance_candidate/combo_0144/policy_A_performance_candidate_combo_0144.avl,/Volumes/Samsung SSD/hpa-mdo/output/phase9_smooth_geometry_combo_reoptimization/avl_runs/policy_A_performance_candidate/combo_0144
145,policy_A_performance_candidate,root:dae11|mid1:dae31|mid2:dae31|tip:cst_tip_nsga2_g05_child_0102_33bdf605,dae11,dae31,dae31,cst_tip_nsga2_g05_child_0102_33bdf605,ok,,,top_predicted_profile_proxy,0.009734399983868514,0.013147079530829369,False,False,4.16612,1.1685305045195065,1.16853,0.0126223,0.013253415,0.9752195544510707,0.010277482392198303,0.014167361882406783,0.026789661882406782,43.61871044318405,146.15982683174937,177.03467397256463,181.20528421597237,0.02742077688240678,42.6147847499258,1.2968,1.3364,1.275,0.8719,1.6335958318874437,0.8917024051998055,archive_not_mission_grade_sidecar,root:full_polar_candidate_not_mission_grade;mid1:full_polar_mission_grade_candidate;mid2:full_polar_mission_grade_candidate;tip:full_polar_mission_grade_candidate,actual_sidecar_query_grade_sidecar,root:actual_sidecar_query_grade;mid1:mixed_actual_sidecar_query_quality;mid2:mixed_actual_sidecar_query_quality;tip:,,0.04003714091570173,0.10442472551838666,True,False,True,False,/Volumes/Samsung SSD/hpa-mdo/output/phase9_smooth_geometry_combo_reoptimization/avl_inputs/policy_A_performance_candidate/combo_0145/policy_A_performance_candidate_combo_0145.avl,/Volumes/Samsung SSD/hpa-mdo/output/phase9_smooth_geometry_combo_reoptimization/avl_runs/policy_A_performance_candidate/combo_0145
146,policy_A_performance_candidate,root:fx76mp140|mid1:dae31|mid2:cst_mid2_nsga2_g02_child_0106_7ea30168|tip:cst_tip_nsga2_g05_child_0032_70ef8136,fx76mp140,dae31,cst_mid2_nsga2_g02_child_0106_7ea30168,cst_tip_nsga2_g05_child_0032_70ef8136,ok,,,top_predicted_profile_proxy,0.009734995123696109,0.01610151923762224,False,False,2.30196,1.1685305045195065,1.16853,0.0161889,0.016998345,0.759612466277102,0.021603998513522037,0.025493878003730517,0.04168277800373052,28.03389218479933,227.41412869015906,275.4531597506772,280.80223180327476,0.04249222300373052,27.49986755027897,1.6969,1.3966,1.0456,0.5851,-2.725793647162074,1.1423317240048125,archive_not_mission_grade_sidecar,root:full_polar_candidate_not_mission_grade;mid1:full_polar_mission_grade_candidate;mid2:full_polar_candidate_not_mission_grade;tip:full_polar_mission_grade_candidate,actual_sidecar_query_not_mission_grade_sidecar,root:actual_sidecar_query_grade;mid1:mixed_actual_sidecar_query_quality;mid2:;tip:,"root:cl_outside_polar_envelope,insufficient_safe_clmax_margin",0.26659422359955315,0.2990266096942965,True,False,True,False,/Volumes/Samsung SSD/hpa-mdo/output/phase9_smooth_geometry_combo_reoptimization/avl_inputs/policy_A_performance_candidate/combo_0146/policy_A_performance_candidate_combo_0146.avl,/Volumes/Samsung SSD/hpa-mdo/output/phase9_smooth_geometry_combo_reoptimization/avl_runs/policy_A_performance_candidate/combo_0146
147,policy_A_performance_candidate,root:fx76mp140|mid1:dae31|mid2:cst_mid2_seedless_sobol_0377_ed2a45eb|tip:cst_tip_nsga2_g05_child_0032_70ef8136,fx76mp140,dae31,cst_mid2_seedless_sobol_0377_ed2a45eb,cst_tip_nsga2_g05_child_0032_70ef8136,ok,,,top_predicted_profile_proxy,0.009735724424364413,0.013260516172211734,False,False,2.3268,1.1685305045195065,1.16853,0.0162219,0.017032995000000002,0.7580801850789973,0.02186957683303167,0.02575945632324015,0.041981356323240154,27.834510527060512,229.04312108531514,277.4262610044999,282.78623678605595,0.04279245132324015,27.306930740957323,1.6993,1.3988,1.0419,0.5831,-2.756734942778401,1.143947373800093,archive_not_mission_grade_sidecar,root:full_polar_candidate_not_mission_grade;mid1:full_polar_mission_grade_candidate;mid2:full_polar_mission_grade_candidate;tip:full_polar_mission_grade_candidate,actual_sidecar_query_not_mission_grade_sidecar,root:actual_sidecar_query_grade;mid1:mixed_actual_sidecar_query_quality;mid2:;tip:,"root:cl_outside_polar_envelope,insufficient_safe_clmax_margin",0.268437345111092,0.30052720677452854,True,False,True,False,/Volumes/Samsung SSD/hpa-mdo/output/phase9_smooth_geometry_combo_reoptimization/avl_inputs/policy_A_performance_candidate/combo_0147/policy_A_performance_candidate_combo_0147.avl,/Volumes/Samsung SSD/hpa-mdo/output/phase9_smooth_geometry_combo_reoptimization/avl_runs/policy_A_performance_candidate/combo_0147
148,policy_A_performance_candidate,root:fx76mp140|mid1:dae21|mid2:dae31|tip:cst_tip_nsga2_g05_child_0102_33bdf605,fx76mp140,dae21,dae31,cst_tip_nsga2_g05_child_0102_33bdf605,ok,,,top_predicted_profile_proxy,0.009740536014492797,0.017209616817630898,False,False,2.19639,1.1685305045195065,1.16853,0.015857,0.01664985,0.7754984901367721,0.019880630582020848,0.02377051007222933,0.039627510072229324,29.487860892335103,216.20093733747765,261.87129037969675,267.11069735225453,0.04042036007222933,28.909453117968173,1.6825,1.3437,1.0493,0.6786,-2.5401458734641107,1.1326378252331293,archive_not_mission_grade_sidecar,root:full_polar_candidate_not_mission_grade;mid1:full_polar_candidate_not_mission_grade;mid2:full_polar_mission_grade_candidate;tip:full_polar_mission_grade_candidate,actual_sidecar_query_not_mission_grade_sidecar,root:actual_sidecar_query_grade;mid1:actual_sidecar_query_grade;mid2:mixed_actual_sidecar_query_quality;tip:,root:insufficient_safe_clmax_margin,0.24650439275029126,0.235392757997605,True,False,True,False,/Volumes/Samsung SSD/hpa-mdo/output/phase9_smooth_geometry_combo_reoptimization/avl_inputs/policy_A_performance_candidate/combo_0148/policy_A_performance_candidate_combo_0148.avl,/Volumes/Samsung SSD/hpa-mdo/output/phase9_smooth_geometry_combo_reoptimization/avl_runs/policy_A_performance_candidate/combo_0148
149,policy_A_performance_candidate,root:dae21|mid1:dae31|mid2:cst_mid2_nsga2_g02_child_0106_7ea30168|tip:cst_tip_nsga2_g05_child_0102_33bdf605,dae21,dae31,cst_mid2_nsga2_g02_child_0106_7ea30168,cst_tip_nsga2_g05_child_0102_33bdf605,ok,,,top_predicted_profile_proxy,0.00975125486749375,0.01613155227776429,False,False,4.33839,1.1685305045195065,1.16853,0.0126823,0.013316415000000002,0.9706390316720345,0.010169873569944556,0.014059753060153037,0.026742053060153037,43.69636474398721,145.9000812161901,176.72005961263335,180.91049481778373,0.027376168060153038,42.68422453982313,1.3211,1.3515,1.2371,0.8512,0.8593323459623828,0.9275734282218857,archive_not_mission_grade_sidecar,root:full_polar_candidate_not_mission_grade;mid1:full_polar_mission_grade_candidate;mid2:full_polar_candidate_not_mission_grade;tip:full_polar_mission_grade_candidate,actual_sidecar_query_grade_sidecar,root:actual_sidecar_query_grade;mid1:mixed_actual_sidecar_query_quality;mid2:;tip:,,0.05070747302784083,0.11275566131969639,True,False,True,False,/Volumes/Samsung SSD/hpa-mdo/output/phase9_smooth_geometry_combo_reoptimization/avl_inputs/policy_A_performance_candidate/combo_0149/policy_A_performance_candidate_combo_0149.avl,/Volumes/Samsung SSD/hpa-mdo/output/phase9_smooth_geometry_combo_reoptimization/avl_runs/policy_A_performance_candidate/combo_0149
150,policy_A_performance_candidate,root:dae21|mid1:dae31|mid2:cst_mid2_seedless_sobol_0377_ed2a45eb|tip:cst_tip_nsga2_g05_child_0102_33bdf605,dae21,dae31,cst_mid2_seedless_sobol_0377_ed2a45eb,cst_tip_nsga2_g05_child_0102_33bdf605,ok,,,top_predicted_profile_proxy,0.009751984168162055,0.01329054921235379,False,False,4.36331,1.1685305045195065,1.16853,0.0126955,0.013330275,0.9696298209108932,0.010178595974810254,0.014068475465018736,0.026763975465018734,43.66057299846238,146.01968611874432,176.86492989188991,181.0597265886237,0.02739875046501874,42.64904364932349,1.3234,1.3536,1.2334,0.8493,1.1903039249281766,0.9180842703916118,archive_not_mission_grade_sidecar,root:full_polar_candidate_not_mission_grade;mid1:full_polar_mission_grade_candidate;mid2:full_polar_mission_grade_candidate;tip:full_polar_mission_grade_candidate,actual_sidecar_query_grade_sidecar,root:actual_sidecar_query_grade;mid1:mixed_actual_sidecar_query_quality;mid2:;tip:,,0.05258332710389613,0.11418787529986119,True,False,True,False,/Volumes/Samsung SSD/hpa-mdo/output/phase9_smooth_geometry_combo_reoptimization/avl_inputs/policy_A_performance_candidate/combo_0150/policy_A_performance_candidate_combo_0150.avl,/Volumes/Samsung SSD/hpa-mdo/output/phase9_smooth_geometry_combo_reoptimization/avl_runs/policy_A_performance_candidate/combo_0150
151,policy_A_performance_candidate,root:dae31|mid1:dae31|mid2:cst_mid2_nsga2_g01_child_0103_58b101ad|tip:cst_tip_nsga2_g05_child_0032_70ef8136,dae31,dae31,cst_mid2_nsga2_g01_child_0103_58b101ad,cst_tip_nsga2_g05_child_0032_70ef8136,ok,,,top_predicted_profile_proxy,0.009753227401188308,0.011418968386497811,True,False,4.22039,1.1685305045195065,1.16853,0.0129652,0.01361346,0.9493947012110372,0.00935094203224507,0.013240821522453552,0.026206021522453552,44.59015282111019,142.97558455511185,173.17779137004828,177.46170126981536,0.026854281522453553,43.51375044394571,1.3496,1.3519,1.2356,0.7791,0.8178304837993547,0.9321899126203005,archive_mission_grade_sidecar,root:full_polar_mission_grade_candidate;mid1:full_polar_mission_grade_candidate;mid2:full_polar_mission_grade_candidate;tip:full_polar_mission_grade_candidate,actual_sidecar_query_grade_sidecar,root:mixed_actual_sidecar_query_quality;mid1:mixed_actual_sidecar_query_quality;mid2:;tip:,,0.07861873064203385,0.1656242300369143,True,False,True,False,/Volumes/Samsung SSD/hpa-mdo/output/phase9_smooth_geometry_combo_reoptimization/avl_inputs/policy_A_performance_candidate/combo_0151/policy_A_performance_candidate_combo_0151.avl,/Volumes/Samsung SSD/hpa-mdo/output/phase9_smooth_geometry_combo_reoptimization/avl_runs/policy_A_performance_candidate/combo_0151
152,policy_A_performance_candidate,root:fx76mp140|mid1:dae31|mid2:cst_mid2_nsga2_g02_child_0106_7ea30168|tip:cst_tip_nsga2_g05_child_0102_33bdf605,fx76mp140,dae31,cst_mid2_nsga2_g02_child_0106_7ea30168,cst_tip_nsga2_g05_child_0102_33bdf605,ok,,,top_predicted_profile_proxy,0.009757669292224836,0.01611081983300778,False,False,2.13624,1.1685305045195065,1.16853,0.0158342,0.01662591,0.7765752281318378,0.019623626640202695,0.023513506130411175,0.03934770613041118,29.69755087238412,214.67437474544138,260.02225623236603,265.2541297194617,0.04013941613041118,29.11179626337869,1.6807,1.3804,1.0324,0.6383,-2.516939901751865,1.1314260878866689,archive_not_mission_grade_sidecar,root:full_polar_candidate_not_mission_grade;mid1:full_polar_mission_grade_candidate;mid2:full_polar_candidate_not_mission_grade;tip:full_polar_mission_grade_candidate,actual_sidecar_query_not_mission_grade_sidecar,root:actual_sidecar_query_grade;mid1:mixed_actual_sidecar_query_quality;mid2:;tip:,root:insufficient_safe_clmax_margin,0.25380814421871883,0.26234946839088785,True,False,True,False,/Volumes/Samsung SSD/hpa-mdo/output/phase9_smooth_geometry_combo_reoptimization/avl_inputs/policy_A_performance_candidate/combo_0152/policy_A_performance_candidate_combo_0152.avl,/Volumes/Samsung SSD/hpa-mdo/output/phase9_smooth_geometry_combo_reoptimization/avl_runs/policy_A_performance_candidate/combo_0152
153,policy_A_performance_candidate,root:fx76mp140|mid1:dae31|mid2:cst_mid2_seedless_sobol_0377_ed2a45eb|tip:cst_tip_nsga2_g05_child_0102_33bdf605,fx76mp140,dae31,cst_mid2_seedless_sobol_0377_ed2a45eb,cst_tip_nsga2_g05_child_0102_33bdf605,ok,,,top_predicted_profile_proxy,0.00975839859289314,0.013269816767597278,False,False,2.16108,1.1685305045195065,1.16853,0.0158695,0.016662975000000003,0.7748610963851837,0.02025863843708008,0.02414851792728856,0.04001801792728856,29.200109476753408,218.33148160199406,264.4518914752835,269.69542864820437,0.04081149292728856,28.63238810208214,1.6831,1.3827,1.0287,0.6364,-2.547881197368192,1.1330417376819493,archive_not_mission_grade_sidecar,root:full_polar_candidate_not_mission_grade;mid1:full_polar_mission_grade_candidate;mid2:full_polar_mission_grade_candidate;tip:full_polar_mission_grade_candidate,actual_sidecar_query_not_mission_grade_sidecar,root:actual_sidecar_query_grade;mid1:mixed_actual_sidecar_query_quality;mid2:;tip:,"root:cl_outside_polar_envelope,insufficient_safe_clmax_margin",0.2556747370111935,0.2637902674515103,True,False,True,False,/Volumes/Samsung SSD/hpa-mdo/output/phase9_smooth_geometry_combo_reoptimization/avl_inputs/policy_A_performance_candidate/combo_0153/policy_A_performance_candidate_combo_0153.avl,/Volumes/Samsung SSD/hpa-mdo/output/phase9_smooth_geometry_combo_reoptimization/avl_runs/policy_A_performance_candidate/combo_0153
154,policy_A_performance_candidate,root:dae31|mid1:fx76mp140|mid2:dae31|tip:cst_tip_nsga2_g05_child_0032_70ef8136,dae31,fx76mp140,dae31,cst_tip_nsga2_g05_child_0032_70ef8136,ok,,,top_predicted_profile_proxy,0.00976063179167001,0.015187726530283035,False,False,1.68203,1.1685305045195065,1.16853,0.0156579,0.016440795,0.7855478374085787,0.013067825748860807,0.01695770523906929,0.032615605239069284,35.827343872796135,177.94518029679548,215.53437535949067,220.70799650066576,0.03339850023906929,34.98751429420681,1.3704,1.6397,1.3972,0.5859,-1.9883594349729394,1.1038254038839594,archive_not_mission_grade_sidecar,root:full_polar_mission_grade_candidate;mid1:full_polar_candidate_not_mission_grade;mid2:full_polar_mission_grade_candidate;tip:full_polar_mission_grade_candidate,actual_sidecar_query_not_mission_grade_sidecar,root:mixed_actual_sidecar_query_quality;mid1:actual_sidecar_query_grade;mid2:mixed_actual_sidecar_query_quality;tip:,mid1:insufficient_safe_clmax_margin,0.20251884401156356,0.3099976762080955,True,False,True,False,/Volumes/Samsung SSD/hpa-mdo/output/phase9_smooth_geometry_combo_reoptimization/avl_inputs/policy_A_performance_candidate/combo_0154/policy_A_performance_candidate_combo_0154.avl,/Volumes/Samsung SSD/hpa-mdo/output/phase9_smooth_geometry_combo_reoptimization/avl_runs/policy_A_performance_candidate/combo_0154
155,policy_A_performance_candidate,root:cst_root_nsga2_g04_child_0066_2124fc90|mid1:dae31|mid2:dae31|tip:cst_tip_nsga2_g05_child_0032_70ef8136,cst_root_nsga2_g04_child_0066_2124fc90,dae31,dae31,cst_tip_nsga2_g05_child_0032_70ef8136,ok,,,top_predicted_profile_proxy,0.009761592663205844,0.011118088330975426,True,False,4.01652,1.1685305045195065,1.16853,0.0129555,0.013603275,0.9500567165041385,0.009415149323352016,0.013305028813560497,0.026260528813560495,44.497599908045146,143.27296704034922,173.5379930236788,177.81869788796416,0.026908303813560498,43.426390329762185,1.3354,1.3361,1.2588,0.7883,1.6366153005805784,0.891502232555717,archive_mission_grade_sidecar,root:full_polar_mission_grade_candidate;mid1:full_polar_mission_grade_candidate;mid2:full_polar_mission_grade_candidate;tip:full_polar_mission_grade_candidate,actual_sidecar_query_grade_sidecar,root:;mid1:mixed_actual_sidecar_query_quality;mid2:mixed_actual_sidecar_query_quality;tip:,,0.07114290408503401,0.16953908566042897,True,False,True,False,/Volumes/Samsung SSD/hpa-mdo/output/phase9_smooth_geometry_combo_reoptimization/avl_inputs/policy_A_performance_candidate/combo_0155/policy_A_performance_candidate_combo_0155.avl,/Volumes/Samsung SSD/hpa-mdo/output/phase9_smooth_geometry_combo_reoptimization/avl_runs/policy_A_performance_candidate/combo_0155
156,policy_A_performance_candidate,root:dae31|mid1:dae21|mid2:cst_mid2_seedless_sobol_0237_e583606c|tip:cst_tip_nsga2_g05_child_0032_70ef8136,dae31,dae21,cst_mid2_seedless_sobol_0237_e583606c,cst_tip_nsga2_g05_child_0032_70ef8136,ok,,,top_predicted_profile_proxy,0.0097619256855546,0.015229411669704197,False,False,4.66713,1.1685305045195065,1.16853,0.0129975,0.013647375000000002,0.9471651187911101,0.009422434664630523,0.013312314154839005,0.026309814154839004,44.414243963961475,143.54185945781347,173.86368635878569,178.15826869629092,0.026959689154839005,43.34361934991993,1.3724,1.3502,1.1951,0.7923,0.9201465844920804,0.9366762746582699,archive_not_mission_grade_sidecar,root:full_polar_mission_grade_candidate;mid1:full_polar_candidate_not_mission_grade;mid2:full_polar_mission_grade_candidate;tip:full_polar_mission_grade_candidate,actual_sidecar_query_grade_sidecar,root:mixed_actual_sidecar_query_quality;mid1:actual_sidecar_query_grade;mid2:;tip:,,0.08778684226948591,0.1540440291299746,True,False,True,False,/Volumes/Samsung SSD/hpa-mdo/output/phase9_smooth_geometry_combo_reoptimization/avl_inputs/policy_A_performance_candidate/combo_0156/policy_A_performance_candidate_combo_0156.avl,/Volumes/Samsung SSD/hpa-mdo/output/phase9_smooth_geometry_combo_reoptimization/avl_runs/policy_A_performance_candidate/combo_0156
157,policy_A_performance_candidate,root:dae31|mid1:dae31|mid2:cst_mid2_nsga2_g01_child_0103_58b101ad|tip:cst_tip_nsga2_g05_child_0102_33bdf605,dae31,dae31,cst_mid2_nsga2_g01_child_0103_58b101ad,cst_tip_nsga2_g05_child_0102_33bdf605,ok,,,top_predicted_profile_proxy,0.009775901569717034,0.011428268981883353,True,False,4.05416,1.1685305045195065,1.16853,0.0127582,0.013396110000000001,0.9647324072195721,0.010151418511471716,0.014041298001680198,0.0267994980016802,43.60270123142774,146.21349102116727,177.09967420199524,181.31518798375012,0.0274374080016802,42.58895390001666,1.3334,1.3359,1.2225,0.8321,0.937027884633772,0.9223067078167021,archive_mission_grade_sidecar,root:full_polar_mission_grade_candidate;mid1:full_polar_mission_grade_candidate;mid2:full_polar_mission_grade_candidate;tip:full_polar_mission_grade_candidate,actual_sidecar_query_grade_sidecar,root:mixed_actual_sidecar_query_quality;mid1:mixed_actual_sidecar_query_quality;mid2:;tip:,,0.06036915492350413,0.12597671435430602,True,False,True,False,/Volumes/Samsung SSD/hpa-mdo/output/phase9_smooth_geometry_combo_reoptimization/avl_inputs/policy_A_performance_candidate/combo_0157/policy_A_performance_candidate_combo_0157.avl,/Volumes/Samsung SSD/hpa-mdo/output/phase9_smooth_geometry_combo_reoptimization/avl_runs/policy_A_performance_candidate/combo_0157
158,policy_A_performance_candidate,root:dae31|mid1:fx76mp140|mid2:dae31|tip:cst_tip_nsga2_g05_child_0102_33bdf605,dae31,fx76mp140,dae31,cst_tip_nsga2_g05_child_0102_33bdf605,ok,,,top_predicted_profile_proxy,0.009783305960198736,0.015197027125668578,False,False,1.51652,1.1685305045195065,1.16853,0.015197,0.01595685,0.8093167474811176,0.01312794648612797,0.01701782597633645,0.03221482597633645,36.27306586656268,175.75859698357883,212.88589750917978,217.90722990256822,0.03297467597633645,35.43720961376775,1.3542,1.6242,1.3841,0.6391,-1.7885302341174942,1.0933909989561061,archive_not_mission_grade_sidecar,root:full_polar_mission_grade_candidate;mid1:full_polar_candidate_not_mission_grade;mid2:full_polar_mission_grade_candidate;tip:full_polar_mission_grade_candidate,actual_sidecar_query_not_mission_grade_sidecar,root:mixed_actual_sidecar_query_quality;mid1:actual_sidecar_query_grade;mid2:mixed_actual_sidecar_query_quality;tip:,mid1:insufficient_safe_clmax_margin,0.1881769095582424,0.26537645842565555,True,False,True,False,/Volumes/Samsung SSD/hpa-mdo/output/phase9_smooth_geometry_combo_reoptimization/avl_inputs/policy_A_performance_candidate/combo_0158/policy_A_performance_candidate_combo_0158.avl,/Volumes/Samsung SSD/hpa-mdo/output/phase9_smooth_geometry_combo_reoptimization/avl_runs/policy_A_performance_candidate/combo_0158
159,policy_A_performance_candidate,root:cst_root_nsga2_g04_child_0066_2124fc90|mid1:dae31|mid2:dae31|tip:cst_tip_nsga2_g05_child_0102_33bdf605,cst_root_nsga2_g04_child_0066_2124fc90,dae31,dae31,cst_tip_nsga2_g05_child_0102_33bdf605,ok,,,top_predicted_profile_proxy,0.00978426683173457,0.011127388926360969,True,False,3.85029,1.1685305045195065,1.16853,0.0127286,0.01336503,0.9669427444842769,0.010268362911476075,0.014158242401684555,0.026886842401684555,43.4610538144224,146.69002717288868,177.6768739981694,181.8826074654646,0.027523272401684555,42.45608906766431,1.3192,1.3199,1.2457,0.8414,1.7996666100098386,0.8806929097749352,archive_mission_grade_sidecar,root:full_polar_mission_grade_candidate;mid1:full_polar_mission_grade_candidate;mid2:full_polar_mission_grade_candidate;tip:full_polar_mission_grade_candidate,actual_sidecar_query_grade_sidecar,root:;mid1:mixed_actual_sidecar_query_quality;mid2:mixed_actual_sidecar_query_quality;tip:,,0.0514761860276424,0.125058688553084,True,False,True,False,/Volumes/Samsung SSD/hpa-mdo/output/phase9_smooth_geometry_combo_reoptimization/avl_inputs/policy_A_performance_candidate/combo_0159/policy_A_performance_candidate_combo_0159.avl,/Volumes/Samsung SSD/hpa-mdo/output/phase9_smooth_geometry_combo_reoptimization/avl_runs/policy_A_performance_candidate/combo_0159
160,policy_A_performance_candidate,root:dae31|mid1:dae21|mid2:cst_mid2_seedless_sobol_0237_e583606c|tip:cst_tip_nsga2_g05_child_0102_33bdf605,dae31,dae21,cst_mid2_seedless_sobol_0237_e583606c,cst_tip_nsga2_g05_child_0102_33bdf605,ok,,,top_predicted_profile_proxy,0.009784599854083328,0.015238712265089738,False,False,4.50086,1.1685305045195065,1.16853,0.012835,0.01347675,0.9591076118967677,0.010262074200129168,0.01415195369033765,0.02698695369033765,43.2998299077337,147.2362172919603,178.338441487355,182.57933122014046,0.02762870369033765,42.29407639302914,1.3562,1.3342,1.182,0.8453,1.0814345489315402,0.925576570618474,archive_not_mission_grade_sidecar,root:full_polar_mission_grade_candidate;mid1:full_polar_candidate_not_mission_grade;mid2:full_polar_mission_grade_candidate;tip:full_polar_mission_grade_candidate,actual_sidecar_query_grade_sidecar,root:mixed_actual_sidecar_query_quality;mid1:actual_sidecar_query_grade;mid2:;tip:,,0.07340018897728881,0.1174918073574257,True,False,True,False,/Volumes/Samsung SSD/hpa-mdo/output/phase9_smooth_geometry_combo_reoptimization/avl_inputs/policy_A_performance_candidate/combo_0160/policy_A_performance_candidate_combo_0160.avl,/Volumes/Samsung SSD/hpa-mdo/output/phase9_smooth_geometry_combo_reoptimization/avl_runs/policy_A_performance_candidate/combo_0160
161,policy_A_performance_candidate,root:dae21|mid1:dae31|mid2:cst_mid2_nsga2_g01_child_0103_58b101ad|tip:cst_tip_nsga2_g05_child_0032_70ef8136,dae21,dae31,cst_mid2_nsga2_g01_child_0103_58b101ad,cst_tip_nsga2_g05_child_0032_70ef8136,ok,,,top_predicted_profile_proxy,0.009787958838799994,0.013484801252296879,False,False,4.45584,1.1685305045195065,1.16853,0.0128494,0.013491870000000001,0.9580491702196843,0.009385502349659004,0.013275381839867484,0.026124781839867484,44.72881387802754,142.53235470059684,172.6409335036299,176.8865812272336,0.026767251839867487,43.655228841202224,1.3328,1.3633,1.2573,0.8018,0.6203813541728789,0.9485613282109937,archive_not_mission_grade_sidecar,root:full_polar_candidate_not_mission_grade;mid1:full_polar_mission_grade_candidate;mid2:full_polar_mission_grade_candidate;tip:full_polar_mission_grade_candidate,actual_sidecar_query_grade_sidecar,root:actual_sidecar_query_grade;mid1:mixed_actual_sidecar_query_quality;mid2:;tip:,,0.06550803110404,0.15008079026788368,True,False,True,False,/Volumes/Samsung SSD/hpa-mdo/output/phase9_smooth_geometry_combo_reoptimization/avl_inputs/policy_A_performance_candidate/combo_0161/policy_A_performance_candidate_combo_0161.avl,/Volumes/Samsung SSD/hpa-mdo/output/phase9_smooth_geometry_combo_reoptimization/avl_runs/policy_A_performance_candidate/combo_0161
162,policy_A_performance_candidate,root:fx76mp140|mid1:dae31|mid2:cst_mid2_nsga2_g01_child_0103_58b101ad|tip:cst_tip_nsga2_g05_child_0032_70ef8136,fx76mp140,dae31,cst_mid2_nsga2_g01_child_0103_58b101ad,cst_tip_nsga2_g05_child_0032_70ef8136,ok,,,top_predicted_profile_proxy,0.009794373263531081,0.013464068807540367,False,False,2.25327,1.1685305045195065,1.16853,0.0161287,0.016935135,0.7624346387556836,0.02122230874371033,0.025112188233918812,0.04124088823391881,28.33427102470702,225.00325346082977,272.53301049034616,277.86219149799535,0.04204732323391881,27.790841714672435,1.6923,1.3922,1.0528,0.5887,-2.6664894972307778,1.1392350618971914,archive_not_mission_grade_sidecar,root:full_polar_candidate_not_mission_grade;mid1:full_polar_mission_grade_candidate;mid2:full_polar_mission_grade_candidate;tip:full_polar_mission_grade_candidate,actual_sidecar_query_not_mission_grade_sidecar,root:actual_sidecar_query_grade;mid1:mixed_actual_sidecar_query_quality;mid2:;tip:,"root:cl_outside_polar_envelope,insufficient_safe_clmax_margin",0.26305542699435086,0.2971464746711053,True,False,True,False,/Volumes/Samsung SSD/hpa-mdo/output/phase9_smooth_geometry_combo_reoptimization/avl_inputs/policy_A_performance_candidate/combo_0162/policy_A_performance_candidate_combo_0162.avl,/Volumes/Samsung SSD/hpa-mdo/output/phase9_smooth_geometry_combo_reoptimization/avl_runs/policy_A_performance_candidate/combo_0162
163,policy_A_performance_candidate,root:dae21|mid1:fx76mp140|mid2:dae31|tip:cst_tip_nsga2_g05_child_0032_70ef8136,dae21,fx76mp140,dae31,cst_tip_nsga2_g05_child_0032_70ef8136,ok,,,top_predicted_profile_proxy,0.009795363229281696,0.017253559396082106,False,False,1.91724,1.1685305045195065,1.16853,0.0158324,0.01662402,0.7770095532391947,0.015115766116416454,0.019005645606624936,0.034838045606624936,33.5417927203498,190.07043595293894,230.22097378020703,235.45225251845034,0.035629665606624936,32.79656108538474,1.3534,1.6583,1.4191,0.6087,-2.2281544759994776,1.1163466897973837,archive_not_mission_grade_sidecar,root:full_polar_candidate_not_mission_grade;mid1:full_polar_candidate_not_mission_grade;mid2:full_polar_mission_grade_candidate;tip:full_polar_mission_grade_candidate,actual_sidecar_query_not_mission_grade_sidecar,root:actual_sidecar_query_grade;mid1:actual_sidecar_query_grade;mid2:mixed_actual_sidecar_query_quality;tip:,mid1:insufficient_safe_clmax_margin,0.20938723380319357,0.2945968477521581,True,False,True,False,/Volumes/Samsung SSD/hpa-mdo/output/phase9_smooth_geometry_combo_reoptimization/avl_inputs/policy_A_performance_candidate/combo_0163/policy_A_performance_candidate_combo_0163.avl,/Volumes/Samsung SSD/hpa-mdo/output/phase9_smooth_geometry_combo_reoptimization/avl_runs/policy_A_performance_candidate/combo_0163
164,policy_A_performance_candidate,root:dae21|mid1:dae21|mid2:cst_mid2_seedless_sobol_0237_e583606c|tip:cst_tip_nsga2_g05_child_0032_70ef8136,dae21,dae21,cst_mid2_seedless_sobol_0237_e583606c,cst_tip_nsga2_g05_child_0032_70ef8136,ok,,,top_predicted_profile_proxy,0.00979665712316629,0.017295244535503265,False,False,4.90252,1.1685305045195065,1.16853,0.0128338,0.01347549,0.9593451312789562,0.009417892880114836,0.013307772370323316,0.026141572370323315,44.700084905606396,142.62396097150125,172.7518907116052,176.99238394515584,0.026783262370323316,43.629132566549266,1.3432,1.3454,1.2169,0.815,0.9685329738239198,0.933346363446331,archive_not_mission_grade_sidecar,root:full_polar_candidate_not_mission_grade;mid1:full_polar_candidate_not_mission_grade;mid2:full_polar_mission_grade_candidate;tip:full_polar_mission_grade_candidate,actual_sidecar_query_grade_sidecar,root:actual_sidecar_query_grade;mid1:actual_sidecar_query_grade;mid2:;tip:,,0.06925307949380252,0.13809755782216138,True,False,True,False,/Volumes/Samsung SSD/hpa-mdo/output/phase9_smooth_geometry_combo_reoptimization/avl_inputs/policy_A_performance_candidate/combo_0164/policy_A_performance_candidate_combo_0164.avl,/Volumes/Samsung SSD/hpa-mdo/output/phase9_smooth_geometry_combo_reoptimization/avl_runs/policy_A_performance_candidate/combo_0164
165,policy_A_performance_candidate,root:dae11|mid1:dae31|mid2:cst_mid2_seedless_sobol_0237_e583606c|tip:cst_tip_nsga2_g05_child_0032_70ef8136,dae11,dae31,cst_mid2_seedless_sobol_0237_e583606c,cst_tip_nsga2_g05_child_0032_70ef8136,ok,,,top_predicted_profile_proxy,0.009796935517273092,0.01321197480394522,False,False,4.67079,1.1685305045195065,1.16853,0.012907,0.013552350000000001,0.9538553560490491,0.009726675125216052,0.013616554615424534,0.026523554615424536,44.05633111634132,144.7079909619455,175.27615184344177,179.5408315303184,0.027168904615424535,43.00984971827313,1.3441,1.3803,1.238,0.7955,1.1917469131254343,0.9209943354514304,archive_not_mission_grade_sidecar,root:full_polar_candidate_not_mission_grade;mid1:full_polar_mission_grade_candidate;mid2:full_polar_mission_grade_candidate;tip:full_polar_mission_grade_candidate,actual_sidecar_query_grade_sidecar,root:actual_sidecar_query_grade;mid1:mixed_actual_sidecar_query_quality;mid2:;tip:,,0.07396313608760569,0.15171369281574065,True,False,True,False,/Volumes/Samsung SSD/hpa-mdo/output/phase9_smooth_geometry_combo_reoptimization/avl_inputs/policy_A_performance_candidate/combo_0165/policy_A_performance_candidate_combo_0165.avl,/Volumes/Samsung SSD/hpa-mdo/output/phase9_smooth_geometry_combo_reoptimization/avl_runs/policy_A_performance_candidate/combo_0165
166,policy_A_performance_candidate,root:dae31|mid1:dae31|mid2:dae31|tip:cst_tip_nsga2_g02_child_0093_97ccea59,dae31,dae31,dae31,cst_tip_nsga2_g02_child_0093_97ccea59,ok,,,top_predicted_profile_proxy,0.009797869810519668,0.011093696799919527,True,False,3.79204,1.1685305045195065,1.16853,0.0126288,0.013260240000000001,0.9745506971617621,0.009601672830325945,0.013491552320534426,0.026120352320534425,44.7363990416343,142.5081879984746,172.6116618198578,176.78441976745432,0.02675179232053443,43.680456640752,1.3088,1.3122,1.2414,0.8726,1.8771663064669568,0.875555145243329,archive_mission_grade_sidecar,root:full_polar_mission_grade_candidate;mid1:full_polar_mission_grade_candidate;mid2:full_polar_mission_grade_candidate;tip:full_polar_mission_grade_candidate,actual_sidecar_query_grade_sidecar,root:mixed_actual_sidecar_query_quality;mid1:mixed_actual_sidecar_query_quality;mid2:mixed_actual_sidecar_query_quality;tip:,,0.04044686064955338,0.09992612894945341,True,False,True,False,/Volumes/Samsung SSD/hpa-mdo/output/phase9_smooth_geometry_combo_reoptimization/avl_inputs/policy_A_performance_candidate/combo_0166/policy_A_performance_candidate_combo_0166.avl,/Volumes/Samsung SSD/hpa-mdo/output/phase9_smooth_geometry_combo_reoptimization/avl_runs/policy_A_performance_candidate/combo_0166
167,policy_A_performance_candidate,root:dae31|mid1:dae31|mid2:dae31|tip:cst_tip_nsga2_g06_child_0056_b3f9b7c4,dae31,dae31,dae31,cst_tip_nsga2_g06_child_0056_b3f9b7c4,ok,,,top_predicted_profile_proxy,0.009799877945099903,0.011107614733438118,True,False,3.58436,1.1685305045195065,1.16853,0.0125118,0.01313739,0.9836133488518805,0.009504726441338953,0.013394605931547433,0.025906405931547433,45.105851718957766,141.34093298410085,171.1978354943082,175.33193476650646,0.026531995931547432,44.04231432623147,1.2885,1.2921,1.225,0.9389,2.0794707089069653,0.8621435780893959,archive_mission_grade_sidecar,root:full_polar_mission_grade_candidate;mid1:full_polar_mission_grade_candidate;mid2:full_polar_mission_grade_candidate;tip:full_polar_mission_grade_candidate,actual_sidecar_query_grade_sidecar,root:mixed_actual_sidecar_query_quality;mid1:mixed_actual_sidecar_query_quality;mid2:mixed_actual_sidecar_query_quality;tip:,,0.028774367133660213,0.09130987999161738,True,False,True,False,/Volumes/Samsung SSD/hpa-mdo/output/phase9_smooth_geometry_combo_reoptimization/avl_inputs/policy_A_performance_candidate/combo_0167/policy_A_performance_candidate_combo_0167.avl,/Volumes/Samsung SSD/hpa-mdo/output/phase9_smooth_geometry_combo_reoptimization/avl_runs/policy_A_performance_candidate/combo_0167
168,policy_A_performance_candidate,root:fx76mp140|mid1:fx76mp140|mid2:dae31|tip:cst_tip_nsga2_g05_child_0032_70ef8136,fx76mp140,fx76mp140,dae31,cst_tip_nsga2_g05_child_0032_70ef8136,ok,,,top_predicted_profile_proxy,0.009801777654012783,0.017232826951325594,False,False,-0.28798,1.1685305045195065,1.16853,0.0163962,0.01721601,0.7491991959110886,0.011080776647986392,0.014970656138194875,0.03136685613819487,37.25366990466754,171.13221814963345,207.2822409758157,212.69980827123428,0.032186666138194875,36.304800860777846,1.5143,1.515,1.213,0.3943,-0.380701283574602,1.0198789332708413,archive_not_mission_grade_sidecar,root:full_polar_candidate_not_mission_grade;mid1:full_polar_candidate_not_mission_grade;mid2:full_polar_mission_grade_candidate;tip:full_polar_mission_grade_candidate,actual_sidecar_query_not_mission_grade_sidecar,root:actual_sidecar_query_grade;mid1:actual_sidecar_query_grade;mid2:mixed_actual_sidecar_query_quality;tip:,root:insufficient_safe_clmax_margin|mid1:insufficient_safe_clmax_margin,0.25433079349977383,0.4392999691516739,True,False,True,False,/Volumes/Samsung SSD/hpa-mdo/output/phase9_smooth_geometry_combo_reoptimization/avl_inputs/policy_A_performance_candidate/combo_0168/policy_A_performance_candidate_combo_0168.avl,/Volumes/Samsung SSD/hpa-mdo/output/phase9_smooth_geometry_combo_reoptimization/avl_runs/policy_A_performance_candidate/combo_0168
169,policy_A_performance_candidate,root:fx76mp140|mid1:dae21|mid2:cst_mid2_seedless_sobol_0237_e583606c|tip:cst_tip_nsga2_g05_child_0032_70ef8136,fx76mp140,dae21,cst_mid2_seedless_sobol_0237_e583606c,cst_tip_nsga2_g05_child_0032_70ef8136,ok,,,top_predicted_profile_proxy,0.009803071547897373,0.017274512090746753,False,False,2.6996,1.1685305045195065,1.16853,0.016563,0.01739115,0.7425827040231432,0.023032651586953452,0.026922531077161933,0.04348553107716194,26.87170825730594,237.24964203817103,287.3663299880948,292.83901067715794,0.04431368107716194,26.369520114674817,1.7308,1.3906,1.0124,0.602,-3.162839447742694,1.16515277736315,archive_not_mission_grade_sidecar,root:full_polar_candidate_not_mission_grade;mid1:full_polar_candidate_not_mission_grade;mid2:full_polar_mission_grade_candidate;tip:full_polar_mission_grade_candidate,actual_sidecar_query_not_mission_grade_sidecar,root:actual_sidecar_query_grade;mid1:actual_sidecar_query_grade;mid2:;tip:,"root:cl_outside_polar_envelope,insufficient_safe_clmax_margin",0.2815650858661188,0.2877406462856745,True,False,True,False,/Volumes/Samsung SSD/hpa-mdo/output/phase9_smooth_geometry_combo_reoptimization/avl_inputs/policy_A_performance_candidate/combo_0169/policy_A_performance_candidate_combo_0169.avl,/Volumes/Samsung SSD/hpa-mdo/output/phase9_smooth_geometry_combo_reoptimization/avl_runs/policy_A_performance_candidate/combo_0169
170,policy_A_performance_candidate,root:dae21|mid1:dae31|mid2:cst_mid2_nsga2_g01_child_0103_58b101ad|tip:cst_tip_nsga2_g05_child_0102_33bdf605,dae21,dae31,cst_mid2_nsga2_g01_child_0103_58b101ad,cst_tip_nsga2_g05_child_0102_33bdf605,ok,,,top_predicted_profile_proxy,0.009810633007328722,0.013494101847682422,False,False,4.28957,1.1685305045195065,1.16853,0.0126606,0.013293629999999999,0.9722860358796968,0.010232677681519463,0.014122557171727945,0.026783157171727946,43.62930393258478,146.12433823952367,176.99168875911298,181.1749539364331,0.027416187171727946,42.62191883941162,1.3166,1.3475,1.2443,0.8548,0.7386688511841327,0.9387535677188732,archive_not_mission_grade_sidecar,root:full_polar_candidate_not_mission_grade;mid1:full_polar_mission_grade_candidate;mid2:full_polar_mission_grade_candidate;tip:full_polar_mission_grade_candidate,actual_sidecar_query_grade_sidecar,root:actual_sidecar_query_grade;mid1:mixed_actual_sidecar_query_quality;mid2:;tip:,,0.047345662533526366,0.11001731842802442,True,False,True,False,/Volumes/Samsung SSD/hpa-mdo/output/phase9_smooth_geometry_combo_reoptimization/avl_inputs/policy_A_performance_candidate/combo_0170/policy_A_performance_candidate_combo_0170.avl,/Volumes/Samsung SSD/hpa-mdo/output/phase9_smooth_geometry_combo_reoptimization/avl_runs/policy_A_performance_candidate/combo_0170
171,policy_A_performance_candidate,root:dae31|mid1:dae31|mid2:dae21|tip:cst_tip_nsga2_g05_child_0032_70ef8136,dae31,dae31,dae21,cst_tip_nsga2_g05_child_0032_70ef8136,ok,,,top_predicted_profile_proxy,0.009810727104412068,0.013976995292961435,False,False,4.1448,1.1685305045195065,1.16853,0.0129433,0.013590465,0.9509684999463044,0.009333390305698366,0.013223269795906847,0.026166569795906848,44.65738205786132,142.76034266271355,172.91708171355808,177.1937555022891,0.026813734795906846,43.57955030933939,1.3426,1.3453,1.2467,0.7846,1.5440182606577895,0.8976408603077658,archive_not_mission_grade_sidecar,root:full_polar_mission_grade_candidate;mid1:full_polar_mission_grade_candidate;mid2:full_polar_candidate_not_mission_grade;tip:full_polar_mission_grade_candidate,actual_sidecar_query_grade_sidecar,root:mixed_actual_sidecar_query_quality;mid1:mixed_actual_sidecar_query_quality;mid2:actual_sidecar_query_grade;tip:,,0.07399800676734442,0.1660600431536119,True,False,True,False,/Volumes/Samsung SSD/hpa-mdo/output/phase9_smooth_geometry_combo_reoptimization/avl_inputs/policy_A_performance_candidate/combo_0171/policy_A_performance_candidate_combo_0171.avl,/Volumes/Samsung SSD/hpa-mdo/output/phase9_smooth_geometry_combo_reoptimization/avl_runs/policy_A_performance_candidate/combo_0171
172,policy_A_performance_candidate,root:fx76mp140|mid1:dae31|mid2:cst_mid2_nsga2_g01_child_0103_58b101ad|tip:cst_tip_nsga2_g05_child_0102_33bdf605,fx76mp140,dae31,cst_mid2_nsga2_g01_child_0103_58b101ad,cst_tip_nsga2_g05_child_0102_33bdf605,ok,,,top_predicted_profile_proxy,0.009817047432059809,0.01347336940292591,False,False,2.08758,1.1685305045195065,1.16853,0.0157693,0.016557765000000002,0.7797579339153062,0.01880543213100185,0.02269531162121033,0.03846461162121033,30.379365740824227,209.85636169595125,254.18648461234406,259.3969140991546,0.03925307662121033,29.769144360217947,1.6761,1.376,1.0396,0.6419,-2.457635751820569,1.1283294257790477,archive_not_mission_grade_sidecar,root:full_polar_candidate_not_mission_grade;mid1:full_polar_mission_grade_candidate;mid2:full_polar_mission_grade_candidate;tip:full_polar_mission_grade_candidate,actual_sidecar_query_not_mission_grade_sidecar,root:actual_sidecar_query_grade;mid1:mixed_actual_sidecar_query_quality;mid2:;tip:,root:insufficient_safe_clmax_margin,0.2501913217048254,0.2596131096706853,True,False,True,False,/Volumes/Samsung SSD/hpa-mdo/output/phase9_smooth_geometry_combo_reoptimization/avl_inputs/policy_A_performance_candidate/combo_0172/policy_A_performance_candidate_combo_0172.avl,/Volumes/Samsung SSD/hpa-mdo/output/phase9_smooth_geometry_combo_reoptimization/avl_runs/policy_A_performance_candidate/combo_0172
173,policy_A_performance_candidate,root:dae21|mid1:fx76mp140|mid2:dae31|tip:cst_tip_nsga2_g05_child_0102_33bdf605,dae21,fx76mp140,dae31,cst_tip_nsga2_g05_child_0102_33bdf605,ok,,,top_predicted_profile_proxy,0.009818037397810423,0.017262859991467646,False,False,1.75161,1.1685305045195065,1.16853,0.0153898,0.01615929,0.7993010379494393,0.014104083239085071,0.01799396272929355,0.033383762729293553,35.00295979201126,182.13611657077743,220.61060631150366,225.69564291529187,0.03415325272929355,34.21432546356697,1.3372,1.6429,1.406,0.662,-2.02961449579471,1.1059796036110003,archive_not_mission_grade_sidecar,root:full_polar_candidate_not_mission_grade;mid1:full_polar_candidate_not_mission_grade;mid2:full_polar_mission_grade_candidate;tip:full_polar_mission_grade_candidate,actual_sidecar_query_not_mission_grade_sidecar,root:actual_sidecar_query_grade;mid1:actual_sidecar_query_grade;mid2:mixed_actual_sidecar_query_quality;tip:,mid1:insufficient_safe_clmax_margin,0.19681286872963283,0.24991581846862043,True,False,True,False,/Volumes/Samsung SSD/hpa-mdo/output/phase9_smooth_geometry_combo_reoptimization/avl_inputs/policy_A_performance_candidate/combo_0173/policy_A_performance_candidate_combo_0173.avl,/Volumes/Samsung SSD/hpa-mdo/output/phase9_smooth_geometry_combo_reoptimization/avl_runs/policy_A_performance_candidate/combo_0173
174,policy_A_performance_candidate,root:dae21|mid1:dae21|mid2:cst_mid2_seedless_sobol_0237_e583606c|tip:cst_tip_nsga2_g05_child_0102_33bdf605,dae21,dae21,cst_mid2_seedless_sobol_0237_e583606c,cst_tip_nsga2_g05_child_0102_33bdf605,ok,,,top_predicted_profile_proxy,0.009819331291695016,0.017304545130888804,False,False,4.73623,1.1685305045195065,1.16853,0.0126895,0.013323975,0.9702045849344006,0.01026026450554756,0.01415014399575604,0.02683964399575604,43.53748152189641,146.43252071881219,177.36497180088685,181.55778600144637,0.02747411899575604,42.53204642157992,1.327,1.3294,1.2038,0.868,1.1298209382633795,0.9222466594065352,archive_not_mission_grade_sidecar,root:full_polar_candidate_not_mission_grade;mid1:full_polar_candidate_not_mission_grade;mid2:full_polar_mission_grade_candidate;tip:full_polar_mission_grade_candidate,actual_sidecar_query_grade_sidecar,root:actual_sidecar_query_grade;mid1:actual_sidecar_query_grade;mid2:;tip:,,0.054427312482072825,0.1015385478483174,True,False,True,False,/Volumes/Samsung SSD/hpa-mdo/output/phase9_smooth_geometry_combo_reoptimization/avl_inputs/policy_A_performance_candidate/combo_0174/policy_A_performance_candidate_combo_0174.avl,/Volumes/Samsung SSD/hpa-mdo/output/phase9_smooth_geometry_combo_reoptimization/avl_runs/policy_A_performance_candidate/combo_0174
175,policy_A_performance_candidate,root:cst_root_nsga2_g04_child_0066_2124fc90|mid1:dae21|mid2:cst_mid2_nsga2_g01_child_0046_9585b968|tip:cst_tip_nsga2_g04_child_0123_01770232,cst_root_nsga2_g04_child_0066_2124fc90,dae21,cst_mid2_nsga2_g01_child_0046_9585b968,cst_tip_nsga2_g04_child_0123_01770232,ok,,raw_best,known_policy_or_baseline,0.010664973687964818,0.016201820322217567,False,False,4.44343,1.1685305045195065,1.16853,0.0128493,0.013491765,0.9580402199882495,0.010410981971401756,0.014300861461610238,0.027150161461610235,43.039541631153256,148.12665106046046,179.41697076121665,183.66258544321744,0.027792626461610237,42.044623099352975,1.3585,1.3314,1.1691,0.8609,0.9522752335364325,0.9236341224115097,archive_not_mission_grade_sidecar,root:full_polar_mission_grade_candidate;mid1:full_polar_candidate_not_mission_grade;mid2:full_polar_mission_grade_candidate;tip:full_polar_mission_grade_candidate,actual_sidecar_query_not_mission_grade_sidecar,root:;mid1:actual_sidecar_query_grade;mid2:;tip:,mid2:cl_outside_polar_envelope,0.0752294102049643,0.11361603683490606,True,False,True,False,/Volumes/Samsung SSD/hpa-mdo/output/phase9_smooth_geometry_combo_reoptimization/avl_inputs/policy_A_performance_candidate/combo_0175/policy_A_performance_candidate_combo_0175.avl,/Volumes/Samsung SSD/hpa-mdo/output/phase9_smooth_geometry_combo_reoptimization/avl_runs/policy_A_performance_candidate/combo_0175
176,policy_A_performance_candidate,root:cst_root_nsga2_g05_child_0019_00cc4dca|mid1:cst_mid1_nsga2_g06_child_0001_a86879e2|mid2:dae31|tip:dae41,cst_root_nsga2_g05_child_0019_00cc4dca,cst_mid1_nsga2_g06_child_0001_a86879e2,dae31,dae41,ok,,policy_F,known_policy_or_baseline,0.010915942951362324,0.011815714598353202,True,False,3.99991,1.1685305045195065,1.16853,0.0126013,0.013231365,0.9767778392193665,0.01082173487401093,0.014711614364219413,0.027312914364219412,42.78307649403793,149.01460314310108,180.49249411712825,184.65616562392606,0.02794297936421941,41.81839342499723,1.3026,1.304,1.242,0.8865,2.58372198066042,0.8287147465266076,archive_mission_grade_sidecar,root:full_polar_mission_grade_candidate;mid1:full_polar_mission_grade_candidate;mid2:full_polar_mission_grade_candidate;tip:full_polar_mission_grade_candidate,actual_sidecar_query_grade_sidecar,root:actual_sidecar_query_grade;mid1:actual_sidecar_query_grade;mid2:mixed_actual_sidecar_query_quality;tip:actual_sidecar_query_not_mission_grade,,0.036323855819265706,0.09061939466149926,True,False,True,False,/Volumes/Samsung SSD/hpa-mdo/output/phase9_smooth_geometry_combo_reoptimization/avl_inputs/policy_A_performance_candidate/combo_0176/policy_A_performance_candidate_combo_0176.avl,/Volumes/Samsung SSD/hpa-mdo/output/phase9_smooth_geometry_combo_reoptimization/avl_runs/policy_A_performance_candidate/combo_0176
177,policy_A_performance_candidate,root:cst_root_nsga2_g05_child_0019_00cc4dca|mid1:cst_mid1_nsga2_g05_child_0114_b5496e0b|mid2:dae31|tip:clarkysm,cst_root_nsga2_g05_child_0019_00cc4dca,cst_mid1_nsga2_g05_child_0114_b5496e0b,dae31,clarkysm,ok,,conservative_best,known_policy_or_baseline,0.010933438278090894,0.011892719181142687,True,False,3.47917,1.1685305045195065,1.16853,0.012548,0.0131754,0.9807757011607393,0.010816120714350968,0.01470600020455945,0.02725400020455945,42.87555939491104,148.6931775345348,180.10317046334157,184.2492307957913,0.02788140020455945,41.910753977428165,1.295,1.3345,1.2528,0.8988,2.4750211077075805,0.8359209617137955,archive_mission_grade_sidecar,root:full_polar_mission_grade_candidate;mid1:full_polar_mission_grade_candidate;mid2:full_polar_mission_grade_candidate;tip:full_polar_mission_grade_candidate,actual_sidecar_query_grade_sidecar,root:actual_sidecar_query_grade;mid1:actual_sidecar_query_grade;mid2:mixed_actual_sidecar_query_quality;tip:actual_sidecar_query_grade,,0.03368778633349409,0.07929396741450245,True,False,False,False,/Volumes/Samsung SSD/hpa-mdo/output/phase9_smooth_geometry_combo_reoptimization/avl_inputs/policy_A_performance_candidate/combo_0177/policy_A_performance_candidate_combo_0177.avl,/Volumes/Samsung SSD/hpa-mdo/output/phase9_smooth_geometry_combo_reoptimization/avl_runs/policy_A_performance_candidate/combo_0177
178,policy_A_performance_candidate,root:fx76mp140|mid1:fx76mp140|mid2:clarkysm|tip:clarkysm,fx76mp140,fx76mp140,clarkysm,clarkysm,ok,,old_fx_clark_baseline,known_policy_or_baseline,0.011157500388042554,0.018618288796014938,False,True,-0.27498,1.1685305045195065,1.16853,0.0159744,0.01677312,0.7690079770388352,0.011419794610899519,0.015309674101108,0.031284074101108,37.352248327468324,170.6805734719773,206.73519073640662,212.0133885507742,0.032082794101107995,36.42234216997798,1.5135,1.5137,1.1231,0.4903,-0.36394141511575984,1.0190037896317312,archive_not_mission_grade_sidecar,root:full_polar_candidate_not_mission_grade;mid1:full_polar_candidate_not_mission_grade;mid2:full_polar_mission_grade_candidate;tip:full_polar_mission_grade_candidate,actual_sidecar_query_not_mission_grade_sidecar,root:actual_sidecar_query_grade;mid1:actual_sidecar_query_grade;mid2:actual_sidecar_query_grade;tip:actual_sidecar_query_grade,root:insufficient_safe_clmax_margin|mid1:insufficient_safe_clmax_margin,0.24510059912247217,0.39945063649122947,True,False,False,True,/Volumes/Samsung SSD/hpa-mdo/output/phase9_smooth_geometry_combo_reoptimization/avl_inputs/policy_A_performance_candidate/combo_0178/policy_A_performance_candidate_combo_0178.avl,/Volumes/Samsung SSD/hpa-mdo/output/phase9_smooth_geometry_combo_reoptimization/avl_runs/policy_A_performance_candidate/combo_0178
179,policy_A_performance_candidate,root:dae11|mid1:dae11|mid2:clarkysm|tip:clarkysm,dae11,dae11,clarkysm,clarkysm,ok,,policy_A,known_policy_or_baseline,0.011583542514883666,0.019004509615365206,False,True,4.69049,1.1685305045195065,1.16853,0.0126505,0.013283025,0.9732122762326378,0.010972482382460663,0.014862361872669143,0.027512861872669145,42.47215393031529,150.10548265247053,181.8138113523141,185.99373932774085,0.028145386872669143,41.51765650996326,1.3065,1.309,1.1792,0.944,1.2327306186709244,0.9039002991725352,archive_not_mission_grade_sidecar,root:full_polar_candidate_not_mission_grade;mid1:full_polar_candidate_not_mission_grade;mid2:full_polar_mission_grade_candidate;tip:full_polar_mission_grade_candidate,actual_sidecar_query_grade_sidecar,root:actual_sidecar_query_grade;mid1:actual_sidecar_query_grade;mid2:actual_sidecar_query_grade;tip:actual_sidecar_query_grade,,0.04950708988420082,0.11149832967253831,True,False,False,False,/Volumes/Samsung SSD/hpa-mdo/output/phase9_smooth_geometry_combo_reoptimization/avl_inputs/policy_A_performance_candidate/combo_0179/policy_A_performance_candidate_combo_0179.avl,/Volumes/Samsung SSD/hpa-mdo/output/phase9_smooth_geometry_combo_reoptimization/avl_runs/policy_A_performance_candidate/combo_0179
180,policy_A_performance_candidate,root:cst_root_nsga2_g05_child_0019_00cc4dca|mid1:cst_mid1_nsga2_g06_child_0001_a86879e2|mid2:clarkysm|tip:clarkysm,cst_root_nsga2_g05_child_0019_00cc4dca,cst_mid1_nsga2_g06_child_0001_a86879e2,clarkysm,clarkysm,ok,,policy_C;policy_E;policy_G,known_policy_or_baseline,0.011986665088217167,0.013074840058847879,True,True,4.2542,1.1685305045195065,1.16853,0.0127534,0.01339107,0.9652112053145426,0.011405950166824445,0.015295829657032925,0.028049229657032923,41.65998563267191,153.0318138180095,185.35830162065105,189.5722294054665,0.028686899657032923,40.73394192087355,1.3253,1.326,1.1724,0.9041,1.2995939668132976,0.8986878483292744,archive_mission_grade_sidecar,root:full_polar_mission_grade_candidate;mid1:full_polar_mission_grade_candidate;mid2:full_polar_mission_grade_candidate;tip:full_polar_mission_grade_candidate,actual_sidecar_query_grade_sidecar,root:actual_sidecar_query_grade;mid1:actual_sidecar_query_grade;mid2:actual_sidecar_query_grade;tip:actual_sidecar_query_grade,,0.06098575193129119,0.11457996929059222,True,False,False,True,/Volumes/Samsung SSD/hpa-mdo/output/phase9_smooth_geometry_combo_reoptimization/avl_inputs/policy_A_performance_candidate/combo_0180/policy_A_performance_candidate_combo_0180.avl,/Volumes/Samsung SSD/hpa-mdo/output/phase9_smooth_geometry_combo_reoptimization/avl_runs/policy_A_performance_candidate/combo_0180
181,policy_C_conservative_baseline,root:dae31|mid1:dae31|mid2:dae31|tip:cst_tip_nsga2_g05_child_0032_70ef8136,dae31,dae31,dae31,cst_tip_nsga2_g05_child_0032_70ef8136,ok,,,top_predicted_profile_proxy,0.009641842456697783,0.011111260185055923,True,False,4.04521,1.1685305045195065,1.16853,0.0129384,0.01358532,0.9513123562936197,0.009125044061544465,0.013014923551752947,0.025953323551752946,45.024310747306245,141.59690751915457,171.5078821695186,175.78293691970725,0.026600243551752945,43.92931599464625,1.3334,1.3366,1.2615,0.7911,1.631582852758688,0.8918358536291979,archive_mission_grade_sidecar,root:full_polar_mission_grade_candidate;mid1:full_polar_mission_grade_candidate;mid2:full_polar_mission_grade_candidate;tip:full_polar_mission_grade_candidate,actual_sidecar_query_grade_sidecar,root:mixed_actual_sidecar_query_quality;mid1:mixed_actual_sidecar_query_quality;mid2:mixed_actual_sidecar_query_quality;tip:,,0.0693237671169886,0.16763419406743385,True,False,True,False,/Volumes/Samsung SSD/hpa-mdo/output/phase9_smooth_geometry_combo_reoptimization/avl_inputs/policy_C_conservative_baseline/combo_0181/policy_C_conservative_baseline_combo_0181.avl,/Volumes/Samsung SSD/hpa-mdo/output/phase9_smooth_geometry_combo_reoptimization/avl_runs/policy_C_conservative_baseline/combo_0181
182,policy_C_conservative_baseline,root:dae31|mid1:dae31|mid2:dae31|tip:cst_tip_nsga2_g05_child_0102_33bdf605,dae31,dae31,dae31,cst_tip_nsga2_g05_child_0102_33bdf605,ok,,,top_predicted_profile_proxy,0.009641913172246353,0.0111287629152962,True,False,3.87897,1.1685305045195065,1.16853,0.0127137,0.013349385,0.968059387116025,0.009939681290119406,0.013829560780327887,0.026543260780327885,44.023622952367035,144.81550443719706,175.40637649854295,179.60718676700535,0.02717894578032789,42.993959882185294,1.3173,1.3206,1.2485,0.8442,1.7926211830591927,0.8811599792778084,archive_mission_grade_sidecar,root:full_polar_mission_grade_candidate;mid1:full_polar_mission_grade_candidate;mid2:full_polar_mission_grade_candidate;tip:full_polar_mission_grade_candidate,actual_sidecar_query_grade_sidecar,root:mixed_actual_sidecar_query_quality;mid1:mixed_actual_sidecar_query_quality;mid2:mixed_actual_sidecar_query_quality;tip:,,0.049546103412355824,0.1231587595718413,True,False,True,False,/Volumes/Samsung SSD/hpa-mdo/output/phase9_smooth_geometry_combo_reoptimization/avl_inputs/policy_C_conservative_baseline/combo_0182/policy_C_conservative_baseline_combo_0182.avl,/Volumes/Samsung SSD/hpa-mdo/output/phase9_smooth_geometry_combo_reoptimization/avl_runs/policy_C_conservative_baseline/combo_0182
183,policy_C_conservative_baseline,root:fx76mp140|mid1:dae31|mid2:dae31|tip:cst_tip_nsga2_g05_child_0032_70ef8136,fx76mp140,dae31,dae31,cst_tip_nsga2_g05_child_0032_70ef8136,ok,,,top_predicted_profile_proxy,0.009653452001751252,0.013132475708459811,False,False,2.07859,1.1685305045195065,1.16853,0.0159636,0.016761780000000004,0.770267156987812,0.018055820520114098,0.021945700010322578,0.03790930001032258,30.82437565983332,206.82667624335826,250.51680746530798,255.7914367865619,0.03870748001032258,30.18875174017737,1.6757,1.3762,1.0788,0.6007,-2.4524788692178485,1.1280601508131676,archive_not_mission_grade_sidecar,root:full_polar_candidate_not_mission_grade;mid1:full_polar_mission_grade_candidate;mid2:full_polar_mission_grade_candidate;tip:full_polar_mission_grade_candidate,actual_sidecar_query_not_mission_grade_sidecar,root:actual_sidecar_query_grade;mid1:mixed_actual_sidecar_query_quality;mid2:mixed_actual_sidecar_query_quality;tip:,root:insufficient_safe_clmax_margin,0.25107433361289294,0.29630108762355045,True,False,True,False,/Volumes/Samsung SSD/hpa-mdo/output/phase9_smooth_geometry_combo_reoptimization/avl_inputs/policy_C_conservative_baseline/combo_0183/policy_C_conservative_baseline_combo_0183.avl,/Volumes/Samsung SSD/hpa-mdo/output/phase9_smooth_geometry_combo_reoptimization/avl_runs/policy_C_conservative_baseline/combo_0183
184,policy_C_conservative_baseline,root:fx76mp140|mid1:dae31|mid2:dae31|tip:cst_tip_nsga2_g05_child_0102_33bdf605,fx76mp140,dae31,dae31,cst_tip_nsga2_g05_child_0102_33bdf605,ok,,,top_predicted_profile_proxy,0.009653522717299821,0.013149978438700088,False,False,1.91295,1.1685305045195065,1.16853,0.0155865,0.016365825,0.788862459701487,0.0165132829477968,0.02040316243800528,0.03598966243800528,32.46850415816993,196.35346100155357,237.83122698831585,242.98125642501714,0.03676898743800528,31.780328639447006,1.6594,1.3601,1.0656,0.6539,-2.2423359031569596,1.117087195953554,archive_not_mission_grade_sidecar,root:full_polar_candidate_not_mission_grade;mid1:full_polar_mission_grade_candidate;mid2:full_polar_mission_grade_candidate;tip:full_polar_mission_grade_candidate,actual_sidecar_query_not_mission_grade_sidecar,root:actual_sidecar_query_grade;mid1:mixed_actual_sidecar_query_quality;mid2:mixed_actual_sidecar_query_quality;tip:,root:insufficient_safe_clmax_margin,0.2379291961864854,0.2525331511869322,True,False,True,False,/Volumes/Samsung SSD/hpa-mdo/output/phase9_smooth_geometry_combo_reoptimization/avl_inputs/policy_C_conservative_baseline/combo_0184/policy_C_conservative_baseline_combo_0184.avl,/Volumes/Samsung SSD/hpa-mdo/output/phase9_smooth_geometry_combo_reoptimization/avl_runs/policy_C_conservative_baseline/combo_0184
185,policy_C_conservative_baseline,root:dae21|mid1:dae31|mid2:dae31|tip:cst_tip_nsga2_g05_child_0032_70ef8136,dae21,dae31,dae31,cst_tip_nsga2_g05_child_0032_70ef8136,ok,,,top_predicted_profile_proxy,0.009656512749765119,0.013157815581490685,False,False,4.28062,1.1685305045195065,1.16853,0.012839,0.01348095,0.9587923819124733,0.009157504985349955,0.013047384475558435,0.025886384475558435,45.140738198600765,141.23169933445206,171.0655272946367,175.30773869153836,0.026528334475558434,44.048393071797186,1.3167,1.3488,1.2833,0.8138,1.2578432600371996,0.9134362693249473,archive_not_mission_grade_sidecar,root:full_polar_candidate_not_mission_grade;mid1:full_polar_mission_grade_candidate;mid2:full_polar_mission_grade_candidate;tip:full_polar_mission_grade_candidate,actual_sidecar_query_grade_sidecar,root:actual_sidecar_query_grade;mid1:mixed_actual_sidecar_query_quality;mid2:mixed_actual_sidecar_query_quality;tip:,,0.05905857560814255,0.15230621803303418,True,False,True,False,/Volumes/Samsung SSD/hpa-mdo/output/phase9_smooth_geometry_combo_reoptimization/avl_inputs/policy_C_conservative_baseline/combo_0185/policy_C_conservative_baseline_combo_0185.avl,/Volumes/Samsung SSD/hpa-mdo/output/phase9_smooth_geometry_combo_reoptimization/avl_runs/policy_C_conservative_baseline/combo_0185
186,policy_C_conservative_baseline,root:dae21|mid1:dae31|mid2:dae31|tip:cst_tip_nsga2_g05_child_0102_33bdf605,dae21,dae31,dae31,cst_tip_nsga2_g05_child_0102_33bdf605,ok,,,top_predicted_profile_proxy,0.009656583465313688,0.013175318311730962,False,False,4.11434,1.1685305045195065,1.16853,0.0126326,0.013264230000000002,0.9743910343192485,0.010017189379446307,0.013907068869654787,0.026539668869654788,44.02958116239323,144.7959075850875,175.3826400013172,179.5566535298241,0.02717129886965479,43.00605981794026,1.3005,1.333,1.2702,0.8669,1.4211473240321524,0.902197818984654,archive_not_mission_grade_sidecar,root:full_polar_candidate_not_mission_grade;mid1:full_polar_mission_grade_candidate;mid2:full_polar_mission_grade_candidate;tip:full_polar_mission_grade_candidate,actual_sidecar_query_grade_sidecar,root:actual_sidecar_query_grade;mid1:mixed_actual_sidecar_query_quality;mid2:mixed_actual_sidecar_query_quality;tip:,,0.04030963042158519,0.1078273588585058,True,False,True,False,/Volumes/Samsung SSD/hpa-mdo/output/phase9_smooth_geometry_combo_reoptimization/avl_inputs/policy_C_conservative_baseline/combo_0186/policy_C_conservative_baseline_combo_0186.avl,/Volumes/Samsung SSD/hpa-mdo/output/phase9_smooth_geometry_combo_reoptimization/avl_runs/policy_C_conservative_baseline/combo_0186
187,policy_C_conservative_baseline,root:dae31|mid1:dae31|mid2:cst_mid2_seedless_sobol_0237_e583606c|tip:cst_tip_nsga2_g05_child_0032_70ef8136,dae31,dae31,cst_mid2_seedless_sobol_0237_e583606c,cst_tip_nsga2_g05_child_0032_70ef8136,ok,,,top_predicted_profile_proxy,0.009724436787057434,0.011171716661661179,True,False,4.38351,1.1685305045195065,1.16853,0.0130595,0.013712475,0.9425877396422901,0.009477175846460895,0.013367055336669376,0.026426555336669377,44.218040892301175,144.17877943819093,174.63514951331265,178.9502176446186,0.027079530336669377,43.151801009530686,1.3646,1.3664,1.2114,0.7678,1.331648962573998,0.9117196696086608,archive_mission_grade_sidecar,root:full_polar_mission_grade_candidate;mid1:full_polar_mission_grade_candidate;mid2:full_polar_mission_grade_candidate;tip:full_polar_mission_grade_candidate,actual_sidecar_query_grade_sidecar,root:mixed_actual_sidecar_query_quality;mid1:mixed_actual_sidecar_query_quality;mid2:;tip:,,0.09090806830325014,0.1711785415632091,True,False,True,False,/Volumes/Samsung SSD/hpa-mdo/output/phase9_smooth_geometry_combo_reoptimization/avl_inputs/policy_C_conservative_baseline/combo_0187/policy_C_conservative_baseline_combo_0187.avl,/Volumes/Samsung SSD/hpa-mdo/output/phase9_smooth_geometry_combo_reoptimization/avl_runs/policy_C_conservative_baseline/combo_0187
188,policy_C_conservative_baseline,root:dae31|mid1:dae31|mid2:cst_mid2_seedless_sobol_0237_e583606c|tip:cst_tip_nsga2_g05_child_0102_33bdf605,dae31,dae31,cst_mid2_seedless_sobol_0237_e583606c,cst_tip_nsga2_g05_child_0102_33bdf605,ok,,,top_predicted_profile_proxy,0.009724507502606004,0.011189219391901456,True,False,4.21727,1.1685305045195065,1.16853,0.0128688,0.01351224,0.9565066035793034,0.010223099433597546,0.014112978923806026,0.026981778923806026,43.308134271625505,147.20798464820848,178.30424497118275,182.55630276574993,0.027625218923806025,42.29941155371354,1.3484,1.3503,1.1984,0.8208,1.4936937824388805,0.9009770710425752,archive_mission_grade_sidecar,root:full_polar_mission_grade_candidate;mid1:full_polar_mission_grade_candidate;mid2:full_polar_mission_grade_candidate;tip:full_polar_mission_grade_candidate,actual_sidecar_query_grade_sidecar,root:mixed_actual_sidecar_query_quality;mid1:mixed_actual_sidecar_query_quality;mid2:;tip:,,0.0745330842982649,0.13462374672432353,True,False,True,False,/Volumes/Samsung SSD/hpa-mdo/output/phase9_smooth_geometry_combo_reoptimization/avl_inputs/policy_C_conservative_baseline/combo_0188/policy_C_conservative_baseline_combo_0188.avl,/Volumes/Samsung SSD/hpa-mdo/output/phase9_smooth_geometry_combo_reoptimization/avl_runs/policy_C_conservative_baseline/combo_0188
189,policy_C_conservative_baseline,root:dae31|mid1:dae21|mid2:dae31|tip:cst_tip_nsga2_g05_child_0032_70ef8136,dae31,dae21,dae31,cst_tip_nsga2_g05_child_0032_70ef8136,ok,,,top_predicted_profile_proxy,0.00973434714075114,0.01524384517607866,False,False,4.32888,1.1685305045195065,1.16853,0.0129065,0.013551825,0.9537453052452447,0.009196337543435571,0.013086217033644054,0.02599271703364405,44.95607377278035,141.8118316386443,171.76820692665248,176.03272140551465,0.026638042033644053,43.86698177905281,1.3408,1.3197,1.2451,0.8157,1.2276017667047998,0.9155174638324091,archive_not_mission_grade_sidecar,root:full_polar_mission_grade_candidate;mid1:full_polar_candidate_not_mission_grade;mid2:full_polar_mission_grade_candidate;tip:full_polar_mission_grade_candidate,actual_sidecar_query_grade_sidecar,root:mixed_actual_sidecar_query_quality;mid1:actual_sidecar_query_grade;mid2:mixed_actual_sidecar_query_quality;tip:,,0.06661169447659901,0.15063507464462117,True,False,True,False,/Volumes/Samsung SSD/hpa-mdo/output/phase9_smooth_geometry_combo_reoptimization/avl_inputs/policy_C_conservative_baseline/combo_0189/policy_C_conservative_baseline_combo_0189.avl,/Volumes/Samsung SSD/hpa-mdo/output/phase9_smooth_geometry_combo_reoptimization/avl_runs/policy_C_conservative_baseline/combo_0189
190,policy_C_conservative_baseline,root:dae31|mid1:dae21|mid2:dae31|tip:cst_tip_nsga2_g05_child_0102_33bdf605,dae31,dae21,dae31,cst_tip_nsga2_g05_child_0102_33bdf605,ok,,,top_predicted_profile_proxy,0.00973441785629971,0.015261347906318936,False,False,4.16259,1.1685305045195065,1.16853,0.0127101,0.013345605,0.9684330872176977,0.010056694805899978,0.01394657429610846,0.026656674296108462,43.836319997731195,145.43426923906844,176.1558493690267,180.35547013978453,0.02729217929610846,42.81558067757986,1.3245,1.3036,1.2321,0.8687,1.389897780922006,0.9043483866423645,archive_not_mission_grade_sidecar,root:full_polar_mission_grade_candidate;mid1:full_polar_candidate_not_mission_grade;mid2:full_polar_mission_grade_candidate;tip:full_polar_mission_grade_candidate,actual_sidecar_query_grade_sidecar,root:mixed_actual_sidecar_query_quality;mid1:actual_sidecar_query_grade;mid2:mixed_actual_sidecar_query_quality;tip:,,0.049775869776493994,0.10616103995096215,True,False,True,False,/Volumes/Samsung SSD/hpa-mdo/output/phase9_smooth_geometry_combo_reoptimization/avl_inputs/policy_C_conservative_baseline/combo_0190/policy_C_conservative_baseline_combo_0190.avl,/Volumes/Samsung SSD/hpa-mdo/output/phase9_smooth_geometry_combo_reoptimization/avl_runs/policy_C_conservative_baseline/combo_0190
191,policy_C_conservative_baseline,root:fx76mp140|mid1:dae31|mid2:cst_mid2_seedless_sobol_0237_e583606c|tip:cst_tip_nsga2_g05_child_0032_70ef8136,fx76mp140,dae31,cst_mid2_seedless_sobol_0237_e583606c,cst_tip_nsga2_g05_child_0032_70ef8136,ok,,,top_predicted_profile_proxy,0.009736046332110905,0.013192932185065067,False,False,2.41593,1.1685305045195065,1.16853,0.0163518,0.01716939,0.7520837068571813,0.02241932639876432,0.0263092058889728,0.0426610058889728,27.39106779527562,232.75117321638712,281.91760321752315,287.32050004125216,0.0434785958889728,26.875994512414174,1.7078,1.407,1.0286,0.5773,-2.8663186980862254,1.149669466825045,archive_not_mission_grade_sidecar,root:full_polar_candidate_not_mission_grade;mid1:full_polar_mission_grade_candidate;mid2:full_polar_mission_grade_candidate;tip:full_polar_mission_grade_candidate,actual_sidecar_query_not_mission_grade_sidecar,root:actual_sidecar_query_grade;mid1:mixed_actual_sidecar_query_quality;mid2:;tip:,"root:cl_outside_polar_envelope,insufficient_safe_clmax_margin",0.2752267327722582,0.3050090337490212,True,False,True,False,/Volumes/Samsung SSD/hpa-mdo/output/phase9_smooth_geometry_combo_reoptimization/avl_inputs/policy_C_conservative_baseline/combo_0191/policy_C_conservative_baseline_combo_0191.avl,/Volumes/Samsung SSD/hpa-mdo/output/phase9_smooth_geometry_combo_reoptimization/avl_runs/policy_C_conservative_baseline/combo_0191
192,policy_C_conservative_baseline,root:fx76mp140|mid1:dae31|mid2:cst_mid2_seedless_sobol_0237_e583606c|tip:cst_tip_nsga2_g05_child_0102_33bdf605,fx76mp140,dae31,cst_mid2_seedless_sobol_0237_e583606c,cst_tip_nsga2_g05_child_0102_33bdf605,ok,,,top_predicted_profile_proxy,0.009736117047659474,0.013210434915305344,False,False,2.25019,1.1685305045195065,1.16853,0.0160088,0.01680924,0.7681449926352252,0.022103639711213225,0.025993519201421705,0.04200231920142171,27.820618640504822,229.15749097390722,277.5647904238217,282.8543545495885,0.04280275920142171,27.300354610800262,1.6916,1.3908,1.0154,0.6305,-2.6574649526760172,1.1387638307069012,archive_not_mission_grade_sidecar,root:full_polar_candidate_not_mission_grade;mid1:full_polar_mission_grade_candidate;mid2:full_polar_mission_grade_candidate;tip:full_polar_mission_grade_candidate,actual_sidecar_query_not_mission_grade_sidecar,root:actual_sidecar_query_grade;mid1:mixed_actual_sidecar_query_quality;mid2:;tip:,"root:cl_outside_polar_envelope,insufficient_safe_clmax_margin",0.2626297501226513,0.26918690879523915,True,False,True,False,/Volumes/Samsung SSD/hpa-mdo/output/phase9_smooth_geometry_combo_reoptimization/avl_inputs/policy_C_conservative_baseline/combo_0192/policy_C_conservative_baseline_combo_0192.avl,/Volumes/Samsung SSD/hpa-mdo/output/phase9_smooth_geometry_combo_reoptimization/avl_runs/policy_C_conservative_baseline/combo_0192
193,policy_C_conservative_baseline,root:dae21|mid1:dae31|mid2:cst_mid2_seedless_sobol_0237_e583606c|tip:cst_tip_nsga2_g05_child_0032_70ef8136,dae21,dae31,cst_mid2_seedless_sobol_0237_e583606c,cst_tip_nsga2_g05_child_0032_70ef8136,ok,,,top_predicted_profile_proxy,0.00973910708012477,0.01321827205809594,False,False,4.61899,1.1685305045195065,1.16853,0.0129284,0.01357482,0.9522438543074402,0.00950780246679645,0.013397681957004932,0.02632608195700493,44.38679885703919,143.6306138123082,173.97118921064464,178.24293980054284,0.02697250195700493,43.32302974274256,1.3478,1.3768,1.2332,0.7905,0.9443397791579989,0.9350113190523005,archive_not_mission_grade_sidecar,root:full_polar_candidate_not_mission_grade;mid1:full_polar_mission_grade_candidate;mid2:full_polar_mission_grade_candidate;tip:full_polar_mission_grade_candidate,actual_sidecar_query_grade_sidecar,root:actual_sidecar_query_grade;mid1:mixed_actual_sidecar_query_quality;mid2:;tip:,,0.07644185811456168,0.15522815571495296,True,False,True,False,/Volumes/Samsung SSD/hpa-mdo/output/phase9_smooth_geometry_combo_reoptimization/avl_inputs/policy_C_conservative_baseline/combo_0193/policy_C_conservative_baseline_combo_0193.avl,/Volumes/Samsung SSD/hpa-mdo/output/phase9_smooth_geometry_combo_reoptimization/avl_runs/policy_C_conservative_baseline/combo_0193
194,policy_C_conservative_baseline,root:dae21|mid1:dae31|mid2:cst_mid2_seedless_sobol_0237_e583606c|tip:cst_tip_nsga2_g05_child_0102_33bdf605,dae21,dae31,cst_mid2_seedless_sobol_0237_e583606c,cst_tip_nsga2_g05_child_0102_33bdf605,ok,,,top_predicted_profile_proxy,0.00973917779567334,0.013235774788336216,False,False,4.45272,1.1685305045195065,1.16853,0.0127558,0.01339359,0.9650791802804066,0.010317911643311925,0.014207791133520407,0.026963591133520405,43.33734697033071,147.10875516594524,178.1840542223174,182.39877500560257,0.027601381133520408,42.33594322207262,1.3316,1.361,1.2201,0.8435,1.107643843152954,0.9237728687120071,archive_not_mission_grade_sidecar,root:full_polar_candidate_not_mission_grade;mid1:full_polar_mission_grade_candidate;mid2:full_polar_mission_grade_candidate;tip:full_polar_mission_grade_candidate,actual_sidecar_query_grade_sidecar,root:actual_sidecar_query_grade;mid1:mixed_actual_sidecar_query_quality;mid2:;tip:,,0.06017022586319134,0.11866366061627798,True,False,True,False,/Volumes/Samsung SSD/hpa-mdo/output/phase9_smooth_geometry_combo_reoptimization/avl_inputs/policy_C_conservative_baseline/combo_0194/policy_C_conservative_baseline_combo_0194.avl,/Volumes/Samsung SSD/hpa-mdo/output/phase9_smooth_geometry_combo_reoptimization/avl_runs/policy_C_conservative_baseline/combo_0194
195,policy_C_conservative_baseline,root:dae31|mid1:dae31|mid2:cst_mid2_nsga2_g02_child_0106_7ea30168|tip:cst_tip_nsga2_g05_child_0032_70ef8136,dae31,dae31,cst_mid2_nsga2_g02_child_0106_7ea30168,cst_tip_nsga2_g05_child_0032_70ef8136,ok,,,top_predicted_profile_proxy,0.009743191954349275,0.014135906084586803,False,False,4.26922,1.1685305045195065,1.16853,0.0129869,0.013636245,0.9478245755524439,0.009299497842238224,0.013189377332446704,0.026176277332446703,44.640820758384116,142.81330532666416,172.98123222706414,177.27231215466148,0.026825622332446702,43.56023841825732,1.354,1.3562,1.2284,0.7755,0.9367296752985209,0.9210501974195815,archive_not_mission_grade_sidecar,root:full_polar_mission_grade_candidate;mid1:full_polar_mission_grade_candidate;mid2:full_polar_candidate_not_mission_grade;tip:full_polar_mission_grade_candidate,actual_sidecar_query_grade_sidecar,root:mixed_actual_sidecar_query_quality;mid1:mixed_actual_sidecar_query_quality;mid2:;tip:,,0.08199491457983979,0.1667003914505073,True,False,True,False,/Volumes/Samsung SSD/hpa-mdo/output/phase9_smooth_geometry_combo_reoptimization/avl_inputs/policy_C_conservative_baseline/combo_0195/policy_C_conservative_baseline_combo_0195.avl,/Volumes/Samsung SSD/hpa-mdo/output/phase9_smooth_geometry_combo_reoptimization/avl_runs/policy_C_conservative_baseline/combo_0195
196,policy_C_conservative_baseline,root:dae31|mid1:dae31|mid2:cst_mid2_nsga2_g02_child_0106_7ea30168|tip:cst_tip_nsga2_g05_child_0102_33bdf605,dae31,dae31,cst_mid2_nsga2_g02_child_0106_7ea30168,cst_tip_nsga2_g05_child_0102_33bdf605,ok,,,top_predicted_profile_proxy,0.009743262669897845,0.01415340881482708,False,False,4.10297,1.1685305045195065,1.16853,0.0127845,0.013423725000000001,0.9627642685024339,0.010105466242391933,0.013995345732600414,0.026779845732600414,43.634698877185734,146.10627159233832,176.96980570777413,181.19400943109287,0.027419070732600415,42.617436452000554,1.3379,1.3402,1.2153,0.8285,1.0532704815402891,0.9112278613839282,archive_not_mission_grade_sidecar,root:full_polar_mission_grade_candidate;mid1:full_polar_mission_grade_candidate;mid2:full_polar_candidate_not_mission_grade;tip:full_polar_mission_grade_candidate,actual_sidecar_query_grade_sidecar,root:mixed_actual_sidecar_query_quality;mid1:mixed_actual_sidecar_query_quality;mid2:;tip:,,0.06429398995349495,0.1287078008285526,True,False,True,False,/Volumes/Samsung SSD/hpa-mdo/output/phase9_smooth_geometry_combo_reoptimization/avl_inputs/policy_C_conservative_baseline/combo_0196/policy_C_conservative_baseline_combo_0196.avl,/Volumes/Samsung SSD/hpa-mdo/output/phase9_smooth_geometry_combo_reoptimization/avl_runs/policy_C_conservative_baseline/combo_0196
197,policy_C_conservative_baseline,root:fx76mp140|mid1:dae21|mid2:dae31|tip:cst_tip_nsga2_g05_child_0032_70ef8136,fx76mp140,dae21,dae31,cst_tip_nsga2_g05_child_0032_70ef8136,ok,,,top_predicted_profile_proxy,0.00974595668580461,0.017265060699482547,False,False,2.36216,1.1685305045195065,1.16853,0.0162056,0.01701588,0.7588686847625054,0.021607583650670673,0.025497463140879154,0.041703063140879154,28.02025598388388,227.52480093924964,275.5872104399826,280.9418004402653,0.04251334314087915,27.486205934152792,1.6987,1.3599,1.0625,0.6254,-2.74899961887432,1.143543461351273,archive_not_mission_grade_sidecar,root:full_polar_candidate_not_mission_grade;mid1:full_polar_candidate_not_mission_grade;mid2:full_polar_mission_grade_candidate;tip:full_polar_mission_grade_candidate,actual_sidecar_query_not_mission_grade_sidecar,root:actual_sidecar_query_grade;mid1:actual_sidecar_query_grade;mid2:mixed_actual_sidecar_query_quality;tip:,"root:cl_outside_polar_envelope,insufficient_safe_clmax_margin",0.2584262529145887,0.2791751901395971,True,False,True,False,/Volumes/Samsung SSD/hpa-mdo/output/phase9_smooth_geometry_combo_reoptimization/avl_inputs/policy_C_conservative_baseline/combo_0197/policy_C_conservative_baseline_combo_0197.avl,/Volumes/Samsung SSD/hpa-mdo/output/phase9_smooth_geometry_combo_reoptimization/avl_runs/policy_C_conservative_baseline/combo_0197
198,policy_C_conservative_baseline,root:fx76mp140|mid1:dae21|mid2:dae31|tip:cst_tip_nsga2_g05_child_0102_33bdf605,fx76mp140,dae21,dae31,cst_tip_nsga2_g05_child_0102_33bdf605,ok,,,top_predicted_profile_proxy,0.009746027401353179,0.017282563429722824,False,False,2.19639,1.1685305045195065,1.16853,0.015857,0.01664985,0.7754984901367721,0.019880630582020848,0.02377051007222933,0.039627510072229324,29.487860892335103,216.20093733747765,261.87129037969675,267.11069735225453,0.04042036007222933,28.909453117968173,1.6825,1.3437,1.0493,0.6786,-2.5401458734641107,1.1326378252331293,archive_not_mission_grade_sidecar,root:full_polar_candidate_not_mission_grade;mid1:full_polar_candidate_not_mission_grade;mid2:full_polar_mission_grade_candidate;tip:full_polar_mission_grade_candidate,actual_sidecar_query_not_mission_grade_sidecar,root:actual_sidecar_query_grade;mid1:actual_sidecar_query_grade;mid2:mixed_actual_sidecar_query_quality;tip:,root:insufficient_safe_clmax_margin,0.24650439275029126,0.235392757997605,True,False,True,False,/Volumes/Samsung SSD/hpa-mdo/output/phase9_smooth_geometry_combo_reoptimization/avl_inputs/policy_C_conservative_baseline/combo_0198/policy_C_conservative_baseline_combo_0198.avl,/Volumes/Samsung SSD/hpa-mdo/output/phase9_smooth_geometry_combo_reoptimization/avl_runs/policy_C_conservative_baseline/combo_0198
199,policy_C_conservative_baseline,root:dae21|mid1:dae21|mid2:dae31|tip:cst_tip_nsga2_g05_child_0032_70ef8136,dae21,dae21,dae31,cst_tip_nsga2_g05_child_0032_70ef8136,ok,,,top_predicted_profile_proxy,0.009749017433818476,0.01729040057251342,False,False,4.56422,1.1685305045195065,1.16853,0.0127745,0.013413224999999999,0.9636994505841681,0.009168164440569235,0.013058043930777717,0.02583254393077772,45.23482114850028,140.93795450347142,170.70973171447605,174.93063127750432,0.026471268930777718,44.143350572849755,1.3121,1.3158,1.2669,0.8384,1.2669157080369182,0.9128119109727089,archive_not_mission_grade_sidecar,root:full_polar_candidate_not_mission_grade;mid1:full_polar_candidate_not_mission_grade;mid2:full_polar_mission_grade_candidate;tip:full_polar_mission_grade_candidate,actual_sidecar_query_grade_sidecar,root:actual_sidecar_query_grade;mid1:actual_sidecar_query_grade;mid2:mixed_actual_sidecar_query_quality;tip:,,0.05124814677765074,0.13524752604564572,True,False,True,False,/Volumes/Samsung SSD/hpa-mdo/output/phase9_smooth_geometry_combo_reoptimization/avl_inputs/policy_C_conservative_baseline/combo_0199/policy_C_conservative_baseline_combo_0199.avl,/Volumes/Samsung SSD/hpa-mdo/output/phase9_smooth_geometry_combo_reoptimization/avl_runs/policy_C_conservative_baseline/combo_0199
200,policy_C_conservative_baseline,root:dae21|mid1:dae21|mid2:dae31|tip:cst_tip_nsga2_g05_child_0102_33bdf605,dae21,dae21,dae31,cst_tip_nsga2_g05_child_0102_33bdf605,ok,,,top_predicted_profile_proxy,0.009749088149367046,0.017307903302753697,False,False,4.3979,1.1685305045195065,1.16853,0.0125964,0.013226220000000002,0.9772749514698654,0.010076838497556558,0.01396671798776504,0.02656311798776504,43.99071317823951,144.92384197475602,175.53759929112888,179.6996517593844,0.027192937987765044,42.971837211752,1.2959,1.2998,1.2538,0.8914,1.4282036724763778,0.901712206932913,archive_not_mission_grade_sidecar,root:full_polar_candidate_not_mission_grade;mid1:full_polar_candidate_not_mission_grade;mid2:full_polar_mission_grade_candidate;tip:full_polar_mission_grade_candidate,actual_sidecar_query_grade_sidecar,root:actual_sidecar_query_grade;mid1:actual_sidecar_query_grade;mid2:mixed_actual_sidecar_query_quality;tip:,,0.03395816727830673,0.09083461648179192,True,False,True,False,/Volumes/Samsung SSD/hpa-mdo/output/phase9_smooth_geometry_combo_reoptimization/avl_inputs/policy_C_conservative_baseline/combo_0200/policy_C_conservative_baseline_combo_0200.avl,/Volumes/Samsung SSD/hpa-mdo/output/phase9_smooth_geometry_combo_reoptimization/avl_runs/policy_C_conservative_baseline/combo_0200
201,policy_C_conservative_baseline,root:fx76mp140|mid1:dae31|mid2:cst_mid2_nsga2_g02_child_0106_7ea30168|tip:cst_tip_nsga2_g05_child_0032_70ef8136,fx76mp140,dae31,cst_mid2_nsga2_g02_child_0106_7ea30168,cst_tip_nsga2_g05_child_0032_70ef8136,ok,,,top_predicted_profile_proxy,0.009754801499402744,0.016157121607990692,False,False,2.30196,1.1685305045195065,1.16853,0.0161889,0.016998345,0.759612466277102,0.021603998513522037,0.025493878003730517,0.04168277800373052,28.03389218479933,227.41412869015906,275.4531597506772,280.80223180327476,0.04249222300373052,27.49986755027897,1.6969,1.3966,1.0456,0.5851,-2.725793647162074,1.1423317240048125,archive_not_mission_grade_sidecar,root:full_polar_candidate_not_mission_grade;mid1:full_polar_mission_grade_candidate;mid2:full_polar_candidate_not_mission_grade;tip:full_polar_mission_grade_candidate,actual_sidecar_query_not_mission_grade_sidecar,root:actual_sidecar_query_grade;mid1:mixed_actual_sidecar_query_quality;mid2:;tip:,"root:cl_outside_polar_envelope,insufficient_safe_clmax_margin",0.26659422359955315,0.2990266096942965,True,False,True,False,/Volumes/Samsung SSD/hpa-mdo/output/phase9_smooth_geometry_combo_reoptimization/avl_inputs/policy_C_conservative_baseline/combo_0201/policy_C_conservative_baseline_combo_0201.avl,/Volumes/Samsung SSD/hpa-mdo/output/phase9_smooth_geometry_combo_reoptimization/avl_runs/policy_C_conservative_baseline/combo_0201
202,policy_C_conservative_baseline,root:fx76mp140|mid1:dae31|mid2:cst_mid2_nsga2_g02_child_0106_7ea30168|tip:cst_tip_nsga2_g05_child_0102_33bdf605,fx76mp140,dae31,cst_mid2_nsga2_g02_child_0106_7ea30168,cst_tip_nsga2_g05_child_0102_33bdf605,ok,,,top_predicted_profile_proxy,0.009754872214951313,0.01617462433823097,False,False,2.13624,1.1685305045195065,1.16853,0.0158342,0.01662591,0.7765752281318378,0.019623626640202695,0.023513506130411175,0.03934770613041118,29.69755087238412,214.67437474544138,260.02225623236603,265.2541297194617,0.04013941613041118,29.11179626337869,1.6807,1.3804,1.0324,0.6383,-2.516939901751865,1.1314260878866689,archive_not_mission_grade_sidecar,root:full_polar_candidate_not_mission_grade;mid1:full_polar_mission_grade_candidate;mid2:full_polar_candidate_not_mission_grade;tip:full_polar_mission_grade_candidate,actual_sidecar_query_not_mission_grade_sidecar,root:actual_sidecar_query_grade;mid1:mixed_actual_sidecar_query_quality;mid2:;tip:,root:insufficient_safe_clmax_margin,0.25380814421871883,0.26234946839088785,True,False,True,False,/Volumes/Samsung SSD/hpa-mdo/output/phase9_smooth_geometry_combo_reoptimization/avl_inputs/policy_C_conservative_baseline/combo_0202/policy_C_conservative_baseline_combo_0202.avl,/Volumes/Samsung SSD/hpa-mdo/output/phase9_smooth_geometry_combo_reoptimization/avl_runs/policy_C_conservative_baseline/combo_0202
203,policy_C_conservative_baseline,root:dae21|mid1:dae31|mid2:cst_mid2_nsga2_g02_child_0106_7ea30168|tip:cst_tip_nsga2_g05_child_0032_70ef8136,dae21,dae31,cst_mid2_nsga2_g02_child_0106_7ea30168,cst_tip_nsga2_g05_child_0032_70ef8136,ok,,,top_predicted_profile_proxy,0.00975786224741661,0.016182461481021565,False,False,4.50467,1.1685305045195065,1.16853,0.0128664,0.013509720000000001,0.9567997123322473,0.009319002787773312,0.013208882277981792,0.026075282277981792,44.81372404954651,142.2622935320305,172.3138245300757,176.56508932617314,0.02671860227798179,43.73471682246143,1.3373,1.3673,1.2501,0.7982,0.7436811641957426,0.9373207845931446,archive_not_mission_grade_sidecar,root:full_polar_candidate_not_mission_grade;mid1:full_polar_mission_grade_candidate;mid2:full_polar_candidate_not_mission_grade;tip:full_polar_mission_grade_candidate,actual_sidecar_query_grade_sidecar,root:actual_sidecar_query_grade;mid1:mixed_actual_sidecar_query_quality;mid2:;tip:,,0.06836705804917677,0.1509315224503015,True,False,True,False,/Volumes/Samsung SSD/hpa-mdo/output/phase9_smooth_geometry_combo_reoptimization/avl_inputs/policy_C_conservative_baseline/combo_0203/policy_C_conservative_baseline_combo_0203.avl,/Volumes/Samsung SSD/hpa-mdo/output/phase9_smooth_geometry_combo_reoptimization/avl_runs/policy_C_conservative_baseline/combo_0203
204,policy_C_conservative_baseline,root:dae21|mid1:dae31|mid2:cst_mid2_nsga2_g02_child_0106_7ea30168|tip:cst_tip_nsga2_g05_child_0102_33bdf605,dae21,dae31,cst_mid2_nsga2_g02_child_0106_7ea30168,cst_tip_nsga2_g05_child_0102_33bdf605,ok,,,top_predicted_profile_proxy,0.00975793296296518,0.016199964211261842,False,False,4.33839,1.1685305045195065,1.16853,0.0126823,0.013316415000000002,0.9706390316720345,0.010169873569944556,0.014059753060153037,0.026742053060153037,43.69636474398721,145.9000812161901,176.72005961263335,180.91049481778373,0.027376168060153038,42.68422453982313,1.3211,1.3515,1.2371,0.8512,0.8593323459623828,0.9275734282218857,archive_not_mission_grade_sidecar,root:full_polar_candidate_not_mission_grade;mid1:full_polar_mission_grade_candidate;mid2:full_polar_candidate_not_mission_grade;tip:full_polar_mission_grade_candidate,actual_sidecar_query_grade_sidecar,root:actual_sidecar_query_grade;mid1:mixed_actual_sidecar_query_quality;mid2:;tip:,,0.05070747302784083,0.11275566131969639,True,False,True,False,/Volumes/Samsung SSD/hpa-mdo/output/phase9_smooth_geometry_combo_reoptimization/avl_inputs/policy_C_conservative_baseline/combo_0204/policy_C_conservative_baseline_combo_0204.avl,/Volumes/Samsung SSD/hpa-mdo/output/phase9_smooth_geometry_combo_reoptimization/avl_runs/policy_C_conservative_baseline/combo_0204
205,policy_C_conservative_baseline,root:dae31|mid1:dae31|mid2:cst_mid2_seedless_sobol_0377_ed2a45eb|tip:cst_tip_nsga2_g05_child_0032_70ef8136,dae31,dae31,cst_mid2_seedless_sobol_0377_ed2a45eb,cst_tip_nsga2_g05_child_0032_70ef8136,ok,,,top_predicted_profile_proxy,0.00976525424771982,0.011312573529336607,True,False,4.29413,1.1685305045195065,1.16853,0.0130001,0.013650105000000001,0.9468621764634142,0.009325546843172673,0.013215426333381155,0.026215526333381155,44.573986028713655,143.02744118269248,173.2406022077186,177.53604362689933,0.026865531333381154,43.49552927202208,1.3563,1.3584,1.2247,0.7736,1.4121681277242502,0.906381732432966,archive_mission_grade_sidecar,root:full_polar_mission_grade_candidate;mid1:full_polar_mission_grade_candidate;mid2:full_polar_mission_grade_candidate;tip:full_polar_mission_grade_candidate,actual_sidecar_query_grade_sidecar,root:mixed_actual_sidecar_query_quality;mid1:mixed_actual_sidecar_query_quality;mid2:;tip:,,0.08380511683963843,0.16755128824151333,True,False,True,False,/Volumes/Samsung SSD/hpa-mdo/output/phase9_smooth_geometry_combo_reoptimization/avl_inputs/policy_C_conservative_baseline/combo_0205/policy_C_conservative_baseline_combo_0205.avl,/Volumes/Samsung SSD/hpa-mdo/output/phase9_smooth_geometry_combo_reoptimization/avl_runs/policy_C_conservative_baseline/combo_0205
206,policy_C_conservative_baseline,root:dae31|mid1:dae31|mid2:cst_mid2_seedless_sobol_0377_ed2a45eb|tip:cst_tip_nsga2_g05_child_0102_33bdf605,dae31,dae31,cst_mid2_seedless_sobol_0377_ed2a45eb,cst_tip_nsga2_g05_child_0102_33bdf605,ok,,,top_predicted_profile_proxy,0.00976532496326839,0.011330076259576884,True,False,4.12788,1.1685305045195065,1.16853,0.0128,0.01344,0.9616148894808594,0.010134378923249334,0.014024258413457814,0.026824258413457813,43.56245330283767,146.34857960547208,177.26329894073655,181.49262411250547,0.027464258413457815,42.5473168409642,1.3402,1.3424,1.2116,0.8266,1.573206458024755,0.8957058580815765,archive_mission_grade_sidecar,root:full_polar_mission_grade_candidate;mid1:full_polar_mission_grade_candidate;mid2:full_polar_mission_grade_candidate;tip:full_polar_mission_grade_candidate,actual_sidecar_query_grade_sidecar,root:mixed_actual_sidecar_query_quality;mid1:mixed_actual_sidecar_query_quality;mid2:;tip:,,0.06639094085384503,0.13014298861664408,True,False,True,False,/Volumes/Samsung SSD/hpa-mdo/output/phase9_smooth_geometry_combo_reoptimization/avl_inputs/policy_C_conservative_baseline/combo_0206/policy_C_conservative_baseline_combo_0206.avl,/Volumes/Samsung SSD/hpa-mdo/output/phase9_smooth_geometry_combo_reoptimization/avl_runs/policy_C_conservative_baseline/combo_0206
207,policy_C_conservative_baseline,root:dae11|mid1:dae31|mid2:dae31|tip:cst_tip_nsga2_g05_child_0032_70ef8136,dae11,dae31,dae31,cst_tip_nsga2_g05_child_0032_70ef8136,ok,,,top_predicted_profile_proxy,0.009767156995929343,0.013226955456501207,False,False,4.33242,1.1685305045195065,1.16853,0.0128247,0.013465935,0.959877907373663,0.009397727130952674,0.013287606621161154,0.026112306621161152,44.750183178859466,142.46429203471442,172.55849325910177,176.79597970678807,0.026753541621161156,43.677600560938,1.313,1.3523,1.2881,0.8188,1.4735639911513174,0.9023115553364989,archive_not_mission_grade_sidecar,root:full_polar_candidate_not_mission_grade;mid1:full_polar_mission_grade_candidate;mid2:full_polar_mission_grade_candidate;tip:full_polar_mission_grade_candidate,actual_sidecar_query_grade_sidecar,root:actual_sidecar_query_grade;mid1:mixed_actual_sidecar_query_quality;mid2:mixed_actual_sidecar_query_quality;tip:,,0.057946532161364396,0.14890817898615627,True,False,True,False,/Volumes/Samsung SSD/hpa-mdo/output/phase9_smooth_geometry_combo_reoptimization/avl_inputs/policy_C_conservative_baseline/combo_0207/policy_C_conservative_baseline_combo_0207.avl,/Volumes/Samsung SSD/hpa-mdo/output/phase9_smooth_geometry_combo_reoptimization/avl_runs/policy_C_conservative_baseline/combo_0207
208,policy_C_conservative_baseline,root:dae11|mid1:dae31|mid2:dae31|tip:cst_tip_nsga2_g05_child_0102_33bdf605,dae11,dae31,dae31,cst_tip_nsga2_g05_child_0102_33bdf605,ok,,,top_predicted_profile_proxy,0.009767227711477913,0.013244458186741484,False,False,4.16612,1.1685305045195065,1.16853,0.0126223,0.013253415,0.9752195544510707,0.010277482392198303,0.014167361882406783,0.026789661882406782,43.61871044318405,146.15982683174937,177.03467397256463,181.20528421597237,0.02742077688240678,42.6147847499258,1.2968,1.3364,1.275,0.8719,1.6335958318874437,0.8917024051998055,archive_not_mission_grade_sidecar,root:full_polar_candidate_not_mission_grade;mid1:full_polar_mission_grade_candidate;mid2:full_polar_mission_grade_candidate;tip:full_polar_mission_grade_candidate,actual_sidecar_query_grade_sidecar,root:actual_sidecar_query_grade;mid1:mixed_actual_sidecar_query_quality;mid2:mixed_actual_sidecar_query_quality;tip:,,0.04003714091570173,0.10442472551838666,True,False,True,False,/Volumes/Samsung SSD/hpa-mdo/output/phase9_smooth_geometry_combo_reoptimization/avl_inputs/policy_C_conservative_baseline/combo_0208/policy_C_conservative_baseline_combo_0208.avl,/Volumes/Samsung SSD/hpa-mdo/output/phase9_smooth_geometry_combo_reoptimization/avl_runs/policy_C_conservative_baseline/combo_0208
209,policy_C_conservative_baseline,root:fx76mp140|mid1:dae31|mid2:cst_mid2_seedless_sobol_0377_ed2a45eb|tip:cst_tip_nsga2_g05_child_0032_70ef8136,fx76mp140,dae31,cst_mid2_seedless_sobol_0377_ed2a45eb,cst_tip_nsga2_g05_child_0032_70ef8136,ok,,,top_predicted_profile_proxy,0.009776863792773286,0.013333789052740493,False,False,2.3268,1.1685305045195065,1.16853,0.0162219,0.017032995000000002,0.7580801850789973,0.02186957683303167,0.02575945632324015,0.041981356323240154,27.834510527060512,229.04312108531514,277.4262610044999,282.78623678605595,0.04279245132324015,27.306930740957323,1.6993,1.3988,1.0419,0.5831,-2.756734942778401,1.143947373800093,archive_not_mission_grade_sidecar,root:full_polar_candidate_not_mission_grade;mid1:full_polar_mission_grade_candidate;mid2:full_polar_mission_grade_candidate;tip:full_polar_mission_grade_candidate,actual_sidecar_query_not_mission_grade_sidecar,root:actual_sidecar_query_grade;mid1:mixed_actual_sidecar_query_quality;mid2:;tip:,"root:cl_outside_polar_envelope,insufficient_safe_clmax_margin",0.268437345111092,0.30052720677452854,True,False,True,False,/Volumes/Samsung SSD/hpa-mdo/output/phase9_smooth_geometry_combo_reoptimization/avl_inputs/policy_C_conservative_baseline/combo_0209/policy_C_conservative_baseline_combo_0209.avl,/Volumes/Samsung SSD/hpa-mdo/output/phase9_smooth_geometry_combo_reoptimization/avl_runs/policy_C_conservative_baseline/combo_0209
210,policy_C_conservative_baseline,root:fx76mp140|mid1:dae31|mid2:cst_mid2_seedless_sobol_0377_ed2a45eb|tip:cst_tip_nsga2_g05_child_0102_33bdf605,fx76mp140,dae31,cst_mid2_seedless_sobol_0377_ed2a45eb,cst_tip_nsga2_g05_child_0102_33bdf605,ok,,,top_predicted_profile_proxy,0.009776934508321856,0.01335129178298077,False,False,2.16108,1.1685305045195065,1.16853,0.0158695,0.016662975000000003,0.7748610963851837,0.02025863843708008,0.02414851792728856,0.04001801792728856,29.200109476753408,218.33148160199406,264.4518914752835,269.69542864820437,0.04081149292728856,28.63238810208214,1.6831,1.3827,1.0287,0.6364,-2.547881197368192,1.1330417376819493,archive_not_mission_grade_sidecar,root:full_polar_candidate_not_mission_grade;mid1:full_polar_mission_grade_candidate;mid2:full_polar_mission_grade_candidate;tip:full_polar_mission_grade_candidate,actual_sidecar_query_not_mission_grade_sidecar,root:actual_sidecar_query_grade;mid1:mixed_actual_sidecar_query_quality;mid2:;tip:,"root:cl_outside_polar_envelope,insufficient_safe_clmax_margin",0.2556747370111935,0.2637902674515103,True,False,True,False,/Volumes/Samsung SSD/hpa-mdo/output/phase9_smooth_geometry_combo_reoptimization/avl_inputs/policy_C_conservative_baseline/combo_0210/policy_C_conservative_baseline_combo_0210.avl,/Volumes/Samsung SSD/hpa-mdo/output/phase9_smooth_geometry_combo_reoptimization/avl_runs/policy_C_conservative_baseline/combo_0210
211,policy_C_conservative_baseline,root:dae21|mid1:dae31|mid2:cst_mid2_seedless_sobol_0377_ed2a45eb|tip:cst_tip_nsga2_g05_child_0032_70ef8136,dae21,dae31,cst_mid2_seedless_sobol_0377_ed2a45eb,cst_tip_nsga2_g05_child_0032_70ef8136,ok,,,top_predicted_profile_proxy,0.009779924540787155,0.013359128925771367,False,False,4.52959,1.1685305045195065,1.16853,0.0128773,0.013521165,0.9560061993964151,0.009328230257601941,0.013218109747810423,0.026095409747810425,44.77915908630459,142.3721055751099,172.44683330318546,176.7016996339995,0.026739274747810425,43.700904962472585,1.3395,1.3694,1.2465,0.7963,1.0280079107109705,0.9292533475816563,archive_not_mission_grade_sidecar,root:full_polar_candidate_not_mission_grade;mid1:full_polar_mission_grade_candidate;mid2:full_polar_mission_grade_candidate;tip:full_polar_mission_grade_candidate,actual_sidecar_query_grade_sidecar,root:actual_sidecar_query_grade;mid1:mixed_actual_sidecar_query_quality;mid2:;tip:,,0.0699567603961751,0.15180802327886533,True,False,True,False,/Volumes/Samsung SSD/hpa-mdo/output/phase9_smooth_geometry_combo_reoptimization/avl_inputs/policy_C_conservative_baseline/combo_0211/policy_C_conservative_baseline_combo_0211.avl,/Volumes/Samsung SSD/hpa-mdo/output/phase9_smooth_geometry_combo_reoptimization/avl_runs/policy_C_conservative_baseline/combo_0211
212,policy_C_conservative_baseline,root:dae21|mid1:dae31|mid2:cst_mid2_seedless_sobol_0377_ed2a45eb|tip:cst_tip_nsga2_g05_child_0102_33bdf605,dae21,dae31,cst_mid2_seedless_sobol_0377_ed2a45eb,cst_tip_nsga2_g05_child_0102_33bdf605,ok,,,top_predicted_profile_proxy,0.009779995256335725,0.013376631656011644,False,False,4.36331,1.1685305045195065,1.16853,0.0126955,0.013330275,0.9696298209108932,0.010178595974810254,0.014068475465018736,0.026763975465018734,43.66057299846238,146.01968611874432,176.86492989188991,181.0597265886237,0.02739875046501874,42.64904364932349,1.3234,1.3536,1.2334,0.8493,1.1903039249281766,0.9180842703916118,archive_not_mission_grade_sidecar,root:full_polar_candidate_not_mission_grade;mid1:full_polar_mission_grade_candidate;mid2:full_polar_mission_grade_candidate;tip:full_polar_mission_grade_candidate,actual_sidecar_query_grade_sidecar,root:actual_sidecar_query_grade;mid1:mixed_actual_sidecar_query_quality;mid2:;tip:,,0.05258332710389613,0.11418787529986119,True,False,True,False,/Volumes/Samsung SSD/hpa-mdo/output/phase9_smooth_geometry_combo_reoptimization/avl_inputs/policy_C_conservative_baseline/combo_0212/policy_C_conservative_baseline_combo_0212.avl,/Volumes/Samsung SSD/hpa-mdo/output/phase9_smooth_geometry_combo_reoptimization/avl_runs/policy_C_conservative_baseline/combo_0212
213,policy_C_conservative_baseline,root:dae31|mid1:dae31|mid2:cst_mid2_nsga2_g01_child_0103_58b101ad|tip:cst_tip_nsga2_g05_child_0032_70ef8136,dae31,dae31,cst_mid2_nsga2_g01_child_0103_58b101ad,cst_tip_nsga2_g05_child_0032_70ef8136,ok,,,top_predicted_profile_proxy,0.009803761409485346,0.011497658645603764,True,False,4.22039,1.1685305045195065,1.16853,0.0129652,0.01361346,0.9493947012110372,0.00935094203224507,0.013240821522453552,0.026206021522453552,44.59015282111019,142.97558455511185,173.17779137004828,177.46170126981536,0.026854281522453553,43.51375044394571,1.3496,1.3519,1.2356,0.7791,0.8178304837993547,0.9321899126203005,archive_mission_grade_sidecar,root:full_polar_mission_grade_candidate;mid1:full_polar_mission_grade_candidate;mid2:full_polar_mission_grade_candidate;tip:full_polar_mission_grade_candidate,actual_sidecar_query_grade_sidecar,root:mixed_actual_sidecar_query_quality;mid1:mixed_actual_sidecar_query_quality;mid2:;tip:,,0.07861873064203385,0.1656242300369143,True,False,True,False,/Volumes/Samsung SSD/hpa-mdo/output/phase9_smooth_geometry_combo_reoptimization/avl_inputs/policy_C_conservative_baseline/combo_0213/policy_C_conservative_baseline_combo_0213.avl,/Volumes/Samsung SSD/hpa-mdo/output/phase9_smooth_geometry_combo_reoptimization/avl_runs/policy_C_conservative_baseline/combo_0213
214,policy_C_conservative_baseline,root:dae31|mid1:dae31|mid2:cst_mid2_nsga2_g01_child_0103_58b101ad|tip:cst_tip_nsga2_g05_child_0102_33bdf605,dae31,dae31,cst_mid2_nsga2_g01_child_0103_58b101ad,cst_tip_nsga2_g05_child_0102_33bdf605,ok,,,top_predicted_profile_proxy,0.009803832125033916,0.011515161375844041,True,False,4.05416,1.1685305045195065,1.16853,0.0127582,0.013396110000000001,0.9647324072195721,0.010151418511471716,0.014041298001680198,0.0267994980016802,43.60270123142774,146.21349102116727,177.09967420199524,181.31518798375012,0.0274374080016802,42.58895390001666,1.3334,1.3359,1.2225,0.8321,0.937027884633772,0.9223067078167021,archive_mission_grade_sidecar,root:full_polar_mission_grade_candidate;mid1:full_polar_mission_grade_candidate;mid2:full_polar_mission_grade_candidate;tip:full_polar_mission_grade_candidate,actual_sidecar_query_grade_sidecar,root:mixed_actual_sidecar_query_quality;mid1:mixed_actual_sidecar_query_quality;mid2:;tip:,,0.06036915492350413,0.12597671435430602,True,False,True,False,/Volumes/Samsung SSD/hpa-mdo/output/phase9_smooth_geometry_combo_reoptimization/avl_inputs/policy_C_conservative_baseline/combo_0214/policy_C_conservative_baseline_combo_0214.avl,/Volumes/Samsung SSD/hpa-mdo/output/phase9_smooth_geometry_combo_reoptimization/avl_runs/policy_C_conservative_baseline/combo_0214
215,policy_C_conservative_baseline,root:dae31|mid1:fx76mp140|mid2:dae31|tip:cst_tip_nsga2_g05_child_0032_70ef8136,dae31,fx76mp140,dae31,cst_tip_nsga2_g05_child_0032_70ef8136,ok,,,top_predicted_profile_proxy,0.009814526312863293,0.015281684502158069,False,False,1.68203,1.1685305045195065,1.16853,0.0156579,0.016440795,0.7855478374085787,0.013067825748860807,0.01695770523906929,0.032615605239069284,35.827343872796135,177.94518029679548,215.53437535949067,220.70799650066576,0.03339850023906929,34.98751429420681,1.3704,1.6397,1.3972,0.5859,-1.9883594349729394,1.1038254038839594,archive_not_mission_grade_sidecar,root:full_polar_mission_grade_candidate;mid1:full_polar_candidate_not_mission_grade;mid2:full_polar_mission_grade_candidate;tip:full_polar_mission_grade_candidate,actual_sidecar_query_not_mission_grade_sidecar,root:mixed_actual_sidecar_query_quality;mid1:actual_sidecar_query_grade;mid2:mixed_actual_sidecar_query_quality;tip:,mid1:insufficient_safe_clmax_margin,0.20251884401156356,0.3099976762080955,True,False,True,False,/Volumes/Samsung SSD/hpa-mdo/output/phase9_smooth_geometry_combo_reoptimization/avl_inputs/policy_C_conservative_baseline/combo_0215/policy_C_conservative_baseline_combo_0215.avl,/Volumes/Samsung SSD/hpa-mdo/output/phase9_smooth_geometry_combo_reoptimization/avl_runs/policy_C_conservative_baseline/combo_0215
216,policy_C_conservative_baseline,root:dae31|mid1:fx76mp140|mid2:dae31|tip:cst_tip_nsga2_g05_child_0102_33bdf605,dae31,fx76mp140,dae31,cst_tip_nsga2_g05_child_0102_33bdf605,ok,,,top_predicted_profile_proxy,0.009814597028411863,0.015299187232398346,False,False,1.51652,1.1685305045195065,1.16853,0.015197,0.01595685,0.8093167474811176,0.01312794648612797,0.01701782597633645,0.03221482597633645,36.27306586656268,175.75859698357883,212.88589750917978,217.90722990256822,0.03297467597633645,35.43720961376775,1.3542,1.6242,1.3841,0.6391,-1.7885302341174942,1.0933909989561061,archive_not_mission_grade_sidecar,root:full_polar_mission_grade_candidate;mid1:full_polar_candidate_not_mission_grade;mid2:full_polar_mission_grade_candidate;tip:full_polar_mission_grade_candidate,actual_sidecar_query_not_mission_grade_sidecar,root:mixed_actual_sidecar_query_quality;mid1:actual_sidecar_query_grade;mid2:mixed_actual_sidecar_query_quality;tip:,mid1:insufficient_safe_clmax_margin,0.1881769095582424,0.26537645842565555,True,False,True,False,/Volumes/Samsung SSD/hpa-mdo/output/phase9_smooth_geometry_combo_reoptimization/avl_inputs/policy_C_conservative_baseline/combo_0216/policy_C_conservative_baseline_combo_0216.avl,/Volumes/Samsung SSD/hpa-mdo/output/phase9_smooth_geometry_combo_reoptimization/avl_runs/policy_C_conservative_baseline/combo_0216
217,policy_C_conservative_baseline,root:fx76mp140|mid1:dae31|mid2:cst_mid2_nsga2_g01_child_0103_58b101ad|tip:cst_tip_nsga2_g05_child_0032_70ef8136,fx76mp140,dae31,cst_mid2_nsga2_g01_child_0103_58b101ad,cst_tip_nsga2_g05_child_0032_70ef8136,ok,,,top_predicted_profile_proxy,0.009815370954538815,0.013518874169007652,False,False,2.25327,1.1685305045195065,1.16853,0.0161287,0.016935135,0.7624346387556836,0.02122230874371033,0.025112188233918812,0.04124088823391881,28.33427102470702,225.00325346082977,272.53301049034616,277.86219149799535,0.04204732323391881,27.790841714672435,1.6923,1.3922,1.0528,0.5887,-2.6664894972307778,1.1392350618971914,archive_not_mission_grade_sidecar,root:full_polar_candidate_not_mission_grade;mid1:full_polar_mission_grade_candidate;mid2:full_polar_mission_grade_candidate;tip:full_polar_mission_grade_candidate,actual_sidecar_query_not_mission_grade_sidecar,root:actual_sidecar_query_grade;mid1:mixed_actual_sidecar_query_quality;mid2:;tip:,"root:cl_outside_polar_envelope,insufficient_safe_clmax_margin",0.26305542699435086,0.2971464746711053,True,False,True,False,/Volumes/Samsung SSD/hpa-mdo/output/phase9_smooth_geometry_combo_reoptimization/avl_inputs/policy_C_conservative_baseline/combo_0217/policy_C_conservative_baseline_combo_0217.avl,/Volumes/Samsung SSD/hpa-mdo/output/phase9_smooth_geometry_combo_reoptimization/avl_runs/policy_C_conservative_baseline/combo_0217
218,policy_C_conservative_baseline,root:fx76mp140|mid1:dae31|mid2:cst_mid2_nsga2_g01_child_0103_58b101ad|tip:cst_tip_nsga2_g05_child_0102_33bdf605,fx76mp140,dae31,cst_mid2_nsga2_g01_child_0103_58b101ad,cst_tip_nsga2_g05_child_0102_33bdf605,ok,,,top_predicted_profile_proxy,0.009815441670087384,0.013536376899247929,False,False,2.08758,1.1685305045195065,1.16853,0.0157693,0.016557765000000002,0.7797579339153062,0.01880543213100185,0.02269531162121033,0.03846461162121033,30.379365740824227,209.85636169595125,254.18648461234406,259.3969140991546,0.03925307662121033,29.769144360217947,1.6761,1.376,1.0396,0.6419,-2.457635751820569,1.1283294257790477,archive_not_mission_grade_sidecar,root:full_polar_candidate_not_mission_grade;mid1:full_polar_mission_grade_candidate;mid2:full_polar_mission_grade_candidate;tip:full_polar_mission_grade_candidate,actual_sidecar_query_not_mission_grade_sidecar,root:actual_sidecar_query_grade;mid1:mixed_actual_sidecar_query_quality;mid2:;tip:,root:insufficient_safe_clmax_margin,0.2501913217048254,0.2596131096706853,True,False,True,False,/Volumes/Samsung SSD/hpa-mdo/output/phase9_smooth_geometry_combo_reoptimization/avl_inputs/policy_C_conservative_baseline/combo_0218/policy_C_conservative_baseline_combo_0218.avl,/Volumes/Samsung SSD/hpa-mdo/output/phase9_smooth_geometry_combo_reoptimization/avl_runs/policy_C_conservative_baseline/combo_0218
219,policy_C_conservative_baseline,root:dae31|mid1:dae21|mid2:cst_mid2_seedless_sobol_0237_e583606c|tip:cst_tip_nsga2_g05_child_0032_70ef8136,dae31,dae21,cst_mid2_seedless_sobol_0237_e583606c,cst_tip_nsga2_g05_child_0032_70ef8136,ok,,,top_predicted_profile_proxy,0.009816941471110794,0.015304301652683915,False,False,4.66713,1.1685305045195065,1.16853,0.0129975,0.013647375000000002,0.9471651187911101,0.009422434664630523,0.013312314154839005,0.026309814154839004,44.414243963961475,143.54185945781347,173.86368635878569,178.15826869629092,0.026959689154839005,43.34361934991993,1.3724,1.3502,1.1951,0.7923,0.9201465844920804,0.9366762746582699,archive_not_mission_grade_sidecar,root:full_polar_mission_grade_candidate;mid1:full_polar_candidate_not_mission_grade;mid2:full_polar_mission_grade_candidate;tip:full_polar_mission_grade_candidate,actual_sidecar_query_grade_sidecar,root:mixed_actual_sidecar_query_quality;mid1:actual_sidecar_query_grade;mid2:;tip:,,0.08778684226948591,0.1540440291299746,True,False,True,False,/Volumes/Samsung SSD/hpa-mdo/output/phase9_smooth_geometry_combo_reoptimization/avl_inputs/policy_C_conservative_baseline/combo_0219/policy_C_conservative_baseline_combo_0219.avl,/Volumes/Samsung SSD/hpa-mdo/output/phase9_smooth_geometry_combo_reoptimization/avl_runs/policy_C_conservative_baseline/combo_0219
220,policy_C_conservative_baseline,root:dae31|mid1:dae21|mid2:cst_mid2_seedless_sobol_0237_e583606c|tip:cst_tip_nsga2_g05_child_0102_33bdf605,dae31,dae21,cst_mid2_seedless_sobol_0237_e583606c,cst_tip_nsga2_g05_child_0102_33bdf605,ok,,,top_predicted_profile_proxy,0.009817012186659363,0.015321804382924192,False,False,4.50086,1.1685305045195065,1.16853,0.012835,0.01347675,0.9591076118967677,0.010262074200129168,0.01415195369033765,0.02698695369033765,43.2998299077337,147.2362172919603,178.338441487355,182.57933122014046,0.02762870369033765,42.29407639302914,1.3562,1.3342,1.182,0.8453,1.0814345489315402,0.925576570618474,archive_not_mission_grade_sidecar,root:full_polar_mission_grade_candidate;mid1:full_polar_candidate_not_mission_grade;mid2:full_polar_mission_grade_candidate;tip:full_polar_mission_grade_candidate,actual_sidecar_query_grade_sidecar,root:mixed_actual_sidecar_query_quality;mid1:actual_sidecar_query_grade;mid2:;tip:,,0.07340018897728881,0.1174918073574257,True,False,True,False,/Volumes/Samsung SSD/hpa-mdo/output/phase9_smooth_geometry_combo_reoptimization/avl_inputs/policy_C_conservative_baseline/combo_0220/policy_C_conservative_baseline_combo_0220.avl,/Volumes/Samsung SSD/hpa-mdo/output/phase9_smooth_geometry_combo_reoptimization/avl_runs/policy_C_conservative_baseline/combo_0220
221,policy_C_conservative_baseline,root:dae21|mid1:dae31|mid2:cst_mid2_nsga2_g01_child_0103_58b101ad|tip:cst_tip_nsga2_g05_child_0032_70ef8136,dae21,dae31,cst_mid2_nsga2_g01_child_0103_58b101ad,cst_tip_nsga2_g05_child_0032_70ef8136,ok,,,top_predicted_profile_proxy,0.009818431702552682,0.013544214042038526,False,False,4.45584,1.1685305045195065,1.16853,0.0128494,0.013491870000000001,0.9580491702196843,0.009385502349659004,0.013275381839867484,0.026124781839867484,44.72881387802754,142.53235470059684,172.6409335036299,176.8865812272336,0.026767251839867487,43.655228841202224,1.3328,1.3633,1.2573,0.8018,0.6203813541728789,0.9485613282109937,archive_not_mission_grade_sidecar,root:full_polar_candidate_not_mission_grade;mid1:full_polar_mission_grade_candidate;mid2:full_polar_mission_grade_candidate;tip:full_polar_mission_grade_candidate,actual_sidecar_query_grade_sidecar,root:actual_sidecar_query_grade;mid1:mixed_actual_sidecar_query_quality;mid2:;tip:,,0.06550803110404,0.15008079026788368,True,False,True,False,/Volumes/Samsung SSD/hpa-mdo/output/phase9_smooth_geometry_combo_reoptimization/avl_inputs/policy_C_conservative_baseline/combo_0221/policy_C_conservative_baseline_combo_0221.avl,/Volumes/Samsung SSD/hpa-mdo/output/phase9_smooth_geometry_combo_reoptimization/avl_runs/policy_C_conservative_baseline/combo_0221
222,policy_C_conservative_baseline,root:dae21|mid1:dae31|mid2:cst_mid2_nsga2_g01_child_0103_58b101ad|tip:cst_tip_nsga2_g05_child_0102_33bdf605,dae21,dae31,cst_mid2_nsga2_g01_child_0103_58b101ad,cst_tip_nsga2_g05_child_0102_33bdf605,ok,,,top_predicted_profile_proxy,0.009818502418101251,0.013561716772278803,False,False,4.28957,1.1685305045195065,1.16853,0.0126606,0.013293629999999999,0.9722860358796968,0.010232677681519463,0.014122557171727945,0.026783157171727946,43.62930393258478,146.12433823952367,176.99168875911298,181.1749539364331,0.027416187171727946,42.62191883941162,1.3166,1.3475,1.2443,0.8548,0.7386688511841327,0.9387535677188732,archive_not_mission_grade_sidecar,root:full_polar_candidate_not_mission_grade;mid1:full_polar_mission_grade_candidate;mid2:full_polar_mission_grade_candidate;tip:full_polar_mission_grade_candidate,actual_sidecar_query_grade_sidecar,root:actual_sidecar_query_grade;mid1:mixed_actual_sidecar_query_quality;mid2:;tip:,,0.047345662533526366,0.11001731842802442,True,False,True,False,/Volumes/Samsung SSD/hpa-mdo/output/phase9_smooth_geometry_combo_reoptimization/avl_inputs/policy_C_conservative_baseline/combo_0222/policy_C_conservative_baseline_combo_0222.avl,/Volumes/Samsung SSD/hpa-mdo/output/phase9_smooth_geometry_combo_reoptimization/avl_runs/policy_C_conservative_baseline/combo_0222
223,policy_C_conservative_baseline,root:cst_root_nsga2_g04_child_0066_2124fc90|mid1:dae31|mid2:dae31|tip:cst_tip_nsga2_g05_child_0032_70ef8136,cst_root_nsga2_g04_child_0066_2124fc90,dae31,dae31,cst_tip_nsga2_g05_child_0032_70ef8136,ok,,,top_predicted_profile_proxy,0.009821714521223887,0.01120946329574495,True,False,4.01652,1.1685305045195065,1.16853,0.0129555,0.013603275,0.9500567165041385,0.009415149323352016,0.013305028813560497,0.026260528813560495,44.497599908045146,143.27296704034922,173.5379930236788,177.81869788796416,0.026908303813560498,43.426390329762185,1.3354,1.3361,1.2588,0.7883,1.6366153005805784,0.891502232555717,archive_mission_grade_sidecar,root:full_polar_mission_grade_candidate;mid1:full_polar_mission_grade_candidate;mid2:full_polar_mission_grade_candidate;tip:full_polar_mission_grade_candidate,actual_sidecar_query_grade_sidecar,root:;mid1:mixed_actual_sidecar_query_quality;mid2:mixed_actual_sidecar_query_quality;tip:,,0.07114290408503401,0.16953908566042897,True,False,True,False,/Volumes/Samsung SSD/hpa-mdo/output/phase9_smooth_geometry_combo_reoptimization/avl_inputs/policy_C_conservative_baseline/combo_0223/policy_C_conservative_baseline_combo_0223.avl,/Volumes/Samsung SSD/hpa-mdo/output/phase9_smooth_geometry_combo_reoptimization/avl_runs/policy_C_conservative_baseline/combo_0223
224,policy_C_conservative_baseline,root:cst_root_nsga2_g04_child_0066_2124fc90|mid1:dae31|mid2:dae31|tip:cst_tip_nsga2_g05_child_0102_33bdf605,cst_root_nsga2_g04_child_0066_2124fc90,dae31,dae31,cst_tip_nsga2_g05_child_0102_33bdf605,ok,,,top_predicted_profile_proxy,0.009821785236772457,0.011226966025985228,True,False,3.85029,1.1685305045195065,1.16853,0.0127286,0.01336503,0.9669427444842769,0.010268362911476075,0.014158242401684555,0.026886842401684555,43.4610538144224,146.69002717288868,177.6768739981694,181.8826074654646,0.027523272401684555,42.45608906766431,1.3192,1.3199,1.2457,0.8414,1.7996666100098386,0.8806929097749352,archive_mission_grade_sidecar,root:full_polar_mission_grade_candidate;mid1:full_polar_mission_grade_candidate;mid2:full_polar_mission_grade_candidate;tip:full_polar_mission_grade_candidate,actual_sidecar_query_grade_sidecar,root:;mid1:mixed_actual_sidecar_query_quality;mid2:mixed_actual_sidecar_query_quality;tip:,,0.0514761860276424,0.125058688553084,True,False,True,False,/Volumes/Samsung SSD/hpa-mdo/output/phase9_smooth_geometry_combo_reoptimization/avl_inputs/policy_C_conservative_baseline/combo_0224/policy_C_conservative_baseline_combo_0224.avl,/Volumes/Samsung SSD/hpa-mdo/output/phase9_smooth_geometry_combo_reoptimization/avl_runs/policy_C_conservative_baseline/combo_0224
225,policy_C_conservative_baseline,root:fx76mp140|mid1:fx76mp140|mid2:dae31|tip:cst_tip_nsga2_g05_child_0032_70ef8136,fx76mp140,fx76mp140,dae31,cst_tip_nsga2_g05_child_0032_70ef8136,ok,,,top_predicted_profile_proxy,0.009826135857916762,0.017302900025561955,False,False,-0.28798,1.1685305045195065,1.16853,0.0163962,0.01721601,0.7491991959110886,0.011080776647986392,0.014970656138194875,0.03136685613819487,37.25366990466754,171.13221814963345,207.2822409758157,212.69980827123428,0.032186666138194875,36.304800860777846,1.5143,1.515,1.213,0.3943,-0.380701283574602,1.0198789332708413,archive_not_mission_grade_sidecar,root:full_polar_candidate_not_mission_grade;mid1:full_polar_candidate_not_mission_grade;mid2:full_polar_mission_grade_candidate;tip:full_polar_mission_grade_candidate,actual_sidecar_query_not_mission_grade_sidecar,root:actual_sidecar_query_grade;mid1:actual_sidecar_query_grade;mid2:mixed_actual_sidecar_query_quality;tip:,root:insufficient_safe_clmax_margin|mid1:insufficient_safe_clmax_margin,0.25433079349977383,0.4392999691516739,True,False,True,False,/Volumes/Samsung SSD/hpa-mdo/output/phase9_smooth_geometry_combo_reoptimization/avl_inputs/policy_C_conservative_baseline/combo_0225/policy_C_conservative_baseline_combo_0225.avl,/Volumes/Samsung SSD/hpa-mdo/output/phase9_smooth_geometry_combo_reoptimization/avl_runs/policy_C_conservative_baseline/combo_0225
226,policy_C_conservative_baseline,root:fx76mp140|mid1:fx76mp140|mid2:dae31|tip:cst_tip_nsga2_g05_child_0102_33bdf605,fx76mp140,fx76mp140,dae31,cst_tip_nsga2_g05_child_0102_33bdf605,ok,,,top_predicted_profile_proxy,0.009826206573465331,0.017320402755802232,False,False,-0.45223,1.1685305045195065,1.16853,0.0157817,0.016570785,0.7783444553378714,0.011531284761465444,0.015421164251673926,0.031202864251673925,37.44946281515867,170.23750638205217,206.19853001702057,211.41305666259126,0.03199194925167392,36.52576763381697,1.498,1.4988,1.1998,0.4476,-0.17184753816439305,1.0089732971526977,archive_not_mission_grade_sidecar,root:full_polar_candidate_not_mission_grade;mid1:full_polar_candidate_not_mission_grade;mid2:full_polar_mission_grade_candidate;tip:full_polar_mission_grade_candidate,actual_sidecar_query_not_mission_grade_sidecar,root:actual_sidecar_query_grade;mid1:actual_sidecar_query_grade;mid2:mixed_actual_sidecar_query_quality;tip:,root:insufficient_safe_clmax_margin|mid1:insufficient_safe_clmax_margin,0.23438365712017398,0.3964735200508474,True,False,True,False,/Volumes/Samsung SSD/hpa-mdo/output/phase9_smooth_geometry_combo_reoptimization/avl_inputs/policy_C_conservative_baseline/combo_0226/policy_C_conservative_baseline_combo_0226.avl,/Volumes/Samsung SSD/hpa-mdo/output/phase9_smooth_geometry_combo_reoptimization/avl_runs/policy_C_conservative_baseline/combo_0226
227,policy_C_conservative_baseline,root:fx76mp140|mid1:dae21|mid2:cst_mid2_seedless_sobol_0237_e583606c|tip:cst_tip_nsga2_g05_child_0032_70ef8136,fx76mp140,dae21,cst_mid2_seedless_sobol_0237_e583606c,cst_tip_nsga2_g05_child_0032_70ef8136,ok,,,top_predicted_profile_proxy,0.00982855101616426,0.017325517176087803,False,False,2.6996,1.1685305045195065,1.16853,0.016563,0.01739115,0.7425827040231432,0.023032651586953452,0.026922531077161933,0.04348553107716194,26.87170825730594,237.24964203817103,287.3663299880948,292.83901067715794,0.04431368107716194,26.369520114674817,1.7308,1.3906,1.0124,0.602,-3.162839447742694,1.16515277736315,archive_not_mission_grade_sidecar,root:full_polar_candidate_not_mission_grade;mid1:full_polar_candidate_not_mission_grade;mid2:full_polar_mission_grade_candidate;tip:full_polar_mission_grade_candidate,actual_sidecar_query_not_mission_grade_sidecar,root:actual_sidecar_query_grade;mid1:actual_sidecar_query_grade;mid2:;tip:,"root:cl_outside_polar_envelope,insufficient_safe_clmax_margin",0.2815650858661188,0.2877406462856745,True,False,True,False,/Volumes/Samsung SSD/hpa-mdo/output/phase9_smooth_geometry_combo_reoptimization/avl_inputs/policy_C_conservative_baseline/combo_0227/policy_C_conservative_baseline_combo_0227.avl,/Volumes/Samsung SSD/hpa-mdo/output/phase9_smooth_geometry_combo_reoptimization/avl_runs/policy_C_conservative_baseline/combo_0227
228,policy_C_conservative_baseline,root:fx76mp140|mid1:dae21|mid2:cst_mid2_seedless_sobol_0237_e583606c|tip:cst_tip_nsga2_g05_child_0102_33bdf605,fx76mp140,dae21,cst_mid2_seedless_sobol_0237_e583606c,cst_tip_nsga2_g05_child_0102_33bdf605,ok,,,top_predicted_profile_proxy,0.00982862173171283,0.01734301990632808,False,False,2.53375,1.1685305045195065,1.16853,0.0162485,0.017060925,0.7569169576487697,0.023236790017558177,0.027126669507766658,0.04337516950776665,26.940079261483284,236.6475281353342,286.6370253577207,292.0057902056494,0.04418759450776666,26.444763910244514,1.7146,1.3744,0.9992,0.6552,-2.953985702332485,1.1542471412450064,archive_not_mission_grade_sidecar,root:full_polar_candidate_not_mission_grade;mid1:full_polar_candidate_not_mission_grade;mid2:full_polar_mission_grade_candidate;tip:full_polar_mission_grade_candidate,actual_sidecar_query_not_mission_grade_sidecar,root:actual_sidecar_query_grade;mid1:actual_sidecar_query_grade;mid2:;tip:,"root:cl_outside_polar_envelope,insufficient_safe_clmax_margin",0.270006811697416,0.25212907622040726,True,False,True,False,/Volumes/Samsung SSD/hpa-mdo/output/phase9_smooth_geometry_combo_reoptimization/avl_inputs/policy_C_conservative_baseline/combo_0228/policy_C_conservative_baseline_combo_0228.avl,/Volumes/Samsung SSD/hpa-mdo/output/phase9_smooth_geometry_combo_reoptimization/avl_runs/policy_C_conservative_baseline/combo_0228
229,policy_C_conservative_baseline,root:dae21|mid1:fx76mp140|mid2:dae31|tip:cst_tip_nsga2_g05_child_0032_70ef8136,dae21,fx76mp140,dae31,cst_tip_nsga2_g05_child_0032_70ef8136,ok,,,top_predicted_profile_proxy,0.009829196605930629,0.01732823989859283,False,False,1.91724,1.1685305045195065,1.16853,0.0158324,0.01662402,0.7770095532391947,0.015115766116416454,0.019005645606624936,0.034838045606624936,33.5417927203498,190.07043595293894,230.22097378020703,235.45225251845034,0.035629665606624936,32.79656108538474,1.3534,1.6583,1.4191,0.6087,-2.2281544759994776,1.1163466897973837,archive_not_mission_grade_sidecar,root:full_polar_candidate_not_mission_grade;mid1:full_polar_candidate_not_mission_grade;mid2:full_polar_mission_grade_candidate;tip:full_polar_mission_grade_candidate,actual_sidecar_query_not_mission_grade_sidecar,root:actual_sidecar_query_grade;mid1:actual_sidecar_query_grade;mid2:mixed_actual_sidecar_query_quality;tip:,mid1:insufficient_safe_clmax_margin,0.20938723380319357,0.2945968477521581,True,False,True,False,/Volumes/Samsung SSD/hpa-mdo/output/phase9_smooth_geometry_combo_reoptimization/avl_inputs/policy_C_conservative_baseline/combo_0229/policy_C_conservative_baseline_combo_0229.avl,/Volumes/Samsung SSD/hpa-mdo/output/phase9_smooth_geometry_combo_reoptimization/avl_runs/policy_C_conservative_baseline/combo_0229
230,policy_C_conservative_baseline,root:dae21|mid1:fx76mp140|mid2:dae31|tip:cst_tip_nsga2_g05_child_0102_33bdf605,dae21,fx76mp140,dae31,cst_tip_nsga2_g05_child_0102_33bdf605,ok,,,top_predicted_profile_proxy,0.009829267321479198,0.017345742628833108,False,False,1.75161,1.1685305045195065,1.16853,0.0153898,0.01615929,0.7993010379494393,0.014104083239085071,0.01799396272929355,0.033383762729293553,35.00295979201126,182.13611657077743,220.61060631150366,225.69564291529187,0.03415325272929355,34.21432546356697,1.3372,1.6429,1.406,0.662,-2.02961449579471,1.1059796036110003,archive_not_mission_grade_sidecar,root:full_polar_candidate_not_mission_grade;mid1:full_polar_candidate_not_mission_grade;mid2:full_polar_mission_grade_candidate;tip:full_polar_mission_grade_candidate,actual_sidecar_query_not_mission_grade_sidecar,root:actual_sidecar_query_grade;mid1:actual_sidecar_query_grade;mid2:mixed_actual_sidecar_query_quality;tip:,mid1:insufficient_safe_clmax_margin,0.19681286872963283,0.24991581846862043,True,False,True,False,/Volumes/Samsung SSD/hpa-mdo/output/phase9_smooth_geometry_combo_reoptimization/avl_inputs/policy_C_conservative_baseline/combo_0230/policy_C_conservative_baseline_combo_0230.avl,/Volumes/Samsung SSD/hpa-mdo/output/phase9_smooth_geometry_combo_reoptimization/avl_runs/policy_C_conservative_baseline/combo_0230
231,policy_C_conservative_baseline,root:dae21|mid1:dae21|mid2:cst_mid2_seedless_sobol_0237_e583606c|tip:cst_tip_nsga2_g05_child_0032_70ef8136,dae21,dae21,cst_mid2_seedless_sobol_0237_e583606c,cst_tip_nsga2_g05_child_0032_70ef8136,ok,,,top_predicted_profile_proxy,0.00983161176417813,0.017350857049118675,False,False,4.90252,1.1685305045195065,1.16853,0.0128338,0.01347549,0.9593451312789562,0.009417892880114836,0.013307772370323316,0.026141572370323315,44.700084905606396,142.62396097150125,172.7518907116052,176.99238394515584,0.026783262370323316,43.629132566549266,1.3432,1.3454,1.2169,0.815,0.9685329738239198,0.933346363446331,archive_not_mission_grade_sidecar,root:full_polar_candidate_not_mission_grade;mid1:full_polar_candidate_not_mission_grade;mid2:full_polar_mission_grade_candidate;tip:full_polar_mission_grade_candidate,actual_sidecar_query_grade_sidecar,root:actual_sidecar_query_grade;mid1:actual_sidecar_query_grade;mid2:;tip:,,0.06925307949380252,0.13809755782216138,True,False,True,False,/Volumes/Samsung SSD/hpa-mdo/output/phase9_smooth_geometry_combo_reoptimization/avl_inputs/policy_C_conservative_baseline/combo_0231/policy_C_conservative_baseline_combo_0231.avl,/Volumes/Samsung SSD/hpa-mdo/output/phase9_smooth_geometry_combo_reoptimization/avl_runs/policy_C_conservative_baseline/combo_0231
232,policy_C_conservative_baseline,root:dae21|mid1:dae21|mid2:cst_mid2_seedless_sobol_0237_e583606c|tip:cst_tip_nsga2_g05_child_0102_33bdf605,dae21,dae21,cst_mid2_seedless_sobol_0237_e583606c,cst_tip_nsga2_g05_child_0102_33bdf605,ok,,,top_predicted_profile_proxy,0.009831682479726699,0.017368359779358952,False,False,4.73623,1.1685305045195065,1.16853,0.0126895,0.013323975,0.9702045849344006,0.01026026450554756,0.01415014399575604,0.02683964399575604,43.53748152189641,146.43252071881219,177.36497180088685,181.55778600144637,0.02747411899575604,42.53204642157992,1.327,1.3294,1.2038,0.868,1.1298209382633795,0.9222466594065352,archive_not_mission_grade_sidecar,root:full_polar_candidate_not_mission_grade;mid1:full_polar_candidate_not_mission_grade;mid2:full_polar_mission_grade_candidate;tip:full_polar_mission_grade_candidate,actual_sidecar_query_grade_sidecar,root:actual_sidecar_query_grade;mid1:actual_sidecar_query_grade;mid2:;tip:,,0.054427312482072825,0.1015385478483174,True,False,True,False,/Volumes/Samsung SSD/hpa-mdo/output/phase9_smooth_geometry_combo_reoptimization/avl_inputs/policy_C_conservative_baseline/combo_0232/policy_C_conservative_baseline_combo_0232.avl,/Volumes/Samsung SSD/hpa-mdo/output/phase9_smooth_geometry_combo_reoptimization/avl_runs/policy_C_conservative_baseline/combo_0232
233,policy_C_conservative_baseline,root:dae31|mid1:dae21|mid2:cst_mid2_nsga2_g02_child_0106_7ea30168|tip:cst_tip_nsga2_g05_child_0032_70ef8136,dae31,dae21,cst_mid2_nsga2_g02_child_0106_7ea30168,cst_tip_nsga2_g05_child_0032_70ef8136,ok,,,top_predicted_profile_proxy,0.009835696638402633,0.01826849107560954,False,False,4.55287,1.1685305045195065,1.16853,0.0129351,0.013581855,0.9516854294667235,0.009349069363137816,0.013238948853346297,0.026174048853346295,44.644621512965216,142.80114712471135,172.96650572276084,177.2404701000537,0.026820803853346297,43.56806421272548,1.3617,1.3399,1.212,0.8,1.0239757115999824,0.9295308401826513,archive_not_mission_grade_sidecar,root:full_polar_mission_grade_candidate;mid1:full_polar_candidate_not_mission_grade;mid2:full_polar_candidate_not_mission_grade;tip:full_polar_mission_grade_candidate,actual_sidecar_query_grade_sidecar,root:mixed_actual_sidecar_query_quality;mid1:actual_sidecar_query_grade;mid2:;tip:,,0.07894128788654,0.14958147895044982,True,False,True,False,/Volumes/Samsung SSD/hpa-mdo/output/phase9_smooth_geometry_combo_reoptimization/avl_inputs/policy_C_conservative_baseline/combo_0233/policy_C_conservative_baseline_combo_0233.avl,/Volumes/Samsung SSD/hpa-mdo/output/phase9_smooth_geometry_combo_reoptimization/avl_runs/policy_C_conservative_baseline/combo_0233
234,policy_C_conservative_baseline,root:dae31|mid1:dae21|mid2:cst_mid2_nsga2_g02_child_0106_7ea30168|tip:cst_tip_nsga2_g05_child_0102_33bdf605,dae31,dae21,cst_mid2_nsga2_g02_child_0106_7ea30168,cst_tip_nsga2_g05_child_0102_33bdf605,ok,,,top_predicted_profile_proxy,0.009835767353951202,0.018285993805849818,False,False,4.38658,1.1685305045195065,1.16853,0.012761,0.013399050000000001,0.9646198403062259,0.010199717218523521,0.014089596708732003,0.026850596708732,43.51972200824469,146.49227685306025,177.4373508394625,181.65378978609868,0.027488646708732002,42.50956829200009,1.3455,1.3238,1.1989,0.853,1.1862717258171884,0.9183617629926067,archive_not_mission_grade_sidecar,root:full_polar_mission_grade_candidate;mid1:full_polar_candidate_not_mission_grade;mid2:full_polar_candidate_not_mission_grade;tip:full_polar_mission_grade_candidate,actual_sidecar_query_grade_sidecar,root:mixed_actual_sidecar_query_quality;mid1:actual_sidecar_query_grade;mid2:;tip:,,0.06350050363176728,0.11157594809656346,True,False,True,False,/Volumes/Samsung SSD/hpa-mdo/output/phase9_smooth_geometry_combo_reoptimization/avl_inputs/policy_C_conservative_baseline/combo_0234/policy_C_conservative_baseline_combo_0234.avl,/Volumes/Samsung SSD/hpa-mdo/output/phase9_smooth_geometry_combo_reoptimization/avl_runs/policy_C_conservative_baseline/combo_0234
235,policy_C_conservative_baseline,root:cst_root_nsga2_g04_child_0066_2124fc90|mid1:dae21|mid2:cst_mid2_nsga2_g01_child_0046_9585b968|tip:cst_tip_nsga2_g04_child_0123_01770232,cst_root_nsga2_g04_child_0066_2124fc90,dae21,cst_mid2_nsga2_g01_child_0046_9585b968,cst_tip_nsga2_g04_child_0123_01770232,ok,,raw_best,known_policy_or_baseline,0.010690633472733019,0.0162516165980323,False,False,4.44343,1.1685305045195065,1.16853,0.0128493,0.013491765,0.9580402199882495,0.010410981971401756,0.014300861461610238,0.027150161461610235,43.039541631153256,148.12665106046046,179.41697076121665,183.66258544321744,0.027792626461610237,42.044623099352975,1.3585,1.3314,1.1691,0.8609,0.9522752335364325,0.9236341224115097,archive_not_mission_grade_sidecar,root:full_polar_mission_grade_candidate;mid1:full_polar_candidate_not_mission_grade;mid2:full_polar_mission_grade_candidate;tip:full_polar_mission_grade_candidate,actual_sidecar_query_not_mission_grade_sidecar,root:;mid1:actual_sidecar_query_grade;mid2:;tip:,mid2:cl_outside_polar_envelope,0.0752294102049643,0.11361603683490606,True,False,True,False,/Volumes/Samsung SSD/hpa-mdo/output/phase9_smooth_geometry_combo_reoptimization/avl_inputs/policy_C_conservative_baseline/combo_0235/policy_C_conservative_baseline_combo_0235.avl,/Volumes/Samsung SSD/hpa-mdo/output/phase9_smooth_geometry_combo_reoptimization/avl_runs/policy_C_conservative_baseline/combo_0235
236,policy_C_conservative_baseline,root:cst_root_nsga2_g05_child_0019_00cc4dca|mid1:cst_mid1_nsga2_g06_child_0001_a86879e2|mid2:dae31|tip:dae41,cst_root_nsga2_g05_child_0019_00cc4dca,cst_mid1_nsga2_g06_child_0001_a86879e2,dae31,dae41,ok,,policy_F,known_policy_or_baseline,0.01092763879032683,0.011821470714389506,True,False,3.99991,1.1685305045195065,1.16853,0.0126013,0.013231365,0.9767778392193665,0.01082173487401093,0.014711614364219413,0.027312914364219412,42.78307649403793,149.01460314310108,180.49249411712825,184.65616562392606,0.02794297936421941,41.81839342499723,1.3026,1.304,1.242,0.8865,2.58372198066042,0.8287147465266076,archive_mission_grade_sidecar,root:full_polar_mission_grade_candidate;mid1:full_polar_mission_grade_candidate;mid2:full_polar_mission_grade_candidate;tip:full_polar_mission_grade_candidate,actual_sidecar_query_grade_sidecar,root:actual_sidecar_query_grade;mid1:actual_sidecar_query_grade;mid2:mixed_actual_sidecar_query_quality;tip:actual_sidecar_query_not_mission_grade,,0.036323855819265706,0.09061939466149926,True,False,True,False,/Volumes/Samsung SSD/hpa-mdo/output/phase9_smooth_geometry_combo_reoptimization/avl_inputs/policy_C_conservative_baseline/combo_0236/policy_C_conservative_baseline_combo_0236.avl,/Volumes/Samsung SSD/hpa-mdo/output/phase9_smooth_geometry_combo_reoptimization/avl_runs/policy_C_conservative_baseline/combo_0236
237,policy_C_conservative_baseline,root:cst_root_nsga2_g05_child_0019_00cc4dca|mid1:cst_mid1_nsga2_g05_child_0114_b5496e0b|mid2:dae31|tip:clarkysm,cst_root_nsga2_g05_child_0019_00cc4dca,cst_mid1_nsga2_g05_child_0114_b5496e0b,dae31,clarkysm,ok,,conservative_best,known_policy_or_baseline,0.010942821280124304,0.011904231871097138,True,False,3.47917,1.1685305045195065,1.16853,0.012548,0.0131754,0.9807757011607393,0.010816120714350968,0.01470600020455945,0.02725400020455945,42.87555939491104,148.6931775345348,180.10317046334157,184.2492307957913,0.02788140020455945,41.910753977428165,1.295,1.3345,1.2528,0.8988,2.4750211077075805,0.8359209617137955,archive_mission_grade_sidecar,root:full_polar_mission_grade_candidate;mid1:full_polar_mission_grade_candidate;mid2:full_polar_mission_grade_candidate;tip:full_polar_mission_grade_candidate,actual_sidecar_query_grade_sidecar,root:actual_sidecar_query_grade;mid1:actual_sidecar_query_grade;mid2:mixed_actual_sidecar_query_quality;tip:actual_sidecar_query_grade,,0.03368778633349409,0.07929396741450245,True,False,False,False,/Volumes/Samsung SSD/hpa-mdo/output/phase9_smooth_geometry_combo_reoptimization/avl_inputs/policy_C_conservative_baseline/combo_0237/policy_C_conservative_baseline_combo_0237.avl,/Volumes/Samsung SSD/hpa-mdo/output/phase9_smooth_geometry_combo_reoptimization/avl_runs/policy_C_conservative_baseline/combo_0237
238,policy_C_conservative_baseline,root:fx76mp140|mid1:fx76mp140|mid2:clarkysm|tip:clarkysm,fx76mp140,fx76mp140,clarkysm,clarkysm,ok,,old_fx_clark_baseline,known_policy_or_baseline,0.011056930397776093,0.018592980731173856,False,True,-0.27498,1.1685305045195065,1.16853,0.0159744,0.01677312,0.7690079770388352,0.011419794610899519,0.015309674101108,0.031284074101108,37.352248327468324,170.6805734719773,206.73519073640662,212.0133885507742,0.032082794101107995,36.42234216997798,1.5135,1.5137,1.1231,0.4903,-0.36394141511575984,1.0190037896317312,archive_not_mission_grade_sidecar,root:full_polar_candidate_not_mission_grade;mid1:full_polar_candidate_not_mission_grade;mid2:full_polar_mission_grade_candidate;tip:full_polar_mission_grade_candidate,actual_sidecar_query_not_mission_grade_sidecar,root:actual_sidecar_query_grade;mid1:actual_sidecar_query_grade;mid2:actual_sidecar_query_grade;tip:actual_sidecar_query_grade,root:insufficient_safe_clmax_margin|mid1:insufficient_safe_clmax_margin,0.24510059912247217,0.39945063649122947,True,False,False,True,/Volumes/Samsung SSD/hpa-mdo/output/phase9_smooth_geometry_combo_reoptimization/avl_inputs/policy_C_conservative_baseline/combo_0238/policy_C_conservative_baseline_combo_0238.avl,/Volumes/Samsung SSD/hpa-mdo/output/phase9_smooth_geometry_combo_reoptimization/avl_runs/policy_C_conservative_baseline/combo_0238
239,policy_C_conservative_baseline,root:dae11|mid1:dae11|mid2:clarkysm|tip:clarkysm,dae11,dae11,clarkysm,clarkysm,ok,,policy_A,known_policy_or_baseline,0.011462881691768317,0.018944231129872105,False,True,4.69049,1.1685305045195065,1.16853,0.0126505,0.013283025,0.9732122762326378,0.010972482382460663,0.014862361872669143,0.027512861872669145,42.47215393031529,150.10548265247053,181.8138113523141,185.99373932774085,0.028145386872669143,41.51765650996326,1.3065,1.309,1.1792,0.944,1.2327306186709244,0.9039002991725352,archive_not_mission_grade_sidecar,root:full_polar_candidate_not_mission_grade;mid1:full_polar_candidate_not_mission_grade;mid2:full_polar_mission_grade_candidate;tip:full_polar_mission_grade_candidate,actual_sidecar_query_grade_sidecar,root:actual_sidecar_query_grade;mid1:actual_sidecar_query_grade;mid2:actual_sidecar_query_grade;tip:actual_sidecar_query_grade,,0.04950708988420082,0.11149832967253831,True,False,False,False,/Volumes/Samsung SSD/hpa-mdo/output/phase9_smooth_geometry_combo_reoptimization/avl_inputs/policy_C_conservative_baseline/combo_0239/policy_C_conservative_baseline_combo_0239.avl,/Volumes/Samsung SSD/hpa-mdo/output/phase9_smooth_geometry_combo_reoptimization/avl_runs/policy_C_conservative_baseline/combo_0239
240,policy_C_conservative_baseline,root:cst_root_nsga2_g05_child_0019_00cc4dca|mid1:cst_mid1_nsga2_g06_child_0001_a86879e2|mid2:clarkysm|tip:clarkysm,cst_root_nsga2_g05_child_0019_00cc4dca,cst_mid1_nsga2_g06_child_0001_a86879e2,clarkysm,clarkysm,ok,,policy_C;policy_E;policy_G,known_policy_or_baseline,0.011903621679977537,0.013001681582665873,True,True,4.2542,1.1685305045195065,1.16853,0.0127534,0.01339107,0.9652112053145426,0.011405950166824445,0.015295829657032925,0.028049229657032923,41.65998563267191,153.0318138180095,185.35830162065105,189.5722294054665,0.028686899657032923,40.73394192087355,1.3253,1.326,1.1724,0.9041,1.2995939668132976,0.8986878483292744,archive_mission_grade_sidecar,root:full_polar_mission_grade_candidate;mid1:full_polar_mission_grade_candidate;mid2:full_polar_mission_grade_candidate;tip:full_polar_mission_grade_candidate,actual_sidecar_query_grade_sidecar,root:actual_sidecar_query_grade;mid1:actual_sidecar_query_grade;mid2:actual_sidecar_query_grade;tip:actual_sidecar_query_grade,,0.06098575193129119,0.11457996929059222,True,False,False,True,/Volumes/Samsung SSD/hpa-mdo/output/phase9_smooth_geometry_combo_reoptimization/avl_inputs/policy_C_conservative_baseline/combo_0240/policy_C_conservative_baseline_combo_0240.avl,/Volumes/Samsung SSD/hpa-mdo/output/phase9_smooth_geometry_combo_reoptimization/avl_runs/policy_C_conservative_baseline/combo_0240
