case_id,zone_name,airfoil_id,balanced_score,mean_cd,cd_p90,min_stall_margin_deg,safe_clmax_margin,safe_clmax,usable_clmax,cm_mean,actual_sidecar_query_quality,actual_query_pass,actual_query_fail_reasons,archive_source_quality,archive_pass,record_full_alpha_quality,screening_quality,repair_worthy_flag,inclusion_reason_manifest,warning_count,warning_flags,work_point_count,Re_min,Re_p50,Re_max,Cl_min,Cl_p50,Cl_p90,Cl_max,zone_area_weight,pool_reasons
raw_best_tier2,root,dae31,0.011943742680307574,0.010149032844002506,0.01038241563260078,1.3457398164752927,0.13370628609614466,1.4987062860961446,1.7207847623290495,-0.14764929475555325,mixed_actual_sidecar_query_quality,False,,full_polar_mission_grade_candidate,True,full_polar_mission_grade_candidate,seed_reference_pending_full_polar,false,seed_dae_clarky_reference;tier1_reference_airfoil;tier2_reference_airfoil;tier3_reference_airfoil;archive_mission_grade,0,,4,470631.64442817215,512026.11293124646,526553.1815575226,1.3334,1.3461500000000002,1.364,1.365,0.19956971180285704,previous_raw_or_conservative_best_airfoil;seed_dae_clarky_fx_reference;top10_balanced_score;top5_archive_pass;top5_cd_p90;top5_mean_cd
raw_best_tier2,root,cst_root_nsga2_g04_child_0066_2124fc90,0.012131991948652422,0.010749978718582036,0.01094978300585005,2.3355645904124342,0.26145264564083526,1.6264526456408352,1.8627251618231504,-0.16331067078879963,,False,,full_polar_mission_grade_candidate,True,full_polar_mission_grade_candidate,cst_xfoil_mission_grade_candidate,false,tier3_exhaustive_current_cst_record;screening_pass_candidate,0,,4,470631.64442817215,512026.11293124646,526553.1815575226,1.3334,1.3461500000000002,1.364,1.365,0.19956971180285704,previous_raw_or_conservative_best_airfoil;top10_balanced_score;top5_archive_pass
raw_best_tier2,root,cst_mid1_nsga2_g05_child_0114_b5496e0b,0.012255345250739317,0.011298260660271732,0.011524185785507731,3.194891085052591,0.36234952971748524,1.7273495297174852,1.9748328107972057,-0.14633513277249754,actual_sidecar_query_grade,True,,full_polar_mission_grade_candidate,True,full_polar_mission_grade_candidate,cst_xfoil_mission_grade_candidate,false,tier3_exhaustive_current_cst_record;screening_pass_candidate;full_polar_archive_record;archive_mission_grade;actual_sidecar_query_pass,0,,4,470631.64442817215,512026.11293124646,526553.1815575226,1.3334,1.3461500000000002,1.364,1.365,0.19956971180285704,previous_raw_or_conservative_best_airfoil;top10_balanced_score;top5_actual_query_pass;top5_archive_pass
raw_best_tier2,root,cst_root_nsga2_g04_child_0036_d62dd7fc,0.012522966308977342,0.011589083681564947,0.011842892765415067,2.6065355178008853,0.269351803325534,1.634351803325534,1.8715020036950378,-0.1080528678275493,,False,,full_polar_mission_grade_candidate,True,full_polar_mission_grade_candidate,cst_xfoil_mission_grade_candidate,false,tier3_exhaustive_current_cst_record;screening_pass_candidate,0,,4,470631.64442817215,512026.11293124646,526553.1815575226,1.3334,1.3461500000000002,1.364,1.365,0.19956971180285704,top10_balanced_score;top5_archive_pass
raw_best_tier2,root,cst_root_nsga2_g05_child_0019_00cc4dca,0.012876888572082077,0.01192600540422944,0.012221381360828206,3.316254294188913,0.2720153344478995,1.6370153344478995,1.8744614827198884,-0.14125026384051165,actual_sidecar_query_grade,True,,full_polar_mission_grade_candidate,True,full_polar_mission_grade_candidate,cst_xfoil_mission_grade_candidate,false,tier3_exhaustive_current_cst_record;screening_pass_candidate;full_polar_archive_record;archive_mission_grade;actual_sidecar_query_pass,0,,4,470631.64442817215,512026.11293124646,526553.1815575226,1.3334,1.3461500000000002,1.364,1.365,0.19956971180285704,previous_raw_or_conservative_best_airfoil;top10_balanced_score;top5_actual_query_pass;top5_archive_pass
raw_best_tier2,root,cst_root_nsga2_g04_child_0010_d050d0cc,0.012911867813654316,0.011606836628643584,0.011848741894430852,2.211943055296247,0.24487984748454705,1.609879847484547,1.8443109416494967,-0.13772264493888536,,False,,full_polar_mission_grade_candidate,True,full_polar_mission_grade_candidate,cst_xfoil_mission_grade_candidate,false,tier3_exhaustive_current_cst_record;screening_pass_candidate,0,,4,470631.64442817215,512026.11293124646,526553.1815575226,1.3334,1.3461500000000002,1.364,1.365,0.19956971180285704,top10_balanced_score
raw_best_tier2,root,cst_root_nsga2_g02_child_0123_4caadfe5,0.013005191942183558,0.011973004427977454,0.012188206007864303,3.0271381523692953,0.3010523036421082,1.6660523036421082,1.9067247818245647,-0.15947782687428436,actual_sidecar_query_grade,True,,full_polar_mission_grade_candidate,True,full_polar_mission_grade_candidate,cst_xfoil_mission_grade_candidate,false,tier3_exhaustive_current_cst_record;screening_pass_candidate;full_polar_archive_record;archive_mission_grade;actual_sidecar_query_pass,0,,4,470631.64442817215,512026.11293124646,526553.1815575226,1.3334,1.3461500000000002,1.364,1.365,0.19956971180285704,top10_balanced_score;top5_actual_query_pass
raw_best_tier2,root,cst_root_nsga2_g04_child_0048_9468d7ee,0.013070946130233178,0.012155745843797505,0.012402217810218387,3.2342156684526273,0.336407315513249,1.701407315513249,1.9460081283480544,-0.13815584969806088,,False,,full_polar_mission_grade_candidate,True,full_polar_mission_grade_candidate,cst_xfoil_mission_grade_candidate,false,tier3_exhaustive_current_cst_record;screening_pass_candidate,0,,4,470631.64442817215,512026.11293124646,526553.1815575226,1.3334,1.3461500000000002,1.364,1.365,0.19956971180285704,top10_balanced_score
raw_best_tier2,root,cst_root_nsga2_g03_child_0093_84dc5003,0.01317366560512817,0.012146275457928382,0.012530657126247626,4.235906943588274,0.23468273654234006,1.59968273654234,1.832980818380378,-0.14880942721467547,,False,,full_polar_mission_grade_candidate,True,full_polar_mission_grade_candidate,cst_xfoil_mission_grade_candidate,false,tier3_exhaustive_current_cst_record;screening_pass_candidate,0,,4,470631.64442817215,512026.11293124646,526553.1815575226,1.3334,1.3461500000000002,1.364,1.365,0.19956971180285704,top10_balanced_score
raw_best_tier2,root,cst_root_nsga2_g03_child_0029_f35dc654,0.013320649290218443,0.01256002506371747,0.012829425536080378,3.1051683507166143,0.252931864677459,1.617931864677459,1.8532576274193988,-0.11105567686232601,,False,,full_polar_mission_grade_candidate,True,full_polar_mission_grade_candidate,cst_xfoil_mission_grade_candidate,false,tier3_exhaustive_current_cst_record;screening_pass_candidate,0,,4,470631.64442817215,512026.11293124646,526553.1815575226,1.3334,1.3461500000000002,1.364,1.365,0.19956971180285704,top10_balanced_score
raw_best_tier2,root,cst_root_nsga2_g05_child_0047_47fc9c7e,0.01340628285215061,0.01196200091100217,0.012216587811663956,2.0921515932855246,0.23213306738771156,1.5971330673877115,1.8301478526530128,-0.15020872042659622,actual_sidecar_query_grade,True,,full_polar_mission_grade_candidate,True,full_polar_mission_grade_candidate,cst_xfoil_mission_grade_candidate,false,tier3_exhaustive_current_cst_record;screening_pass_candidate;full_polar_archive_record;archive_mission_grade;actual_sidecar_query_pass,0,,4,470631.64442817215,512026.11293124646,526553.1815575226,1.3334,1.3461500000000002,1.364,1.365,0.19956971180285704,top5_actual_query_pass
raw_best_tier2,root,cst_root_nsga2_g03_child_0051_fbaca644,0.013816325556473007,0.012739941619040799,0.013083374792920453,3.0811350785725455,0.26236900012540243,1.6273690001254024,1.8637433334726694,-0.15936372109572178,actual_sidecar_query_grade,True,,full_polar_mission_grade_candidate,True,full_polar_mission_grade_candidate,cst_xfoil_mission_grade_candidate,false,tier3_exhaustive_current_cst_record;screening_pass_candidate;full_polar_archive_record;archive_mission_grade;actual_sidecar_query_pass,0,,4,470631.64442817215,512026.11293124646,526553.1815575226,1.3334,1.3461500000000002,1.364,1.365,0.19956971180285704,top5_actual_query_pass
raw_best_tier2,root,fx76mp140,0.02177420045333118,0.009842274743915663,0.010083888542733283,1.5531296924458502,0.1204704323985415,1.4854704323985415,1.7060782582206018,-0.18732095434204546,actual_sidecar_query_grade,True,,full_polar_candidate_not_mission_grade,False,full_polar_candidate_not_mission_grade,seed_reference_pending_full_polar,false,seed_dae_clarky_reference;tier1_reference_airfoil;tier2_reference_airfoil;tier3_reference_airfoil;actual_sidecar_query_pass,0,,4,470631.64442817215,512026.11293124646,526553.1815575226,1.3334,1.3461500000000002,1.364,1.365,0.19956971180285704,seed_dae_clarky_fx_reference;top5_cd_p90;top5_mean_cd
raw_best_tier2,root,dae21,0.021951326466213353,0.009962289703690274,0.010177033053279593,0.7709552173855811,0.07647987573678772,1.4414798757367877,1.657199861929764,-0.13322569980993482,actual_sidecar_query_grade,True,,full_polar_candidate_not_mission_grade,False,full_polar_candidate_not_mission_grade,seed_reference_pending_full_polar,false,seed_dae_clarky_reference;tier1_reference_airfoil;tier2_reference_airfoil;tier3_reference_airfoil;actual_sidecar_query_pass,0,,4,470631.64442817215,512026.11293124646,526553.1815575226,1.3334,1.3461500000000002,1.364,1.365,0.19956971180285704,previous_raw_or_conservative_best_airfoil;seed_dae_clarky_fx_reference;top5_cd_p90;top5_mean_cd
raw_best_tier2,root,dae11,0.022090197338491505,0.010297931094217854,0.010555687892977502,1.2182035735556145,0.12067698742999489,1.4856769874299949,1.7063077638111055,-0.13519219191426352,actual_sidecar_query_grade,True,,full_polar_candidate_not_mission_grade,False,full_polar_candidate_not_mission_grade,seed_reference_pending_full_polar,false,seed_dae_clarky_reference;tier1_reference_airfoil;tier2_reference_airfoil;tier3_reference_airfoil;actual_sidecar_query_pass,0,,4,470631.64442817215,512026.11293124646,526553.1815575226,1.3334,1.3461500000000002,1.364,1.365,0.19956971180285704,seed_dae_clarky_fx_reference;top5_cd_p90;top5_mean_cd
raw_best_tier2,root,cst_root_nsga2_g03_child_0090_3408e0ca,0.022146032550526357,0.010714689755486067,0.010922540101270634,2.223220273325324,0.2422907748531784,1.6072907748531784,1.8414341942813093,-0.16170088511305877,actual_sidecar_query_not_mission_grade,False,,full_polar_candidate_not_mission_grade,False,full_polar_candidate_not_mission_grade,cst_xfoil_mission_grade_candidate,true,tier3_exhaustive_current_cst_record;screening_pass_candidate;full_polar_archive_record;repair_worthy_discontinuous_cd_candidate;phase7_1_repair_diagnostic_available,0,,4,470631.64442817215,512026.11293124646,526553.1815575226,1.3334,1.3461500000000002,1.364,1.365,0.19956971180285704,top5_cd_p90;top5_mean_cd
raw_best_tier2,root,cst_mid2_nsga2_g01_child_0046_9585b968,1.0225907780354582,0.019052787325977434,0.019671040690289476,-0.9275068700332694,-0.09665939232769172,1.2683406076723083,1.4648228974136759,-0.06520911227964547,,False,insufficient_safe_clmax_margin,full_polar_mission_grade_candidate,False,full_polar_mission_grade_candidate,cst_xfoil_mission_grade_candidate,false,tier3_exhaustive_current_cst_record;screening_pass_candidate;screening_top32_by_score,0,,4,470631.64442817215,512026.11293124646,526553.1815575226,1.3334,1.3461500000000002,1.364,1.365,0.19956971180285704,previous_raw_or_conservative_best_airfoil
raw_best_tier2,root,clarkysm,1.0308378249955226,0.027562955520494727,0.029746382902726562,-0.5942120408662978,-0.0604313422846694,1.3045686577153306,1.5050762863503673,-0.018208407994493338,actual_sidecar_query_grade,False,insufficient_safe_clmax_margin,full_polar_mission_grade_candidate,False,full_polar_mission_grade_candidate,seed_reference_pending_full_polar,false,seed_dae_clarky_reference;tier1_reference_airfoil;tier2_reference_airfoil;tier3_reference_airfoil;archive_mission_grade;actual_sidecar_query_pass,0,,4,470631.64442817215,512026.11293124646,526553.1815575226,1.3334,1.3461500000000002,1.364,1.365,0.19956971180285704,previous_raw_or_conservative_best_airfoil;seed_dae_clarky_fx_reference
raw_best_tier2,root,dae41,1.0460435072005196,0.03833834231428881,0.04703549295304423,-1.0099654799232103,-0.10714901475152927,1.2578509852484707,1.4531677613871896,-0.014114879198269328,actual_sidecar_query_not_mission_grade,False,cl_outside_polar_envelope|insufficient_safe_clmax_margin,full_polar_candidate_not_mission_grade,False,full_polar_mission_grade_candidate,seed_reference_pending_full_polar,false,seed_dae_clarky_reference;tier1_reference_airfoil;tier2_reference_airfoil;tier3_reference_airfoil,1,cl_outside_polar_envelope,4,470631.64442817215,512026.11293124646,526553.1815575226,1.3334,1.3461500000000002,1.364,1.365,0.19956971180285704,seed_dae_clarky_fx_reference
raw_best_tier2,root,cst_tip_nsga2_g04_child_0123_01770232,1.0524924362636676,0.0462433940187489,0.04645545367244026,-1.8753390627572877,-0.19962340201361184,1.1653765979863882,1.350418442207098,-0.040152969102009925,,False,cl_outside_polar_envelope|insufficient_safe_clmax_margin,full_polar_mission_grade_candidate,False,full_polar_mission_grade_candidate,cst_xfoil_mission_grade_candidate,false,tier3_exhaustive_current_cst_record;screening_pass_candidate,1,cl_outside_polar_envelope,4,470631.64442817215,512026.11293124646,526553.1815575226,1.3334,1.3461500000000002,1.364,1.365,0.19956971180285704,previous_raw_or_conservative_best_airfoil
raw_best_tier2,mid1,dae31,0.011858790974764461,0.010155802042971283,0.010515040058043271,1.6416477484024707,0.16310628609614475,1.4987062860961446,1.7207847623290495,-0.14967991678653658,mixed_actual_sidecar_query_quality,False,,full_polar_mission_grade_candidate,True,full_polar_mission_grade_candidate,seed_reference_pending_full_polar,false,seed_dae_clarky_reference;tier1_reference_airfoil;tier2_reference_airfoil;tier3_reference_airfoil;archive_mission_grade,0,,4,400747.055902739,433824.9231934041,461581.8415975404,1.2272,1.2988,1.32825,1.3356,0.39643265901521,previous_raw_or_conservative_best_airfoil;seed_dae_clarky_fx_reference;top10_balanced_score;top5_archive_pass;top5_cd_p90;top5_mean_cd
raw_best_tier2,mid1,cst_root_nsga2_g04_child_0066_2124fc90,0.01255489889959295,0.011292859224794347,0.011537249871481017,2.5981957020228075,0.29085264564083535,1.6264526456408352,1.8627251618231504,-0.16260013324494546,,False,,full_polar_mission_grade_candidate,True,full_polar_mission_grade_candidate,cst_xfoil_mission_grade_candidate,false,tier3_exhaustive_current_cst_record;screening_pass_candidate,0,,4,400747.055902739,433824.9231934041,461581.8415975404,1.2272,1.2988,1.32825,1.3356,0.39643265901521,previous_raw_or_conservative_best_airfoil;top10_balanced_score;top5_archive_pass;top5_cd_p90;top5_mean_cd
raw_best_tier2,mid1,cst_mid1_nsga2_g06_child_0001_a86879e2,0.012635405267924126,0.011748599817679917,0.012086751352260842,3.2741468290833136,0.37288821455746524,1.7084882145574651,1.9538757939527391,-0.12807540219014746,actual_sidecar_query_grade,True,,full_polar_mission_grade_candidate,True,full_polar_mission_grade_candidate,cst_xfoil_mission_grade_candidate,false,tier3_exhaustive_current_cst_record;screening_pass_candidate;full_polar_archive_record;archive_mission_grade;actual_sidecar_query_pass,0,,4,400747.055902739,433824.9231934041,461581.8415975404,1.2272,1.2988,1.32825,1.3356,0.39643265901521,top10_balanced_score;top5_actual_query_pass;top5_archive_pass
raw_best_tier2,mid1,cst_mid1_nsga2_g05_child_0114_b5496e0b,0.012723067075050606,0.011726503589164624,0.012090241937561993,3.454115370437427,0.39174952971748533,1.7273495297174852,1.9748328107972057,-0.1448758439911503,actual_sidecar_query_grade,True,,full_polar_mission_grade_candidate,True,full_polar_mission_grade_candidate,cst_xfoil_mission_grade_candidate,false,tier3_exhaustive_current_cst_record;screening_pass_candidate;full_polar_archive_record;archive_mission_grade;actual_sidecar_query_pass,0,,4,400747.055902739,433824.9231934041,461581.8415975404,1.2272,1.2988,1.32825,1.3356,0.39643265901521,previous_raw_or_conservative_best_airfoil;top10_balanced_score;top5_actual_query_pass;top5_archive_pass
raw_best_tier2,mid1,cst_mid1_nsga2_g07_child_0111_0738f459,0.012839135987182391,0.011868883261399883,0.012187627797902906,2.88488465721475,0.32371715526477485,1.6593171552647747,1.8992412836275274,-0.133522411102304,actual_sidecar_query_grade,True,,full_polar_mission_grade_candidate,True,full_polar_mission_grade_candidate,cst_xfoil_mission_grade_candidate,false,tier3_exhaustive_current_cst_record;screening_pass_candidate;final_generation_survivor_g07;full_polar_archive_record;archive_mission_grade;actual_sidecar_query_pass,0,,4,400747.055902739,433824.9231934041,461581.8415975404,1.2272,1.2988,1.32825,1.3356,0.39643265901521,top10_balanced_score;top5_actual_query_pass;top5_archive_pass
raw_best_tier2,mid1,cst_mid1_nsga2_g04_child_0061_22c8f1d8,0.013144075330342113,0.0121808865458853,0.012565877596026719,2.633715882392893,0.30213257727372467,1.6377325772737246,1.8752584191930273,-0.10754997635062716,,False,,full_polar_mission_grade_candidate,True,full_polar_mission_grade_candidate,cst_xfoil_mission_grade_candidate,false,tier3_exhaustive_current_cst_record;screening_pass_candidate,0,,4,400747.055902739,433824.9231934041,461581.8415975404,1.2272,1.2988,1.32825,1.3356,0.39643265901521,top10_balanced_score
raw_best_tier2,mid1,cst_mid1_nsga2_g05_child_0002_45c597a4,0.013157167040908154,0.012144412686586718,0.01255628631477338,2.822808992853523,0.3243717303705005,1.6599717303705004,1.899968589300556,-0.13000051348047753,,False,,full_polar_mission_grade_candidate,True,full_polar_mission_grade_candidate,cst_xfoil_mission_grade_candidate,false,tier3_exhaustive_current_cst_record;screening_pass_candidate,0,,4,400747.055902739,433824.9231934041,461581.8415975404,1.2272,1.2988,1.32825,1.3356,0.39643265901521,top10_balanced_score
raw_best_tier2,mid1,cst_mid1_nsga2_g05_child_0009_4c3b4b92,0.013204381194155667,0.012218745109440071,0.012436803033191115,2.584045200308353,0.30041771437519094,1.6360177143751908,1.8733530159724343,-0.11688973525948468,actual_sidecar_query_grade,True,,full_polar_mission_grade_candidate,True,full_polar_mission_grade_candidate,cst_xfoil_mission_grade_candidate,false,tier3_exhaustive_current_cst_record;screening_pass_candidate;full_polar_archive_record;archive_mission_grade;actual_sidecar_query_pass,0,,4,400747.055902739,433824.9231934041,461581.8415975404,1.2272,1.2988,1.32825,1.3356,0.39643265901521,top10_balanced_score;top5_actual_query_pass
raw_best_tier2,mid1,cst_mid1_nsga2_g05_child_0101_51eabddf,0.01322854835958448,0.011991887630843141,0.012263815444836446,2.739224100941354,0.32007841531657055,1.6556784153165705,1.895198239240634,-0.16851634071905985,actual_sidecar_query_grade,True,,full_polar_mission_grade_candidate,True,full_polar_mission_grade_candidate,cst_xfoil_mission_grade_candidate,false,tier3_exhaustive_current_cst_record;screening_pass_candidate;full_polar_archive_record;archive_mission_grade;actual_sidecar_query_pass,0,,4,400747.055902739,433824.9231934041,461581.8415975404,1.2272,1.2988,1.32825,1.3356,0.39643265901521,top10_balanced_score;top5_actual_query_pass
raw_best_tier2,mid1,cst_mid1_nsga2_g07_child_0030_ff2192c4,0.013259600626424988,0.012525140008413932,0.012894132142665308,3.1068687434257334,0.352733623750078,1.688333623750078,1.9314818041667532,-0.10088556183717928,,False,,full_polar_mission_grade_candidate,True,full_polar_mission_grade_candidate,cst_xfoil_mission_grade_candidate,false,tier3_exhaustive_current_cst_record;screening_pass_candidate;final_generation_survivor_g07,0,,4,400747.055902739,433824.9231934041,461581.8415975404,1.2272,1.2988,1.32825,1.3356,0.39643265901521,top10_balanced_score
raw_best_tier2,mid1,cst_root_nsga2_g05_child_0019_00cc4dca,0.013823596076417553,0.012819288496151927,0.013288292936478797,3.674682161673084,0.3014153344478996,1.6370153344478995,1.8744614827198884,-0.140026004358537,actual_sidecar_query_grade,True,,full_polar_mission_grade_candidate,True,full_polar_mission_grade_candidate,cst_xfoil_mission_grade_candidate,false,tier3_exhaustive_current_cst_record;screening_pass_candidate;full_polar_archive_record;archive_mission_grade;actual_sidecar_query_pass,0,,4,400747.055902739,433824.9231934041,461581.8415975404,1.2272,1.2988,1.32825,1.3356,0.39643265901521,previous_raw_or_conservative_best_airfoil
raw_best_tier2,mid1,cst_mid1_nsga2_g04_child_0075_96fc4d1a,0.02184682834729343,0.010770197256165678,0.010948457158976962,2.7455295798971635,0.3141890461830654,1.6497890461830653,1.8886544957589615,-0.14783415251539733,,False,,full_polar_candidate_not_mission_grade,False,full_polar_candidate_not_mission_grade,cst_xfoil_mission_grade_candidate,false,tier3_exhaustive_current_cst_record;screening_pass_candidate,0,,4,400747.055902739,433824.9231934041,461581.8415975404,1.2272,1.2988,1.32825,1.3356,0.39643265901521,top5_cd_p90;top5_mean_cd
raw_best_tier2,mid1,dae21,0.022265837634736912,0.01038815306195572,0.010703101872206683,1.0673218520430892,0.10587987573678781,1.4414798757367877,1.657199861929764,-0.13351890253581644,actual_sidecar_query_grade,True,,full_polar_candidate_not_mission_grade,False,full_polar_candidate_not_mission_grade,seed_reference_pending_full_polar,false,seed_dae_clarky_reference;tier1_reference_airfoil;tier2_reference_airfoil;tier3_reference_airfoil;actual_sidecar_query_pass,0,,4,400747.055902739,433824.9231934041,461581.8415975404,1.2272,1.2988,1.32825,1.3356,0.39643265901521,previous_raw_or_conservative_best_airfoil;seed_dae_clarky_fx_reference;top5_cd_p90;top5_mean_cd
raw_best_tier2,mid1,fx76mp140,0.02236114268643994,0.010585253131682862,0.010913897072649578,1.9321605637458605,0.1498704323985416,1.4854704323985415,1.7060782582206018,-0.1878240762152768,actual_sidecar_query_grade,True,,full_polar_candidate_not_mission_grade,False,full_polar_candidate_not_mission_grade,seed_reference_pending_full_polar,false,seed_dae_clarky_reference;tier1_reference_airfoil;tier2_reference_airfoil;tier3_reference_airfoil;actual_sidecar_query_pass,0,,4,400747.055902739,433824.9231934041,461581.8415975404,1.2272,1.2988,1.32825,1.3356,0.39643265901521,seed_dae_clarky_fx_reference;top5_cd_p90;top5_mean_cd
raw_best_tier2,mid1,dae11,0.02299506600128342,0.011326221458651703,0.011665269202920365,1.514989115068338,0.15007698742999498,1.4856769874299949,1.7063077638111055,-0.13461206494530883,actual_sidecar_query_grade,True,,full_polar_candidate_not_mission_grade,False,full_polar_candidate_not_mission_grade,seed_reference_pending_full_polar,false,seed_dae_clarky_reference;tier1_reference_airfoil;tier2_reference_airfoil;tier3_reference_airfoil;actual_sidecar_query_pass,0,,4,400747.055902739,433824.9231934041,461581.8415975404,1.2272,1.2988,1.32825,1.3356,0.39643265901521,seed_dae_clarky_fx_reference
raw_best_tier2,mid1,cst_mid2_nsga2_g01_child_0046_9585b968,1.0185361599442717,0.012019558334216383,0.01818933509729157,-0.645395620186667,-0.06725939232769163,1.2683406076723083,1.4648228974136759,-0.06031466826812625,,False,cl_outside_polar_envelope|insufficient_safe_clmax_margin,full_polar_mission_grade_candidate,False,full_polar_mission_grade_candidate,cst_xfoil_mission_grade_candidate,false,tier3_exhaustive_current_cst_record;screening_pass_candidate;screening_top32_by_score,1,cl_outside_polar_envelope,4,400747.055902739,433824.9231934041,461581.8415975404,1.2272,1.2988,1.32825,1.3356,0.39643265901521,previous_raw_or_conservative_best_airfoil
raw_best_tier2,mid1,clarkysm,1.0285424461259398,0.025222735182422178,0.02867693867837073,-0.3051263886036793,-0.031031342284669305,1.3045686577153306,1.5050762863503673,-0.024643850464525975,actual_sidecar_query_grade,False,insufficient_safe_clmax_margin,full_polar_mission_grade_candidate,False,full_polar_mission_grade_candidate,seed_reference_pending_full_polar,false,seed_dae_clarky_reference;tier1_reference_airfoil;tier2_reference_airfoil;tier3_reference_airfoil;archive_mission_grade;actual_sidecar_query_pass,0,,4,400747.055902739,433824.9231934041,461581.8415975404,1.2272,1.2988,1.32825,1.3356,0.39643265901521,previous_raw_or_conservative_best_airfoil;seed_dae_clarky_fx_reference
raw_best_tier2,mid1,dae41,1.0414470836598515,0.03445733575234178,0.046502623925158686,-0.7328468785193771,-0.07774901475152918,1.2578509852484707,1.4531677613871896,-0.021663910041473965,actual_sidecar_query_not_mission_grade,False,insufficient_safe_clmax_margin,full_polar_candidate_not_mission_grade,False,full_polar_mission_grade_candidate,seed_reference_pending_full_polar,false,seed_dae_clarky_reference;tier1_reference_airfoil;tier2_reference_airfoil;tier3_reference_airfoil,0,,4,400747.055902739,433824.9231934041,461581.8415975404,1.2272,1.2988,1.32825,1.3356,0.39643265901521,seed_dae_clarky_fx_reference
raw_best_tier2,mid1,cst_tip_nsga2_g04_child_0123_01770232,1.0517640474243164,0.045684170282086885,0.04663810105908454,-1.5991441482887678,-0.17022340201361175,1.1653765979863882,1.350418442207098,-0.04069921266662034,,False,cl_outside_polar_envelope|insufficient_safe_clmax_margin,full_polar_mission_grade_candidate,False,full_polar_mission_grade_candidate,cst_xfoil_mission_grade_candidate,false,tier3_exhaustive_current_cst_record;screening_pass_candidate,1,cl_outside_polar_envelope,4,400747.055902739,433824.9231934041,461581.8415975404,1.2272,1.2988,1.32825,1.3356,0.39643265901521,previous_raw_or_conservative_best_airfoil
raw_best_tier2,mid2,dae31,0.010722801918443476,0.009692735837908435,0.009992380583015917,3.341608622637169,0.3320062860961446,1.4987062860961446,1.7207847623290495,-0.1541984032912372,mixed_actual_sidecar_query_quality,False,,full_polar_mission_grade_candidate,True,full_polar_mission_grade_candidate,seed_reference_pending_full_polar,false,seed_dae_clarky_reference;tier1_reference_airfoil;tier2_reference_airfoil;tier3_reference_airfoil;archive_mission_grade,0,,4,344311.4799172722,366642.7063465623,389183.41895248735,0.9069,1.0314,1.1401400000000002,1.1667,0.27095388941926235,previous_raw_or_conservative_best_airfoil;seed_dae_clarky_fx_reference;top10_balanced_score;top5_archive_pass;top5_cd_p90;top5_mean_cd
raw_best_tier2,mid2,cst_mid2_seedless_sobol_0237_e583606c,0.010903118377269315,0.009986637160886734,0.010247278652881874,2.5910626802172803,0.28450376885174644,1.4512037688517465,1.6680041876130516,-0.10346467238215368,,False,,full_polar_mission_grade_candidate,True,full_polar_mission_grade_candidate,cst_xfoil_mission_grade_candidate,false,tier3_exhaustive_current_cst_record;screening_pass_candidate,0,,4,344311.4799172722,366642.7063465623,389183.41895248735,0.9069,1.0314,1.1401400000000002,1.1667,0.27095388941926235,top10_balanced_score;top5_archive_pass;top5_cd_p90;top5_mean_cd
raw_best_tier2,mid2,cst_mid2_seedless_sobol_0377_ed2a45eb,0.011412013821748192,0.010123158909131662,0.01066372942468765,2.2253679409176597,0.249275215467055,1.415975215467055,1.62886135051895,-0.11872320043846053,,False,,full_polar_mission_grade_candidate,True,full_polar_mission_grade_candidate,cst_xfoil_mission_grade_candidate,false,tier3_exhaustive_current_cst_record;screening_pass_candidate,0,,4,344311.4799172722,366642.7063465623,389183.41895248735,0.9069,1.0314,1.1401400000000002,1.1667,0.27095388941926235,top10_balanced_score;top5_archive_pass;top5_cd_p90;top5_mean_cd
raw_best_tier2,mid2,cst_mid2_seedless_sobol_0145_03e49c65,0.012008286237847082,0.010997982405155015,0.012139915660486797,3.5477871374598653,0.40501569005921345,1.5717156900592135,1.801906322288015,-0.10177119888765727,,False,,full_polar_mission_grade_candidate,True,full_polar_mission_grade_candidate,cst_xfoil_mission_grade_candidate,false,tier3_exhaustive_current_cst_record;screening_pass_candidate,0,,4,344311.4799172722,366642.7063465623,389183.41895248735,0.9069,1.0314,1.1401400000000002,1.1667,0.27095388941926235,top10_balanced_score;top5_archive_pass
raw_best_tier2,mid2,cst_mid2_nsga2_g01_child_0103_58b101ad,0.012075258757915918,0.010252761323039806,0.011094350814896708,1.4447542179589927,0.15878098115205042,1.3254809811520505,1.528312201280056,-0.12505303695094852,,False,,full_polar_mission_grade_candidate,True,full_polar_mission_grade_candidate,cst_xfoil_mission_grade_candidate,false,tier3_exhaustive_current_cst_record;screening_pass_candidate,0,,4,344311.4799172722,366642.7063465623,389183.41895248735,0.9069,1.0314,1.1401400000000002,1.1667,0.27095388941926235,top10_balanced_score;top5_archive_pass;top5_mean_cd
raw_best_tier2,mid2,cst_mid2_seedless_sobol_0349_4db3ce89,0.012157391591251697,0.010976408200217643,0.01148693214310091,1.8653088344114004,0.21458720503333995,1.38128720503334,1.5903191167037112,-0.07249240470510196,,False,,full_polar_mission_grade_candidate,True,full_polar_mission_grade_candidate,cst_xfoil_mission_grade_candidate,false,tier3_exhaustive_current_cst_record;screening_pass_candidate,0,,4,344311.4799172722,366642.7063465623,389183.41895248735,0.9069,1.0314,1.1401400000000002,1.1667,0.27095388941926235,top10_balanced_score
raw_best_tier2,mid2,cst_mid1_nsga2_g05_child_0114_b5496e0b,0.012566860359574963,0.011609367826612565,0.01188164007907803,4.94333243851561,0.5606495297174852,1.7273495297174852,1.9748328107972057,-0.14369954076658098,actual_sidecar_query_grade,True,,full_polar_mission_grade_candidate,True,full_polar_mission_grade_candidate,cst_xfoil_mission_grade_candidate,false,tier3_exhaustive_current_cst_record;screening_pass_candidate;full_polar_archive_record;archive_mission_grade;actual_sidecar_query_pass,0,,4,344311.4799172722,366642.7063465623,389183.41895248735,0.9069,1.0314,1.1401400000000002,1.1667,0.27095388941926235,previous_raw_or_conservative_best_airfoil;top10_balanced_score;top5_actual_query_pass
raw_best_tier2,mid2,cst_mid2_seedless_sobol_0035_0918e2df,0.012778620580744394,0.010939256717485702,0.012057446227334859,1.2792288974484431,0.1409041488245173,1.3076041488245174,1.5084490542494637,-0.09793533058928502,,False,,full_polar_mission_grade_candidate,True,full_polar_mission_grade_candidate,cst_xfoil_mission_grade_candidate,false,tier3_exhaustive_current_cst_record;screening_pass_candidate,0,,4,344311.4799172722,366642.7063465623,389183.41895248735,0.9069,1.0314,1.1401400000000002,1.1667,0.27095388941926235,top10_balanced_score
raw_best_tier2,mid2,cst_mid2_seedless_sobol_0314_5ce1d840,0.012791424163230513,0.011605692811786576,0.012117088204955532,2.233968211152485,0.24592997076523138,1.4126299707652314,1.6251444119613683,-0.10395451156850767,,False,,full_polar_mission_grade_candidate,True,full_polar_mission_grade_candidate,cst_xfoil_mission_grade_candidate,false,tier3_exhaustive_current_cst_record;screening_pass_candidate,0,,4,344311.4799172722,366642.7063465623,389183.41895248735,0.9069,1.0314,1.1401400000000002,1.1667,0.27095388941926235,top10_balanced_score
raw_best_tier2,mid2,cst_mid2_nsga2_g01_child_0046_9585b968,0.012957843025719977,0.011182192730938973,0.012190305662648417,0.9753047233198282,0.1016406076723082,1.2683406076723083,1.4648228974136759,-0.06841052172376846,,False,,full_polar_mission_grade_candidate,True,full_polar_mission_grade_candidate,cst_xfoil_mission_grade_candidate,false,tier3_exhaustive_current_cst_record;screening_pass_candidate;screening_top32_by_score,0,,4,344311.4799172722,366642.7063465623,389183.41895248735,0.9069,1.0314,1.1401400000000002,1.1667,0.27095388941926235,previous_raw_or_conservative_best_airfoil;top10_balanced_score
raw_best_tier2,mid2,cst_root_nsga2_g04_child_0066_2124fc90,0.013608435651661777,0.012563322130217417,0.012791876869424955,4.106984639131379,0.4597526456408352,1.6264526456408352,1.8627251618231504,-0.16085322712028705,,False,,full_polar_mission_grade_candidate,True,full_polar_mission_grade_candidate,cst_xfoil_mission_grade_candidate,false,tier3_exhaustive_current_cst_record;screening_pass_candidate,0,,4,344311.4799172722,366642.7063465623,389183.41895248735,0.9069,1.0314,1.1401400000000002,1.1667,0.27095388941926235,previous_raw_or_conservative_best_airfoil
raw_best_tier2,mid2,cst_root_nsga2_g05_child_0019_00cc4dca,0.014478326908720293,0.013511941089131334,0.013907232474269707,5.733813686097449,0.4703153344478994,1.6370153344478995,1.8744614827198884,-0.13800563913175481,actual_sidecar_query_grade,True,,full_polar_mission_grade_candidate,True,full_polar_mission_grade_candidate,cst_xfoil_mission_grade_candidate,false,tier3_exhaustive_current_cst_record;screening_pass_candidate;full_polar_archive_record;archive_mission_grade;actual_sidecar_query_pass,0,,4,344311.4799172722,366642.7063465623,389183.41895248735,0.9069,1.0314,1.1401400000000002,1.1667,0.27095388941926235,previous_raw_or_conservative_best_airfoil;top5_actual_query_pass
raw_best_tier2,mid2,clarkysm,0.01477820741897344,0.01311496136441531,0.014397621790315833,1.3556411851091117,0.13786865771533052,1.3045686577153306,1.5050762863503673,-0.06535591634125029,actual_sidecar_query_grade,True,,full_polar_mission_grade_candidate,True,full_polar_mission_grade_candidate,seed_reference_pending_full_polar,false,seed_dae_clarky_reference;tier1_reference_airfoil;tier2_reference_airfoil;tier3_reference_airfoil;archive_mission_grade;actual_sidecar_query_pass,0,,4,344311.4799172722,366642.7063465623,389183.41895248735,0.9069,1.0314,1.1401400000000002,1.1667,0.27095388941926235,previous_raw_or_conservative_best_airfoil;seed_dae_clarky_fx_reference;top5_actual_query_pass
raw_best_tier2,mid2,dae41,0.015141656677873875,0.013167806965478958,0.014853831338453147,0.8591712091373311,0.09115098524847065,1.2578509852484707,1.4531677613871896,-0.05222113107043612,actual_sidecar_query_not_mission_grade,False,,full_polar_candidate_not_mission_grade,True,full_polar_mission_grade_candidate,seed_reference_pending_full_polar,false,seed_dae_clarky_reference;tier1_reference_airfoil;tier2_reference_airfoil;tier3_reference_airfoil,0,,4,344311.4799172722,366642.7063465623,389183.41895248735,0.9069,1.0314,1.1401400000000002,1.1667,0.27095388941926235,seed_dae_clarky_fx_reference
raw_best_tier2,mid2,cst_mid2_nsga2_g03_child_0078_3cbb476b,0.016000050231664165,0.01437167151932409,0.01463668113655752,0.6720029842877072,0.06744277548422306,1.2341427754842231,1.4268253060935812,-0.06193780640870499,actual_sidecar_query_grade,True,,full_polar_mission_grade_candidate,True,full_polar_mission_grade_candidate,cst_xfoil_mission_grade_candidate,false,tier3_exhaustive_current_cst_record;screening_pass_candidate;full_polar_archive_record;archive_mission_grade;actual_sidecar_query_pass,0,,4,344311.4799172722,366642.7063465623,389183.41895248735,0.9069,1.0314,1.1401400000000002,1.1667,0.27095388941926235,top5_actual_query_pass
raw_best_tier2,mid2,cst_mid2_nsga2_g04_child_0024_0b55bfc3,0.020098654953928895,0.01836117351556106,0.01997989349163381,0.7451300901513742,0.08081272462328792,1.247512724623288,1.4416808051369867,-0.0072490819696767825,actual_sidecar_query_grade,True,,full_polar_mission_grade_candidate,True,full_polar_mission_grade_candidate,cst_xfoil_mission_grade_candidate,false,tier3_exhaustive_current_cst_record;screening_pass_candidate;screening_per_zone_top_k_artifact;screening_global_pareto_front;full_polar_archive_record;archive_mission_grade;actual_sidecar_query_pass,0,,4,344311.4799172722,366642.7063465623,389183.41895248735,0.9069,1.0314,1.1401400000000002,1.1667,0.27095388941926235,top5_actual_query_pass
raw_best_tier2,mid2,dae21,0.02169898946324058,0.010655056203140039,0.011006181268751627,2.7699179266571314,0.27477987573678764,1.4414798757367877,1.657199861929764,-0.13433307507750858,actual_sidecar_query_grade,True,,full_polar_candidate_not_mission_grade,False,full_polar_candidate_not_mission_grade,seed_reference_pending_full_polar,false,seed_dae_clarky_reference;tier1_reference_airfoil;tier2_reference_airfoil;tier3_reference_airfoil;actual_sidecar_query_pass,0,,4,344311.4799172722,366642.7063465623,389183.41895248735,0.9069,1.0314,1.1401400000000002,1.1667,0.27095388941926235,previous_raw_or_conservative_best_airfoil;seed_dae_clarky_fx_reference
raw_best_tier2,mid2,cst_mid2_nsga2_g02_child_0106_7ea30168,0.0218170988386853,0.010029843743712841,0.01081521186995442,1.4856279764525009,0.16699495326258118,1.3336949532625813,1.5374388369584235,-0.12586503983569244,,False,,full_polar_candidate_not_mission_grade,False,full_polar_candidate_not_mission_grade,cst_xfoil_mission_grade_candidate,false,tier3_exhaustive_current_cst_record;screening_pass_candidate,0,,4,344311.4799172722,366642.7063465623,389183.41895248735,0.9069,1.0314,1.1401400000000002,1.1667,0.27095388941926235,top5_cd_p90;top5_mean_cd
raw_best_tier2,mid2,cst_mid2_nsga2_g04_child_0069_bd332d33,0.022566532438369133,0.010881934866466684,0.010992110038748696,1.1422332023660986,0.12850153805743036,1.2952015380574304,1.494668375619367,-0.1195254771311319,,False,,full_polar_candidate_not_mission_grade,False,full_polar_candidate_not_mission_grade,cst_xfoil_mission_grade_candidate,false,tier3_exhaustive_current_cst_record;screening_pass_candidate,0,,4,344311.4799172722,366642.7063465623,389183.41895248735,0.9069,1.0314,1.1401400000000002,1.1667,0.27095388941926235,top5_cd_p90
raw_best_tier2,mid2,fx76mp140,0.02306245689899515,0.011857722247496316,0.012079354971715648,4.109654242744888,0.3187704323985414,1.4854704323985415,1.7060782582206018,-0.18786053300367775,actual_sidecar_query_grade,True,,full_polar_candidate_not_mission_grade,False,full_polar_candidate_not_mission_grade,seed_reference_pending_full_polar,false,seed_dae_clarky_reference;tier1_reference_airfoil;tier2_reference_airfoil;tier3_reference_airfoil;actual_sidecar_query_pass,0,,4,344311.4799172722,366642.7063465623,389183.41895248735,0.9069,1.0314,1.1401400000000002,1.1667,0.27095388941926235,seed_dae_clarky_fx_reference
raw_best_tier2,mid2,dae11,0.02378335252553848,0.01285453473885792,0.013230990254556353,3.2199917668199993,0.3189769874299948,1.4856769874299949,1.7063077638111055,-0.13284305936435198,actual_sidecar_query_grade,True,,full_polar_candidate_not_mission_grade,False,full_polar_candidate_not_mission_grade,seed_reference_pending_full_polar,false,seed_dae_clarky_reference;tier1_reference_airfoil;tier2_reference_airfoil;tier3_reference_airfoil;actual_sidecar_query_pass,0,,4,344311.4799172722,366642.7063465623,389183.41895248735,0.9069,1.0314,1.1401400000000002,1.1667,0.27095388941926235,seed_dae_clarky_fx_reference
raw_best_tier2,mid2,cst_tip_nsga2_g04_child_0123_01770232,1.0272612025601962,0.023104378289837746,0.029726090351386257,-0.012432547821666983,-0.0013234020136119184,1.1653765979863882,1.350418442207098,-0.053295792461573246,,False,insufficient_safe_clmax_margin,full_polar_mission_grade_candidate,False,full_polar_mission_grade_candidate,cst_xfoil_mission_grade_candidate,false,tier3_exhaustive_current_cst_record;screening_pass_candidate,0,,4,344311.4799172722,366642.7063465623,389183.41895248735,0.9069,1.0314,1.1401400000000002,1.1667,0.27095388941926235,previous_raw_or_conservative_best_airfoil
raw_best_tier2,tip,cst_tip_nsga2_g05_child_0032_70ef8136,0.009118394880323276,0.007716864429196351,0.011090752763668835,2.578524118889551,0.2538948591266238,1.1034948591266238,1.2816609545851376,-0.0016552655843888042,,False,,full_polar_mission_grade_candidate,True,full_polar_mission_grade_candidate,cst_xfoil_mission_grade_candidate,false,tier3_exhaustive_current_cst_record;screening_pass_candidate;screening_global_pareto_front,0,,4,270238.88145606406,286074.32281274453,333837.1710855226,0.094,0.6076,0.8018,0.8496,0.13304373976267053,top10_balanced_score;top5_archive_pass;top5_mean_cd
raw_best_tier2,tip,cst_tip_nsga2_g05_child_0102_33bdf605,0.00982965680901447,0.007891781071320193,0.012958251402364614,7.272396891065718,0.44427469357273364,1.2938746935727337,1.493194103969704,-0.027435186971454844,,False,,full_polar_mission_grade_candidate,True,full_polar_mission_grade_candidate,cst_xfoil_mission_grade_candidate,false,tier3_exhaustive_current_cst_record;screening_pass_candidate,0,,4,270238.88145606406,286074.32281274453,333837.1710855226,0.094,0.6076,0.8018,0.8496,0.13304373976267053,top10_balanced_score;top5_archive_pass;top5_mean_cd
raw_best_tier2,tip,cst_tip_nsga2_g02_child_0093_97ccea59,0.01010296022266361,0.009522401540075859,0.009848934802477501,3.643627863511789,0.3707551530710861,1.220355153071086,1.4115057256345402,-0.07771200679119572,,False,,full_polar_mission_grade_candidate,True,full_polar_mission_grade_candidate,cst_xfoil_mission_grade_candidate,false,tier3_exhaustive_current_cst_record;screening_pass_candidate,0,,4,270238.88145606406,286074.32281274453,333837.1710855226,0.094,0.6076,0.8018,0.8496,0.13304373976267053,top10_balanced_score;top5_archive_pass;top5_cd_p90;top5_mean_cd
raw_best_tier2,tip,dae41,0.010199413449241135,0.009647142347359422,0.010142630726423095,3.848093267135808,0.4082509852484707,1.2578509852484707,1.4531677613871896,-0.06314169486823788,actual_sidecar_query_not_mission_grade,False,,full_polar_candidate_not_mission_grade,True,full_polar_mission_grade_candidate,seed_reference_pending_full_polar,false,seed_dae_clarky_reference;tier1_reference_airfoil;tier2_reference_airfoil;tier3_reference_airfoil,0,,4,270238.88145606406,286074.32281274453,333837.1710855226,0.094,0.6076,0.8018,0.8496,0.13304373976267053,seed_dae_clarky_fx_reference;top10_balanced_score;top5_archive_pass;top5_cd_p90;top5_mean_cd
raw_best_tier2,tip,cst_tip_nsga2_g06_child_0056_b3f9b7c4,0.010474119258615158,0.009467491238735233,0.010482710540968573,5.095996464913065,0.5512986423088563,1.4008986423088563,1.6121096025653958,-0.10855021068304241,,False,,full_polar_mission_grade_candidate,True,full_polar_mission_grade_candidate,cst_xfoil_mission_grade_candidate,false,tier3_exhaustive_current_cst_record;screening_pass_candidate,0,,4,270238.88145606406,286074.32281274453,333837.1710855226,0.094,0.6076,0.8018,0.8496,0.13304373976267053,top10_balanced_score;top5_archive_pass;top5_cd_p90;top5_mean_cd
raw_best_tier2,tip,cst_tip_nsga2_g06_child_0069_48b22f3d,0.010502168904764495,0.009905904079418345,0.010648109251660086,3.6290053775274793,0.3950584514569343,1.2446584514569343,1.4385093905077049,-0.056082169176923505,,False,,full_polar_mission_grade_candidate,True,full_polar_mission_grade_candidate,cst_xfoil_mission_grade_candidate,false,tier3_exhaustive_current_cst_record;screening_pass_candidate;screening_global_pareto_front,0,,4,270238.88145606406,286074.32281274453,333837.1710855226,0.094,0.6076,0.8018,0.8496,0.13304373976267053,top10_balanced_score
raw_best_tier2,tip,cst_tip_nsga2_g03_child_0046_3374bb35,0.010654892215627139,0.010210741019876636,0.010509532438033814,4.753673361166717,0.5378251200431948,1.3874251200431948,1.5971390222702164,-0.05659569989924838,,False,,full_polar_mission_grade_candidate,True,full_polar_mission_grade_candidate,cst_xfoil_mission_grade_candidate,false,tier3_exhaustive_current_cst_record;screening_pass_candidate,0,,4,270238.88145606406,286074.32281274453,333837.1710855226,0.094,0.6076,0.8018,0.8496,0.13304373976267053,top10_balanced_score
raw_best_tier2,tip,clarkysm,0.01066950718040524,0.00973416534974419,0.010774588647217179,4.473636434513058,0.45496865771533057,1.3045686577153306,1.5050762863503673,-0.09519894609091703,actual_sidecar_query_grade,True,,full_polar_mission_grade_candidate,True,full_polar_mission_grade_candidate,seed_reference_pending_full_polar,false,seed_dae_clarky_reference;tier1_reference_airfoil;tier2_reference_airfoil;tier3_reference_airfoil;archive_mission_grade;actual_sidecar_query_pass,0,,4,270238.88145606406,286074.32281274453,333837.1710855226,0.094,0.6076,0.8018,0.8496,0.13304373976267053,previous_raw_or_conservative_best_airfoil;seed_dae_clarky_fx_reference;top10_balanced_score;top5_actual_query_pass
raw_best_tier2,tip,cst_tip_nsga2_g02_child_0073_ab290648,0.010713052488032622,0.010130265218890287,0.010669258968313684,4.153643439801478,0.45410154218245513,1.3037015421824552,1.5041128246471724,-0.06568990947402419,,False,,full_polar_mission_grade_candidate,True,full_polar_mission_grade_candidate,cst_xfoil_mission_grade_candidate,false,tier3_exhaustive_current_cst_record;screening_pass_candidate;screening_global_pareto_front,0,,4,270238.88145606406,286074.32281274453,333837.1710855226,0.094,0.6076,0.8018,0.8496,0.13304373976267053,top10_balanced_score
raw_best_tier2,tip,cst_tip_nsga2_g05_child_0074_7e2b1451,0.010764961584525256,0.009984153234459073,0.011053361277344253,5.406849745716064,0.5704008482927257,1.4200008482927258,1.6333342758808065,-0.06776425584272837,,False,,full_polar_mission_grade_candidate,True,full_polar_mission_grade_candidate,cst_xfoil_mission_grade_candidate,false,tier3_exhaustive_current_cst_record;screening_pass_candidate,0,,4,270238.88145606406,286074.32281274453,333837.1710855226,0.094,0.6076,0.8018,0.8496,0.13304373976267053,top10_balanced_score
raw_best_tier2,tip,cst_tip_nsga2_g04_child_0123_01770232,0.0118113037920854,0.010877818584927444,0.012610012188923955,2.9665268868030714,0.31577659798638813,1.1653765979863882,1.350418442207098,-0.05174681486011882,,False,,full_polar_mission_grade_candidate,True,full_polar_mission_grade_candidate,cst_xfoil_mission_grade_candidate,false,tier3_exhaustive_current_cst_record;screening_pass_candidate,0,,4,270238.88145606406,286074.32281274453,333837.1710855226,0.094,0.6076,0.8018,0.8496,0.13304373976267053,previous_raw_or_conservative_best_airfoil
raw_best_tier2,tip,cst_mid1_nsga2_g05_child_0114_b5496e0b,0.015231881094798548,0.013382158143976084,0.016206538402157484,7.739251516594903,0.8777495297174852,1.7273495297174852,1.9748328107972057,-0.14353164340982913,actual_sidecar_query_grade,True,,full_polar_mission_grade_candidate,True,full_polar_mission_grade_candidate,cst_xfoil_mission_grade_candidate,false,tier3_exhaustive_current_cst_record;screening_pass_candidate;full_polar_archive_record;archive_mission_grade;actual_sidecar_query_pass,0,,4,270238.88145606406,286074.32281274453,333837.1710855226,0.094,0.6076,0.8018,0.8496,0.13304373976267053,previous_raw_or_conservative_best_airfoil;top5_actual_query_pass
raw_best_tier2,tip,cst_mid2_nsga2_g01_child_0046_9585b968,0.01523658534115687,0.013275739886246606,0.017674648648222997,4.0180760609510315,0.41874060767230825,1.2683406076723083,1.4648228974136759,-0.07020456470308799,,False,,full_polar_mission_grade_candidate,True,full_polar_mission_grade_candidate,cst_xfoil_mission_grade_candidate,false,tier3_exhaustive_current_cst_record;screening_pass_candidate;screening_top32_by_score,0,,4,270238.88145606406,286074.32281274453,333837.1710855226,0.094,0.6076,0.8018,0.8496,0.13304373976267053,previous_raw_or_conservative_best_airfoil
raw_best_tier2,tip,cst_root_nsga2_g04_child_0066_2124fc90,0.01820589680631518,0.01663055474403393,0.018450197500012106,6.939648771500404,0.7768526456408352,1.6264526456408352,1.8627251618231504,-0.1564111829481482,,False,,full_polar_mission_grade_candidate,True,full_polar_mission_grade_candidate,cst_xfoil_mission_grade_candidate,false,tier3_exhaustive_current_cst_record;screening_pass_candidate,0,,4,270238.88145606406,286074.32281274453,333837.1710855226,0.094,0.6076,0.8018,0.8496,0.13304373976267053,previous_raw_or_conservative_best_airfoil
raw_best_tier2,tip,cst_root_nsga2_g05_child_0019_00cc4dca,0.01975040699966811,0.017055627703486412,0.02248806940526176,9.599714256819572,0.7874153344478995,1.6370153344478995,1.8744614827198884,-0.13223745009338744,actual_sidecar_query_grade,True,,full_polar_mission_grade_candidate,True,full_polar_mission_grade_candidate,cst_xfoil_mission_grade_candidate,false,tier3_exhaustive_current_cst_record;screening_pass_candidate;full_polar_archive_record;archive_mission_grade;actual_sidecar_query_pass,0,,4,270238.88145606406,286074.32281274453,333837.1710855226,0.094,0.6076,0.8018,0.8496,0.13304373976267053,previous_raw_or_conservative_best_airfoil;top5_actual_query_pass
raw_best_tier2,tip,cst_tip_nsga2_g05_child_0099_55e45ef1,0.02024912291599865,0.009698860890129724,0.009857233553693952,3.306496125370886,0.3220112702500336,1.1716112702500336,1.3573458558333706,-0.08247193227024109,,False,,full_polar_candidate_not_mission_grade,False,full_polar_candidate_not_mission_grade,cst_xfoil_mission_grade_candidate,false,tier3_exhaustive_current_cst_record;screening_pass_candidate,0,,4,270238.88145606406,286074.32281274453,333837.1710855226,0.094,0.6076,0.8018,0.8496,0.13304373976267053,top5_cd_p90
raw_best_tier2,tip,cst_tip_nsga2_g03_child_0110_4d1d7d45,0.020525134801665013,0.009807093067977033,0.010430072721820295,3.4760148478201502,0.3565840029121744,1.2061840029121744,1.3957600032357493,-0.08333314247380591,,False,,full_polar_candidate_not_mission_grade,False,full_polar_candidate_not_mission_grade,cst_xfoil_mission_grade_candidate,false,tier3_exhaustive_current_cst_record;screening_pass_candidate,0,,4,270238.88145606406,286074.32281274453,333837.1710855226,0.094,0.6076,0.8018,0.8496,0.13304373976267053,top5_cd_p90
raw_best_tier2,tip,dae31,0.03210877388381383,0.019476010289749792,0.04875084618627166,6.533187031280292,0.6491062860961446,1.4987062860961446,1.7207847623290495,-0.1477618383802311,mixed_actual_sidecar_query_quality,False,cl_outside_polar_envelope,full_polar_mission_grade_candidate,False,full_polar_mission_grade_candidate,seed_reference_pending_full_polar,false,seed_dae_clarky_reference;tier1_reference_airfoil;tier2_reference_airfoil;tier3_reference_airfoil;archive_mission_grade,1,cl_outside_polar_envelope,4,270238.88145606406,286074.32281274453,333837.1710855226,0.094,0.6076,0.8018,0.8496,0.13304373976267053,previous_raw_or_conservative_best_airfoil;seed_dae_clarky_fx_reference
raw_best_tier2,tip,fx76mp140,0.033481616905980706,0.018648237630318955,0.025033941988454825,8.197772926052128,0.6358704323985415,1.4854704323985415,1.7060782582206018,-0.18306379171903292,actual_sidecar_query_grade,False,cl_outside_polar_envelope,full_polar_candidate_not_mission_grade,False,full_polar_candidate_not_mission_grade,seed_reference_pending_full_polar,false,seed_dae_clarky_reference;tier1_reference_airfoil;tier2_reference_airfoil;tier3_reference_airfoil;actual_sidecar_query_pass,1,cl_outside_polar_envelope,4,270238.88145606406,286074.32281274453,333837.1710855226,0.094,0.6076,0.8018,0.8496,0.13304373976267053,seed_dae_clarky_fx_reference
raw_best_tier2,tip,dae11,0.03696931763722976,0.020252466782741,0.037262654876588544,6.421035821707224,0.6360769874299949,1.4856769874299949,1.7063077638111055,-0.12721417027368562,actual_sidecar_query_grade,True,,full_polar_candidate_not_mission_grade,False,full_polar_candidate_not_mission_grade,seed_reference_pending_full_polar,false,seed_dae_clarky_reference;tier1_reference_airfoil;tier2_reference_airfoil;tier3_reference_airfoil;actual_sidecar_query_pass,0,,4,270238.88145606406,286074.32281274453,333837.1710855226,0.094,0.6076,0.8018,0.8496,0.13304373976267053,seed_dae_clarky_fx_reference;top5_actual_query_pass
raw_best_tier2,tip,dae21,0.03865232109288736,0.018874253067061433,0.0446080642700276,5.9664437718916705,0.5918798757367877,1.4414798757367877,1.657199861929764,-0.128539017464628,actual_sidecar_query_grade,True,,full_polar_candidate_not_mission_grade,False,full_polar_candidate_not_mission_grade,seed_reference_pending_full_polar,false,seed_dae_clarky_reference;tier1_reference_airfoil;tier2_reference_airfoil;tier3_reference_airfoil;actual_sidecar_query_pass,0,,4,270238.88145606406,286074.32281274453,333837.1710855226,0.094,0.6076,0.8018,0.8496,0.13304373976267053,previous_raw_or_conservative_best_airfoil;seed_dae_clarky_fx_reference;top5_actual_query_pass
conservative_best_tier2,root,dae31,0.010653905397835636,0.009126463802038227,0.009502057028255064,2.026126761994923,0.20130628609614454,1.4987062860961446,1.7207847623290495,-0.15150789126982953,mixed_actual_sidecar_query_quality,False,,full_polar_mission_grade_candidate,True,full_polar_mission_grade_candidate,seed_reference_pending_full_polar,false,seed_dae_clarky_reference;tier1_reference_airfoil;tier2_reference_airfoil;tier3_reference_airfoil;archive_mission_grade,0,,4,470631.64442817215,512026.11293124646,526553.1815575226,1.2137,1.2288999999999999,1.27877,1.2974,0.19956971180285704,previous_raw_or_conservative_best_airfoil;seed_dae_clarky_fx_reference;top10_balanced_score;top5_archive_pass;top5_cd_p90;top5_mean_cd
conservative_best_tier2,root,cst_root_nsga2_g04_child_0066_2124fc90,0.011471310909764887,0.010382587528257126,0.0106068110045907,2.9394374864961477,0.32905264564083514,1.6264526456408352,1.8627251618231504,-0.16332731800651418,,False,,full_polar_mission_grade_candidate,True,full_polar_mission_grade_candidate,cst_xfoil_mission_grade_candidate,false,tier3_exhaustive_current_cst_record;screening_pass_candidate,0,,4,470631.64442817215,512026.11293124646,526553.1815575226,1.2137,1.2288999999999999,1.27877,1.2974,0.19956971180285704,previous_raw_or_conservative_best_airfoil;top10_balanced_score;top5_archive_pass;top5_cd_p90;top5_mean_cd
conservative_best_tier2,root,cst_mid1_nsga2_g05_child_0114_b5496e0b,0.011741730765578072,0.010760701732907937,0.011062925331924572,3.7909305983864283,0.4299495297174851,1.7273495297174852,1.9748328107972057,-0.1458751288357189,actual_sidecar_query_grade,True,,full_polar_mission_grade_candidate,True,full_polar_mission_grade_candidate,cst_xfoil_mission_grade_candidate,false,tier3_exhaustive_current_cst_record;screening_pass_candidate;full_polar_archive_record;archive_mission_grade;actual_sidecar_query_pass,0,,4,470631.64442817215,512026.11293124646,526553.1815575226,1.2137,1.2288999999999999,1.27877,1.2974,0.19956971180285704,previous_raw_or_conservative_best_airfoil;top10_balanced_score;top5_actual_query_pass;top5_archive_pass
conservative_best_tier2,root,cst_root_nsga2_g04_child_0036_d62dd7fc,0.011762831006191184,0.010982775153504931,0.011376846839032864,3.26070526468164,0.33695180332553387,1.634351803325534,1.8715020036950378,-0.10702179379191301,,False,,full_polar_mission_grade_candidate,True,full_polar_mission_grade_candidate,cst_xfoil_mission_grade_candidate,false,tier3_exhaustive_current_cst_record;screening_pass_candidate,0,,4,470631.64442817215,512026.11293124646,526553.1815575226,1.2137,1.2288999999999999,1.27877,1.2974,0.19956971180285704,top10_balanced_score;top5_archive_pass
conservative_best_tier2,root,cst_root_nsga2_g04_child_0010_d050d0cc,0.012029241779361275,0.010974039455161438,0.011373561154137811,2.822558228712923,0.31247984748454694,1.609879847484547,1.8443109416494967,-0.13777480731909464,,False,,full_polar_mission_grade_candidate,True,full_polar_mission_grade_candidate,cst_xfoil_mission_grade_candidate,false,tier3_exhaustive_current_cst_record;screening_pass_candidate,0,,4,470631.64442817215,512026.11293124646,526553.1815575226,1.2137,1.2288999999999999,1.27877,1.2974,0.19956971180285704,top10_balanced_score;top5_archive_pass
conservative_best_tier2,root,cst_root_nsga2_g05_child_0019_00cc4dca,0.012302386376720752,0.011327810521393833,0.011710376908717547,4.140394560921221,0.3396153344478994,1.6370153344478995,1.8744614827198884,-0.14011293662726987,actual_sidecar_query_grade,True,,full_polar_mission_grade_candidate,True,full_polar_mission_grade_candidate,cst_xfoil_mission_grade_candidate,false,tier3_exhaustive_current_cst_record;screening_pass_candidate;full_polar_archive_record;archive_mission_grade;actual_sidecar_query_pass,0,,4,470631.64442817215,512026.11293124646,526553.1815575226,1.2137,1.2288999999999999,1.27877,1.2974,0.19956971180285704,previous_raw_or_conservative_best_airfoil;top10_balanced_score;top5_actual_query_pass
conservative_best_tier2,root,cst_root_nsga2_g04_child_0049_2fe3c802,0.012459278896836781,0.011612010782914062,0.011943225604431123,2.8017930126786545,0.31936173027868775,1.6167617302786879,1.851957478087431,-0.10537323878851249,,False,,full_polar_mission_grade_candidate,True,full_polar_mission_grade_candidate,cst_xfoil_mission_grade_candidate,false,tier3_exhaustive_current_cst_record;screening_pass_candidate,0,,4,470631.64442817215,512026.11293124646,526553.1815575226,1.2137,1.2288999999999999,1.27877,1.2974,0.19956971180285704,top10_balanced_score
conservative_best_tier2,root,cst_root_nsga2_g04_child_0026_4994ec13,0.01252728295383336,0.011677152224202196,0.012056063358926125,3.6228678161602583,0.4028405729081499,1.70024057290815,1.9447117476757223,-0.11958530541296476,,False,,full_polar_mission_grade_candidate,True,full_polar_mission_grade_candidate,cst_xfoil_mission_grade_candidate,false,tier3_exhaustive_current_cst_record;screening_pass_candidate,0,,4,470631.64442817215,512026.11293124646,526553.1815575226,1.2137,1.2288999999999999,1.27877,1.2974,0.19956971180285704,top10_balanced_score
conservative_best_tier2,root,cst_root_nsga2_g02_child_0123_4caadfe5,0.01255137666689101,0.011480282733164631,0.011812606486788706,3.7068690051962316,0.3686523036421081,1.6660523036421082,1.9067247818245647,-0.15913010332632574,actual_sidecar_query_grade,True,,full_polar_mission_grade_candidate,True,full_polar_mission_grade_candidate,cst_xfoil_mission_grade_candidate,false,tier3_exhaustive_current_cst_record;screening_pass_candidate;full_polar_archive_record;archive_mission_grade;actual_sidecar_query_pass,0,,4,470631.64442817215,512026.11293124646,526553.1815575226,1.2137,1.2288999999999999,1.27877,1.2974,0.19956971180285704,top10_balanced_score;top5_actual_query_pass
conservative_best_tier2,root,cst_root_nsga2_g04_child_0048_9468d7ee,0.012616226426580899,0.0116863444893117,0.011981382647476588,3.884121211837835,0.40400731551324887,1.701407315513249,1.9460081283480544,-0.1377697636519144,,False,,full_polar_mission_grade_candidate,True,full_polar_mission_grade_candidate,cst_xfoil_mission_grade_candidate,false,tier3_exhaustive_current_cst_record;screening_pass_candidate,0,,4,470631.64442817215,512026.11293124646,526553.1815575226,1.2137,1.2288999999999999,1.27877,1.2974,0.19956971180285704,top10_balanced_score
conservative_best_tier2,root,cst_root_nsga2_g05_child_0047_47fc9c7e,0.01277036367176372,0.011604439696454768,0.011942360983404475,2.7014118305178365,0.29973306738771144,1.5971330673877115,1.8301478526530128,-0.14972624002257856,actual_sidecar_query_grade,True,,full_polar_mission_grade_candidate,True,full_polar_mission_grade_candidate,cst_xfoil_mission_grade_candidate,false,tier3_exhaustive_current_cst_record;screening_pass_candidate;full_polar_archive_record;archive_mission_grade;actual_sidecar_query_pass,0,,4,470631.64442817215,512026.11293124646,526553.1815575226,1.2137,1.2288999999999999,1.27877,1.2974,0.19956971180285704,top5_actual_query_pass
conservative_best_tier2,root,cst_root_nsga2_g03_child_0051_fbaca644,0.01379518093909548,0.012696141497874396,0.013096997921559179,3.8749968961346495,0.3299690001254023,1.6273690001254024,1.8637433334726694,-0.15978994882190206,actual_sidecar_query_grade,True,,full_polar_mission_grade_candidate,True,full_polar_mission_grade_candidate,cst_xfoil_mission_grade_candidate,false,tier3_exhaustive_current_cst_record;screening_pass_candidate;full_polar_archive_record;archive_mission_grade;actual_sidecar_query_pass,0,,4,470631.64442817215,512026.11293124646,526553.1815575226,1.2137,1.2288999999999999,1.27877,1.2974,0.19956971180285704,top5_actual_query_pass
conservative_best_tier2,root,fx76mp140,0.021027716197816067,0.009499084980542636,0.009787787488292718,2.4246428523057335,0.18807043239854138,1.4854704323985415,1.7060782582206018,-0.18998446095229488,actual_sidecar_query_grade,True,,full_polar_candidate_not_mission_grade,False,full_polar_candidate_not_mission_grade,seed_reference_pending_full_polar,false,seed_dae_clarky_reference;tier1_reference_airfoil;tier2_reference_airfoil;tier3_reference_airfoil;actual_sidecar_query_pass,0,,4,470631.64442817215,512026.11293124646,526553.1815575226,1.2137,1.2288999999999999,1.27877,1.2974,0.19956971180285704,seed_dae_clarky_fx_reference;top5_cd_p90;top5_mean_cd
conservative_best_tier2,root,dae21,0.02109392110391256,0.00940992859550853,0.009711452674481468,1.4523968671422964,0.1440798757367876,1.4414798757367877,1.657199861929764,-0.1341095857224416,actual_sidecar_query_grade,True,,full_polar_candidate_not_mission_grade,False,full_polar_candidate_not_mission_grade,seed_reference_pending_full_polar,false,seed_dae_clarky_reference;tier1_reference_airfoil;tier2_reference_airfoil;tier3_reference_airfoil;actual_sidecar_query_pass,0,,4,470631.64442817215,512026.11293124646,526553.1815575226,1.2137,1.2288999999999999,1.27877,1.2974,0.19956971180285704,previous_raw_or_conservative_best_airfoil;seed_dae_clarky_fx_reference;top5_cd_p90;top5_mean_cd
conservative_best_tier2,root,clarkysm,0.021339478782359984,0.018730635516704904,0.02134996287656867,0.07048830243142037,0.007168657715330484,1.3045686577153306,1.5050762863503673,-0.03788714015307889,actual_sidecar_query_grade,True,,full_polar_mission_grade_candidate,True,full_polar_mission_grade_candidate,seed_reference_pending_full_polar,false,seed_dae_clarky_reference;tier1_reference_airfoil;tier2_reference_airfoil;tier3_reference_airfoil;archive_mission_grade;actual_sidecar_query_pass,0,,4,470631.64442817215,512026.11293124646,526553.1815575226,1.2137,1.2288999999999999,1.27877,1.2974,0.19956971180285704,previous_raw_or_conservative_best_airfoil;seed_dae_clarky_fx_reference
conservative_best_tier2,root,dae11,0.02159263865101349,0.010135153638853528,0.0104238096616779,1.9006084241086765,0.18827698742999477,1.4856769874299949,1.7063077638111055,-0.13445993603762882,actual_sidecar_query_grade,True,,full_polar_candidate_not_mission_grade,False,full_polar_candidate_not_mission_grade,seed_reference_pending_full_polar,false,seed_dae_clarky_reference;tier1_reference_airfoil;tier2_reference_airfoil;tier3_reference_airfoil;actual_sidecar_query_pass,0,,4,470631.64442817215,512026.11293124646,526553.1815575226,1.2137,1.2288999999999999,1.27877,1.2974,0.19956971180285704,seed_dae_clarky_fx_reference;top5_cd_p90;top5_mean_cd
conservative_best_tier2,root,cst_mid2_nsga2_g01_child_0046_9585b968,1.0172463748165965,0.014075786597828169,0.016419115138964466,-0.27884290780094856,-0.029059392327691835,1.2683406076723083,1.4648228974136759,-0.0700679753655341,,False,insufficient_safe_clmax_margin,full_polar_mission_grade_candidate,False,full_polar_mission_grade_candidate,cst_xfoil_mission_grade_candidate,false,tier3_exhaustive_current_cst_record;screening_pass_candidate;screening_top32_by_score,0,,4,470631.64442817215,512026.11293124646,526553.1815575226,1.2137,1.2288999999999999,1.27877,1.2974,0.19956971180285704,previous_raw_or_conservative_best_airfoil
conservative_best_tier2,root,dae41,1.0218415652411434,0.018648252714406222,0.02119573718828492,-0.372781212749774,-0.03954901475152939,1.2578509852484707,1.4531677613871896,-0.03663536783159636,actual_sidecar_query_not_mission_grade,False,insufficient_safe_clmax_margin,full_polar_candidate_not_mission_grade,False,full_polar_mission_grade_candidate,seed_reference_pending_full_polar,false,seed_dae_clarky_reference;tier1_reference_airfoil;tier2_reference_airfoil;tier3_reference_airfoil,0,,4,470631.64442817215,512026.11293124646,526553.1815575226,1.2137,1.2288999999999999,1.27877,1.2974,0.19956971180285704,seed_dae_clarky_fx_reference
conservative_best_tier2,root,cst_tip_nsga2_g04_child_0123_01770232,1.0489565878530414,0.04230387084893498,0.04645545367244026,-1.240278647176613,-0.13202340201361196,1.1653765979863882,1.350418442207098,-0.0432149453591994,,False,cl_outside_polar_envelope|insufficient_safe_clmax_margin,full_polar_mission_grade_candidate,False,full_polar_mission_grade_candidate,cst_xfoil_mission_grade_candidate,false,tier3_exhaustive_current_cst_record;screening_pass_candidate,1,cl_outside_polar_envelope,4,470631.64442817215,512026.11293124646,526553.1815575226,1.2137,1.2288999999999999,1.27877,1.2974,0.19956971180285704,previous_raw_or_conservative_best_airfoil
conservative_best_tier2,mid1,dae31,0.012008617942306513,0.010335915626192129,0.010572397555732159,1.6054141240848567,0.1595062860961447,1.4987062860961446,1.7207847623290495,-0.14877345046963372,mixed_actual_sidecar_query_quality,False,,full_polar_mission_grade_candidate,True,full_polar_mission_grade_candidate,seed_reference_pending_full_polar,false,seed_dae_clarky_reference;tier1_reference_airfoil;tier2_reference_airfoil;tier3_reference_airfoil;archive_mission_grade,0,,4,400747.055902739,433824.9231934041,461581.8415975404,1.2914,1.32455,1.33555,1.3392,0.39643265901521,previous_raw_or_conservative_best_airfoil;seed_dae_clarky_fx_reference;top10_balanced_score;top5_archive_pass;top5_cd_p90;top5_mean_cd
conservative_best_tier2,mid1,cst_root_nsga2_g04_child_0066_2124fc90,0.012602668203824958,0.011331547270571524,0.01155527122714975,2.566036790397048,0.2872526456408353,1.6264526456408352,1.8627251618231504,-0.16263932394159636,,False,,full_polar_mission_grade_candidate,True,full_polar_mission_grade_candidate,cst_xfoil_mission_grade_candidate,false,tier3_exhaustive_current_cst_record;screening_pass_candidate,0,,4,400747.055902739,433824.9231934041,461581.8415975404,1.2914,1.32455,1.33555,1.3392,0.39643265901521,previous_raw_or_conservative_best_airfoil;top10_balanced_score;top5_archive_pass;top5_cd_p90;top5_mean_cd
conservative_best_tier2,mid1,cst_mid1_nsga2_g06_child_0001_a86879e2,0.012701671807266463,0.01183525683107971,0.012112202701303516,3.2425370111149747,0.3692882145574652,1.7084882145574651,1.9538757939527391,-0.12824732026807026,actual_sidecar_query_grade,True,,full_polar_mission_grade_candidate,True,full_polar_mission_grade_candidate,cst_xfoil_mission_grade_candidate,false,tier3_exhaustive_current_cst_record;screening_pass_candidate;full_polar_archive_record;archive_mission_grade;actual_sidecar_query_pass,0,,4,400747.055902739,433824.9231934041,461581.8415975404,1.2914,1.32455,1.33555,1.3392,0.39643265901521,top10_balanced_score;top5_actual_query_pass;top5_archive_pass
conservative_best_tier2,mid1,cst_mid1_nsga2_g05_child_0114_b5496e0b,0.0128159776879772,0.011846776542056854,0.012128373892674264,3.4223736212066305,0.3881495297174853,1.7273495297174852,1.9748328107972057,-0.14510701220070893,actual_sidecar_query_grade,True,,full_polar_mission_grade_candidate,True,full_polar_mission_grade_candidate,cst_xfoil_mission_grade_candidate,false,tier3_exhaustive_current_cst_record;screening_pass_candidate;full_polar_archive_record;archive_mission_grade;actual_sidecar_query_pass,0,,4,400747.055902739,433824.9231934041,461581.8415975404,1.2914,1.32455,1.33555,1.3392,0.39643265901521,previous_raw_or_conservative_best_airfoil;top10_balanced_score;top5_actual_query_pass;top5_archive_pass
conservative_best_tier2,mid1,cst_mid1_nsga2_g07_child_0111_0738f459,0.012894764884986292,0.011920352318591914,0.012205081945572864,2.852802376133667,0.3201171552647748,1.6593171552647747,1.8992412836275274,-0.13352639750298012,actual_sidecar_query_grade,True,,full_polar_mission_grade_candidate,True,full_polar_mission_grade_candidate,cst_xfoil_mission_grade_candidate,false,tier3_exhaustive_current_cst_record;screening_pass_candidate;final_generation_survivor_g07;full_polar_archive_record;archive_mission_grade;actual_sidecar_query_pass,0,,4,400747.055902739,433824.9231934041,461581.8415975404,1.2914,1.32455,1.33555,1.3392,0.39643265901521,top10_balanced_score;top5_actual_query_pass;top5_archive_pass
conservative_best_tier2,mid1,cst_mid1_nsga2_g05_child_0009_4c3b4b92,0.013236416305918316,0.01224895471764993,0.0124294879526618,2.553079773584241,0.2968177143751909,1.6360177143751908,1.8733530159724343,-0.11680247380105868,actual_sidecar_query_grade,True,,full_polar_mission_grade_candidate,True,full_polar_mission_grade_candidate,cst_xfoil_mission_grade_candidate,false,tier3_exhaustive_current_cst_record;screening_pass_candidate;full_polar_archive_record;archive_mission_grade;actual_sidecar_query_pass,0,,4,400747.055902739,433824.9231934041,461581.8415975404,1.2914,1.32455,1.33555,1.3392,0.39643265901521,top10_balanced_score;top5_actual_query_pass
conservative_best_tier2,mid1,cst_mid1_nsga2_g04_child_0061_22c8f1d8,0.013280755800478265,0.012337590706413794,0.012620422240923778,2.6023343701370183,0.2985325772737246,1.6377325772737246,1.8752584191930273,-0.10755687367574751,,False,,full_polar_mission_grade_candidate,True,full_polar_mission_grade_candidate,cst_xfoil_mission_grade_candidate,false,tier3_exhaustive_current_cst_record;screening_pass_candidate,0,,4,400747.055902739,433824.9231934041,461581.8415975404,1.2914,1.32455,1.33555,1.3392,0.39643265901521,top10_balanced_score
conservative_best_tier2,mid1,cst_mid1_nsga2_g05_child_0101_51eabddf,0.013297121669711564,0.012060114745144665,0.012290719740157479,2.708415379417174,0.3164784153165705,1.6556784153165705,1.895198239240634,-0.1684171443368335,actual_sidecar_query_grade,True,,full_polar_mission_grade_candidate,True,full_polar_mission_grade_candidate,cst_xfoil_mission_grade_candidate,false,tier3_exhaustive_current_cst_record;screening_pass_candidate;full_polar_archive_record;archive_mission_grade;actual_sidecar_query_pass,0,,4,400747.055902739,433824.9231934041,461581.8415975404,1.2914,1.32455,1.33555,1.3392,0.39643265901521,top10_balanced_score;top5_actual_query_pass
conservative_best_tier2,mid1,cst_mid1_nsga2_g07_child_0030_ff2192c4,0.013330140506676564,0.012615772208706858,0.012925555831535382,3.075160035428399,0.34913362375007795,1.688333623750078,1.9314818041667532,-0.10099067166328701,,False,,full_polar_mission_grade_candidate,True,full_polar_mission_grade_candidate,cst_xfoil_mission_grade_candidate,false,tier3_exhaustive_current_cst_record;screening_pass_candidate;final_generation_survivor_g07,0,,4,400747.055902739,433824.9231934041,461581.8415975404,1.2914,1.32455,1.33555,1.3392,0.39643265901521,top10_balanced_score
conservative_best_tier2,mid1,cst_mid1_nsga2_g05_child_0002_45c597a4,0.013333880036816162,0.01235876079752518,0.012619665706745217,2.79148039229186,0.32077173037050044,1.6599717303705004,1.899968589300556,-0.12992378620164985,,False,,full_polar_mission_grade_candidate,True,full_polar_mission_grade_candidate,cst_xfoil_mission_grade_candidate,false,tier3_exhaustive_current_cst_record;screening_pass_candidate,0,,4,400747.055902739,433824.9231934041,461581.8415975404,1.2914,1.32455,1.33555,1.3392,0.39643265901521,top10_balanced_score
conservative_best_tier2,mid1,cst_root_nsga2_g05_child_0019_00cc4dca,0.013882870255711973,0.012895059102623329,0.013311375647768683,3.6307930350423687,0.29781533444789954,1.6370153344478995,1.8744614827198884,-0.14035006038129502,actual_sidecar_query_grade,True,,full_polar_mission_grade_candidate,True,full_polar_mission_grade_candidate,cst_xfoil_mission_grade_candidate,false,tier3_exhaustive_current_cst_record;screening_pass_candidate;full_polar_archive_record;archive_mission_grade;actual_sidecar_query_pass,0,,4,400747.055902739,433824.9231934041,461581.8415975404,1.2914,1.32455,1.33555,1.3392,0.39643265901521,previous_raw_or_conservative_best_airfoil
conservative_best_tier2,mid1,cst_mid1_nsga2_g04_child_0075_96fc4d1a,0.021912944492335707,0.010835486166106283,0.010977646338928998,2.7140711105211466,0.3105890461830654,1.6497890461830653,1.8886544957589615,-0.1474563035003414,,False,,full_polar_candidate_not_mission_grade,False,full_polar_candidate_not_mission_grade,cst_xfoil_mission_grade_candidate,false,tier3_exhaustive_current_cst_record;screening_pass_candidate,0,,4,400747.055902739,433824.9231934041,461581.8415975404,1.2914,1.32455,1.33555,1.3392,0.39643265901521,top5_cd_p90;top5_mean_cd
conservative_best_tier2,mid1,dae21,0.022351992730093483,0.010478480300399575,0.01073313978594281,1.0310320600442102,0.10227987573678776,1.4414798757367877,1.657199861929764,-0.13331627329598006,actual_sidecar_query_grade,True,,full_polar_candidate_not_mission_grade,False,full_polar_candidate_not_mission_grade,seed_reference_pending_full_polar,false,seed_dae_clarky_reference;tier1_reference_airfoil;tier2_reference_airfoil;tier3_reference_airfoil;actual_sidecar_query_pass,0,,4,400747.055902739,433824.9231934041,461581.8415975404,1.2914,1.32455,1.33555,1.3392,0.39643265901521,previous_raw_or_conservative_best_airfoil;seed_dae_clarky_fx_reference;top5_cd_p90;top5_mean_cd
conservative_best_tier2,mid1,fx76mp140,0.022419986049061032,0.010638442126089288,0.010925420587674877,1.8857486203213687,0.14627043239854154,1.4854704323985415,1.7060782582206018,-0.18732929526291187,actual_sidecar_query_grade,True,,full_polar_candidate_not_mission_grade,False,full_polar_candidate_not_mission_grade,seed_reference_pending_full_polar,false,seed_dae_clarky_reference;tier1_reference_airfoil;tier2_reference_airfoil;tier3_reference_airfoil;actual_sidecar_query_pass,0,,4,400747.055902739,433824.9231934041,461581.8415975404,1.2914,1.32455,1.33555,1.3392,0.39643265901521,seed_dae_clarky_fx_reference;top5_cd_p90;top5_mean_cd
conservative_best_tier2,mid1,dae11,0.023032577800858628,0.011350096886464834,0.01167322430662924,1.4786480283524943,0.14647698742999493,1.4856769874299949,1.7063077638111055,-0.13478505525208329,actual_sidecar_query_grade,True,,full_polar_candidate_not_mission_grade,False,full_polar_candidate_not_mission_grade,seed_reference_pending_full_polar,false,seed_dae_clarky_reference;tier1_reference_airfoil;tier2_reference_airfoil;tier3_reference_airfoil;actual_sidecar_query_pass,0,,4,400747.055902739,433824.9231934041,461581.8415975404,1.2914,1.32455,1.33555,1.3392,0.39643265901521,seed_dae_clarky_fx_reference
conservative_best_tier2,mid1,cst_mid2_nsga2_g01_child_0046_9585b968,1.0194674497106861,0.013057840278964597,0.01879516475977283,-0.6799398548617615,-0.07085939232769167,1.2683406076723083,1.4648228974136759,-0.05883033545515651,,False,cl_outside_polar_envelope|insufficient_safe_clmax_margin,full_polar_mission_grade_candidate,False,full_polar_mission_grade_candidate,cst_xfoil_mission_grade_candidate,false,tier3_exhaustive_current_cst_record;screening_pass_candidate;screening_top32_by_score,1,cl_outside_polar_envelope,4,400747.055902739,433824.9231934041,461581.8415975404,1.2914,1.32455,1.33555,1.3392,0.39643265901521,previous_raw_or_conservative_best_airfoil
conservative_best_tier2,mid1,clarkysm,1.0306907567664392,0.02768628346619412,0.0301938210963994,-0.3405246317378778,-0.03463134228466935,1.3045686577153306,1.5050762863503673,-0.018376565159598148,actual_sidecar_query_grade,False,insufficient_safe_clmax_margin,full_polar_mission_grade_candidate,False,full_polar_mission_grade_candidate,seed_reference_pending_full_polar,false,seed_dae_clarky_reference;tier1_reference_airfoil;tier2_reference_airfoil;tier3_reference_airfoil;archive_mission_grade;actual_sidecar_query_pass,0,,4,400747.055902739,433824.9231934041,461581.8415975404,1.2914,1.32455,1.33555,1.3392,0.39643265901521,previous_raw_or_conservative_best_airfoil;seed_dae_clarky_fx_reference
conservative_best_tier2,mid1,dae41,1.0416495325641624,0.03687413307401413,0.04254354220710354,-0.7667797684871939,-0.08134901475152923,1.2578509852484707,1.4531677613871896,-0.015704376968028372,actual_sidecar_query_not_mission_grade,False,insufficient_safe_clmax_margin,full_polar_candidate_not_mission_grade,False,full_polar_mission_grade_candidate,seed_reference_pending_full_polar,false,seed_dae_clarky_reference;tier1_reference_airfoil;tier2_reference_airfoil;tier3_reference_airfoil,0,,4,400747.055902739,433824.9231934041,461581.8415975404,1.2914,1.32455,1.33555,1.3392,0.39643265901521,seed_dae_clarky_fx_reference
conservative_best_tier2,mid1,cst_tip_nsga2_g04_child_0123_01770232,1.052419728941066,0.04661971605440847,0.04663810105908454,-1.632963933733893,-0.1738234020136118,1.1653765979863882,1.350418442207098,-0.03981035800297826,,False,cl_outside_polar_envelope|insufficient_safe_clmax_margin,full_polar_mission_grade_candidate,False,full_polar_mission_grade_candidate,cst_xfoil_mission_grade_candidate,false,tier3_exhaustive_current_cst_record;screening_pass_candidate,1,cl_outside_polar_envelope,4,400747.055902739,433824.9231934041,461581.8415975404,1.2914,1.32455,1.33555,1.3392,0.39643265901521,previous_raw_or_conservative_best_airfoil
conservative_best_tier2,mid2,dae31,0.011360252593721596,0.010037042476279593,0.010428177765426948,2.4599237642419083,0.24440628609614468,1.4987062860961446,1.7207847623290495,-0.15271244139356396,mixed_actual_sidecar_query_quality,False,,full_polar_mission_grade_candidate,True,full_polar_mission_grade_candidate,seed_reference_pending_full_polar,false,seed_dae_clarky_reference;tier1_reference_airfoil;tier2_reference_airfoil;tier3_reference_airfoil;archive_mission_grade,0,,4,344311.4799172722,366642.7063465623,389183.41895248735,0.9887,1.162,1.23742,1.2543,0.27095388941926235,previous_raw_or_conservative_best_airfoil;seed_dae_clarky_fx_reference;top10_balanced_score;top5_archive_pass;top5_cd_p90;top5_mean_cd
conservative_best_tier2,mid2,cst_mid2_seedless_sobol_0377_ed2a45eb,0.012835316377963514,0.011098510327273587,0.011815657536130115,1.4433317835759323,0.1616752154670551,1.415975215467055,1.62886135051895,-0.11791173656301823,,False,,full_polar_mission_grade_candidate,True,full_polar_mission_grade_candidate,cst_xfoil_mission_grade_candidate,false,tier3_exhaustive_current_cst_record;screening_pass_candidate,0,,4,344311.4799172722,366642.7063465623,389183.41895248735,0.9887,1.162,1.23742,1.2543,0.27095388941926235,top10_balanced_score;top5_archive_pass;top5_cd_p90;top5_mean_cd
conservative_best_tier2,mid2,cst_mid1_nsga2_g05_child_0114_b5496e0b,0.012974800905435641,0.011975870354763699,0.012367338803189545,4.170949873899572,0.47304952971748526,1.7273495297174852,1.9748328107972057,-0.14365276562048282,actual_sidecar_query_grade,True,,full_polar_mission_grade_candidate,True,full_polar_mission_grade_candidate,cst_xfoil_mission_grade_candidate,false,tier3_exhaustive_current_cst_record;screening_pass_candidate;full_polar_archive_record;archive_mission_grade;actual_sidecar_query_pass,0,,4,344311.4799172722,366642.7063465623,389183.41895248735,0.9887,1.162,1.23742,1.2543,0.27095388941926235,previous_raw_or_conservative_best_airfoil;top10_balanced_score;top5_actual_query_pass;top5_archive_pass
conservative_best_tier2,mid2,cst_root_nsga2_g04_child_0066_2124fc90,0.013369250552721763,0.012345814121714826,0.01250538280675357,3.3244511229045535,0.3721526456408353,1.6264526456408352,1.8627251618231504,-0.16126456520722962,,False,,full_polar_mission_grade_candidate,True,full_polar_mission_grade_candidate,cst_xfoil_mission_grade_candidate,false,tier3_exhaustive_current_cst_record;screening_pass_candidate,0,,4,344311.4799172722,366642.7063465623,389183.41895248735,0.9887,1.162,1.23742,1.2543,0.27095388941926235,previous_raw_or_conservative_best_airfoil;top10_balanced_score;top5_archive_pass
conservative_best_tier2,mid2,cst_mid2_nsga2_g01_child_0046_9585b968,0.013579960498893748,0.011374287022514149,0.012414455396963503,0.1347283462258734,0.014040607672308303,1.2683406076723083,1.4648228974136759,-0.06816311973921015,,False,,full_polar_mission_grade_candidate,True,full_polar_mission_grade_candidate,cst_xfoil_mission_grade_candidate,false,tier3_exhaustive_current_cst_record;screening_pass_candidate;screening_top32_by_score,0,,4,344311.4799172722,366642.7063465623,389183.41895248735,0.9887,1.162,1.23742,1.2543,0.27095388941926235,previous_raw_or_conservative_best_airfoil;top10_balanced_score;top5_archive_pass
conservative_best_tier2,mid2,cst_mid2_seedless_sobol_0145_03e49c65,0.01368853433718147,0.012599938635674775,0.013655643253893688,2.7804436471470657,0.31741569005921355,1.5717156900592135,1.801906322288015,-0.10155348478393476,,False,,full_polar_mission_grade_candidate,True,full_polar_mission_grade_candidate,cst_xfoil_mission_grade_candidate,false,tier3_exhaustive_current_cst_record;screening_pass_candidate,0,,4,344311.4799172722,366642.7063465623,389183.41895248735,0.9887,1.162,1.23742,1.2543,0.27095388941926235,top10_balanced_score
conservative_best_tier2,mid2,cst_mid2_seedless_sobol_0349_4db3ce89,0.013736288666313132,0.01207229944545806,0.012865462783069838,1.1038419339545387,0.12698720503334004,1.38128720503334,1.5903191167037112,-0.07305050327803649,,False,,full_polar_mission_grade_candidate,True,full_polar_mission_grade_candidate,cst_xfoil_mission_grade_candidate,false,tier3_exhaustive_current_cst_record;screening_pass_candidate,0,,4,344311.4799172722,366642.7063465623,389183.41895248735,0.9887,1.162,1.23742,1.2543,0.27095388941926235,top10_balanced_score
conservative_best_tier2,mid2,cst_mid2_seedless_sobol_0169_fca0af1f,0.013874436846650058,0.012038472206042218,0.012459474208628736,0.4147815678055059,0.046624441637814096,1.300924441637814,1.5010271573753489,-0.06600078726755178,,False,,full_polar_mission_grade_candidate,True,full_polar_mission_grade_candidate,cst_xfoil_mission_grade_candidate,false,tier3_exhaustive_current_cst_record;screening_pass_candidate,0,,4,344311.4799172722,366642.7063465623,389183.41895248735,0.9887,1.162,1.23742,1.2543,0.27095388941926235,top10_balanced_score
conservative_best_tier2,mid2,cst_mid2_nsga2_g01_child_0103_58b101ad,0.013982792539585388,0.011719525851455772,0.012696431977229214,0.6476784688677844,0.07118098115205052,1.3254809811520505,1.528312201280056,-0.12419812975713408,,False,,full_polar_mission_grade_candidate,True,full_polar_mission_grade_candidate,cst_xfoil_mission_grade_candidate,false,tier3_exhaustive_current_cst_record;screening_pass_candidate,0,,4,344311.4799172722,366642.7063465623,389183.41895248735,0.9887,1.162,1.23742,1.2543,0.27095388941926235,top10_balanced_score
conservative_best_tier2,mid2,cst_mid2_nsga2_g05_child_0082_418e9d80,0.01400255667477081,0.012557650622730858,0.013031869512817859,1.1063473143823803,0.12469165291640216,1.3789916529164021,1.587768503240447,-0.05535051628344856,,False,,full_polar_mission_grade_candidate,True,full_polar_mission_grade_candidate,cst_xfoil_mission_grade_candidate,false,tier3_exhaustive_current_cst_record;screening_pass_candidate,0,,4,344311.4799172722,366642.7063465623,389183.41895248735,0.9887,1.162,1.23742,1.2543,0.27095388941926235,top10_balanced_score
conservative_best_tier2,mid2,cst_mid2_seedless_sobol_0668_d2a96184,0.014881982152123786,0.011293228446845372,0.01157294076667305,0.44094618902714694,0.04587998568625862,1.3001799856862586,1.5001999840958429,-0.11855458130871663,,False,cl_outside_polar_envelope,full_polar_mission_grade_candidate,False,full_polar_mission_grade_candidate,cst_xfoil_mission_grade_candidate,false,tier3_exhaustive_current_cst_record;screening_pass_candidate,1,cl_outside_polar_envelope,4,344311.4799172722,366642.7063465623,389183.41895248735,0.9887,1.162,1.23742,1.2543,0.27095388941926235,top5_cd_p90;top5_mean_cd
conservative_best_tier2,mid2,cst_root_nsga2_g05_child_0019_00cc4dca,0.015019456853287663,0.013983567658533588,0.014569844320703025,4.665844938083391,0.3827153344478995,1.6370153344478995,1.8744614827198884,-0.13844872716579526,actual_sidecar_query_grade,True,,full_polar_mission_grade_candidate,True,full_polar_mission_grade_candidate,cst_xfoil_mission_grade_candidate,false,tier3_exhaustive_current_cst_record;screening_pass_candidate;full_polar_archive_record;archive_mission_grade;actual_sidecar_query_pass,0,,4,344311.4799172722,366642.7063465623,389183.41895248735,0.9887,1.162,1.23742,1.2543,0.27095388941926235,previous_raw_or_conservative_best_airfoil;top5_actual_query_pass
conservative_best_tier2,mid2,clarkysm,0.02043089386506501,0.01774081273561178,0.02104420173478958,0.494283935510293,0.05026865771533062,1.3045686577153306,1.5050762863503673,-0.04683949124935849,actual_sidecar_query_grade,True,,full_polar_mission_grade_candidate,True,full_polar_mission_grade_candidate,seed_reference_pending_full_polar,false,seed_dae_clarky_reference;tier1_reference_airfoil;tier2_reference_airfoil;tier3_reference_airfoil;archive_mission_grade;actual_sidecar_query_pass,0,,4,344311.4799172722,366642.7063465623,389183.41895248735,0.9887,1.162,1.23742,1.2543,0.27095388941926235,previous_raw_or_conservative_best_airfoil;seed_dae_clarky_fx_reference;top5_actual_query_pass
conservative_best_tier2,mid2,dae41,0.020770234089967404,0.01785502010904028,0.021242954596548513,0.03347088658713789,0.0035509852484707505,1.2578509852484707,1.4531677613871896,-0.04102872559880201,actual_sidecar_query_not_mission_grade,False,,full_polar_candidate_not_mission_grade,True,full_polar_mission_grade_candidate,seed_reference_pending_full_polar,false,seed_dae_clarky_reference;tier1_reference_airfoil;tier2_reference_airfoil;tier3_reference_airfoil,0,,4,344311.4799172722,366642.7063465623,389183.41895248735,0.9887,1.162,1.23742,1.2543,0.27095388941926235,seed_dae_clarky_fx_reference
conservative_best_tier2,mid2,dae21,0.022388634417826382,0.010894955249618862,0.011274752308138427,1.886866321351092,0.18717987573678774,1.4414798757367877,1.657199861929764,-0.13403055973353628,actual_sidecar_query_grade,True,,full_polar_candidate_not_mission_grade,False,full_polar_candidate_not_mission_grade,seed_reference_pending_full_polar,false,seed_dae_clarky_reference;tier1_reference_airfoil;tier2_reference_airfoil;tier3_reference_airfoil;actual_sidecar_query_pass,0,,4,344311.4799172722,366642.7063465623,389183.41895248735,0.9887,1.162,1.23742,1.2543,0.27095388941926235,previous_raw_or_conservative_best_airfoil;seed_dae_clarky_fx_reference;top5_actual_query_pass;top5_cd_p90;top5_mean_cd
conservative_best_tier2,mid2,fx76mp140,0.02299001839880929,0.011768921702173888,0.012021815541924628,2.980296952748945,0.23117043239854151,1.4854704323985415,1.7060782582206018,-0.1871220548495189,actual_sidecar_query_grade,True,,full_polar_candidate_not_mission_grade,False,full_polar_candidate_not_mission_grade,seed_reference_pending_full_polar,false,seed_dae_clarky_reference;tier1_reference_airfoil;tier2_reference_airfoil;tier3_reference_airfoil;actual_sidecar_query_pass,0,,4,344311.4799172722,366642.7063465623,389183.41895248735,0.9887,1.162,1.23742,1.2543,0.27095388941926235,seed_dae_clarky_fx_reference;top5_actual_query_pass;top5_cd_p90
conservative_best_tier2,mid2,cst_mid2_nsga2_g02_child_0106_7ea30168,0.023576384746985937,0.011369983276002178,0.012251360149962486,0.7063169362403665,0.07939495326258128,1.3336949532625813,1.5374388369584235,-0.12517967220297202,,False,,full_polar_candidate_not_mission_grade,False,full_polar_candidate_not_mission_grade,cst_xfoil_mission_grade_candidate,false,tier3_exhaustive_current_cst_record;screening_pass_candidate,0,,4,344311.4799172722,366642.7063465623,389183.41895248735,0.9887,1.162,1.23742,1.2543,0.27095388941926235,top5_mean_cd
conservative_best_tier2,mid2,dae11,0.024185602581192393,0.01291434412937162,0.013308482292939334,2.3356919900678057,0.2313769874299949,1.4856769874299949,1.7063077638111055,-0.13352601493432917,actual_sidecar_query_grade,True,,full_polar_candidate_not_mission_grade,False,full_polar_candidate_not_mission_grade,seed_reference_pending_full_polar,false,seed_dae_clarky_reference;tier1_reference_airfoil;tier2_reference_airfoil;tier3_reference_airfoil;actual_sidecar_query_pass,0,,4,344311.4799172722,366642.7063465623,389183.41895248735,0.9887,1.162,1.23742,1.2543,0.27095388941926235,seed_dae_clarky_fx_reference
conservative_best_tier2,mid2,cst_tip_nsga2_g04_child_0123_01770232,1.0406692666882138,0.03375859257952268,0.04037332307631396,-0.8353806603197015,-0.08892340201361182,1.1653765979863882,1.350418442207098,-0.04809901408637747,,False,cl_outside_polar_envelope|insufficient_safe_clmax_margin,full_polar_mission_grade_candidate,False,full_polar_mission_grade_candidate,cst_xfoil_mission_grade_candidate,false,tier3_exhaustive_current_cst_record;screening_pass_candidate,1,cl_outside_polar_envelope,4,344311.4799172722,366642.7063465623,389183.41895248735,0.9887,1.162,1.23742,1.2543,0.27095388941926235,previous_raw_or_conservative_best_airfoil
conservative_best_tier2,tip,cst_tip_nsga2_g05_child_0032_70ef8136,0.009554192723053556,0.007891944226290186,0.011417436853781975,2.1651800598573616,0.21319485912662384,1.1034948591266238,1.2816609545851376,-0.0018193511783204928,,False,,full_polar_mission_grade_candidate,True,full_polar_mission_grade_candidate,cst_xfoil_mission_grade_candidate,false,tier3_exhaustive_current_cst_record;screening_pass_candidate;screening_global_pareto_front,0,,4,270238.88145606406,286074.32281274453,333837.1710855226,0.0967,0.6127,0.8168,0.8903,0.13304373976267053,top10_balanced_score;top5_archive_pass;top5_mean_cd
conservative_best_tier2,tip,cst_tip_nsga2_g05_child_0102_33bdf605,0.009842418635535258,0.007938691046890968,0.012908214630236534,6.6061726884532925,0.4035746935727337,1.2938746935727337,1.493194103969704,-0.02739905574555731,,False,,full_polar_mission_grade_candidate,True,full_polar_mission_grade_candidate,cst_xfoil_mission_grade_candidate,false,tier3_exhaustive_current_cst_record;screening_pass_candidate,0,,4,270238.88145606406,286074.32281274453,333837.1710855226,0.0967,0.6127,0.8168,0.8903,0.13304373976267053,top10_balanced_score;top5_archive_pass;top5_mean_cd
conservative_best_tier2,tip,cst_tip_nsga2_g02_child_0093_97ccea59,0.010198421880809765,0.009594119852380234,0.009989107293773206,3.243645144953333,0.3300551530710861,1.220355153071086,1.4115057256345402,-0.07767607065699847,,False,,full_polar_mission_grade_candidate,True,full_polar_mission_grade_candidate,cst_xfoil_mission_grade_candidate,false,tier3_exhaustive_current_cst_record;screening_pass_candidate,0,,4,270238.88145606406,286074.32281274453,333837.1710855226,0.0967,0.6127,0.8168,0.8903,0.13304373976267053,top10_balanced_score;top5_archive_pass;top5_cd_p90;top5_mean_cd
conservative_best_tier2,tip,dae41,0.010366641061298372,0.00977159762770342,0.010395893298028903,3.464463094444109,0.36755098524847074,1.2578509852484707,1.4531677613871896,-0.06275665816350537,actual_sidecar_query_not_mission_grade,False,,full_polar_candidate_not_mission_grade,True,full_polar_mission_grade_candidate,seed_reference_pending_full_polar,false,seed_dae_clarky_reference;tier1_reference_airfoil;tier2_reference_airfoil;tier3_reference_airfoil,0,,4,270238.88145606406,286074.32281274453,333837.1710855226,0.0967,0.6127,0.8168,0.8903,0.13304373976267053,seed_dae_clarky_fx_reference;top10_balanced_score;top5_archive_pass;top5_cd_p90;top5_mean_cd
conservative_best_tier2,tip,cst_tip_nsga2_g06_child_0056_b3f9b7c4,0.010572364174537299,0.009578511411795354,0.010560931080056514,4.719781034283064,0.5105986423088563,1.4008986423088563,1.6121096025653958,-0.10833431314175623,,False,,full_polar_mission_grade_candidate,True,full_polar_mission_grade_candidate,cst_xfoil_mission_grade_candidate,false,tier3_exhaustive_current_cst_record;screening_pass_candidate,0,,4,270238.88145606406,286074.32281274453,333837.1710855226,0.0967,0.6127,0.8168,0.8903,0.13304373976267053,top10_balanced_score;top5_archive_pass;top5_cd_p90;top5_mean_cd
conservative_best_tier2,tip,cst_tip_nsga2_g06_child_0069_48b22f3d,0.01064976769463762,0.010019642207525967,0.010857891116367282,3.255135337991142,0.35435845145693434,1.2446584514569343,1.4385093905077049,-0.056123061502865126,,False,,full_polar_mission_grade_candidate,True,full_polar_mission_grade_candidate,cst_xfoil_mission_grade_candidate,false,tier3_exhaustive_current_cst_record;screening_pass_candidate;screening_global_pareto_front,0,,4,270238.88145606406,286074.32281274453,333837.1710855226,0.0967,0.6127,0.8168,0.8903,0.13304373976267053,top10_balanced_score
conservative_best_tier2,tip,cst_tip_nsga2_g03_child_0046_3374bb35,0.010737308338296562,0.010271989750803871,0.010630635197266454,4.393938386749854,0.49712512004319487,1.3874251200431948,1.5971390222702164,-0.05663211353846462,,False,,full_polar_mission_grade_candidate,True,full_polar_mission_grade_candidate,cst_xfoil_mission_grade_candidate,false,tier3_exhaustive_current_cst_record;screening_pass_candidate,0,,4,270238.88145606406,286074.32281274453,333837.1710855226,0.0967,0.6127,0.8168,0.8903,0.13304373976267053,top10_balanced_score;top5_cd_p90
conservative_best_tier2,tip,cst_tip_nsga2_g02_child_0073_ab290648,0.010784070763253266,0.010182501807010252,0.010775940983995539,3.7813626340868933,0.4134015421824552,1.3037015421824552,1.5041128246471724,-0.06564420738302729,,False,,full_polar_mission_grade_candidate,True,full_polar_mission_grade_candidate,cst_xfoil_mission_grade_candidate,false,tier3_exhaustive_current_cst_record;screening_pass_candidate;screening_global_pareto_front,0,,4,270238.88145606406,286074.32281274453,333837.1710855226,0.0967,0.6127,0.8168,0.8903,0.13304373976267053,top10_balanced_score
conservative_best_tier2,tip,clarkysm,0.010816461877874575,0.00991086583837759,0.010891628734846167,4.07343963019032,0.4142686577153306,1.3045686577153306,1.5050762863503673,-0.09372150428883057,actual_sidecar_query_grade,True,,full_polar_mission_grade_candidate,True,full_polar_mission_grade_candidate,seed_reference_pending_full_polar,false,seed_dae_clarky_reference;tier1_reference_airfoil;tier2_reference_airfoil;tier3_reference_airfoil;archive_mission_grade;actual_sidecar_query_pass,0,,4,270238.88145606406,286074.32281274453,333837.1710855226,0.0967,0.6127,0.8168,0.8903,0.13304373976267053,previous_raw_or_conservative_best_airfoil;seed_dae_clarky_fx_reference;top10_balanced_score;top5_actual_query_pass
conservative_best_tier2,tip,cst_tip_nsga2_g05_child_0120_b43c28ad,0.010904270482494392,0.010408602151841044,0.01115714094627575,3.5314375570919108,0.3914248132021775,1.2817248132021775,1.4796942368913082,-0.038946625433533326,,False,,full_polar_mission_grade_candidate,True,full_polar_mission_grade_candidate,cst_xfoil_mission_grade_candidate,false,tier3_exhaustive_current_cst_record;screening_pass_candidate;screening_global_pareto_front,0,,4,270238.88145606406,286074.32281274453,333837.1710855226,0.0967,0.6127,0.8168,0.8903,0.13304373976267053,top10_balanced_score
conservative_best_tier2,tip,cst_tip_nsga2_g06_child_0074_6c3a3b28,0.011023825072462278,0.010498895973809931,0.010628000473229326,3.58239081594753,0.3808844528350127,1.2711844528350127,1.4679827253722364,-0.07995708730926002,,False,,full_polar_mission_grade_candidate,True,full_polar_mission_grade_candidate,cst_xfoil_mission_grade_candidate,false,tier3_exhaustive_current_cst_record;screening_pass_candidate;screening_global_pareto_front,0,,4,270238.88145606406,286074.32281274453,333837.1710855226,0.0967,0.6127,0.8168,0.8903,0.13304373976267053,top5_cd_p90
conservative_best_tier2,tip,cst_tip_nsga2_g04_child_0123_01770232,0.0119958686773427,0.010886392526350614,0.012570387224298096,2.584175423576245,0.27507659798638817,1.1653765979863882,1.350418442207098,-0.05202761974976498,,False,,full_polar_mission_grade_candidate,True,full_polar_mission_grade_candidate,cst_xfoil_mission_grade_candidate,false,tier3_exhaustive_current_cst_record;screening_pass_candidate,0,,4,270238.88145606406,286074.32281274453,333837.1710855226,0.0967,0.6127,0.8168,0.8903,0.13304373976267053,previous_raw_or_conservative_best_airfoil
conservative_best_tier2,tip,cst_mid1_nsga2_g05_child_0114_b5496e0b,0.015227308236276486,0.013386698909877716,0.016194936340661985,7.380393407235625,0.8370495297174853,1.7273495297174852,1.9748328107972057,-0.1429543709373793,actual_sidecar_query_grade,True,,full_polar_mission_grade_candidate,True,full_polar_mission_grade_candidate,cst_xfoil_mission_grade_candidate,false,tier3_exhaustive_current_cst_record;screening_pass_candidate;full_polar_archive_record;archive_mission_grade;actual_sidecar_query_pass,0,,4,270238.88145606406,286074.32281274453,333837.1710855226,0.0967,0.6127,0.8168,0.8903,0.13304373976267053,previous_raw_or_conservative_best_airfoil;top5_actual_query_pass
conservative_best_tier2,tip,cst_mid2_nsga2_g01_child_0046_9585b968,0.015302843111321846,0.013387100171102334,0.017655635339051727,3.6275342967076067,0.3780406076723083,1.2683406076723083,1.4648228974136759,-0.07029260523953737,,False,,full_polar_mission_grade_candidate,True,full_polar_mission_grade_candidate,cst_xfoil_mission_grade_candidate,false,tier3_exhaustive_current_cst_record;screening_pass_candidate;screening_top32_by_score,0,,4,270238.88145606406,286074.32281274453,333837.1710855226,0.0967,0.6127,0.8168,0.8903,0.13304373976267053,previous_raw_or_conservative_best_airfoil
conservative_best_tier2,tip,cst_root_nsga2_g04_child_0066_2124fc90,0.01819147322407919,0.016624835574724432,0.01842005972917738,6.576074409509173,0.7361526456408353,1.6264526456408352,1.8627251618231504,-0.1563848658827043,,False,,full_polar_mission_grade_candidate,True,full_polar_mission_grade_candidate,cst_xfoil_mission_grade_candidate,false,tier3_exhaustive_current_cst_record;screening_pass_candidate,0,,4,270238.88145606406,286074.32281274453,333837.1710855226,0.0967,0.6127,0.8168,0.8903,0.13304373976267053,previous_raw_or_conservative_best_airfoil
conservative_best_tier2,tip,cst_root_nsga2_g05_child_0019_00cc4dca,0.019740576120840205,0.017087368806262503,0.022400195209720267,9.103523297411215,0.7467153344478995,1.6370153344478995,1.8744614827198884,-0.13228634556124735,actual_sidecar_query_grade,True,,full_polar_mission_grade_candidate,True,full_polar_mission_grade_candidate,cst_xfoil_mission_grade_candidate,false,tier3_exhaustive_current_cst_record;screening_pass_candidate;full_polar_archive_record;archive_mission_grade;actual_sidecar_query_pass,0,,4,270238.88145606406,286074.32281274453,333837.1710855226,0.0967,0.6127,0.8168,0.8903,0.13304373976267053,previous_raw_or_conservative_best_airfoil;top5_actual_query_pass
conservative_best_tier2,tip,dae31,0.031976290106659276,0.019288978580492305,0.04872022082400533,6.123545778578383,0.6084062860961447,1.4987062860961446,1.7207847623290495,-0.14772945682290167,mixed_actual_sidecar_query_quality,False,cl_outside_polar_envelope,full_polar_mission_grade_candidate,False,full_polar_mission_grade_candidate,seed_reference_pending_full_polar,false,seed_dae_clarky_reference;tier1_reference_airfoil;tier2_reference_airfoil;tier3_reference_airfoil;archive_mission_grade,1,cl_outside_polar_envelope,4,270238.88145606406,286074.32281274453,333837.1710855226,0.0967,0.6127,0.8168,0.8903,0.13304373976267053,previous_raw_or_conservative_best_airfoil;seed_dae_clarky_fx_reference
conservative_best_tier2,tip,fx76mp140,0.03335200931389675,0.018457457150920734,0.02501898147757828,7.673060121225245,0.5951704323985415,1.4854704323985415,1.7060782582206018,-0.18300310810764547,actual_sidecar_query_grade,False,cl_outside_polar_envelope,full_polar_candidate_not_mission_grade,False,full_polar_candidate_not_mission_grade,seed_reference_pending_full_polar,false,seed_dae_clarky_reference;tier1_reference_airfoil;tier2_reference_airfoil;tier3_reference_airfoil;actual_sidecar_query_pass,1,cl_outside_polar_envelope,4,270238.88145606406,286074.32281274453,333837.1710855226,0.0967,0.6127,0.8168,0.8903,0.13304373976267053,seed_dae_clarky_fx_reference
conservative_best_tier2,tip,dae11,0.03689515160037351,0.020254280374956673,0.037043723210621146,6.0101796468919915,0.5953769874299949,1.4856769874299949,1.7063077638111055,-0.12742770548904542,actual_sidecar_query_grade,True,,full_polar_candidate_not_mission_grade,False,full_polar_candidate_not_mission_grade,seed_reference_pending_full_polar,false,seed_dae_clarky_reference;tier1_reference_airfoil;tier2_reference_airfoil;tier3_reference_airfoil;actual_sidecar_query_pass,0,,4,270238.88145606406,286074.32281274453,333837.1710855226,0.0967,0.6127,0.8168,0.8903,0.13304373976267053,seed_dae_clarky_fx_reference;top5_actual_query_pass
conservative_best_tier2,tip,dae21,0.038432199570677304,0.018813293368787207,0.04408960015820264,5.556167512348796,0.5511798757367877,1.4414798757367877,1.657199861929764,-0.12869980426578273,actual_sidecar_query_grade,True,,full_polar_candidate_not_mission_grade,False,full_polar_candidate_not_mission_grade,seed_reference_pending_full_polar,false,seed_dae_clarky_reference;tier1_reference_airfoil;tier2_reference_airfoil;tier3_reference_airfoil;actual_sidecar_query_pass,0,,4,270238.88145606406,286074.32281274453,333837.1710855226,0.0967,0.6127,0.8168,0.8903,0.13304373976267053,previous_raw_or_conservative_best_airfoil;seed_dae_clarky_fx_reference;top5_actual_query_pass
policy_A_performance_candidate,root,dae31,0.010905754463427666,0.009374758324454944,0.009645241174412636,1.9345362116365121,0.19220628609614465,1.4987062860961446,1.7207847623290495,-0.15059920788429765,mixed_actual_sidecar_query_quality,False,,full_polar_mission_grade_candidate,True,full_polar_mission_grade_candidate,seed_reference_pending_full_polar,false,seed_dae_clarky_reference;tier1_reference_airfoil;tier2_reference_airfoil;tier3_reference_airfoil;archive_mission_grade,0,,4,470631.64442817215,512026.11293124646,526553.0227670006,1.2582,1.2734999999999999,1.30293,1.3065,0.19956965981314478,previous_raw_or_conservative_best_airfoil;seed_dae_clarky_fx_reference;top10_balanced_score;top5_archive_pass;top5_cd_p90;top5_mean_cd
policy_A_performance_candidate,root,cst_root_nsga2_g04_child_0066_2124fc90,0.011560599456691531,0.01043384994190141,0.010648760193988624,2.8581469043310337,0.31995264564083525,1.6264526456408352,1.8627251618231504,-0.16343406312085218,,False,,full_polar_mission_grade_candidate,True,full_polar_mission_grade_candidate,cst_xfoil_mission_grade_candidate,false,tier3_exhaustive_current_cst_record;screening_pass_candidate,0,,4,470631.64442817215,512026.11293124646,526553.0227670006,1.2582,1.2734999999999999,1.30293,1.3065,0.19956965981314478,previous_raw_or_conservative_best_airfoil;top10_balanced_score;top5_archive_pass;top5_cd_p90;top5_mean_cd
policy_A_performance_candidate,root,cst_mid1_nsga2_g05_child_0114_b5496e0b,0.011867497726347986,0.010910171253315315,0.011146054914151595,3.7106945100530275,0.42084952971748524,1.7273495297174852,1.9748328107972057,-0.14579453195666225,actual_sidecar_query_grade,True,,full_polar_mission_grade_candidate,True,full_polar_mission_grade_candidate,cst_xfoil_mission_grade_candidate,false,tier3_exhaustive_current_cst_record;screening_pass_candidate;full_polar_archive_record;archive_mission_grade;actual_sidecar_query_pass,0,,4,470631.64442817215,512026.11293124646,526553.0227670006,1.2582,1.2734999999999999,1.30293,1.3065,0.19956965981314478,previous_raw_or_conservative_best_airfoil;top10_balanced_score;top5_actual_query_pass;top5_archive_pass
policy_A_performance_candidate,root,cst_root_nsga2_g04_child_0036_d62dd7fc,0.011909621716761297,0.011164350077675916,0.011453276217685928,3.172643952601539,0.327851803325534,1.634351803325534,1.8715020036950378,-0.1073579150136458,,False,,full_polar_mission_grade_candidate,True,full_polar_mission_grade_candidate,cst_xfoil_mission_grade_candidate,false,tier3_exhaustive_current_cst_record;screening_pass_candidate,0,,4,470631.64442817215,512026.11293124646,526553.0227670006,1.2582,1.2734999999999999,1.30293,1.3065,0.19956965981314478,top10_balanced_score;top5_archive_pass
policy_A_performance_candidate,root,cst_root_nsga2_g04_child_0010_d050d0cc,0.012232312956834326,0.011171116121904436,0.0114699555714849,2.7403600322914485,0.30337984748454705,1.609879847484547,1.8443109416494967,-0.13779717395374197,,False,,full_polar_mission_grade_candidate,True,full_polar_mission_grade_candidate,cst_xfoil_mission_grade_candidate,false,tier3_exhaustive_current_cst_record;screening_pass_candidate,0,,4,470631.64442817215,512026.11293124646,526553.0227670006,1.2582,1.2734999999999999,1.30293,1.3065,0.19956965981314478,top10_balanced_score;top5_archive_pass
policy_A_performance_candidate,root,cst_root_nsga2_g05_child_0019_00cc4dca,0.012425373569570032,0.011466658848252207,0.011797863851325628,4.029452601938027,0.3305153344478995,1.6370153344478995,1.8744614827198884,-0.14046549504035438,actual_sidecar_query_grade,True,,full_polar_mission_grade_candidate,True,full_polar_mission_grade_candidate,cst_xfoil_mission_grade_candidate,false,tier3_exhaustive_current_cst_record;screening_pass_candidate;full_polar_archive_record;archive_mission_grade;actual_sidecar_query_pass,0,,4,470631.64442817215,512026.11293124646,526553.0227670006,1.2582,1.2734999999999999,1.30293,1.3065,0.19956965981314478,previous_raw_or_conservative_best_airfoil;top10_balanced_score;top5_actual_query_pass
policy_A_performance_candidate,root,cst_root_nsga2_g04_child_0049_2fe3c802,0.01262734611425061,0.011755765796104867,0.012041226709696994,2.721957785104185,0.31026173027868786,1.6167617302786879,1.851957478087431,-0.10544131515676516,,False,,full_polar_mission_grade_candidate,True,full_polar_mission_grade_candidate,cst_xfoil_mission_grade_candidate,false,tier3_exhaustive_current_cst_record;screening_pass_candidate,0,,4,470631.64442817215,512026.11293124646,526553.0227670006,1.2582,1.2734999999999999,1.30293,1.3065,0.19956965981314478,top10_balanced_score
policy_A_performance_candidate,root,cst_root_nsga2_g02_child_0123_4caadfe5,0.012687272968721953,0.011637552703662013,0.011906925584804091,3.6153667750079914,0.3595523036421082,1.6660523036421082,1.9067247818245647,-0.15923995944336888,actual_sidecar_query_grade,True,,full_polar_mission_grade_candidate,True,full_polar_mission_grade_candidate,cst_xfoil_mission_grade_candidate,false,tier3_exhaustive_current_cst_record;screening_pass_candidate;full_polar_archive_record;archive_mission_grade;actual_sidecar_query_pass,0,,4,470631.64442817215,512026.11293124646,526553.0227670006,1.2582,1.2734999999999999,1.30293,1.3065,0.19956965981314478,top10_balanced_score;top5_actual_query_pass
policy_A_performance_candidate,root,cst_root_nsga2_g04_child_0048_9468d7ee,0.012706526519274756,0.011788085625794795,0.012047652103536062,3.7966339271513663,0.394907315513249,1.701407315513249,1.9460081283480544,-0.1379321043784198,,False,,full_polar_mission_grade_candidate,True,full_polar_mission_grade_candidate,cst_xfoil_mission_grade_candidate,false,tier3_exhaustive_current_cst_record;screening_pass_candidate,0,,4,470631.64442817215,512026.11293124646,526553.0227670006,1.2582,1.2734999999999999,1.30293,1.3065,0.19956965981314478,top10_balanced_score
policy_A_performance_candidate,root,cst_root_nsga2_g04_child_0026_4994ec13,0.012715281982040057,0.011894212120759437,0.012186287584691322,3.5410287479426317,0.39374057290815,1.70024057290815,1.9447117476757223,-0.11980724148407688,,False,,full_polar_mission_grade_candidate,True,full_polar_mission_grade_candidate,cst_xfoil_mission_grade_candidate,false,tier3_exhaustive_current_cst_record;screening_pass_candidate,0,,4,470631.64442817215,512026.11293124646,526553.0227670006,1.2582,1.2734999999999999,1.30293,1.3065,0.19956965981314478,top10_balanced_score
policy_A_performance_candidate,root,cst_root_nsga2_g05_child_0047_47fc9c7e,0.012919948902005462,0.011730580229428678,0.012015882056787181,2.619396029351949,0.29063306738771155,1.5971330673877115,1.8301478526530128,-0.14986850794621367,actual_sidecar_query_grade,True,,full_polar_mission_grade_candidate,True,full_polar_mission_grade_candidate,cst_xfoil_mission_grade_candidate,false,tier3_exhaustive_current_cst_record;screening_pass_candidate;full_polar_archive_record;archive_mission_grade;actual_sidecar_query_pass,0,,4,470631.64442817215,512026.11293124646,526553.0227670006,1.2582,1.2734999999999999,1.30293,1.3065,0.19956965981314478,top5_actual_query_pass
policy_A_performance_candidate,root,cst_root_nsga2_g03_child_0051_fbaca644,0.013838492986396805,0.012753354515645743,0.013111375993937186,3.768130882232059,0.3208690001254024,1.6273690001254024,1.8637433334726694,-0.15997182555817643,actual_sidecar_query_grade,True,,full_polar_mission_grade_candidate,True,full_polar_mission_grade_candidate,cst_xfoil_mission_grade_candidate,false,tier3_exhaustive_current_cst_record;screening_pass_candidate;full_polar_archive_record;archive_mission_grade;actual_sidecar_query_pass,0,,4,470631.64442817215,512026.11293124646,526553.0227670006,1.2582,1.2734999999999999,1.30293,1.3065,0.19956965981314478,top5_actual_query_pass
policy_A_performance_candidate,root,fx76mp140,0.02115330623536217,0.009580931258663971,0.00983480516507121,2.307323773093827,0.1789704323985415,1.4854704323985415,1.7060782582206018,-0.18953016600042982,actual_sidecar_query_grade,True,,full_polar_candidate_not_mission_grade,False,full_polar_candidate_not_mission_grade,seed_reference_pending_full_polar,false,seed_dae_clarky_reference;tier1_reference_airfoil;tier2_reference_airfoil;tier3_reference_airfoil;actual_sidecar_query_pass,0,,4,470631.64442817215,512026.11293124646,526553.0227670006,1.2582,1.2734999999999999,1.30293,1.3065,0.19956965981314478,seed_dae_clarky_fx_reference;top5_cd_p90;top5_mean_cd
policy_A_performance_candidate,root,dae21,0.02125719199022051,0.009548789976581859,0.009792096257308279,1.360664337367355,0.1349798757367877,1.4414798757367877,1.657199861929764,-0.1339294973446804,actual_sidecar_query_grade,True,,full_polar_candidate_not_mission_grade,False,full_polar_candidate_not_mission_grade,seed_reference_pending_full_polar,false,seed_dae_clarky_reference;tier1_reference_airfoil;tier2_reference_airfoil;tier3_reference_airfoil;actual_sidecar_query_pass,0,,4,470631.64442817215,512026.11293124646,526553.0227670006,1.2582,1.2734999999999999,1.30293,1.3065,0.19956965981314478,previous_raw_or_conservative_best_airfoil;seed_dae_clarky_fx_reference;top5_cd_p90;top5_mean_cd
policy_A_performance_candidate,root,dae11,0.021680828184642544,0.010183978052994317,0.010449715639842719,1.8087462326880732,0.17917698742999488,1.4856769874299949,1.7063077638111055,-0.1347025154325534,actual_sidecar_query_grade,True,,full_polar_candidate_not_mission_grade,False,full_polar_candidate_not_mission_grade,seed_reference_pending_full_polar,false,seed_dae_clarky_reference;tier1_reference_airfoil;tier2_reference_airfoil;tier3_reference_airfoil;actual_sidecar_query_pass,0,,4,470631.64442817215,512026.11293124646,526553.0227670006,1.2582,1.2734999999999999,1.30293,1.3065,0.19956965981314478,seed_dae_clarky_fx_reference;top5_cd_p90;top5_mean_cd
policy_A_performance_candidate,root,cst_mid2_nsga2_g01_child_0046_9585b968,1.0189688512524238,0.016126051559372682,0.017180791110732587,-0.3661630565629908,-0.03815939232769172,1.2683406076723083,1.4648228974136759,-0.06816089975279903,,False,insufficient_safe_clmax_margin,full_polar_mission_grade_candidate,False,full_polar_mission_grade_candidate,cst_xfoil_mission_grade_candidate,false,tier3_exhaustive_current_cst_record;screening_pass_candidate;screening_top32_by_score,0,,4,470631.64442817215,512026.11293124646,526553.0227670006,1.2582,1.2734999999999999,1.30293,1.3065,0.19956965981314478,previous_raw_or_conservative_best_airfoil
policy_A_performance_candidate,root,clarkysm,1.0229138042273331,0.020738298309137395,0.022070183197910008,-0.018990589935579186,-0.0019313422846694017,1.3045686577153306,1.5050762863503673,-0.03008958155180061,actual_sidecar_query_grade,False,insufficient_safe_clmax_margin,full_polar_mission_grade_candidate,False,full_polar_mission_grade_candidate,seed_reference_pending_full_polar,false,seed_dae_clarky_reference;tier1_reference_airfoil;tier2_reference_airfoil;tier3_reference_airfoil;archive_mission_grade;actual_sidecar_query_pass,0,,4,470631.64442817215,512026.11293124646,526553.0227670006,1.2582,1.2734999999999999,1.30293,1.3065,0.19956965981314478,previous_raw_or_conservative_best_airfoil;seed_dae_clarky_fx_reference
policy_A_performance_candidate,root,dae41,1.0237996568634646,0.020705709176891015,0.022694981465969294,-0.4585560179461972,-0.048649014751529274,1.2578509852484707,1.4531677613871896,-0.030322371484629476,actual_sidecar_query_not_mission_grade,False,insufficient_safe_clmax_margin,full_polar_candidate_not_mission_grade,False,full_polar_mission_grade_candidate,seed_reference_pending_full_polar,false,seed_dae_clarky_reference;tier1_reference_airfoil;tier2_reference_airfoil;tier3_reference_airfoil,0,,4,470631.64442817215,512026.11293124646,526553.0227670006,1.2582,1.2734999999999999,1.30293,1.3065,0.19956965981314478,seed_dae_clarky_fx_reference
policy_A_performance_candidate,root,cst_tip_nsga2_g04_child_0123_01770232,1.051593783760018,0.04618301652789669,0.04645545367244026,-1.3257675492740104,-0.14112340201361184,1.1653765979863882,1.350418442207098,-0.04021607279299728,,False,cl_outside_polar_envelope|insufficient_safe_clmax_margin,full_polar_mission_grade_candidate,False,full_polar_mission_grade_candidate,cst_xfoil_mission_grade_candidate,false,tier3_exhaustive_current_cst_record;screening_pass_candidate,1,cl_outside_polar_envelope,4,470631.64442817215,512026.11293124646,526553.0227670006,1.2582,1.2734999999999999,1.30293,1.3065,0.19956965981314478,previous_raw_or_conservative_best_airfoil
policy_A_performance_candidate,mid1,dae31,0.011530883672179481,0.010000971799566981,0.010240302380208292,1.9093739725270586,0.1897062860961447,1.4987062860961446,1.7207847623290495,-0.15013885927526172,mixed_actual_sidecar_query_quality,False,,full_polar_mission_grade_candidate,True,full_polar_mission_grade_candidate,seed_reference_pending_full_polar,false,seed_dae_clarky_reference;tier1_reference_airfoil;tier2_reference_airfoil;tier3_reference_airfoil;archive_mission_grade,0,,4,400747.055902739,433824.9231934041,461581.8415975404,1.2352,1.2988,1.30885,1.309,0.3964326725011684,previous_raw_or_conservative_best_airfoil;seed_dae_clarky_fx_reference;top10_balanced_score;top5_archive_pass;top5_cd_p90;top5_mean_cd
policy_A_performance_candidate,mid1,cst_root_nsga2_g04_child_0066_2124fc90,0.012394209888789287,0.0112586920804948,0.011480449804186978,2.835814326813145,0.3174526456408353,1.6264526456408352,1.8627251618231504,-0.16263496140146635,,False,,full_polar_mission_grade_candidate,True,full_polar_mission_grade_candidate,cst_xfoil_mission_grade_candidate,false,tier3_exhaustive_current_cst_record;screening_pass_candidate,0,,4,400747.055902739,433824.9231934041,461581.8415975404,1.2352,1.2988,1.30885,1.309,0.3964326725011684,previous_raw_or_conservative_best_airfoil;top10_balanced_score;top5_archive_pass;top5_cd_p90
policy_A_performance_candidate,mid1,cst_mid1_nsga2_g06_child_0001_a86879e2,0.012536621178992966,0.011673973080477256,0.01194399415935663,3.5077082618493636,0.3994882145574652,1.7084882145574651,1.9538757939527391,-0.1280234534846548,actual_sidecar_query_grade,True,,full_polar_mission_grade_candidate,True,full_polar_mission_grade_candidate,cst_xfoil_mission_grade_candidate,false,tier3_exhaustive_current_cst_record;screening_pass_candidate;full_polar_archive_record;archive_mission_grade;actual_sidecar_query_pass,0,,4,400747.055902739,433824.9231934041,461581.8415975404,1.2352,1.2988,1.30885,1.309,0.3964326725011684,top10_balanced_score;top5_actual_query_pass;top5_archive_pass
policy_A_performance_candidate,mid1,cst_mid1_nsga2_g05_child_0114_b5496e0b,0.012576831768399273,0.011612148097306329,0.011886079841877817,3.6886516286427526,0.4183495297174853,1.7273495297174852,1.9748328107972057,-0.1448012600821541,actual_sidecar_query_grade,True,,full_polar_mission_grade_candidate,True,full_polar_mission_grade_candidate,cst_xfoil_mission_grade_candidate,false,tier3_exhaustive_current_cst_record;screening_pass_candidate;full_polar_archive_record;archive_mission_grade;actual_sidecar_query_pass,0,,4,400747.055902739,433824.9231934041,461581.8415975404,1.2352,1.2988,1.30885,1.309,0.3964326725011684,previous_raw_or_conservative_best_airfoil;top10_balanced_score;top5_actual_query_pass;top5_archive_pass
policy_A_performance_candidate,mid1,cst_mid1_nsga2_g07_child_0111_0738f459,0.01271382821977464,0.011816130604227657,0.01209506396252865,3.1219370674249745,0.3503171552647748,1.6593171552647747,1.8992412836275274,-0.1333451566902725,actual_sidecar_query_grade,True,,full_polar_mission_grade_candidate,True,full_polar_mission_grade_candidate,cst_xfoil_mission_grade_candidate,false,tier3_exhaustive_current_cst_record;screening_pass_candidate;final_generation_survivor_g07;full_polar_archive_record;archive_mission_grade;actual_sidecar_query_pass,0,,4,400747.055902739,433824.9231934041,461581.8415975404,1.2352,1.2988,1.30885,1.309,0.3964326725011684,top10_balanced_score;top5_actual_query_pass;top5_archive_pass
policy_A_performance_candidate,mid1,cst_mid1_nsga2_g04_child_0061_22c8f1d8,0.012838954179195512,0.012031257715122227,0.01230660179363196,2.8655903896168566,0.3287325772737246,1.6377325772737246,1.8752584191930273,-0.10735353856721792,,False,,full_polar_mission_grade_candidate,True,full_polar_mission_grade_candidate,cst_xfoil_mission_grade_candidate,false,tier3_exhaustive_current_cst_record;screening_pass_candidate,0,,4,400747.055902739,433824.9231934041,461581.8415975404,1.2352,1.2988,1.30885,1.309,0.3964326725011684,top10_balanced_score
policy_A_performance_candidate,mid1,cst_mid1_nsga2_g05_child_0002_45c597a4,0.012872943411886538,0.01198819664385928,0.012286746435248597,3.0542925414480284,0.35097173037050045,1.6599717303705004,1.899968589300556,-0.13004239017349953,,False,,full_polar_mission_grade_candidate,True,full_polar_mission_grade_candidate,cst_xfoil_mission_grade_candidate,false,tier3_exhaustive_current_cst_record;screening_pass_candidate,0,,4,400747.055902739,433824.9231934041,461581.8415975404,1.2352,1.2988,1.30885,1.309,0.3964326725011684,top10_balanced_score
policy_A_performance_candidate,mid1,cst_mid1_nsga2_g05_child_0101_51eabddf,0.01305430064657462,0.01194261475376876,0.012181439908488202,2.9668663210922355,0.3466784153165705,1.6556784153165705,1.895198239240634,-0.16858837486669545,actual_sidecar_query_grade,True,,full_polar_mission_grade_candidate,True,full_polar_mission_grade_candidate,cst_xfoil_mission_grade_candidate,false,tier3_exhaustive_current_cst_record;screening_pass_candidate;full_polar_archive_record;archive_mission_grade;actual_sidecar_query_pass,0,,4,400747.055902739,433824.9231934041,461581.8415975404,1.2352,1.2988,1.30885,1.309,0.3964326725011684,top10_balanced_score;top5_actual_query_pass
policy_A_performance_candidate,mid1,cst_mid1_nsga2_g05_child_0009_4c3b4b92,0.013129734226804725,0.012245657160511136,0.012495182816084532,2.8128452977698446,0.3270177143751909,1.6360177143751908,1.8733530159724343,-0.11719428928797042,actual_sidecar_query_grade,True,,full_polar_mission_grade_candidate,True,full_polar_mission_grade_candidate,cst_xfoil_mission_grade_candidate,false,tier3_exhaustive_current_cst_record;screening_pass_candidate;full_polar_archive_record;archive_mission_grade;actual_sidecar_query_pass,0,,4,400747.055902739,433824.9231934041,461581.8415975404,1.2352,1.2988,1.30885,1.309,0.3964326725011684,top10_balanced_score;top5_actual_query_pass
policy_A_performance_candidate,mid1,cst_mid1_nsga2_g07_child_0030_ff2192c4,0.013177347680315105,0.012460974529819323,0.012778741900428275,3.341160863628255,0.37933362375007795,1.688333623750078,1.9314818041667532,-0.1008590951304413,,False,,full_polar_mission_grade_candidate,True,full_polar_mission_grade_candidate,cst_xfoil_mission_grade_candidate,false,tier3_exhaustive_current_cst_record;screening_pass_candidate;final_generation_survivor_g07,0,,4,400747.055902739,433824.9231934041,461581.8415975404,1.2352,1.2988,1.30885,1.309,0.3964326725011684,top10_balanced_score
policy_A_performance_candidate,mid1,cst_root_nsga2_g05_child_0019_00cc4dca,0.013752638573017315,0.012764611064844018,0.013188893052092787,3.9989740417778097,0.32801533444789954,1.6370153344478995,1.8744614827198884,-0.13992146877270462,actual_sidecar_query_grade,True,,full_polar_mission_grade_candidate,True,full_polar_mission_grade_candidate,cst_xfoil_mission_grade_candidate,false,tier3_exhaustive_current_cst_record;screening_pass_candidate;full_polar_archive_record;archive_mission_grade;actual_sidecar_query_pass,0,,4,400747.055902739,433824.9231934041,461581.8415975404,1.2352,1.2988,1.30885,1.309,0.3964326725011684,previous_raw_or_conservative_best_airfoil
policy_A_performance_candidate,mid1,cst_mid1_nsga2_g04_child_0075_96fc4d1a,0.02167412605255339,0.010720520765457556,0.010874440949015615,2.9779727147310626,0.3407890461830654,1.6497890461830653,1.8886544957589615,-0.14811993003600743,,False,,full_polar_candidate_not_mission_grade,False,full_polar_candidate_not_mission_grade,cst_xfoil_mission_grade_candidate,false,tier3_exhaustive_current_cst_record;screening_pass_candidate,0,,4,400747.055902739,433824.9231934041,461581.8415975404,1.2352,1.2988,1.30885,1.309,0.3964326725011684,top5_cd_p90;top5_mean_cd
policy_A_performance_candidate,mid1,dae21,0.02204418126813154,0.010320031965375655,0.010577368415745367,1.33546309292369,0.13247987573678777,1.4414798757367877,1.657199861929764,-0.13363551526472214,actual_sidecar_query_grade,True,,full_polar_candidate_not_mission_grade,False,full_polar_candidate_not_mission_grade,seed_reference_pending_full_polar,false,seed_dae_clarky_reference;tier1_reference_airfoil;tier2_reference_airfoil;tier3_reference_airfoil;actual_sidecar_query_pass,0,,4,400747.055902739,433824.9231934041,461581.8415975404,1.2352,1.2988,1.30885,1.309,0.3964326725011684,previous_raw_or_conservative_best_airfoil;seed_dae_clarky_fx_reference;top5_cd_p90;top5_mean_cd
policy_A_performance_candidate,mid1,fx76mp140,0.022126189466081317,0.010531709291362112,0.010824150476125893,2.2750932568268203,0.17647043239854154,1.4854704323985415,1.7060782582206018,-0.18827873141088222,actual_sidecar_query_grade,True,,full_polar_candidate_not_mission_grade,False,full_polar_candidate_not_mission_grade,seed_reference_pending_full_polar,false,seed_dae_clarky_reference;tier1_reference_airfoil;tier2_reference_airfoil;tier3_reference_airfoil;actual_sidecar_query_pass,0,,4,400747.055902739,433824.9231934041,461581.8415975404,1.2352,1.2988,1.30885,1.309,0.3964326725011684,seed_dae_clarky_fx_reference;top5_cd_p90;top5_mean_cd
policy_A_performance_candidate,mid1,cst_mid1_nsga2_g04_child_0029_aab67a3e,0.0223853909063896,0.011176708198921912,0.011610324198730858,3.264556705693546,0.37398434823709703,1.682984348237097,1.9255381647078855,-0.1761528512557599,,False,,full_polar_candidate_not_mission_grade,False,full_polar_candidate_not_mission_grade,cst_xfoil_mission_grade_candidate,false,tier3_exhaustive_current_cst_record;screening_pass_candidate,0,,4,400747.055902739,433824.9231934041,461581.8415975404,1.2352,1.2988,1.30885,1.309,0.3964326725011684,top5_mean_cd
policy_A_performance_candidate,mid1,dae11,0.0228348682982671,0.011302816983663375,0.011635562292918199,1.783509366913182,0.17667698742999494,1.4856769874299949,1.7063077638111055,-0.13455752330352116,actual_sidecar_query_grade,True,,full_polar_candidate_not_mission_grade,False,full_polar_candidate_not_mission_grade,seed_reference_pending_full_polar,false,seed_dae_clarky_reference;tier1_reference_airfoil;tier2_reference_airfoil;tier3_reference_airfoil;actual_sidecar_query_pass,0,,4,400747.055902739,433824.9231934041,461581.8415975404,1.2352,1.2988,1.30885,1.309,0.3964326725011684,seed_dae_clarky_fx_reference
policy_A_performance_candidate,mid1,cst_mid2_nsga2_g01_child_0046_9585b968,1.0177134413431783,0.011703862853549081,0.01754588548208105,-0.3901521084206945,-0.04065939232769167,1.2683406076723083,1.4648228974136759,-0.06053343202594555,,False,cl_outside_polar_envelope|insufficient_safe_clmax_margin,full_polar_mission_grade_candidate,False,full_polar_mission_grade_candidate,cst_xfoil_mission_grade_candidate,false,tier3_exhaustive_current_cst_record;screening_pass_candidate;screening_top32_by_score,1,cl_outside_polar_envelope,4,400747.055902739,433824.9231934041,461581.8415975404,1.2352,1.2988,1.30885,1.309,0.3964326725011684,previous_raw_or_conservative_best_airfoil
policy_A_performance_candidate,mid1,clarkysm,1.0258007581132265,0.023492185363451365,0.025172854918302286,-0.04357270322321621,-0.004431342284669348,1.3045686577153306,1.5050762863503673,-0.02570643851983137,actual_sidecar_query_grade,False,insufficient_safe_clmax_margin,full_polar_mission_grade_candidate,False,full_polar_mission_grade_candidate,seed_reference_pending_full_polar,false,seed_dae_clarky_reference;tier1_reference_airfoil;tier2_reference_airfoil;tier3_reference_airfoil;archive_mission_grade;actual_sidecar_query_pass,0,,4,400747.055902739,433824.9231934041,461581.8415975404,1.2352,1.2988,1.30885,1.309,0.3964326725011684,previous_raw_or_conservative_best_airfoil;seed_dae_clarky_fx_reference
policy_A_performance_candidate,mid1,dae41,1.0278702277982767,0.02468305644535104,0.026917687619846982,-0.48212052486829127,-0.05114901475152922,1.2578509852484707,1.4531677613871896,-0.02541667198379502,actual_sidecar_query_not_mission_grade,False,insufficient_safe_clmax_margin,full_polar_candidate_not_mission_grade,False,full_polar_mission_grade_candidate,seed_reference_pending_full_polar,false,seed_dae_clarky_reference;tier1_reference_airfoil;tier2_reference_airfoil;tier3_reference_airfoil,0,,4,400747.055902739,433824.9231934041,461581.8415975404,1.2352,1.2988,1.30885,1.309,0.3964326725011684,seed_dae_clarky_fx_reference
policy_A_performance_candidate,mid1,cst_tip_nsga2_g04_child_0123_01770232,1.051556918271031,0.04596973128600803,0.04663810105908454,-1.3492535113886799,-0.1436234020136118,1.1653765979863882,1.350418442207098,-0.04039946476927456,,False,cl_outside_polar_envelope|insufficient_safe_clmax_margin,full_polar_mission_grade_candidate,False,full_polar_mission_grade_candidate,cst_xfoil_mission_grade_candidate,false,tier3_exhaustive_current_cst_record;screening_pass_candidate,1,cl_outside_polar_envelope,4,400747.055902739,433824.9231934041,461581.8415975404,1.2352,1.2988,1.30885,1.309,0.3964326725011684,previous_raw_or_conservative_best_airfoil
policy_A_performance_candidate,mid2,dae31,0.010758430341151847,0.009724529755832004,0.010039326815708058,3.2157974270899,0.3195062860961446,1.4987062860961446,1.7207847623290495,-0.15395360239387063,mixed_actual_sidecar_query_quality,False,,full_polar_mission_grade_candidate,True,full_polar_mission_grade_candidate,seed_reference_pending_full_polar,false,seed_dae_clarky_reference;tier1_reference_airfoil;tier2_reference_airfoil;tier3_reference_airfoil;archive_mission_grade,0,,4,344311.4799172722,366642.7063465623,389183.41895248735,0.9753,1.0566,1.1548,1.1792,0.27095392351684605,previous_raw_or_conservative_best_airfoil;seed_dae_clarky_fx_reference;top10_balanced_score;top5_archive_pass;top5_cd_p90;top5_mean_cd
policy_A_performance_candidate,mid2,cst_mid2_seedless_sobol_0237_e583606c,0.01103226239177643,0.010039010169428996,0.010362540640966604,2.477221364042684,0.2720037688517465,1.4512037688517465,1.6680041876130516,-0.10310453988843532,,False,,full_polar_mission_grade_candidate,True,full_polar_mission_grade_candidate,cst_xfoil_mission_grade_candidate,false,tier3_exhaustive_current_cst_record;screening_pass_candidate,0,,4,344311.4799172722,366642.7063465623,389183.41895248735,0.9753,1.0566,1.1548,1.1792,0.27095392351684605,top10_balanced_score;top5_archive_pass;top5_cd_p90;top5_mean_cd
policy_A_performance_candidate,mid2,cst_mid2_seedless_sobol_0377_ed2a45eb,0.011599955755400317,0.01025727145134603,0.010790968631748825,2.1137760234887604,0.23677521546705504,1.415975215467055,1.62886135051895,-0.11879638377628146,,False,,full_polar_mission_grade_candidate,True,full_polar_mission_grade_candidate,cst_xfoil_mission_grade_candidate,false,tier3_exhaustive_current_cst_record;screening_pass_candidate,0,,4,344311.4799172722,366642.7063465623,389183.41895248735,0.9753,1.0566,1.1548,1.1792,0.27095392351684605,top10_balanced_score;top5_archive_pass;top5_cd_p90;top5_mean_cd
policy_A_performance_candidate,mid2,cst_mid2_seedless_sobol_0145_03e49c65,0.012279199799998487,0.011296902752660242,0.012358599734655274,3.4382917763992493,0.3925156900592135,1.5717156900592135,1.801906322288015,-0.10178385060666402,,False,,full_polar_mission_grade_candidate,True,full_polar_mission_grade_candidate,cst_xfoil_mission_grade_candidate,false,tier3_exhaustive_current_cst_record;screening_pass_candidate,0,,4,344311.4799172722,366642.7063465623,389183.41895248735,0.9753,1.0566,1.1548,1.1792,0.27095392351684605,top10_balanced_score;top5_archive_pass
policy_A_performance_candidate,mid2,cst_mid2_seedless_sobol_0349_4db3ce89,0.012330636855935854,0.01108277977834545,0.011632236915802171,1.7566520278393603,0.20208720503334,1.38128720503334,1.5903191167037112,-0.07231218223337234,,False,,full_polar_mission_grade_candidate,True,full_polar_mission_grade_candidate,cst_xfoil_mission_grade_candidate,false,tier3_exhaustive_current_cst_record;screening_pass_candidate,0,,4,344311.4799172722,366642.7063465623,389183.41895248735,0.9753,1.0566,1.1548,1.1792,0.27095392351684605,top10_balanced_score;top5_archive_pass
policy_A_performance_candidate,mid2,cst_mid2_nsga2_g01_child_0103_58b101ad,0.012351200220461465,0.01047372463425416,0.011308116297102844,1.3310162400635581,0.14628098115205046,1.3254809811520505,1.528312201280056,-0.12515777070700734,,False,,full_polar_mission_grade_candidate,True,full_polar_mission_grade_candidate,cst_xfoil_mission_grade_candidate,false,tier3_exhaustive_current_cst_record;screening_pass_candidate,0,,4,344311.4799172722,366642.7063465623,389183.41895248735,0.9753,1.0566,1.1548,1.1792,0.27095392351684605,top10_balanced_score;top5_mean_cd
policy_A_performance_candidate,mid2,cst_mid1_nsga2_g05_child_0114_b5496e0b,0.012617015295132924,0.01166247661126785,0.011930631855886047,4.8331180314642355,0.5481495297174852,1.7273495297174852,1.9748328107972057,-0.14344739137478416,actual_sidecar_query_grade,True,,full_polar_mission_grade_candidate,True,full_polar_mission_grade_candidate,cst_xfoil_mission_grade_candidate,false,tier3_exhaustive_current_cst_record;screening_pass_candidate;full_polar_archive_record;archive_mission_grade;actual_sidecar_query_pass,0,,4,344311.4799172722,366642.7063465623,389183.41895248735,0.9753,1.0566,1.1548,1.1792,0.27095392351684605,previous_raw_or_conservative_best_airfoil;top10_balanced_score;top5_actual_query_pass
policy_A_performance_candidate,mid2,cst_mid2_seedless_sobol_0314_5ce1d840,0.012981262078391226,0.01174344008068589,0.012244321648454048,2.120421242669887,0.23342997076523142,1.4126299707652314,1.6251444119613683,-0.1037873450535706,,False,,full_polar_mission_grade_candidate,True,full_polar_mission_grade_candidate,cst_xfoil_mission_grade_candidate,false,tier3_exhaustive_current_cst_record;screening_pass_candidate,0,,4,344311.4799172722,366642.7063465623,389183.41895248735,0.9753,1.0566,1.1548,1.1792,0.27095392351684605,top10_balanced_score
policy_A_performance_candidate,mid2,cst_mid2_nsga2_g01_child_0046_9585b968,0.013034459473914326,0.01120578053625532,0.01219557177889077,0.8553594640313075,0.08914060767230825,1.2683406076723083,1.4648228974136759,-0.06832195579204216,,False,,full_polar_mission_grade_candidate,True,full_polar_mission_grade_candidate,cst_xfoil_mission_grade_candidate,false,tier3_exhaustive_current_cst_record;screening_pass_candidate;screening_top32_by_score,0,,4,344311.4799172722,366642.7063465623,389183.41895248735,0.9753,1.0566,1.1548,1.1792,0.27095392351684605,previous_raw_or_conservative_best_airfoil;top10_balanced_score
policy_A_performance_candidate,mid2,cst_mid2_seedless_sobol_0382_45a45675,0.013049712406616369,0.012128649333886375,0.012364326382691172,2.609724282271503,0.26710032910769965,1.4463003291076997,1.6625559212307774,-0.10723970779734437,,False,,full_polar_mission_grade_candidate,True,full_polar_mission_grade_candidate,cst_xfoil_mission_grade_candidate,false,tier3_exhaustive_current_cst_record;screening_pass_candidate,0,,4,344311.4799172722,366642.7063465623,389183.41895248735,0.9753,1.0566,1.1548,1.1792,0.27095392351684605,top10_balanced_score
policy_A_performance_candidate,mid2,cst_root_nsga2_g04_child_0066_2124fc90,0.01357625658887817,0.0125355598422761,0.012749063899813827,3.995321751541935,0.4472526456408352,1.6264526456408352,1.8627251618231504,-0.16099505441064427,,False,,full_polar_mission_grade_candidate,True,full_polar_mission_grade_candidate,cst_xfoil_mission_grade_candidate,false,tier3_exhaustive_current_cst_record;screening_pass_candidate,0,,4,344311.4799172722,366642.7063465623,389183.41895248735,0.9753,1.0566,1.1548,1.1792,0.27095392351684605,previous_raw_or_conservative_best_airfoil
policy_A_performance_candidate,mid2,cst_root_nsga2_g05_child_0019_00cc4dca,0.014566135711671924,0.01358982184663119,0.01401164125636992,5.581420885296356,0.45781533444789946,1.6370153344478995,1.8744614827198884,-0.13811284527202958,actual_sidecar_query_grade,True,,full_polar_mission_grade_candidate,True,full_polar_mission_grade_candidate,cst_xfoil_mission_grade_candidate,false,tier3_exhaustive_current_cst_record;screening_pass_candidate;full_polar_archive_record;archive_mission_grade;actual_sidecar_query_pass,0,,4,344311.4799172722,366642.7063465623,389183.41895248735,0.9753,1.0566,1.1548,1.1792,0.27095392351684605,previous_raw_or_conservative_best_airfoil;top5_actual_query_pass
policy_A_performance_candidate,mid2,clarkysm,0.015180073894329233,0.01352118032087364,0.014677545306902497,1.2327306186709244,0.12536865771533057,1.3045686577153306,1.5050762863503673,-0.06175518961349252,actual_sidecar_query_grade,True,,full_polar_mission_grade_candidate,True,full_polar_mission_grade_candidate,seed_reference_pending_full_polar,false,seed_dae_clarky_reference;tier1_reference_airfoil;tier2_reference_airfoil;tier3_reference_airfoil;archive_mission_grade;actual_sidecar_query_pass,0,,4,344311.4799172722,366642.7063465623,389183.41895248735,0.9753,1.0566,1.1548,1.1792,0.27095392351684605,previous_raw_or_conservative_best_airfoil;seed_dae_clarky_fx_reference;top5_actual_query_pass
policy_A_performance_candidate,mid2,dae41,0.015706536435991236,0.013694312712526675,0.015344929474972985,0.7413486745268586,0.0786509852484707,1.2578509852484707,1.4531677613871896,-0.05086369897863083,actual_sidecar_query_not_mission_grade,False,,full_polar_candidate_not_mission_grade,True,full_polar_mission_grade_candidate,seed_reference_pending_full_polar,false,seed_dae_clarky_reference;tier1_reference_airfoil;tier2_reference_airfoil;tier3_reference_airfoil,0,,4,344311.4799172722,366642.7063465623,389183.41895248735,0.9753,1.0566,1.1548,1.1792,0.27095392351684605,seed_dae_clarky_fx_reference
policy_A_performance_candidate,mid2,cst_mid2_nsga2_g03_child_0078_3cbb476b,0.016618322001105412,0.014733762788489145,0.015553936456713041,0.5474523968706556,0.054942775484223105,1.2341427754842231,1.4268253060935812,-0.06187077119553824,actual_sidecar_query_grade,True,,full_polar_mission_grade_candidate,True,full_polar_mission_grade_candidate,cst_xfoil_mission_grade_candidate,false,tier3_exhaustive_current_cst_record;screening_pass_candidate;full_polar_archive_record;archive_mission_grade;actual_sidecar_query_pass,0,,4,344311.4799172722,366642.7063465623,389183.41895248735,0.9753,1.0566,1.1548,1.1792,0.27095392351684605,top5_actual_query_pass
policy_A_performance_candidate,mid2,cst_mid2_nsga2_g04_child_0024_0b55bfc3,0.02039652460954453,0.018685864011466304,0.020060955974223103,0.6298744027542427,0.06831272462328797,1.247512724623288,1.4416808051369867,-0.007385935415077271,actual_sidecar_query_grade,True,,full_polar_mission_grade_candidate,True,full_polar_mission_grade_candidate,cst_xfoil_mission_grade_candidate,false,tier3_exhaustive_current_cst_record;screening_pass_candidate;screening_per_zone_top_k_artifact;screening_global_pareto_front;full_polar_archive_record;archive_mission_grade;actual_sidecar_query_pass,0,,4,344311.4799172722,366642.7063465623,389183.41895248735,0.9753,1.0566,1.1548,1.1792,0.27095392351684605,top5_actual_query_pass
policy_A_performance_candidate,mid2,dae21,0.021792019062505594,0.010685936742045191,0.011034842391244306,2.6439117044388043,0.2622798757367877,1.4414798757367877,1.657199861929764,-0.13432019924335217,actual_sidecar_query_grade,True,,full_polar_candidate_not_mission_grade,False,full_polar_candidate_not_mission_grade,seed_reference_pending_full_polar,false,seed_dae_clarky_reference;tier1_reference_airfoil;tier2_reference_airfoil;tier3_reference_airfoil;actual_sidecar_query_pass,0,,4,344311.4799172722,366642.7063465623,389183.41895248735,0.9753,1.0566,1.1548,1.1792,0.27095392351684605,previous_raw_or_conservative_best_airfoil;seed_dae_clarky_fx_reference;top5_cd_p90
policy_A_performance_candidate,mid2,cst_mid2_nsga2_g02_child_0106_7ea30168,0.022085144633773833,0.01025457984733145,0.01100512276636298,1.3744249170615004,0.15449495326258122,1.3336949532625813,1.5374388369584235,-0.12584787055201657,,False,,full_polar_candidate_not_mission_grade,False,full_polar_candidate_not_mission_grade,cst_xfoil_mission_grade_candidate,false,tier3_exhaustive_current_cst_record;screening_pass_candidate,0,,4,344311.4799172722,366642.7063465623,389183.41895248735,0.9753,1.0566,1.1548,1.1792,0.27095392351684605,top5_cd_p90;top5_mean_cd
policy_A_performance_candidate,mid2,fx76mp140,0.023023579210091752,0.011806189355075918,0.012072284854671949,3.9485016614098516,0.30627043239854146,1.4854704323985415,1.7060782582206018,-0.18737607169287007,actual_sidecar_query_grade,True,,full_polar_candidate_not_mission_grade,False,full_polar_candidate_not_mission_grade,seed_reference_pending_full_polar,false,seed_dae_clarky_reference;tier1_reference_airfoil;tier2_reference_airfoil;tier3_reference_airfoil;actual_sidecar_query_pass,0,,4,344311.4799172722,366642.7063465623,389183.41895248735,0.9753,1.0566,1.1548,1.1792,0.27095392351684605,seed_dae_clarky_fx_reference
policy_A_performance_candidate,mid2,dae11,0.02381594969369432,0.012888642962789396,0.01325672295689314,3.093807437945543,0.30647698742999485,1.4856769874299949,1.7063077638111055,-0.13307978882810204,actual_sidecar_query_grade,True,,full_polar_candidate_not_mission_grade,False,full_polar_candidate_not_mission_grade,seed_reference_pending_full_polar,false,seed_dae_clarky_reference;tier1_reference_airfoil;tier2_reference_airfoil;tier3_reference_airfoil;actual_sidecar_query_pass,0,,4,344311.4799172722,366642.7063465623,389183.41895248735,0.9753,1.0566,1.1548,1.1792,0.27095392351684605,seed_dae_clarky_fx_reference
policy_A_performance_candidate,mid2,cst_tip_nsga2_g04_child_0123_01770232,1.0298383696692517,0.02512006116312224,0.03283405489521974,-0.12986235839501636,-0.013823402013611874,1.1653765979863882,1.350418442207098,-0.052540916760276675,,False,insufficient_safe_clmax_margin,full_polar_mission_grade_candidate,False,full_polar_mission_grade_candidate,cst_xfoil_mission_grade_candidate,false,tier3_exhaustive_current_cst_record;screening_pass_candidate,0,,4,344311.4799172722,366642.7063465623,389183.41895248735,0.9753,1.0566,1.1548,1.1792,0.27095392351684605,previous_raw_or_conservative_best_airfoil
policy_A_performance_candidate,tip,cst_tip_nsga2_g05_child_0032_70ef8136,0.009956766446728908,0.008115385783030974,0.011376203297186232,1.6198096429033422,0.15949485912662387,1.1034948591266238,1.2816609545851376,-0.0016665591992106917,,False,,full_polar_mission_grade_candidate,True,full_polar_mission_grade_candidate,cst_xfoil_mission_grade_candidate,false,tier3_exhaustive_current_cst_record;screening_pass_candidate;screening_global_pareto_front,0,,4,270238.83578807756,286074.32281274453,333837.1710855226,0.1108,0.7068,0.9116,0.944,0.13304374416884085,top10_balanced_score;top5_archive_pass;top5_mean_cd
policy_A_performance_candidate,tip,cst_tip_nsga2_g05_child_0102_33bdf605,0.010026672742914761,0.008285812199322682,0.012787965372376692,5.727149600485545,0.3498746935727337,1.2938746935727337,1.493194103969704,-0.027517822170529393,,False,,full_polar_mission_grade_candidate,True,full_polar_mission_grade_candidate,cst_xfoil_mission_grade_candidate,false,tier3_exhaustive_current_cst_record;screening_pass_candidate,0,,4,270238.83578807756,286074.32281274453,333837.1710855226,0.1108,0.7068,0.9116,0.944,0.13304374416884085,top10_balanced_score;top5_archive_pass;top5_mean_cd
policy_A_performance_candidate,tip,cst_tip_nsga2_g02_child_0093_97ccea59,0.01075571916821287,0.00997672622158853,0.010463872377024048,2.715903818501512,0.27635515307108616,1.220355153071086,1.4115057256345402,-0.07774061691211068,,False,,full_polar_mission_grade_candidate,True,full_polar_mission_grade_candidate,cst_xfoil_mission_grade_candidate,false,tier3_exhaustive_current_cst_record;screening_pass_candidate,0,,4,270238.83578807756,286074.32281274453,333837.1710855226,0.1108,0.7068,0.9116,0.944,0.13304374416884085,top10_balanced_score;top5_archive_pass;top5_cd_p90;top5_mean_cd
policy_A_performance_candidate,tip,cst_tip_nsga2_g06_child_0056_b3f9b7c4,0.010860330877733962,0.009991820013429553,0.01063169457321998,4.223398512788442,0.45689864230885635,1.4008986423088563,1.6121096025653958,-0.10742579472962646,,False,,full_polar_mission_grade_candidate,True,full_polar_mission_grade_candidate,cst_xfoil_mission_grade_candidate,false,tier3_exhaustive_current_cst_record;screening_pass_candidate,0,,4,270238.83578807756,286074.32281274453,333837.1710855226,0.1108,0.7068,0.9116,0.944,0.13304374416884085,top10_balanced_score;top5_archive_pass;top5_cd_p90;top5_mean_cd
policy_A_performance_candidate,tip,dae41,0.01090635175029897,0.010257542852913533,0.011005182469586003,2.9582974857575173,0.31385098524847077,1.2578509852484707,1.4531677613871896,-0.06104729573813866,actual_sidecar_query_not_mission_grade,False,,full_polar_candidate_not_mission_grade,True,full_polar_mission_grade_candidate,seed_reference_pending_full_polar,false,seed_dae_clarky_reference;tier1_reference_airfoil;tier2_reference_airfoil;tier3_reference_airfoil,0,,4,270238.83578807756,286074.32281274453,333837.1710855226,0.1108,0.7068,0.9116,0.944,0.13304374416884085,seed_dae_clarky_fx_reference;top10_balanced_score;top5_archive_pass;top5_mean_cd
policy_A_performance_candidate,tip,cst_tip_nsga2_g03_child_0046_3374bb35,0.011014296493758334,0.010541158293390793,0.010918870954819302,3.919300349251437,0.4434251200431949,1.3874251200431948,1.5971390222702164,-0.05682312814459405,,False,,full_polar_mission_grade_candidate,True,full_polar_mission_grade_candidate,cst_xfoil_mission_grade_candidate,false,tier3_exhaustive_current_cst_record;screening_pass_candidate,0,,4,270238.83578807756,286074.32281274453,333837.1710855226,0.1108,0.7068,0.9116,0.944,0.13304374416884085,top10_balanced_score;top5_cd_p90
policy_A_performance_candidate,tip,cst_tip_nsga2_g02_child_0073_ab290648,0.011099354096887837,0.010509998195913898,0.011067948622000794,3.2901714973086813,0.3597015421824552,1.3037015421824552,1.5041128246471724,-0.06567887530725415,,False,,full_polar_mission_grade_candidate,True,full_polar_mission_grade_candidate,cst_xfoil_mission_grade_candidate,false,tier3_exhaustive_current_cst_record;screening_pass_candidate;screening_global_pareto_front,0,,4,270238.83578807756,286074.32281274453,333837.1710855226,0.1108,0.7068,0.9116,0.944,0.13304374416884085,top10_balanced_score
policy_A_performance_candidate,tip,cst_tip_nsga2_g04_child_0009_dd292e64,0.01117849582659967,0.010511939750288152,0.010794984178433921,2.7488057355942335,0.2924244873353352,1.2364244873353352,1.4293605414837058,-0.07364889904293576,,False,,full_polar_mission_grade_candidate,True,full_polar_mission_grade_candidate,cst_xfoil_mission_grade_candidate,false,tier3_exhaustive_current_cst_record;screening_pass_candidate;screening_global_pareto_front,0,,4,270238.83578807756,286074.32281274453,333837.1710855226,0.1108,0.7068,0.9116,0.944,0.13304374416884085,top10_balanced_score;top5_cd_p90
policy_A_performance_candidate,tip,cst_tip_nsga2_g02_child_0014_e1e14c90,0.011253488767088553,0.010745763355300182,0.011211944552925486,3.8730632355250436,0.43416855871326043,1.3781685587132604,1.5868539541258448,-0.057426998769919094,,False,,full_polar_mission_grade_candidate,True,full_polar_mission_grade_candidate,cst_xfoil_mission_grade_candidate,false,tier3_exhaustive_current_cst_record;screening_pass_candidate;screening_top32_by_score;screening_global_pareto_front,0,,4,270238.83578807756,286074.32281274453,333837.1710855226,0.1108,0.7068,0.9116,0.944,0.13304374416884085,top10_balanced_score
policy_A_performance_candidate,tip,cst_tip_nsga2_g04_child_0031_3fbbb016,0.011332810297962162,0.010743202958296507,0.011116448674326627,4.341678952781291,0.47050994344254726,1.4145099434425472,1.6272332704917192,-0.076495223175852,,False,,full_polar_mission_grade_candidate,True,full_polar_mission_grade_candidate,cst_xfoil_mission_grade_candidate,false,tier3_exhaustive_current_cst_record;screening_pass_candidate,0,,4,270238.83578807756,286074.32281274453,333837.1710855226,0.1108,0.7068,0.9116,0.944,0.13304374416884085,top10_balanced_score
policy_A_performance_candidate,tip,clarkysm,0.011365327042596834,0.010573264349604527,0.011332372846241192,3.5454158367718653,0.36056865771533064,1.3045686577153306,1.5050762863503673,-0.08772911986157901,actual_sidecar_query_grade,True,,full_polar_mission_grade_candidate,True,full_polar_mission_grade_candidate,seed_reference_pending_full_polar,false,seed_dae_clarky_reference;tier1_reference_airfoil;tier2_reference_airfoil;tier3_reference_airfoil;archive_mission_grade;actual_sidecar_query_pass,0,,4,270238.83578807756,286074.32281274453,333837.1710855226,0.1108,0.7068,0.9116,0.944,0.13304374416884085,previous_raw_or_conservative_best_airfoil;seed_dae_clarky_fx_reference;top5_actual_query_pass
policy_A_performance_candidate,tip,cst_tip_nsga2_g04_child_0081_dd55379b,0.011544119014650897,0.010521902632239299,0.011001886966994072,2.3761495199410136,0.21919958016743535,1.1631995801674353,1.3479995335193726,-0.0903827708696556,,False,,full_polar_mission_grade_candidate,True,full_polar_mission_grade_candidate,cst_xfoil_mission_grade_candidate,false,tier3_exhaustive_current_cst_record;screening_pass_candidate;screening_top32_by_score,0,,4,270238.83578807756,286074.32281274453,333837.1710855226,0.1108,0.7068,0.9116,0.944,0.13304374416884085,top5_cd_p90
policy_A_performance_candidate,tip,cst_tip_nsga2_g04_child_0123_01770232,0.012205788426585321,0.010938099787487297,0.012338332749202142,2.0796969573531343,0.2213765979863882,1.1653765979863882,1.350418442207098,-0.052909263529066136,,False,,full_polar_mission_grade_candidate,True,full_polar_mission_grade_candidate,cst_xfoil_mission_grade_candidate,false,tier3_exhaustive_current_cst_record;screening_pass_candidate,0,,4,270238.83578807756,286074.32281274453,333837.1710855226,0.1108,0.7068,0.9116,0.944,0.13304374416884085,previous_raw_or_conservative_best_airfoil
policy_A_performance_candidate,tip,cst_mid1_nsga2_g05_child_0114_b5496e0b,0.0151867502095095,0.013403191062189094,0.01607573765224441,6.906912314542916,0.7833495297174853,1.7273495297174852,1.9748328107972057,-0.14136130680017434,actual_sidecar_query_grade,True,,full_polar_mission_grade_candidate,True,full_polar_mission_grade_candidate,cst_xfoil_mission_grade_candidate,false,tier3_exhaustive_current_cst_record;screening_pass_candidate;full_polar_archive_record;archive_mission_grade;actual_sidecar_query_pass,0,,4,270238.83578807756,286074.32281274453,333837.1710855226,0.1108,0.7068,0.9116,0.944,0.13304374416884085,previous_raw_or_conservative_best_airfoil;top5_actual_query_pass
policy_A_performance_candidate,tip,cst_mid2_nsga2_g01_child_0046_9585b968,0.015405725673665206,0.013777898425920134,0.017217697136987224,3.11224946280412,0.3243406076723083,1.2683406076723083,1.4648228974136759,-0.07064961647859834,,False,,full_polar_mission_grade_candidate,True,full_polar_mission_grade_candidate,cst_xfoil_mission_grade_candidate,false,tier3_exhaustive_current_cst_record;screening_pass_candidate;screening_top32_by_score,0,,4,270238.83578807756,286074.32281274453,333837.1710855226,0.1108,0.7068,0.9116,0.944,0.13304374416884085,previous_raw_or_conservative_best_airfoil
policy_A_performance_candidate,tip,cst_root_nsga2_g04_child_0066_2124fc90,0.017851233548257534,0.016248475059808,0.01814619708268904,6.096370644424922,0.6824526456408353,1.6264526456408352,1.8627251618231504,-0.15642596340686166,,False,,full_polar_mission_grade_candidate,True,full_polar_mission_grade_candidate,cst_xfoil_mission_grade_candidate,false,tier3_exhaustive_current_cst_record;screening_pass_candidate,0,,4,270238.83578807756,286074.32281274453,333837.1710855226,0.1108,0.7068,0.9116,0.944,0.13304374416884085,previous_raw_or_conservative_best_airfoil
policy_A_performance_candidate,tip,cst_root_nsga2_g05_child_0019_00cc4dca,0.019371490340188906,0.01685697869493946,0.021756508487158724,8.448843825169721,0.6930153344478995,1.6370153344478995,1.8744614827198884,-0.13327936966211731,actual_sidecar_query_grade,True,,full_polar_mission_grade_candidate,True,full_polar_mission_grade_candidate,cst_xfoil_mission_grade_candidate,false,tier3_exhaustive_current_cst_record;screening_pass_candidate;full_polar_archive_record;archive_mission_grade;actual_sidecar_query_pass,0,,4,270238.83578807756,286074.32281274453,333837.1710855226,0.1108,0.7068,0.9116,0.944,0.13304374416884085,previous_raw_or_conservative_best_airfoil;top5_actual_query_pass
policy_A_performance_candidate,tip,dae31,0.0314034459620488,0.018684677136850486,0.04820963268981138,5.583060882507316,0.5547062860961447,1.4987062860961446,1.7207847623290495,-0.14750573027699992,mixed_actual_sidecar_query_quality,False,cl_outside_polar_envelope,full_polar_mission_grade_candidate,False,full_polar_mission_grade_candidate,seed_reference_pending_full_polar,false,seed_dae_clarky_reference;tier1_reference_airfoil;tier2_reference_airfoil;tier3_reference_airfoil;archive_mission_grade,1,cl_outside_polar_envelope,4,270238.83578807756,286074.32281274453,333837.1710855226,0.1108,0.7068,0.9116,0.944,0.13304374416884085,previous_raw_or_conservative_best_airfoil;seed_dae_clarky_fx_reference
policy_A_performance_candidate,tip,fx76mp140,0.03274112205451746,0.017699849400651762,0.02468811477531846,6.980748631809924,0.5414704323985415,1.4854704323985415,1.7060782582206018,-0.18256329545539163,actual_sidecar_query_grade,False,cl_outside_polar_envelope,full_polar_candidate_not_mission_grade,False,full_polar_candidate_not_mission_grade,seed_reference_pending_full_polar,false,seed_dae_clarky_reference;tier1_reference_airfoil;tier2_reference_airfoil;tier3_reference_airfoil;actual_sidecar_query_pass,1,cl_outside_polar_envelope,4,270238.83578807756,286074.32281274453,333837.1710855226,0.1108,0.7068,0.9116,0.944,0.13304374416884085,seed_dae_clarky_fx_reference
policy_A_performance_candidate,tip,dae11,0.036088862123751564,0.019734693269131572,0.03569621061286063,5.468091770047325,0.5416769874299949,1.4856769874299949,1.7063077638111055,-0.12793963071913636,actual_sidecar_query_grade,True,,full_polar_candidate_not_mission_grade,False,full_polar_candidate_not_mission_grade,seed_reference_pending_full_polar,false,seed_dae_clarky_reference;tier1_reference_airfoil;tier2_reference_airfoil;tier3_reference_airfoil;actual_sidecar_query_pass,0,,4,270238.83578807756,286074.32281274453,333837.1710855226,0.1108,0.7068,0.9116,0.944,0.13304374416884085,seed_dae_clarky_fx_reference;top5_actual_query_pass
policy_A_performance_candidate,tip,dae21,0.036674448006372436,0.017843398038099402,0.04085337348473604,5.0148447816988595,0.49747987573678776,1.4414798757367877,1.657199861929764,-0.1295930936583679,actual_sidecar_query_grade,True,,full_polar_candidate_not_mission_grade,False,full_polar_candidate_not_mission_grade,seed_reference_pending_full_polar,false,seed_dae_clarky_reference;tier1_reference_airfoil;tier2_reference_airfoil;tier3_reference_airfoil;actual_sidecar_query_pass,0,,4,270238.83578807756,286074.32281274453,333837.1710855226,0.1108,0.7068,0.9116,0.944,0.13304374416884085,previous_raw_or_conservative_best_airfoil;seed_dae_clarky_fx_reference;top5_actual_query_pass
policy_C_conservative_baseline,root,dae31,0.01121276662448958,0.009593833187415881,0.009858702283167826,1.74531617353342,0.17340628609614472,1.4987062860961446,1.7207847623290495,-0.14981455672120492,mixed_actual_sidecar_query_quality,False,,full_polar_mission_grade_candidate,True,full_polar_mission_grade_candidate,seed_reference_pending_full_polar,false,seed_dae_clarky_reference;tier1_reference_airfoil;tier2_reference_airfoil;tier3_reference_airfoil;archive_mission_grade,0,,4,470631.64442817215,512026.11293124646,526553.0227670006,1.2809,1.29565,1.32303,1.3253,0.19956965981314478,previous_raw_or_conservative_best_airfoil;seed_dae_clarky_fx_reference;top10_balanced_score;top5_archive_pass;top5_cd_p90;top5_mean_cd
policy_C_conservative_baseline,root,cst_root_nsga2_g04_child_0066_2124fc90,0.011704840974773955,0.010495132837345215,0.010706625619481285,2.69020592139651,0.3011526456408353,1.6264526456408352,1.8627251618231504,-0.1634647707298952,,False,,full_polar_mission_grade_candidate,True,full_polar_mission_grade_candidate,cst_xfoil_mission_grade_candidate,false,tier3_exhaustive_current_cst_record;screening_pass_candidate,0,,4,470631.64442817215,512026.11293124646,526553.0227670006,1.2809,1.29565,1.32303,1.3253,0.19956965981314478,previous_raw_or_conservative_best_airfoil;top10_balanced_score;top5_archive_pass;top5_cd_p90;top5_mean_cd
policy_C_conservative_baseline,root,cst_mid1_nsga2_g06_child_0001_a86879e2,0.011740174786193916,0.010875738292880764,0.011136087211235678,3.3645860304927235,0.3831882145574652,1.7084882145574651,1.9538757939527391,-0.1288857286481552,actual_sidecar_query_grade,True,,full_polar_mission_grade_candidate,True,full_polar_mission_grade_candidate,cst_xfoil_mission_grade_candidate,false,tier3_exhaustive_current_cst_record;screening_pass_candidate;full_polar_archive_record;archive_mission_grade;actual_sidecar_query_pass,0,,4,470631.64442817215,512026.11293124646,526553.0227670006,1.2809,1.29565,1.32303,1.3253,0.19956965981314478,top10_balanced_score;top5_actual_query_pass;top5_archive_pass
policy_C_conservative_baseline,root,cst_mid1_nsga2_g05_child_0114_b5496e0b,0.011986719937369595,0.011032711300870772,0.011256506546257693,3.5449320418477597,0.4020495297174853,1.7273495297174852,1.9748328107972057,-0.1459467167689001,actual_sidecar_query_grade,True,,full_polar_mission_grade_candidate,True,full_polar_mission_grade_candidate,cst_xfoil_mission_grade_candidate,false,tier3_exhaustive_current_cst_record;screening_pass_candidate;full_polar_archive_record;archive_mission_grade;actual_sidecar_query_pass,0,,4,470631.64442817215,512026.11293124646,526553.0227670006,1.2809,1.29565,1.32303,1.3253,0.19956965981314478,previous_raw_or_conservative_best_airfoil;top10_balanced_score;top5_actual_query_pass;top5_archive_pass
policy_C_conservative_baseline,root,cst_root_nsga2_g04_child_0036_d62dd7fc,0.012030939802830057,0.011285417703978498,0.011557786973416405,2.9907150880844062,0.30905180332553406,1.634351803325534,1.8715020036950378,-0.10759173309841577,,False,,full_polar_mission_grade_candidate,True,full_polar_mission_grade_candidate,cst_xfoil_mission_grade_candidate,false,tier3_exhaustive_current_cst_record;screening_pass_candidate,0,,4,470631.64442817215,512026.11293124646,526553.0227670006,1.2809,1.29565,1.32303,1.3253,0.19956965981314478,top10_balanced_score;top5_archive_pass
policy_C_conservative_baseline,root,cst_root_nsga2_g04_child_0010_d050d0cc,0.012444744952277943,0.011308598004102785,0.011579100963897433,2.5705439781459822,0.2845798474845471,1.609879847484547,1.8443109416494967,-0.13779048355333712,,False,,full_polar_mission_grade_candidate,True,full_polar_mission_grade_candidate,cst_xfoil_mission_grade_candidate,false,tier3_exhaustive_current_cst_record;screening_pass_candidate,0,,4,470631.64442817215,512026.11293124646,526553.0227670006,1.2809,1.29565,1.32303,1.3253,0.19956965981314478,top10_balanced_score
policy_C_conservative_baseline,root,cst_root_nsga2_g05_child_0019_00cc4dca,0.012551924323850414,0.011599590043001819,0.011908077033920609,3.800253829533185,0.31171533444789956,1.6370153344478995,1.8744614827198884,-0.14072730567116973,actual_sidecar_query_grade,True,,full_polar_mission_grade_candidate,True,full_polar_mission_grade_candidate,cst_xfoil_mission_grade_candidate,false,tier3_exhaustive_current_cst_record;screening_pass_candidate;full_polar_archive_record;archive_mission_grade;actual_sidecar_query_pass,0,,4,470631.64442817215,512026.11293124646,526553.0227670006,1.2809,1.29565,1.32303,1.3253,0.19956965981314478,previous_raw_or_conservative_best_airfoil;top10_balanced_score;top5_actual_query_pass
policy_C_conservative_baseline,root,cst_root_nsga2_g04_child_0048_9468d7ee,0.0127998487263511,0.011883544248489418,0.012135325191209904,3.615890965381516,0.37610731551324905,1.701407315513249,1.9460081283480544,-0.1380301913182518,,False,,full_polar_mission_grade_candidate,True,full_polar_mission_grade_candidate,cst_xfoil_mission_grade_candidate,false,tier3_exhaustive_current_cst_record;screening_pass_candidate,0,,4,470631.64442817215,512026.11293124646,526553.0227670006,1.2809,1.29565,1.32303,1.3253,0.19956965981314478,top10_balanced_score
policy_C_conservative_baseline,root,cst_root_nsga2_g02_child_0123_4caadfe5,0.01281525798351407,0.011764400896352303,0.012035741492907169,3.4263292005531634,0.3407523036421083,1.6660523036421082,1.9067247818245647,-0.1593146463945942,actual_sidecar_query_grade,True,,full_polar_mission_grade_candidate,True,full_polar_mission_grade_candidate,cst_xfoil_mission_grade_candidate,false,tier3_exhaustive_current_cst_record;screening_pass_candidate;full_polar_archive_record;archive_mission_grade;actual_sidecar_query_pass,0,,4,470631.64442817215,512026.11293124646,526553.0227670006,1.2809,1.29565,1.32303,1.3253,0.19956965981314478,top10_balanced_score;top5_actual_query_pass
policy_C_conservative_baseline,root,cst_root_nsga2_g04_child_0049_2fe3c802,0.012876406422447565,0.011920102300566721,0.012210973052291123,2.557023468796488,0.29146173027868794,1.6167617302786879,1.851957478087431,-0.10550184886259112,,False,,full_polar_mission_grade_candidate,True,full_polar_mission_grade_candidate,cst_xfoil_mission_grade_candidate,false,tier3_exhaustive_current_cst_record;screening_pass_candidate,0,,4,470631.64442817215,512026.11293124646,526553.0227670006,1.2809,1.29565,1.32303,1.3253,0.19956965981314478,top10_balanced_score
policy_C_conservative_baseline,root,cst_root_nsga2_g05_child_0047_47fc9c7e,0.013104135411718414,0.011828399047335025,0.012116698870106248,2.4499567917784666,0.2718330673877116,1.5971330673877115,1.8301478526530128,-0.14996830371711561,actual_sidecar_query_grade,True,,full_polar_mission_grade_candidate,True,full_polar_mission_grade_candidate,cst_xfoil_mission_grade_candidate,false,tier3_exhaustive_current_cst_record;screening_pass_candidate;full_polar_archive_record;archive_mission_grade;actual_sidecar_query_pass,0,,4,470631.64442817215,512026.11293124646,526553.0227670006,1.2809,1.29565,1.32303,1.3253,0.19956965981314478,top5_actual_query_pass
policy_C_conservative_baseline,root,fx76mp140,0.021340636388342122,0.00965200608335777,0.00990065476087895,2.064950290765931,0.16017043239854156,1.4854704323985415,1.7060782582206018,-0.18901306887248415,actual_sidecar_query_grade,True,,full_polar_candidate_not_mission_grade,False,full_polar_candidate_not_mission_grade,seed_reference_pending_full_polar,false,seed_dae_clarky_reference;tier1_reference_airfoil;tier2_reference_airfoil;tier3_reference_airfoil;actual_sidecar_query_pass,0,,4,470631.64442817215,512026.11293124646,526553.0227670006,1.2809,1.29565,1.32303,1.3253,0.19956965981314478,seed_dae_clarky_fx_reference;top5_cd_p90;top5_mean_cd
policy_C_conservative_baseline,root,dae21,0.02146760896049863,0.00966734282350521,0.009905350911260456,1.1711509791509909,0.11617987573678779,1.4414798757367877,1.657199861929764,-0.13375646597576318,actual_sidecar_query_grade,True,,full_polar_candidate_not_mission_grade,False,full_polar_candidate_not_mission_grade,seed_reference_pending_full_polar,false,seed_dae_clarky_reference;tier1_reference_airfoil;tier2_reference_airfoil;tier3_reference_airfoil;actual_sidecar_query_pass,0,,4,470631.64442817215,512026.11293124646,526553.0227670006,1.2809,1.29565,1.32303,1.3253,0.19956965981314478,previous_raw_or_conservative_best_airfoil;seed_dae_clarky_fx_reference;top5_cd_p90;top5_mean_cd
policy_C_conservative_baseline,root,dae11,0.021814053781195605,0.010221756987801624,0.010486287898204322,1.6189650020608903,0.16037698742999495,1.4856769874299949,1.7063077638111055,-0.13486557929724705,actual_sidecar_query_grade,True,,full_polar_candidate_not_mission_grade,False,full_polar_candidate_not_mission_grade,seed_reference_pending_full_polar,false,seed_dae_clarky_reference;tier1_reference_airfoil;tier2_reference_airfoil;tier3_reference_airfoil;actual_sidecar_query_pass,0,,4,470631.64442817215,512026.11293124646,526553.0227670006,1.2809,1.29565,1.32303,1.3253,0.19956965981314478,seed_dae_clarky_fx_reference;top5_cd_p90;top5_mean_cd
policy_C_conservative_baseline,root,cst_mid2_nsga2_g01_child_0046_9585b968,1.0202103036962196,0.017203152917906347,0.017951736308233084,-0.5465607265329258,-0.05695939232769165,1.2683406076723083,1.4648228974136759,-0.0670453841925681,,False,insufficient_safe_clmax_margin,full_polar_mission_grade_candidate,False,full_polar_mission_grade_candidate,cst_xfoil_mission_grade_candidate,false,tier3_exhaustive_current_cst_record;screening_pass_candidate;screening_top32_by_score,0,,4,470631.64442817215,512026.11293124646,526553.0227670006,1.2809,1.29565,1.32303,1.3253,0.19956965981314478,previous_raw_or_conservative_best_airfoil
policy_C_conservative_baseline,root,clarkysm,1.0245325078209169,0.022065171526748827,0.02348560261344708,-0.20384808185861283,-0.02073134228466933,1.3045686577153306,1.5050762863503673,-0.02682465834129017,actual_sidecar_query_grade,False,insufficient_safe_clmax_margin,full_polar_mission_grade_candidate,False,full_polar_mission_grade_candidate,seed_reference_pending_full_polar,false,seed_dae_clarky_reference;tier1_reference_airfoil;tier2_reference_airfoil;tier3_reference_airfoil;archive_mission_grade;actual_sidecar_query_pass,0,,4,470631.64442817215,512026.11293124646,526553.0227670006,1.2809,1.29565,1.32303,1.3253,0.19956965981314478,previous_raw_or_conservative_best_airfoil;seed_dae_clarky_fx_reference
policy_C_conservative_baseline,root,dae41,1.0274587810423454,0.02374223033700764,0.026810050319397465,-0.6357611100003477,-0.0674490147515292,1.2578509852484707,1.4531677613871896,-0.025073834830982515,actual_sidecar_query_not_mission_grade,False,insufficient_safe_clmax_margin,full_polar_candidate_not_mission_grade,False,full_polar_mission_grade_candidate,seed_reference_pending_full_polar,false,seed_dae_clarky_reference;tier1_reference_airfoil;tier2_reference_airfoil;tier3_reference_airfoil,0,,4,470631.64442817215,512026.11293124646,526553.0227670006,1.2809,1.29565,1.32303,1.3253,0.19956965981314478,seed_dae_clarky_fx_reference
policy_C_conservative_baseline,root,cst_tip_nsga2_g04_child_0123_01770232,1.051908958096445,0.046243394596533906,0.04645545367244026,-1.502381984376328,-0.15992340201361177,1.1653765979863882,1.350418442207098,-0.040152968503263525,,False,cl_outside_polar_envelope|insufficient_safe_clmax_margin,full_polar_mission_grade_candidate,False,full_polar_mission_grade_candidate,cst_xfoil_mission_grade_candidate,false,tier3_exhaustive_current_cst_record;screening_pass_candidate,1,cl_outside_polar_envelope,4,470631.64442817215,512026.11293124646,526553.0227670006,1.2809,1.29565,1.32303,1.3253,0.19956965981314478,previous_raw_or_conservative_best_airfoil
policy_C_conservative_baseline,mid1,dae31,0.011778464793634522,0.010156437948809091,0.010423551447695426,1.7382707465827716,0.17270628609614458,1.4987062860961446,1.7207847623290495,-0.14961208225109995,mixed_actual_sidecar_query_quality,False,,full_polar_mission_grade_candidate,True,full_polar_mission_grade_candidate,seed_reference_pending_full_polar,false,seed_dae_clarky_reference;tier1_reference_airfoil;tier2_reference_airfoil;tier3_reference_airfoil;archive_mission_grade,0,,4,400747.055902739,433824.9231934041,461581.8415975404,1.2394,1.3125,1.3254000000000001,1.326,0.3964326725011684,previous_raw_or_conservative_best_airfoil;seed_dae_clarky_fx_reference;top10_balanced_score;top5_archive_pass;top5_cd_p90;top5_mean_cd
policy_C_conservative_baseline,mid1,cst_root_nsga2_g04_child_0066_2124fc90,0.01249810717082242,0.011286624289449501,0.011508487626551309,2.6839527996915,0.3004526456408352,1.6264526456408352,1.8627251618231504,-0.1626345188721727,,False,,full_polar_mission_grade_candidate,True,full_polar_mission_grade_candidate,cst_xfoil_mission_grade_candidate,false,tier3_exhaustive_current_cst_record;screening_pass_candidate,0,,4,400747.055902739,433824.9231934041,461581.8415975404,1.2394,1.3125,1.3254000000000001,1.326,0.3964326725011684,previous_raw_or_conservative_best_airfoil;top10_balanced_score;top5_archive_pass;top5_cd_p90;top5_mean_cd
policy_C_conservative_baseline,mid1,cst_mid1_nsga2_g06_child_0001_a86879e2,0.012618671639853704,0.01174736754122657,0.012040674926293756,3.358439676998879,0.38248821455746507,1.7084882145574651,1.9538757939527391,-0.12810775230893656,actual_sidecar_query_grade,True,,full_polar_mission_grade_candidate,True,full_polar_mission_grade_candidate,cst_xfoil_mission_grade_candidate,false,tier3_exhaustive_current_cst_record;screening_pass_candidate;full_polar_archive_record;archive_mission_grade;actual_sidecar_query_pass,0,,4,400747.055902739,433824.9231934041,461581.8415975404,1.2394,1.3125,1.3254000000000001,1.326,0.3964326725011684,top10_balanced_score;top5_actual_query_pass;top5_archive_pass
policy_C_conservative_baseline,mid1,cst_mid1_nsga2_g05_child_0114_b5496e0b,0.012699486451437961,0.011724870165100173,0.012025885618109047,3.5387600350528814,0.40134952971748517,1.7273495297174852,1.9748328107972057,-0.1448768129641136,actual_sidecar_query_grade,True,,full_polar_mission_grade_candidate,True,full_polar_mission_grade_candidate,cst_xfoil_mission_grade_candidate,false,tier3_exhaustive_current_cst_record;screening_pass_candidate;full_polar_archive_record;archive_mission_grade;actual_sidecar_query_pass,0,,4,400747.055902739,433824.9231934041,461581.8415975404,1.2394,1.3125,1.3254000000000001,1.326,0.3964326725011684,previous_raw_or_conservative_best_airfoil;top10_balanced_score;top5_actual_query_pass;top5_archive_pass
policy_C_conservative_baseline,mid1,cst_mid1_nsga2_g07_child_0111_0738f459,0.01278650365625089,0.011869828046391792,0.012158596857699475,2.9704374067643036,0.3333171552647747,1.6593171552647747,1.8992412836275274,-0.13347087154726,actual_sidecar_query_grade,True,,full_polar_mission_grade_candidate,True,full_polar_mission_grade_candidate,cst_xfoil_mission_grade_candidate,false,tier3_exhaustive_current_cst_record;screening_pass_candidate;final_generation_survivor_g07;full_polar_archive_record;archive_mission_grade;actual_sidecar_query_pass,0,,4,400747.055902739,433824.9231934041,461581.8415975404,1.2394,1.3125,1.3254000000000001,1.326,0.3964326725011684,top10_balanced_score;top5_actual_query_pass;top5_archive_pass
policy_C_conservative_baseline,mid1,cst_mid1_nsga2_g04_child_0061_22c8f1d8,0.013071584316562886,0.012177950240095067,0.012484484701210538,2.717399915075225,0.3117325772737245,1.6377325772737246,1.8752584191930273,-0.10750782876916924,,False,,full_polar_mission_grade_candidate,True,full_polar_mission_grade_candidate,cst_xfoil_mission_grade_candidate,false,tier3_exhaustive_current_cst_record;screening_pass_candidate,0,,4,400747.055902739,433824.9231934041,461581.8415975404,1.2394,1.3125,1.3254000000000001,1.326,0.3964326725011684,top10_balanced_score
policy_C_conservative_baseline,mid1,cst_mid1_nsga2_g05_child_0002_45c597a4,0.013096209183131598,0.01216013821686146,0.012472410773489278,2.906351927684621,0.3339717303705003,1.6599717303705004,1.899968589300556,-0.1299919225487853,,False,,full_polar_mission_grade_candidate,True,full_polar_mission_grade_candidate,cst_xfoil_mission_grade_candidate,false,tier3_exhaustive_current_cst_record;screening_pass_candidate,0,,4,400747.055902739,433824.9231934041,461581.8415975404,1.2394,1.3125,1.3254000000000001,1.326,0.3964326725011684,top10_balanced_score
policy_C_conservative_baseline,mid1,cst_mid1_nsga2_g05_child_0101_51eabddf,0.013181050857503599,0.011996391354747967,0.012237201318746201,2.821380691672498,0.3296784153165704,1.6556784153165705,1.895198239240634,-0.1685110601987499,actual_sidecar_query_grade,True,,full_polar_mission_grade_candidate,True,full_polar_mission_grade_candidate,cst_xfoil_mission_grade_candidate,false,tier3_exhaustive_current_cst_record;screening_pass_candidate;full_polar_archive_record;archive_mission_grade;actual_sidecar_query_pass,0,,4,400747.055902739,433824.9231934041,461581.8415975404,1.2394,1.3125,1.3254000000000001,1.326,0.3964326725011684,top10_balanced_score;top5_actual_query_pass
policy_C_conservative_baseline,mid1,cst_mid1_nsga2_g05_child_0009_4c3b4b92,0.01318256062225445,0.012236458837463077,0.01245839282143168,2.6666196715726493,0.31001771437519077,1.6360177143751908,1.8733530159724343,-0.11695578769811467,actual_sidecar_query_grade,True,,full_polar_mission_grade_candidate,True,full_polar_mission_grade_candidate,cst_xfoil_mission_grade_candidate,false,tier3_exhaustive_current_cst_record;screening_pass_candidate;full_polar_archive_record;archive_mission_grade;actual_sidecar_query_pass,0,,4,400747.055902739,433824.9231934041,461581.8415975404,1.2394,1.3125,1.3254000000000001,1.326,0.3964326725011684,top10_balanced_score;top5_actual_query_pass
policy_C_conservative_baseline,mid1,cst_mid1_nsga2_g07_child_0030_ff2192c4,0.013243917728023297,0.012523754292582399,0.012851459027506949,3.191425298085288,0.3623336237500778,1.688333623750078,1.9314818041667532,-0.10091112970288414,,False,,full_polar_mission_grade_candidate,True,full_polar_mission_grade_candidate,cst_xfoil_mission_grade_candidate,false,tier3_exhaustive_current_cst_record;screening_pass_candidate;final_generation_survivor_g07,0,,4,400747.055902739,433824.9231934041,461581.8415975404,1.2394,1.3125,1.3254000000000001,1.326,0.3964326725011684,top10_balanced_score
policy_C_conservative_baseline,mid1,cst_root_nsga2_g05_child_0019_00cc4dca,0.013818245819323682,0.012824737184832367,0.013261997485074915,3.7917198326883215,0.3110153344478994,1.6370153344478995,1.8744614827198884,-0.14007792156773716,actual_sidecar_query_grade,True,,full_polar_mission_grade_candidate,True,full_polar_mission_grade_candidate,cst_xfoil_mission_grade_candidate,false,tier3_exhaustive_current_cst_record;screening_pass_candidate;full_polar_archive_record;archive_mission_grade;actual_sidecar_query_pass,0,,4,400747.055902739,433824.9231934041,461581.8415975404,1.2394,1.3125,1.3254000000000001,1.326,0.3964326725011684,previous_raw_or_conservative_best_airfoil
policy_C_conservative_baseline,mid1,cst_mid1_nsga2_g04_child_0075_96fc4d1a,0.021790283612044214,0.010768779326390797,0.010910242822036013,2.829418831566539,0.32378904618306525,1.6497890461830653,1.8886544957589615,-0.14778357966014308,,False,,full_polar_candidate_not_mission_grade,False,full_polar_candidate_not_mission_grade,cst_xfoil_mission_grade_candidate,false,tier3_exhaustive_current_cst_record;screening_pass_candidate,0,,4,400747.055902739,433824.9231934041,461581.8415975404,1.2394,1.3125,1.3254000000000001,1.326,0.3964326725011684,top5_cd_p90;top5_mean_cd
policy_C_conservative_baseline,mid1,dae21,0.022202895668490215,0.010389780683830724,0.010658696571089043,1.1640946307067628,0.11547987573678764,1.4414798757367877,1.657199861929764,-0.1335069565787434,actual_sidecar_query_grade,True,,full_polar_candidate_not_mission_grade,False,full_polar_candidate_not_mission_grade,seed_reference_pending_full_polar,false,seed_dae_clarky_reference;tier1_reference_airfoil;tier2_reference_airfoil;tier3_reference_airfoil;actual_sidecar_query_pass,0,,4,400747.055902739,433824.9231934041,461581.8415975404,1.2394,1.3125,1.3254000000000001,1.326,0.3964326725011684,previous_raw_or_conservative_best_airfoil;seed_dae_clarky_fx_reference;top5_cd_p90;top5_mean_cd
policy_C_conservative_baseline,mid1,fx76mp140,0.02229834523333227,0.010592032359017551,0.010900106293487812,2.0559257462111673,0.15947043239854142,1.4854704323985415,1.7060782582206018,-0.1877416450592852,actual_sidecar_query_grade,True,,full_polar_candidate_not_mission_grade,False,full_polar_candidate_not_mission_grade,seed_reference_pending_full_polar,false,seed_dae_clarky_reference;tier1_reference_airfoil;tier2_reference_airfoil;tier3_reference_airfoil;actual_sidecar_query_pass,0,,4,400747.055902739,433824.9231934041,461581.8415975404,1.2394,1.3125,1.3254000000000001,1.326,0.3964326725011684,seed_dae_clarky_fx_reference;top5_cd_p90;top5_mean_cd
policy_C_conservative_baseline,mid1,dae11,0.022946048282217812,0.011329222606154085,0.01165764473618206,1.6118986796439196,0.1596769874299948,1.4856769874299949,1.7063077638111055,-0.13463787839598226,actual_sidecar_query_grade,True,,full_polar_candidate_not_mission_grade,False,full_polar_candidate_not_mission_grade,seed_reference_pending_full_polar,false,seed_dae_clarky_reference;tier1_reference_airfoil;tier2_reference_airfoil;tier3_reference_airfoil;actual_sidecar_query_pass,0,,4,400747.055902739,433824.9231934041,461581.8415975404,1.2394,1.3125,1.3254000000000001,1.326,0.3964326725011684,seed_dae_clarky_fx_reference
policy_C_conservative_baseline,mid1,cst_mid2_nsga2_g01_child_0046_9585b968,1.0185056469011071,0.012138473631065363,0.018289548347377758,-0.5532776610530843,-0.057659392327691794,1.2683406076723083,1.4648228974136759,-0.060177394254832886,,False,cl_outside_polar_envelope|insufficient_safe_clmax_margin,full_polar_mission_grade_candidate,False,full_polar_mission_grade_candidate,cst_xfoil_mission_grade_candidate,false,tier3_exhaustive_current_cst_record;screening_pass_candidate;screening_top32_by_score,1,cl_outside_polar_envelope,4,400747.055902739,433824.9231934041,461581.8415975404,1.2394,1.3125,1.3254000000000001,1.326,0.3964326725011684,previous_raw_or_conservative_best_airfoil
policy_C_conservative_baseline,mid1,clarkysm,1.0287295969541044,0.025656399025830917,0.0288442703747843,-0.21073107357915274,-0.021431342284669475,1.3045686577153306,1.5050762863503673,-0.02296066608390416,actual_sidecar_query_grade,False,insufficient_safe_clmax_margin,full_polar_mission_grade_candidate,False,full_polar_mission_grade_candidate,seed_reference_pending_full_polar,false,seed_dae_clarky_reference;tier1_reference_airfoil;tier2_reference_airfoil;tier3_reference_airfoil;archive_mission_grade;actual_sidecar_query_pass,0,,4,400747.055902739,433824.9231934041,461581.8415975404,1.2394,1.3125,1.3254000000000001,1.326,0.3964326725011684,previous_raw_or_conservative_best_airfoil;seed_dae_clarky_fx_reference
policy_C_conservative_baseline,mid1,dae41,1.033777122513317,0.029888407492248057,0.03348752272783999,-0.6423591719385355,-0.06814901475152935,1.2578509852484707,1.4531677613871896,-0.021059159187867327,actual_sidecar_query_not_mission_grade,False,insufficient_safe_clmax_margin,full_polar_candidate_not_mission_grade,False,full_polar_mission_grade_candidate,seed_reference_pending_full_polar,false,seed_dae_clarky_reference;tier1_reference_airfoil;tier2_reference_airfoil;tier3_reference_airfoil,0,,4,400747.055902739,433824.9231934041,461581.8415975404,1.2394,1.3125,1.3254000000000001,1.326,0.3964326725011684,seed_dae_clarky_fx_reference
policy_C_conservative_baseline,mid1,cst_tip_nsga2_g04_child_0123_01770232,1.0519514991505095,0.046194264121015724,0.04663810105908454,-1.508958053768437,-0.16062340201361192,1.1653765979863882,1.350418442207098,-0.04019650902488518,,False,cl_outside_polar_envelope|insufficient_safe_clmax_margin,full_polar_mission_grade_candidate,False,full_polar_mission_grade_candidate,cst_xfoil_mission_grade_candidate,false,tier3_exhaustive_current_cst_record;screening_pass_candidate,1,cl_outside_polar_envelope,4,400747.055902739,433824.9231934041,461581.8415975404,1.2394,1.3125,1.3254000000000001,1.326,0.3964326725011684,previous_raw_or_conservative_best_airfoil
policy_C_conservative_baseline,mid2,dae31,0.010731634772715066,0.009698137412333508,0.010008326165500887,3.2842387174676135,0.32630628609614454,1.4987062860961446,1.7207847623290495,-0.1541552161288291,mixed_actual_sidecar_query_quality,False,,full_polar_mission_grade_candidate,True,full_polar_mission_grade_candidate,seed_reference_pending_full_polar,false,seed_dae_clarky_reference;tier1_reference_airfoil;tier2_reference_airfoil;tier3_reference_airfoil;archive_mission_grade,0,,4,344311.4799172722,366642.7063465623,389183.41895248735,0.9363,1.0262,1.1432,1.1724,0.27095392351684605,previous_raw_or_conservative_best_airfoil;seed_dae_clarky_fx_reference;top10_balanced_score;top5_archive_pass;top5_cd_p90;top5_mean_cd
policy_C_conservative_baseline,mid2,cst_mid2_seedless_sobol_0237_e583606c,0.010954759338768808,0.010002965367166635,0.010291926933737719,2.5391510400416637,0.2788037688517464,1.4512037688517465,1.6680041876130516,-0.10337215722052105,,False,,full_polar_mission_grade_candidate,True,full_polar_mission_grade_candidate,cst_xfoil_mission_grade_candidate,false,tier3_exhaustive_current_cst_record;screening_pass_candidate,0,,4,344311.4799172722,366642.7063465623,389183.41895248735,0.9363,1.0262,1.1432,1.1724,0.27095392351684605,top10_balanced_score;top5_archive_pass;top5_cd_p90;top5_mean_cd
policy_C_conservative_baseline,mid2,cst_mid2_seedless_sobol_0377_ed2a45eb,0.011474614766020705,0.010153608916197383,0.010712562133768014,2.174482026570081,0.24357521546705496,1.415975215467055,1.62886135051895,-0.1187688728264403,,False,,full_polar_mission_grade_candidate,True,full_polar_mission_grade_candidate,cst_xfoil_mission_grade_candidate,false,tier3_exhaustive_current_cst_record;screening_pass_candidate,0,,4,344311.4799172722,366642.7063465623,389183.41895248735,0.9363,1.0262,1.1432,1.1724,0.27095392351684605,top10_balanced_score;top5_archive_pass;top5_cd_p90;top5_mean_cd
policy_C_conservative_baseline,mid2,cst_mid2_seedless_sobol_0145_03e49c65,0.012057492014122978,0.011029561496807274,0.0122220801232916,3.497857252816224,0.3993156900592134,1.5717156900592135,1.801906322288015,-0.10175816634103164,,False,,full_polar_mission_grade_candidate,True,full_polar_mission_grade_candidate,cst_xfoil_mission_grade_candidate,false,tier3_exhaustive_current_cst_record;screening_pass_candidate,0,,4,344311.4799172722,366642.7063465623,389183.41895248735,0.9363,1.0262,1.1432,1.1724,0.27095392351684605,top10_balanced_score;top5_archive_pass
policy_C_conservative_baseline,mid2,cst_mid2_nsga2_g01_child_0103_58b101ad,0.012157701815895627,0.010295725927332428,0.011174803045523672,1.3928897000386742,0.15308098115205038,1.3254809811520505,1.528312201280056,-0.1251239578692668,,False,,full_polar_mission_grade_candidate,True,full_polar_mission_grade_candidate,cst_xfoil_mission_grade_candidate,false,tier3_exhaustive_current_cst_record;screening_pass_candidate,0,,4,344311.4799172722,366642.7063465623,389183.41895248735,0.9363,1.0262,1.1432,1.1724,0.27095392351684605,top10_balanced_score;top5_archive_pass;top5_mean_cd
policy_C_conservative_baseline,mid2,cst_mid2_seedless_sobol_0349_4db3ce89,0.01221626022338512,0.011000056619734208,0.01154160134471183,1.8157613306145495,0.2088872050333399,1.38128720503334,1.5903191167037112,-0.07242393586933649,,False,,full_polar_mission_grade_candidate,True,full_polar_mission_grade_candidate,cst_xfoil_mission_grade_candidate,false,tier3_exhaustive_current_cst_record;screening_pass_candidate,0,,4,344311.4799172722,366642.7063465623,389183.41895248735,0.9363,1.0262,1.1432,1.1724,0.27095392351684605,top10_balanced_score
policy_C_conservative_baseline,mid2,cst_mid1_nsga2_g05_child_0114_b5496e0b,0.012590653175575254,0.011635042563962427,0.01190224865530426,4.893074668900184,0.5549495297174851,1.7273495297174852,1.9748328107972057,-0.14368141327386427,actual_sidecar_query_grade,True,,full_polar_mission_grade_candidate,True,full_polar_mission_grade_candidate,cst_xfoil_mission_grade_candidate,false,tier3_exhaustive_current_cst_record;screening_pass_candidate;full_polar_archive_record;archive_mission_grade;actual_sidecar_query_pass,0,,4,344311.4799172722,366642.7063465623,389183.41895248735,0.9363,1.0262,1.1432,1.1724,0.27095392351684605,previous_raw_or_conservative_best_airfoil;top10_balanced_score;top5_actual_query_pass
policy_C_conservative_baseline,mid2,cst_mid2_seedless_sobol_0314_5ce1d840,0.012854752420882784,0.011639621813654289,0.012161693433646476,2.18219079352442,0.24022997076523134,1.4126299707652314,1.6251444119613683,-0.10391682283223994,,False,,full_polar_mission_grade_candidate,True,full_polar_mission_grade_candidate,cst_xfoil_mission_grade_candidate,false,tier3_exhaustive_current_cst_record;screening_pass_candidate,0,,4,344311.4799172722,366642.7063465623,389183.41895248735,0.9363,1.0262,1.1432,1.1724,0.27095392351684605,top10_balanced_score
policy_C_conservative_baseline,mid2,cst_mid2_seedless_sobol_0035_0918e2df,0.012863278388696262,0.010983638250949168,0.012143144944039844,1.2274802102998683,0.13520414882451726,1.3076041488245174,1.5084490542494637,-0.09792548338588176,,False,,full_polar_mission_grade_candidate,True,full_polar_mission_grade_candidate,cst_xfoil_mission_grade_candidate,false,tier3_exhaustive_current_cst_record;screening_pass_candidate,0,,4,344311.4799172722,366642.7063465623,389183.41895248735,0.9363,1.0262,1.1432,1.1724,0.27095392351684605,top10_balanced_score
policy_C_conservative_baseline,mid2,cst_mid1_nsga2_g06_child_0001_a86879e2,0.012900186836609115,0.012000782646746835,0.012423579978736029,4.707125243647954,0.536088214557465,1.7084882145574651,1.9538757939527391,-0.12523752061101034,actual_sidecar_query_grade,True,,full_polar_mission_grade_candidate,True,full_polar_mission_grade_candidate,cst_xfoil_mission_grade_candidate,false,tier3_exhaustive_current_cst_record;screening_pass_candidate;full_polar_archive_record;archive_mission_grade;actual_sidecar_query_pass,0,,4,344311.4799172722,366642.7063465623,389183.41895248735,0.9363,1.0262,1.1432,1.1724,0.27095392351684605,top10_balanced_score;top5_actual_query_pass
policy_C_conservative_baseline,mid2,cst_mid2_nsga2_g01_child_0046_9585b968,0.01299138008900081,0.011191059706297517,0.01219218194258437,0.920609685084262,0.09594060767230816,1.2683406076723083,1.4648228974136759,-0.06837207375750412,,False,,full_polar_mission_grade_candidate,True,full_polar_mission_grade_candidate,cst_xfoil_mission_grade_candidate,false,tier3_exhaustive_current_cst_record;screening_pass_candidate;screening_top32_by_score,0,,4,344311.4799172722,366642.7063465623,389183.41895248735,0.9363,1.0262,1.1432,1.1724,0.27095392351684605,previous_raw_or_conservative_best_airfoil
policy_C_conservative_baseline,mid2,cst_root_nsga2_g04_child_0066_2124fc90,0.013612831610252415,0.01256951523523962,0.012792423830477677,4.056066362390592,0.45405264564083514,1.6264526456408352,1.8627251618231504,-0.16088306111324618,,False,,full_polar_mission_grade_candidate,True,full_polar_mission_grade_candidate,cst_xfoil_mission_grade_candidate,false,tier3_exhaustive_current_cst_record;screening_pass_candidate,0,,4,344311.4799172722,366642.7063465623,389183.41895248735,0.9363,1.0262,1.1432,1.1724,0.27095392351684605,previous_raw_or_conservative_best_airfoil
policy_C_conservative_baseline,mid2,cst_root_nsga2_g05_child_0019_00cc4dca,0.014509163782029552,0.013538534131514086,0.01394507992267834,5.664322568932151,0.4646153344478994,1.6370153344478995,1.8744614827198884,-0.13805643726799624,actual_sidecar_query_grade,True,,full_polar_mission_grade_candidate,True,full_polar_mission_grade_candidate,cst_xfoil_mission_grade_candidate,false,tier3_exhaustive_current_cst_record;screening_pass_candidate;full_polar_archive_record;archive_mission_grade;actual_sidecar_query_pass,0,,4,344311.4799172722,366642.7063465623,389183.41895248735,0.9363,1.0262,1.1432,1.1724,0.27095392351684605,previous_raw_or_conservative_best_airfoil;top5_actual_query_pass
policy_C_conservative_baseline,mid2,clarkysm,0.014900193502710855,0.013211213335192405,0.014506193561889624,1.2995939668132976,0.13216865771533048,1.3045686577153306,1.5050762863503673,-0.0642556785968455,actual_sidecar_query_grade,True,,full_polar_mission_grade_candidate,True,full_polar_mission_grade_candidate,seed_reference_pending_full_polar,false,seed_dae_clarky_reference;tier1_reference_airfoil;tier2_reference_airfoil;tier3_reference_airfoil;archive_mission_grade;actual_sidecar_query_pass,0,,4,344311.4799172722,366642.7063465623,389183.41895248735,0.9363,1.0262,1.1432,1.1724,0.27095392351684605,previous_raw_or_conservative_best_airfoil;seed_dae_clarky_fx_reference;top5_actual_query_pass
policy_C_conservative_baseline,mid2,dae41,0.01530377982428006,0.013281468202122497,0.015034950131142644,0.8054441333549551,0.08545098524847061,1.2578509852484707,1.4531677613871896,-0.05188583561299844,actual_sidecar_query_not_mission_grade,False,,full_polar_candidate_not_mission_grade,True,full_polar_mission_grade_candidate,seed_reference_pending_full_polar,false,seed_dae_clarky_reference;tier1_reference_airfoil;tier2_reference_airfoil;tier3_reference_airfoil,0,,4,344311.4799172722,366642.7063465623,389183.41895248735,0.9363,1.0262,1.1432,1.1724,0.27095392351684605,seed_dae_clarky_fx_reference
policy_C_conservative_baseline,mid2,cst_mid2_nsga2_g03_child_0078_3cbb476b,0.016345710546555894,0.014611497483285633,0.01509837133164247,0.6152079164255311,0.06174277548422302,1.2341427754842231,1.4268253060935812,-0.06190186242635521,actual_sidecar_query_grade,True,,full_polar_mission_grade_candidate,True,full_polar_mission_grade_candidate,cst_xfoil_mission_grade_candidate,false,tier3_exhaustive_current_cst_record;screening_pass_candidate;full_polar_archive_record;archive_mission_grade;actual_sidecar_query_pass,0,,4,344311.4799172722,366642.7063465623,389183.41895248735,0.9363,1.0262,1.1432,1.1724,0.27095392351684605,top5_actual_query_pass
policy_C_conservative_baseline,mid2,dae21,0.021736561548548358,0.010662793353368087,0.011017179155328386,2.7124590893255736,0.2690798757367876,1.4414798757367877,1.657199861929764,-0.13432711819282525,actual_sidecar_query_grade,True,,full_polar_candidate_not_mission_grade,False,full_polar_candidate_not_mission_grade,seed_reference_pending_full_polar,false,seed_dae_clarky_reference;tier1_reference_airfoil;tier2_reference_airfoil;tier3_reference_airfoil;actual_sidecar_query_pass,0,,4,344311.4799172722,366642.7063465623,389183.41895248735,0.9363,1.0262,1.1432,1.1724,0.27095392351684605,previous_raw_or_conservative_best_airfoil;seed_dae_clarky_fx_reference;top5_cd_p90
policy_C_conservative_baseline,mid2,cst_mid2_nsga2_g02_child_0106_7ea30168,0.021894587721587304,0.010072184395436857,0.010885335657624616,1.4349193813702044,0.16129495326258114,1.3336949532625813,1.5374388369584235,-0.12587667917830575,,False,,full_polar_candidate_not_mission_grade,False,full_polar_candidate_not_mission_grade,cst_xfoil_mission_grade_candidate,false,tier3_exhaustive_current_cst_record;screening_pass_candidate,0,,4,344311.4799172722,366642.7063465623,389183.41895248735,0.9363,1.0262,1.1432,1.1724,0.27095392351684605,top5_cd_p90;top5_mean_cd
policy_C_conservative_baseline,mid2,fx76mp140,0.023061610023427742,0.011849321283818224,0.012094591144484959,4.0361686656561115,0.3130704323985414,1.4854704323985415,1.7060782582206018,-0.18774071472936005,actual_sidecar_query_grade,True,,full_polar_candidate_not_mission_grade,False,full_polar_candidate_not_mission_grade,seed_reference_pending_full_polar,false,seed_dae_clarky_reference;tier1_reference_airfoil;tier2_reference_airfoil;tier3_reference_airfoil;actual_sidecar_query_pass,0,,4,344311.4799172722,366642.7063465623,389183.41895248735,0.9363,1.0262,1.1432,1.1724,0.27095392351684605,seed_dae_clarky_fx_reference
policy_C_conservative_baseline,mid2,dae11,0.023801548573482142,0.012877036332871787,0.013240219863262978,3.162451712853246,0.31327698742999477,1.4856769874299949,1.7063077638111055,-0.13289966749557325,actual_sidecar_query_grade,True,,full_polar_candidate_not_mission_grade,False,full_polar_candidate_not_mission_grade,seed_reference_pending_full_polar,false,seed_dae_clarky_reference;tier1_reference_airfoil;tier2_reference_airfoil;tier3_reference_airfoil;actual_sidecar_query_pass,0,,4,344311.4799172722,366642.7063465623,389183.41895248735,0.9363,1.0262,1.1432,1.1724,0.27095392351684605,seed_dae_clarky_fx_reference
policy_C_conservative_baseline,mid2,cst_tip_nsga2_g04_child_0123_01770232,1.0283454894736872,0.023819749080194078,0.03126456303740542,-0.06598054144311485,-0.007023402013611957,1.1653765979863882,1.350418442207098,-0.05280520293525652,,False,insufficient_safe_clmax_margin,full_polar_mission_grade_candidate,False,full_polar_mission_grade_candidate,cst_xfoil_mission_grade_candidate,false,tier3_exhaustive_current_cst_record;screening_pass_candidate,0,,4,344311.4799172722,366642.7063465623,389183.41895248735,0.9363,1.0262,1.1432,1.1724,0.27095392351684605,previous_raw_or_conservative_best_airfoil
policy_C_conservative_baseline,tip,cst_tip_nsga2_g05_child_0032_70ef8136,0.009744053347436917,0.008065859962595014,0.01143622047493072,2.0250290029864955,0.1993948591266238,1.1034948591266238,1.2816609545851376,-0.0018469511696090882,,False,,full_polar_mission_grade_candidate,True,full_polar_mission_grade_candidate,cst_xfoil_mission_grade_candidate,false,tier3_exhaustive_current_cst_record;screening_pass_candidate;screening_global_pareto_front,0,,4,270238.83578807756,286074.32281274453,333837.1710855226,0.1058,0.6736,0.8715,0.9041,0.13304374416884085,top10_balanced_score;top5_archive_pass;top5_mean_cd
policy_C_conservative_baseline,tip,cst_tip_nsga2_g05_child_0102_33bdf605,0.009875609553627755,0.008066391483629781,0.012763786454216053,6.3802784870761045,0.38977469357273364,1.2938746935727337,1.493194103969704,-0.027521638382129794,,False,,full_polar_mission_grade_candidate,True,full_polar_mission_grade_candidate,cst_xfoil_mission_grade_candidate,false,tier3_exhaustive_current_cst_record;screening_pass_candidate,0,,4,270238.83578807756,286074.32281274453,333837.1710855226,0.1058,0.6736,0.8715,0.9041,0.13304374416884085,top10_balanced_score;top5_archive_pass;top5_mean_cd
policy_C_conservative_baseline,tip,cst_tip_nsga2_g02_child_0093_97ccea59,0.010298835349671267,0.009715108537163059,0.01004938886186564,3.108024468881915,0.3162551530710861,1.220355153071086,1.4115057256345402,-0.07778811647705088,,False,,full_polar_mission_grade_candidate,True,full_polar_mission_grade_candidate,cst_xfoil_mission_grade_candidate,false,tier3_exhaustive_current_cst_record;screening_pass_candidate,0,,4,270238.83578807756,286074.32281274453,333837.1710855226,0.1058,0.6736,0.8715,0.9041,0.13304374416884085,top10_balanced_score;top5_archive_pass;top5_cd_p90;top5_mean_cd
policy_C_conservative_baseline,tip,dae41,0.010569870735709651,0.00998110710029771,0.0106030889613372,3.334387016234147,0.3537509852484707,1.2578509852484707,1.4531677613871896,-0.06184499734135331,actual_sidecar_query_not_mission_grade,False,,full_polar_candidate_not_mission_grade,True,full_polar_mission_grade_candidate,seed_reference_pending_full_polar,false,seed_dae_clarky_reference;tier1_reference_airfoil;tier2_reference_airfoil;tier3_reference_airfoil,0,,4,270238.83578807756,286074.32281274453,333837.1710855226,0.1058,0.6736,0.8715,0.9041,0.13304374416884085,seed_dae_clarky_fx_reference;top10_balanced_score;top5_archive_pass;top5_cd_p90
policy_C_conservative_baseline,tip,cst_tip_nsga2_g06_child_0056_b3f9b7c4,0.010677191138349416,0.009748121327402177,0.010556711799164537,4.592219045519082,0.4967986423088563,1.4008986423088563,1.6121096025653958,-0.10767719097173561,,False,,full_polar_mission_grade_candidate,True,full_polar_mission_grade_candidate,cst_xfoil_mission_grade_candidate,false,tier3_exhaustive_current_cst_record;screening_pass_candidate,0,,4,270238.83578807756,286074.32281274453,333837.1710855226,0.1058,0.6736,0.8715,0.9041,0.13304374416884085,top10_balanced_score;top5_archive_pass;top5_cd_p90;top5_mean_cd
policy_C_conservative_baseline,tip,cst_tip_nsga2_g04_child_0098_30d640bc,0.010819169554597113,0.00983701012504788,0.010616285055319443,2.997403495143005,0.2757487114591711,1.1798487114591711,1.366498568287968,-0.11801915858761497,,False,,full_polar_mission_grade_candidate,True,full_polar_mission_grade_candidate,cst_xfoil_mission_grade_candidate,false,tier3_exhaustive_current_cst_record;screening_pass_candidate,0,,4,270238.83578807756,286074.32281274453,333837.1710855226,0.1058,0.6736,0.8715,0.9041,0.13304374416884085,top10_balanced_score;top5_cd_p90;top5_mean_cd
policy_C_conservative_baseline,tip,cst_tip_nsga2_g03_child_0046_3374bb35,0.01085816442299707,0.01040037426859977,0.010735533883676734,4.271964365940204,0.48332512004319483,1.3874251200431948,1.5971390222702164,-0.056747381520060196,,False,,full_polar_mission_grade_candidate,True,full_polar_mission_grade_candidate,cst_xfoil_mission_grade_candidate,false,tier3_exhaustive_current_cst_record;screening_pass_candidate,0,,4,270238.83578807756,286074.32281274453,333837.1710855226,0.1058,0.6736,0.8715,0.9041,0.13304374416884085,top10_balanced_score
policy_C_conservative_baseline,tip,cst_tip_nsga2_g06_child_0069_48b22f3d,0.010914716223616278,0.01029322310763631,0.011104473238805958,3.128368592398968,0.3405584514569343,1.2446584514569343,1.4385093905077049,-0.05625926167843198,,False,,full_polar_mission_grade_candidate,True,full_polar_mission_grade_candidate,cst_xfoil_mission_grade_candidate,false,tier3_exhaustive_current_cst_record;screening_pass_candidate;screening_global_pareto_front,0,,4,270238.83578807756,286074.32281274453,333837.1710855226,0.1058,0.6736,0.8715,0.9041,0.13304374416884085,top10_balanced_score
policy_C_conservative_baseline,tip,cst_tip_nsga2_g02_child_0073_ab290648,0.010921680904487788,0.010342513556821123,0.010871136746262755,3.6551347441885813,0.39960154218245514,1.3037015421824552,1.5041128246471724,-0.06569153856034914,,False,,full_polar_mission_grade_candidate,True,full_polar_mission_grade_candidate,cst_xfoil_mission_grade_candidate,false,tier3_exhaustive_current_cst_record;screening_pass_candidate;screening_global_pareto_front,0,,4,270238.83578807756,286074.32281274453,333837.1710855226,0.1058,0.6736,0.8715,0.9041,0.13304374416884085,top10_balanced_score
policy_C_conservative_baseline,tip,clarkysm,0.010951125226783166,0.010162259433991358,0.010859439125022442,3.93774636484256,0.4004686577153306,1.3045686577153306,1.5050762863503673,-0.09080881682182157,actual_sidecar_query_grade,True,,full_polar_mission_grade_candidate,True,full_polar_mission_grade_candidate,seed_reference_pending_full_polar,false,seed_dae_clarky_reference;tier1_reference_airfoil;tier2_reference_airfoil;tier3_reference_airfoil;archive_mission_grade;actual_sidecar_query_pass,0,,4,270238.83578807756,286074.32281274453,333837.1710855226,0.1058,0.6736,0.8715,0.9041,0.13304374416884085,previous_raw_or_conservative_best_airfoil;seed_dae_clarky_fx_reference;top10_balanced_score;top5_actual_query_pass
policy_C_conservative_baseline,tip,cst_tip_nsga2_g04_child_0123_01770232,0.011978517309086317,0.010861189549294634,0.01237799626780115,2.4545329127032667,0.26127659798638814,1.1653765979863882,1.350418442207098,-0.052285310777672275,,False,,full_polar_mission_grade_candidate,True,full_polar_mission_grade_candidate,cst_xfoil_mission_grade_candidate,false,tier3_exhaustive_current_cst_record;screening_pass_candidate,0,,4,270238.83578807756,286074.32281274453,333837.1710855226,0.1058,0.6736,0.8715,0.9041,0.13304374416884085,previous_raw_or_conservative_best_airfoil
policy_C_conservative_baseline,tip,cst_mid1_nsga2_g05_child_0114_b5496e0b,0.015208748315944473,0.013397919566400027,0.01613353701428409,7.258716701850906,0.8232495297174852,1.7273495297174852,1.9748328107972057,-0.14222710713083717,actual_sidecar_query_grade,True,,full_polar_mission_grade_candidate,True,full_polar_mission_grade_candidate,cst_xfoil_mission_grade_candidate,false,tier3_exhaustive_current_cst_record;screening_pass_candidate;full_polar_archive_record;archive_mission_grade;actual_sidecar_query_pass,0,,4,270238.83578807756,286074.32281274453,333837.1710855226,0.1058,0.6736,0.8715,0.9041,0.13304374416884085,previous_raw_or_conservative_best_airfoil;top5_actual_query_pass
policy_C_conservative_baseline,tip,cst_mid2_nsga2_g01_child_0046_9585b968,0.015290070040544555,0.013551473409550416,0.01731073470967426,3.4951147304530794,0.36424060767230826,1.2683406076723083,1.4648228974136759,-0.0704758626584655,,False,,full_polar_mission_grade_candidate,True,full_polar_mission_grade_candidate,cst_xfoil_mission_grade_candidate,false,tier3_exhaustive_current_cst_record;screening_pass_candidate;screening_top32_by_score,0,,4,270238.83578807756,286074.32281274453,333837.1710855226,0.1058,0.6736,0.8715,0.9041,0.13304374416884085,previous_raw_or_conservative_best_airfoil
policy_C_conservative_baseline,tip,cst_mid1_nsga2_g06_child_0001_a86879e2,0.015663897165250296,0.014313384811965105,0.01607315355093392,7.062934732788234,0.8043882145574651,1.7084882145574651,1.9538757939527391,-0.12243221577435097,actual_sidecar_query_grade,True,,full_polar_mission_grade_candidate,True,full_polar_mission_grade_candidate,cst_xfoil_mission_grade_candidate,false,tier3_exhaustive_current_cst_record;screening_pass_candidate;full_polar_archive_record;archive_mission_grade;actual_sidecar_query_pass,0,,4,270238.83578807756,286074.32281274453,333837.1710855226,0.1058,0.6736,0.8715,0.9041,0.13304374416884085,top5_actual_query_pass
policy_C_conservative_baseline,tip,cst_root_nsga2_g04_child_0066_2124fc90,0.01796740809567337,0.016357929077688554,0.018271770642158052,6.452798581610427,0.7223526456408352,1.6264526456408352,1.8627251618231504,-0.15660574507008218,,False,,full_polar_mission_grade_candidate,True,full_polar_mission_grade_candidate,cst_xfoil_mission_grade_candidate,false,tier3_exhaustive_current_cst_record;screening_pass_candidate,0,,4,270238.83578807756,286074.32281274453,333837.1710855226,0.1058,0.6736,0.8715,0.9041,0.13304374416884085,previous_raw_or_conservative_best_airfoil
policy_C_conservative_baseline,tip,cst_root_nsga2_g05_child_0019_00cc4dca,0.019470897562243787,0.01689695366413482,0.021970346837277374,8.935281645326809,0.7329153344478995,1.6370153344478995,1.8744614827198884,-0.13304271458484565,actual_sidecar_query_grade,True,,full_polar_mission_grade_candidate,True,full_polar_mission_grade_candidate,cst_xfoil_mission_grade_candidate,false,tier3_exhaustive_current_cst_record;screening_pass_candidate;full_polar_archive_record;archive_mission_grade;actual_sidecar_query_pass,0,,4,270238.83578807756,286074.32281274453,333837.1710855226,0.1058,0.6736,0.8715,0.9041,0.13304374416884085,previous_raw_or_conservative_best_airfoil;top5_actual_query_pass
policy_C_conservative_baseline,tip,cst_tip_nsga2_g06_child_0047_141bb670,0.021065889013132194,0.010332331662920378,0.010582710897849299,2.613039756564109,0.269995405516405,1.174095405516405,1.3601060061293389,-0.07540741604479141,,False,,full_polar_candidate_not_mission_grade,False,full_polar_candidate_not_mission_grade,cst_xfoil_mission_grade_candidate,false,tier3_exhaustive_current_cst_record;screening_pass_candidate,0,,4,270238.83578807756,286074.32281274453,333837.1710855226,0.1058,0.6736,0.8715,0.9041,0.13304374416884085,top5_cd_p90
policy_C_conservative_baseline,tip,dae31,0.031557905328789354,0.01883672956598045,0.04836581122688911,5.984650218694197,0.5946062860961446,1.4987062860961446,1.7207847623290495,-0.14766619691514535,mixed_actual_sidecar_query_quality,False,cl_outside_polar_envelope,full_polar_mission_grade_candidate,False,full_polar_mission_grade_candidate,seed_reference_pending_full_polar,false,seed_dae_clarky_reference;tier1_reference_airfoil;tier2_reference_airfoil;tier3_reference_airfoil;archive_mission_grade,1,cl_outside_polar_envelope,4,270238.83578807756,286074.32281274453,333837.1710855226,0.1058,0.6736,0.8715,0.9041,0.13304374416884085,previous_raw_or_conservative_best_airfoil;seed_dae_clarky_fx_reference
policy_C_conservative_baseline,tip,fx76mp140,0.03301297040400874,0.018054509914349426,0.024814505051795843,7.495147671431362,0.5813704323985415,1.4854704323985415,1.7060782582206018,-0.18207703192551042,actual_sidecar_query_grade,False,cl_outside_polar_envelope,full_polar_candidate_not_mission_grade,False,full_polar_candidate_not_mission_grade,seed_reference_pending_full_polar,false,seed_dae_clarky_reference;tier1_reference_airfoil;tier2_reference_airfoil;tier3_reference_airfoil;actual_sidecar_query_pass,1,cl_outside_polar_envelope,4,270238.83578807756,286074.32281274453,333837.1710855226,0.1058,0.6736,0.8715,0.9041,0.13304374416884085,seed_dae_clarky_fx_reference
policy_C_conservative_baseline,tip,dae11,0.036394911842956755,0.01993660782642443,0.03619797509684686,5.870872147814591,0.5815769874299949,1.4856769874299949,1.7063077638111055,-0.12780424531407958,actual_sidecar_query_grade,True,,full_polar_candidate_not_mission_grade,False,full_polar_candidate_not_mission_grade,seed_reference_pending_full_polar,false,seed_dae_clarky_reference;tier1_reference_airfoil;tier2_reference_airfoil;tier3_reference_airfoil;actual_sidecar_query_pass,0,,4,270238.83578807756,286074.32281274453,333837.1710855226,0.1058,0.6736,0.8715,0.9041,0.13304374416884085,seed_dae_clarky_fx_reference;top5_actual_query_pass
policy_C_conservative_baseline,tip,dae21,0.037392924510015885,0.018290088232863218,0.042081818064730686,5.417056643019761,0.5373798757367877,1.4414798757367877,1.657199861929764,-0.12928847266650867,actual_sidecar_query_grade,True,,full_polar_candidate_not_mission_grade,False,full_polar_candidate_not_mission_grade,seed_reference_pending_full_polar,false,seed_dae_clarky_reference;tier1_reference_airfoil;tier2_reference_airfoil;tier3_reference_airfoil;actual_sidecar_query_pass,0,,4,270238.83578807756,286074.32281274453,333837.1710855226,0.1058,0.6736,0.8715,0.9041,0.13304374416884085,previous_raw_or_conservative_best_airfoil;seed_dae_clarky_fx_reference
