{
  "status": "triggered_while_meshing",
  "pid": 98888,
  "timeout_seconds": 8.0,
  "sample_seconds": 1,
  "sample_artifact": "docs/reports/main_wing_real_mesh_handoff_probe/artifacts/real_mesh_probe/artifacts/mesh/mesh3d_watchdog_sample.txt",
  "mesh_algorithm_3d": 1,
  "pre_mesh_stats": {
    "mesh_dim": 3,
    "node_count": 11348,
    "element_count": 24302,
    "surface_element_count": 22687,
    "volume_element_count": 0
  },
  "triggered_at_elapsed_sec": 9.210440750000998,
  "logger_message_count": 508,
  "meshing_stage_at_timeout": "meshing_3d",
  "logger_tail": [
    "Info: It. 120000 - 117569 nodes created - worst tet radius 1.78956 (nodes removed 1050 1381)",
    "Info: It. 120500 - 118047 nodes created - worst tet radius 8.87976 (nodes removed 1050 1403)",
    "Info: It. 121000 - 118481 nodes created - worst tet radius 1.55112 (nodes removed 1073 1446)",
    "Info: It. 121500 - 118967 nodes created - worst tet radius 1.54919 (nodes removed 1073 1460)",
    "Info: It. 122000 - 119444 nodes created - worst tet radius 1.54748 (nodes removed 1073 1483)",
    "Info: It. 122500 - 119917 nodes created - worst tet radius 1.72943 (nodes removed 1073 1510)",
    "Info: It. 123000 - 120375 nodes created - worst tet radius 1.54398 (nodes removed 1074 1551)",
    "Info: It. 123500 - 120852 nodes created - worst tet radius 1.54225 (nodes removed 1074 1574)",
    "Info: It. 124000 - 121296 nodes created - worst tet radius 1.54062 (nodes removed 1096 1608)",
    "Info: It. 124500 - 121746 nodes created - worst tet radius 1.57635 (nodes removed 1109 1645)",
    "Info: It. 125000 - 122209 nodes created - worst tet radius 3.20094 (nodes removed 1119 1672)",
    "Info: It. 125500 - 122687 nodes created - worst tet radius 1.53555 (nodes removed 1121 1692)",
    "Info: It. 126000 - 123160 nodes created - worst tet radius 1.53367 (nodes removed 1123 1717)",
    "Info: It. 126500 - 123625 nodes created - worst tet radius 1.53191 (nodes removed 1125 1750)",
    "Info: It. 127000 - 124091 nodes created - worst tet radius 1.5303 (nodes removed 1126 1783)",
    "Info: It. 127500 - 124566 nodes created - worst tet radius 1.52857 (nodes removed 1127 1807)",
    "Info: It. 128000 - 125023 nodes created - worst tet radius 2.12344 (nodes removed 1127 1850)",
    "Info: It. 128500 - 125477 nodes created - worst tet radius 1.52507 (nodes removed 1145 1878)",
    "Info: It. 129000 - 125951 nodes created - worst tet radius 1.5234 (nodes removed 1145 1904)",
    "Info: It. 129500 - 126420 nodes created - worst tet radius 1.63893 (nodes removed 1145 1935)",
    "Info: It. 130000 - 126866 nodes created - worst tet radius 1.52009 (nodes removed 1148 1986)",
    "Info: It. 130500 - 127315 nodes created - worst tet radius 1.51878 (nodes removed 1148 2037)",
    "Info: It. 131000 - 127758 nodes created - worst tet radius 1.5173 (nodes removed 1148 2094)",
    "Info: It. 131500 - 128221 nodes created - worst tet radius 1.51562 (nodes removed 1149 2130)",
    "Info: It. 132000 - 128677 nodes created - worst tet radius 1.51394 (nodes removed 1152 2171)",
    "Info: It. 132500 - 129151 nodes created - worst tet radius 1.51231 (nodes removed 1156 2193)",
    "Info: It. 133000 - 129625 nodes created - worst tet radius 1.51068 (nodes removed 1156 2219)",
    "Info: It. 133500 - 130081 nodes created - worst tet radius 1.50907 (nodes removed 1157 2262)",
    "Info: It. 134000 - 130536 nodes created - worst tet radius 1.50761 (nodes removed 1159 2305)",
    "Info: It. 134500 - 130999 nodes created - worst tet radius 1.72352 (nodes removed 1160 2341)",
    "Info: It. 135000 - 131444 nodes created - worst tet radius 3.85109 (nodes removed 1161 2395)",
    "Info: It. 135500 - 131885 nodes created - worst tet radius 1.50317 (nodes removed 1164 2451)",
    "Info: It. 136000 - 132361 nodes created - worst tet radius 1.50154 (nodes removed 1164 2475)",
    "Info: It. 136500 - 132815 nodes created - worst tet radius 1.49993 (nodes removed 1165 2520)",
    "Info: It. 137000 - 133262 nodes created - worst tet radius 1.49852 (nodes removed 1166 2572)",
    "Info: It. 137500 - 133713 nodes created - worst tet radius 1.49706 (nodes removed 1166 2621)",
    "Info: It. 138000 - 134140 nodes created - worst tet radius 1.49573 (nodes removed 1198 2662)",
    "Info: It. 138500 - 134590 nodes created - worst tet radius 1.49426 (nodes removed 1198 2712)",
    "Info: It. 139000 - 135050 nodes created - worst tet radius 4.94245 (nodes removed 1199 2751)",
    "Info: It. 139500 - 135510 nodes created - worst tet radius 1.49128 (nodes removed 1208 2782)",
    "Info: It. 140000 - 135966 nodes created - worst tet radius 1.82839 (nodes removed 1209 2825)",
    "Info: It. 140500 - 136440 nodes created - worst tet radius 1.48832 (nodes removed 1209 2851)",
    "Info: It. 141000 - 136872 nodes created - worst tet radius 1.48708 (nodes removed 1211 2917)",
    "Info: It. 141500 - 137338 nodes created - worst tet radius 1.48574 (nodes removed 1211 2951)",
    "Info: It. 142000 - 137799 nodes created - worst tet radius 1.48431 (nodes removed 1214 2987)",
    "Info: It. 142500 - 138245 nodes created - worst tet radius 1.56662 (nodes removed 1215 3040)",
    "Info: It. 143000 - 138677 nodes created - worst tet radius 1.48147 (nodes removed 1216 3107)",
    "Info: It. 143500 - 139119 nodes created - worst tet radius 1.48014 (nodes removed 1217 3164)",
    "Info: It. 144000 - 139552 nodes created - worst tet radius 1.47876 (nodes removed 1239 3209)",
    "Info: It. 144500 - 139998 nodes created - worst tet radius 1.47739 (nodes removed 1240 3262)",
    "Info: It. 145000 - 140460 nodes created - worst tet radius 1.74092 (nodes removed 1241 3299)",
    "Info: It. 145500 - 140916 nodes created - worst tet radius 1.47464 (nodes removed 1241 3343)",
    "Info: It. 146000 - 141362 nodes created - worst tet radius 1.47322 (nodes removed 1243 3395)",
    "Info: It. 146500 - 141798 nodes created - worst tet radius 1.47192 (nodes removed 1243 3459)",
    "Info: It. 147000 - 142162 nodes created - worst tet radius 1.47086 (nodes removed 1323 3515)",
    "Info: It. 147500 - 142607 nodes created - worst tet radius 1.46958 (nodes removed 1324 3569)",
    "Info: It. 148000 - 143049 nodes created - worst tet radius 1.46847 (nodes removed 1324 3627)",
    "Info: It. 148500 - 143477 nodes created - worst tet radius 1.46731 (nodes removed 1325 3698)",
    "Info: It. 149000 - 143917 nodes created - worst tet radius 1.75685 (nodes removed 1325 3758)",
    "Info: It. 149500 - 144377 nodes created - worst tet radius 1.54996 (nodes removed 1325 3798)",
    "Info: It. 150000 - 144824 nodes created - worst tet radius 1.46315 (nodes removed 1326 3850)",
    "Info: It. 150500 - 145282 nodes created - worst tet radius 2.25245 (nodes removed 1326 3892)",
    "Info: It. 151000 - 145687 nodes created - worst tet radius 10.5693 (nodes removed 1326 3987)",
    "Info: It. 151500 - 146118 nodes created - worst tet radius 1.45962 (nodes removed 1326 4056)",
    "Info: It. 152000 - 146557 nodes created - worst tet radius 1.45825 (nodes removed 1326 4117)",
    "Info: It. 152500 - 147007 nodes created - worst tet radius 1.71603 (nodes removed 1326 4167)",
    "Info: It. 153000 - 147462 nodes created - worst tet radius 1.45554 (nodes removed 1326 4212)",
    "Info: It. 153500 - 147909 nodes created - worst tet radius 1.4542 (nodes removed 1326 4265)",
    "Info: It. 154000 - 148347 nodes created - worst tet radius 1.45305 (nodes removed 1326 4327)",
    "Info: It. 154500 - 148782 nodes created - worst tet radius 1.45186 (nodes removed 1326 4392)",
    "Info: It. 155000 - 149224 nodes created - worst tet radius 1.45068 (nodes removed 1328 4448)",
    "Info: It. 155500 - 149640 nodes created - worst tet radius 1.44945 (nodes removed 1347 4513)",
    "Info: It. 156000 - 150065 nodes created - worst tet radius 1.52123 (nodes removed 1348 4587)",
    "Info: It. 156500 - 150467 nodes created - worst tet radius 1.44716 (nodes removed 1348 4685)",
