{
  "status": "captured",
  "requested_surface_tags": [],
  "selected_surface_tags": [
    5
  ],
  "hotspot_surface_counts": {
    "5": 20
  },
  "surface_reports": [
    {
      "surface_id": 5,
      "surface_area": 2.0,
      "surface_bbox": {
        "x_min": -1e-07,
        "y_min": -1.0000001,
        "z_min": -0.0250001,
        "x_max": 1.0000001,
        "y_max": 1.0000001,
        "z_max": -0.024999900000000002
      },
      "surface_role": "aircraft",
      "surface_triangle_count": 14,
      "surface_triangle_quality": {
        "triangle_count": 14,
        "min_area": 0.12037037037037035,
        "gamma": {
          "count": 14,
          "min": 0.8413560144712385,
          "p01": 0.8413560144712385,
          "p05": 0.8413560144712386,
          "p50": 0.9527324104359566,
          "p95": 0.989743318610787,
          "p99": 0.989743318610787,
          "max": 0.9897433186107871
        },
        "aspect_ratio": {
          "count": 14,
          "min": 1.1094003924504585,
          "p01": 1.1094003924504585,
          "p05": 1.1094003924504585,
          "p50": 1.3135603549305757,
          "p95": 1.4540280364780445,
          "p99": 1.4540280364780447,
          "max": 1.4540280364780447
        },
        "min_edge_length": 0.5,
        "max_edge_length": 0.7270140182390223
      },
      "boundary_curves": [
        {
          "curve_id": 2,
          "curve_length": 2.0,
          "owner_surface_tags": [
            1,
            5
          ],
          "node_count": 4,
          "min_edge_length": 0.6666666666666665,
          "max_edge_length": 0.6666666666666667,
          "max_min_edge_ratio": 1.0000000000000004
        },
        {
          "curve_id": 5,
          "curve_length": 1.0,
          "owner_surface_tags": [
            2,
            5
          ],
          "node_count": 3,
          "min_edge_length": 0.5,
          "max_edge_length": 0.5,
          "max_min_edge_ratio": 1.0
        },
        {
          "curve_id": 8,
          "curve_length": 2.0,
          "owner_surface_tags": [
            3,
            5
          ],
          "node_count": 4,
          "min_edge_length": 0.6666666666666665,
          "max_edge_length": 0.6666666666666667,
          "max_min_edge_ratio": 1.0000000000000004
        },
        {
          "curve_id": 11,
          "curve_length": 1.0,
          "owner_surface_tags": [
            4,
            5
          ],
          "node_count": 3,
          "min_edge_length": 0.5,
          "max_edge_length": 0.5,
          "max_min_edge_ratio": 1.0
        }
      ],
      "adjacent_surfaces": [
        1,
        2,
        3,
        4
      ],
      "local_target_size_hint": 0.8,
      "family_hints": [
        "high_aspect_strip_candidate",
        "span_extreme_candidate",
        "span_extreme_strip_candidate"
      ],
      "worst_tets_near_this_surface": {
        "count": 20,
        "min_gamma": 0.027220832737788133,
        "min_sicn": 0.027305780095795536,
        "min_sige": 0.03839532017067875,
        "min_volume": 0.00047307093889863725,
        "entries": [
          {
            "element_id": 1185,
            "barycenter": [
              -1.6648339068481737,
              2.5030602123788586,
              0.0
            ],
            "distance_to_surface": 0.025,
            "nearest_surface_id": 5,
            "nearest_curve_id": 11,
            "local_tetra_edge_length_min": 0.25000100000000003,
            "local_tetra_edge_length_max": 0.8100029412561814,
            "min_sicn": 0.027305780095795536,
            "min_sige": 0.03839532017067875,
            "gamma": 0.027220832737788133,
            "volume": 0.00047307093889863725
          },
          {
            "element_id": 1372,
            "barycenter": [
              -1.6681424640765008,
              -2.124237194113309,
              0.0
            ],
            "distance_to_surface": 0.025,
            "nearest_surface_id": 5,
            "nearest_curve_id": 2,
            "local_tetra_edge_length_min": 0.25000100000000003,
            "local_tetra_edge_length_max": 0.8223043623075422,
            "min_sicn": 0.06008717102843254,
            "min_sige": 0.08465707952112611,
            "gamma": 0.05560012847673724,
            "volume": 0.0010616351789149714
          },
          {
            "element_id": 650,
            "barycenter": [
              -0.3128585300483639,
              -0.187531743486829,
              -0.06250025000000001
            ],
            "distance_to_surface": 0.037500250000000006,
            "nearest_surface_id": 5,
            "nearest_curve_id": 2,
            "local_tetra_edge_length_min": 0.05,
            "local_tetra_edge_length_max": 0.9502572272645704,
            "min_sicn": 0.11435144935352885,
            "min_sige": 0.6147744390506127,
            "gamma": 0.14040928806428798,
            "volume": 0.0042026583200902405
          },
          {
            "element_id": 1281,
            "barycenter": [
              -0.3164360001067011,
              0.8797687082141876,
              -0.06250025000000001
            ],
            "distance_to_surface": 0.037500250000000006,
            "nearest_surface_id": 5,
            "nearest_curve_id": 2,
            "local_tetra_edge_length_min": 0.05,
            "local_tetra_edge_length_max": 0.9078896582841879,
            "min_sicn": 0.11666319888428801,
            "min_sige": 0.6243596699167294,
            "gamma": 0.14457443381777238,
            "volume": 0.004199129656557185
          },
          {
            "element_id": 647,
            "barycenter": [
              -0.15728359648310158,
              0.00738048434523475,
              -0.037500125
            ],
            "distance_to_surface": 0.012500125,
            "nearest_surface_id": 5,
            "nearest_curve_id": 2,
            "local_tetra_edge_length_min": 0.05,
            "local_tetra_edge_length_max": 0.9502572272645704,
            "min_sicn": 0.11843121162161147,
            "min_sige": 0.5845162344613092,
            "gamma": 0.14119872631148858,
            "volume": 0.0034951910329578135
          },
          {
            "element_id": 1279,
            "barycenter": [
              -0.15728359648310158,
              0.6740471510119014,
              -0.025000125000000005
            ],
            "distance_to_surface": 1.2500000000359446e-07,
            "nearest_surface_id": 5,
            "nearest_curve_id": 2,
            "local_tetra_edge_length_min": 0.05,
            "local_tetra_edge_length_max": 0.9078896582841879,
            "min_sicn": 0.11954763613314019,
            "min_sige": 0.5952333982858056,
            "gamma": 0.1462754471625813,
            "volume": 0.003495191032957812
          },
          {
            "element_id": 1286,
            "barycenter": [
              -0.30877311525076684,
              -0.9231439287692504,
              -0.06250025000000001
            ],
            "distance_to_surface": 0.037500250000000006,
            "nearest_surface_id": 5,
            "nearest_curve_id": 2,
            "local_tetra_edge_length_min": 0.05,
            "local_tetra_edge_length_max": 0.8463589950090449,
            "min_sicn": 0.12025116477518429,
            "min_sige": 0.6330106365973461,
            "gamma": 0.14901332743803766,
            "volume": 0.004104511704836153
          },
          {
            "element_id": 695,
            "barycenter": [
              -0.1555749335652623,
              -0.6949122278320636,
              -0.037500125
            ],
            "distance_to_surface": 0.012500125,
            "nearest_surface_id": 5,
            "nearest_curve_id": 2,
            "local_tetra_edge_length_min": 0.05,
            "local_tetra_edge_length_max": 0.8463589950090449,
            "min_sicn": 0.1260816996505931,
            "min_sige": 0.6207059058389544,
            "gamma": 0.15717897815370885,