{
  "status": "captured",
  "requested_surface_tags": [],
  "selected_surface_tags": [
    5,
    6
  ],
  "hotspot_surface_counts": {
    "5": 11,
    "6": 9
  },
  "surface_reports": [
    {
      "surface_id": 5,
      "surface_area": 2.0,
      "surface_bbox": {
        "x_min": -1e-07,
        "y_min": -1.0000001,
        "z_min": -0.0250001,
        "x_max": 1.0000001,
        "y_max": 1.0000001,
        "z_max": -0.024999900000000002
      },
      "surface_role": "aircraft",
      "surface_triangle_count": 14,
      "surface_triangle_quality": {
        "triangle_count": 14,
        "min_area": 0.12037037037037035,
        "gamma": {
          "count": 14,
          "min": 0.8413560144712385,
          "p01": 0.8413560144712385,
          "p05": 0.8413560144712386,
          "p50": 0.9527324104359566,
          "p95": 0.989743318610787,
          "p99": 0.989743318610787,
          "max": 0.9897433186107871
        },
        "aspect_ratio": {
          "count": 14,
          "min": 1.1094003924504585,
          "p01": 1.1094003924504585,
          "p05": 1.1094003924504585,
          "p50": 1.3135603549305757,
          "p95": 1.4540280364780445,
          "p99": 1.4540280364780447,
          "max": 1.4540280364780447
        },
        "min_edge_length": 0.5,
        "max_edge_length": 0.7270140182390223
      },
      "boundary_curves": [
        {
          "curve_id": 2,
          "curve_length": 2.0,
          "owner_surface_tags": [
            1,
            5
          ],
          "node_count": 4,
          "min_edge_length": 0.6666666666666665,
          "max_edge_length": 0.6666666666666667,
          "max_min_edge_ratio": 1.0000000000000004
        },
        {
          "curve_id": 5,
          "curve_length": 1.0,
          "owner_surface_tags": [
            2,
            5
          ],
          "node_count": 3,
          "min_edge_length": 0.5,
          "max_edge_length": 0.5,
          "max_min_edge_ratio": 1.0
        },
        {
          "curve_id": 8,
          "curve_length": 2.0,
          "owner_surface_tags": [
            3,
            5
          ],
          "node_count": 4,
          "min_edge_length": 0.6666666666666665,
          "max_edge_length": 0.6666666666666667,
          "max_min_edge_ratio": 1.0000000000000004
        },
        {
          "curve_id": 11,
          "curve_length": 1.0,
          "owner_surface_tags": [
            4,
            5
          ],
          "node_count": 3,
          "min_edge_length": 0.5,
          "max_edge_length": 0.5,
          "max_min_edge_ratio": 1.0
        }
      ],
      "adjacent_surfaces": [
        1,
        2,
        3,
        4
      ],
      "local_target_size_hint": 0.8,
      "family_hints": [
        "high_aspect_strip_candidate",
        "span_extreme_candidate",
        "span_extreme_strip_candidate"
      ],
      "worst_tets_near_this_surface": {
        "count": 11,
        "min_gamma": 0.06821987274995774,
        "min_sicn": 0.06966279255209332,
        "min_sige": 0.09344916752917909,
        "min_volume": 0.0010494012201275303,
        "entries": [
          {
            "element_id": 1236,
            "barycenter": [
              3.6772511921315574,
              -2.0748368522643874,
              0.0
            ],
            "distance_to_surface": 0.025,
            "nearest_surface_id": 5,
            "nearest_curve_id": 8,
            "local_tetra_edge_length_min": 0.25000100000000003,
            "local_tetra_edge_length_max": 0.7597028518414011,
            "min_sicn": 0.06966279255209332,
            "min_sige": 0.09344916752917909,
            "gamma": 0.06821987274995774,
            "volume": 0.0010494012201275303
          },
          {
            "element_id": 1244,
            "barycenter": [
              -1.7363601425076058,
              -4.350579118380055,
              0.0
            ],
            "distance_to_surface": 0.025,
            "nearest_surface_id": 5,
            "nearest_curve_id": 2,
            "local_tetra_edge_length_min": 0.25000100000000003,
            "local_tetra_edge_length_max": 0.6368880556677997,
            "min_sicn": 0.10666326160853094,
            "min_sige": 0.12815558543301456,
            "gamma": 0.10351907037726105,
            "volume": 0.001093766687166384
          },
          {
            "element_id": 1299,
            "barycenter": [
              -0.3239070038213291,
              -0.9011246575261773,
              -0.06250025000000001
            ],
            "distance_to_surface": 0.037500250000000006,
            "nearest_surface_id": 5,
            "nearest_curve_id": 2,
            "local_tetra_edge_length_min": 0.05,
            "local_tetra_edge_length_max": 0.8888937288200548,
            "min_sicn": 0.11708718681502989,
            "min_sige": 0.6291231745340706,
            "gamma": 0.14593852765960758,
            "volume": 0.004255258927863872
          },
          {
            "element_id": 1300,
            "barycenter": [
              -0.16160007351212308,
              -0.6854739045273315,
              -0.037500125
            ],
            "distance_to_surface": 0.012500125,
            "nearest_surface_id": 5,
            "nearest_curve_id": 2,
            "local_tetra_edge_length_min": 0.05,
            "local_tetra_edge_length_max": 0.8888937288200548,
            "min_sicn": 0.12247002000624457,
            "min_sige": 0.6128013969867597,
            "gamma": 0.1512371548410499,
            "volume": 0.0035911127447138466
          },
          {
            "element_id": 1424,
            "barycenter": [
              1.0281578325680516,
              -1.233854341335578,
              1.734723475976807e-18
            ],
            "distance_to_surface": 0.025,
            "nearest_surface_id": 5,
            "nearest_curve_id": 8,
            "local_tetra_edge_length_min": 0.05,
            "local_tetra_edge_length_max": 0.8280373140386734,
            "min_sicn": 0.1311054487175877,
            "min_sige": 0.5876876064594587,
            "gamma": 0.15357854842528956,
            "volume": 0.0025984688727812067
          },
          {
            "element_id": 1436,
            "barycenter": [
              0.4344635977421625,
              -1.2284328887775215,
              1.734723475976807e-18
            ],
            "distance_to_surface": 0.025,
            "nearest_surface_id": 5,
            "nearest_curve_id": 5,
            "local_tetra_edge_length_min": 0.05,
            "local_tetra_edge_length_max": 0.788884982931662,
            "min_sicn": 0.1312184728784309,
            "min_sige": 0.5701339556881264,
            "gamma": 0.15324412343895846,
            "volume": 0.0021799960137002406
          },
          {
            "element_id": 779,
            "barycenter": [
              -0.15334942450487515,
              -1.2039811828671643,
              -0.06250025000000001
            ],
            "distance_to_surface": 0.037500250000000006,
            "nearest_surface_id": 5,
            "nearest_curve_id": 2,
            "local_tetra_edge_length_min": 0.05,
            "local_tetra_edge_length_max": 0.805682472536649,
            "min_sicn": 0.13221266357036848,
            "min_sige": 0.6304129610450322,
            "gamma": 0.1572291560562071,
            "volume": 0.0034127837577431265
          },
          {
            "element_id": 1316,
            "barycenter": [
              1.2080130023928364,
              -1.1208448513038267,
              -0.06250025000000001
            ],
            "distance_to_surface": 0.037500250000000006,
            "nearest_surface_id": 5,
            "nearest_curve_id": 8,
            "local_tetra_edge_length_min": 0.05,
            "local_tetra_edge_length_max": 0.8000424020540966,
            "min_sicn": 0.13406851019517696,
            "min_sige": 0.6092698929753747,
            "gamma": 0.15561925489436113,